INFO  College Art Classroom had no people, one has been created.
INFO  College Art Classroom set occupancy to 20.0 people/1000 ft^2.
INFO  College Art Classroom had no lights, one has been created.
INFO  College Art Classroom set LPD to 1.24 W/ft^2.
INFO  College Art Classroom had no electric equipment, one has been created.
INFO  College Art Classroom set electric EPD to 0.929 W/ft^2.
INFO  College Art Classroom had no ventilation specification, one has been created.
INFO  College Art Classroom set ventilation per area to 0.18 cfm/ft^2.
INFO  College Art Classroom set ventilation per person to 10.0 cfm/person.
INFO  College Art Classroom set occupancy schedule to College BLDG_Studio_OCC_SCH.
INFO  College Art Classroom set occupant activity schedule to College ACTIVITY_SCH.
INFO  College Art Classroom set lighting schedule to College BLDG_LIGHT_SCH.
INFO  College Art Classroom set electric equipment schedule to College BLDG_EQUIP_SCH_Base.
INFO  College Classroom had no people, one has been created.
INFO  College Classroom set occupancy to 65.0 people/1000 ft^2.
INFO  College Classroom had no lights, one has been created.
INFO  College Classroom set LPD to 1.24 W/ft^2.
INFO  College Classroom had no electric equipment, one has been created.
INFO  College Classroom set electric EPD to 0.929 W/ft^2.
INFO  College Classroom had no ventilation specification, one has been created.
INFO  College Classroom set ventilation per area to 0.06 cfm/ft^2.
INFO  College Classroom set ventilation per person to 7.5 cfm/person.
INFO  College Classroom set occupancy schedule to College BLDG_Class_OCC_SCH.
INFO  College Classroom set occupant activity schedule to College ACTIVITY_SCH.
INFO  College Classroom set lighting schedule to College BLDG_LIGHT_SCH.
INFO  College Classroom set electric equipment schedule to College BLDG_EQUIP_SCH_Base.
INFO  College Conference had no people, one has been created.
INFO  College Conference set occupancy to 50.0 people/1000 ft^2.
INFO  College Conference had no lights, one has been created.
INFO  College Conference set LPD to 1.23 W/ft^2.
INFO  College Conference had no electric equipment, one has been created.
INFO  College Conference set electric EPD to 1.0 W/ft^2.
INFO  College Conference had no ventilation specification, one has been created.
INFO  College Conference set ventilation per area to 0.06 cfm/ft^2.
INFO  College Conference set ventilation per person to 5.0 cfm/person.
INFO  College Conference set occupancy schedule to College BLDG_OCC_SCH.
INFO  College Conference set occupant activity schedule to College ACTIVITY_SCH.
INFO  College Conference set lighting schedule to College BLDG_LIGHT_SCH.
INFO  College Conference set electric equipment schedule to College BLDG_EQUIP_SCH_Base.
INFO  College Corridor had no lights, one has been created.
INFO  College Corridor set LPD to 0.66 W/ft^2.
INFO  College Corridor had no electric equipment, one has been created.
INFO  College Corridor set electric EPD to 0.37 W/ft^2.
INFO  College Corridor had no ventilation specification, one has been created.
INFO  College Corridor set ventilation per area to 0.06 cfm/ft^2.
INFO  College Corridor set lighting schedule to College BLDG_LIGHT_SCH.
INFO  College Corridor set electric equipment schedule to College BLDG_EQUIP_SCH_Base.
INFO  College Elevator Shaft had no ventilation specification, one has been created.
INFO  College Elevator Shaft set lighting schedule to College ELEV_LIGHT_FAN_SCH_24_7.
INFO  College Entrance Lobby had no people, one has been created.
INFO  College Entrance Lobby set occupancy to 10.0 people/1000 ft^2.
INFO  College Entrance Lobby had no lights, one has been created.
INFO  College Entrance Lobby set LPD to 0.9 W/ft^2.
INFO  College Entrance Lobby had no electric equipment, one has been created.
INFO  College Entrance Lobby set electric EPD to 0.37 W/ft^2.
INFO  College Entrance Lobby had no ventilation specification, one has been created.
INFO  College Entrance Lobby set ventilation per area to 0.06 cfm/ft^2.
INFO  College Entrance Lobby set ventilation per person to 5.0 cfm/person.
INFO  College Entrance Lobby set occupancy schedule to College BLDG_OCC_SCH.
INFO  College Entrance Lobby set occupant activity schedule to College ACTIVITY_SCH.
INFO  College Entrance Lobby set lighting schedule to College BLDG_LIGHT_SCH.
INFO  College Entrance Lobby set electric equipment schedule to College BLDG_EQUIP_SCH_Base.
INFO  College Laboratory had no people, one has been created.
INFO  College Laboratory set occupancy to 25.0 people/1000 ft^2.
INFO  College Laboratory had no lights, one has been created.
INFO  College Laboratory set LPD to 1.43 W/ft^2.
INFO  College Laboratory had no electric equipment, one has been created.
INFO  College Laboratory set electric EPD to 4.0 W/ft^2.
INFO  College Laboratory had no ventilation specification, one has been created.
INFO  College Laboratory set ventilation per area to 0.18 cfm/ft^2.
INFO  College Laboratory set ventilation per person to 10.0 cfm/person.
INFO  College Laboratory set occupancy schedule to College BLDG_Lab_OCC_SCH.
INFO  College Laboratory set occupant activity schedule to College ACTIVITY_SCH.
INFO  College Laboratory set lighting schedule to College BLDG_LIGHT_SCH.
INFO  College Laboratory set electric equipment schedule to College BLDG_EQUIP_SCH_Base.
INFO  College Lecture Hall had no people, one has been created.
INFO  College Lecture Hall set occupancy to 65.0 people/1000 ft^2.
INFO  College Lecture Hall had no lights, one has been created.
INFO  College Lecture Hall set LPD to 1.24 W/ft^2.
INFO  College Lecture Hall had no electric equipment, one has been created.
INFO  College Lecture Hall set electric EPD to 0.929 W/ft^2.
INFO  College Lecture Hall had no ventilation specification, one has been created.
INFO  College Lecture Hall set ventilation per area to 0.06 cfm/ft^2.
INFO  College Lecture Hall set ventilation per person to 7.5 cfm/person.
INFO  College Lecture Hall set occupancy schedule to College BLDG_Lecture_OCC_SCH.
INFO  College Lecture Hall set occupant activity schedule to College ACTIVITY_SCH.
INFO  College Lecture Hall set lighting schedule to College BLDG_LIGHT_SCH.
INFO  College Lecture Hall set electric equipment schedule to College BLDG_EQUIP_SCH_Base.
INFO  College Lounge had no people, one has been created.
INFO  College Lounge set occupancy to 25.0 people/1000 ft^2.
INFO  College Lounge had no lights, one has been created.
INFO  College Lounge set LPD to 0.73 W/ft^2.
INFO  College Lounge had no electric equipment, one has been created.
INFO  College Lounge set electric EPD to 7.15 W/ft^2.
INFO  College Lounge had no ventilation specification, one has been created.
INFO  College Lounge set ventilation per area to 0.18 cfm/ft^2.
INFO  College Lounge set ventilation per person to 7.5 cfm/person.
INFO  College Lounge set occupancy schedule to College BLDG_Cafe_OCC_SCH.
INFO  College Lounge set occupant activity schedule to College ACTIVITY_SCH.
INFO  College Lounge set lighting schedule to College BLDG_LIGHT_SCH.
INFO  College Lounge set electric equipment schedule to College BLDG_EQUIP_SCH_Base.
INFO  College Media Center had no people, one has been created.
INFO  College Media Center set occupancy to 10.0 people/1000 ft^2.
INFO  College Media Center had no lights, one has been created.
INFO  College Media Center set LPD to 1.06 W/ft^2.
INFO  College Media Center had no electric equipment, one has been created.
INFO  College Media Center set electric EPD to 0.93 W/ft^2.
INFO  College Media Center had no ventilation specification, one has been created.
INFO  College Media Center set ventilation per area to 0.12 cfm/ft^2.
INFO  College Media Center set ventilation per person to 5.0 cfm/person.
INFO  College Media Center set occupancy schedule to College BLDG_Lecture_OCC_SCH.
INFO  College Media Center set occupant activity schedule to College ACTIVITY_SCH.
INFO  College Media Center set lighting schedule to College BLDG_LIGHT_SCH.
INFO  College Media Center set electric equipment schedule to College BLDG_EQUIP_SCH_Base.
INFO  College Office had no people, one has been created.
INFO  College Office set occupancy to 5.0 people/1000 ft^2.
INFO  College Office had no lights, one has been created.
INFO  College Office set LPD to 1.11 W/ft^2.
INFO  College Office had no electric equipment, one has been created.
INFO  College Office set electric EPD to 1.0 W/ft^2.
INFO  College Office had no ventilation specification, one has been created.
INFO  College Office set ventilation per area to 0.06 cfm/ft^2.
INFO  College Office set ventilation per person to 5.0 cfm/person.
INFO  College Office set occupancy schedule to College BLDG_OCC_SCH_Offices.
INFO  College Office set occupant activity schedule to College ACTIVITY_SCH.
INFO  College Office set lighting schedule to College BLDG_LIGHT_SCH.
INFO  College Office set electric equipment schedule to College BLDG_EQUIP_SCH_Base.
INFO  College Restroom had no lights, one has been created.
INFO  College Restroom set LPD to 0.98 W/ft^2.
INFO  College Restroom had no electric equipment, one has been created.
INFO  College Restroom set electric EPD to 0.37 W/ft^2.
INFO  College Restroom had no ventilation specification, one has been created.
INFO  College Restroom set ventilation per area to 0.96 cfm/ft^2.
INFO  College Restroom set lighting schedule to College BLDG_LIGHT_SCH.
INFO  College Restroom set electric equipment schedule to College BLDG_EQUIP_SCH_Base.
INFO  College Stairs had no lights, one has been created.
INFO  College Stairs set LPD to 0.69 W/ft^2.
INFO  College Stairs had no ventilation specification, one has been created.
INFO  College Stairs set ventilation per area to 0.06 cfm/ft^2.
INFO  College Stairs set lighting schedule to College BLDG_LIGHT_SCH.
INFO  College Storage had no lights, one has been created.
INFO  College Storage set LPD to 0.63 W/ft^2.
INFO  College Storage had no ventilation specification, one has been created.
INFO  College Storage set ventilation per area to 0.12 cfm/ft^2.
INFO  College Storage set lighting schedule to College BLDG_LIGHT_SCH.
INFO  College Utility had no lights, one has been created.
INFO  College Utility set LPD to 0.95 W/ft^2.
INFO  College Utility had no electric equipment, one has been created.
INFO  College Utility set electric EPD to 0.37 W/ft^2.
INFO  College Utility had no ventilation specification, one has been created.
INFO  College Utility set ventilation per area to 0.12 cfm/ft^2.
INFO  College Utility set lighting schedule to College BLDG_LIGHT_SCH.
INFO  College Utility set electric equipment schedule to College BLDG_EQUIP_SCH_Base.
INFO  Courthouse Break Room had no people, one has been created.
INFO  Courthouse Break Room set occupancy to 5.0 people/1000 ft^2.
INFO  Courthouse Break Room had no lights, one has been created.
INFO  Courthouse Break Room set LPD to 0.73 W/ft^2.
INFO  Courthouse Break Room had no electric equipment, one has been created.
INFO  Courthouse Break Room set electric EPD to 4.46 W/ft^2.
INFO  Courthouse Break Room had no ventilation specification, one has been created.
INFO  Courthouse Break Room set ventilation per area to 0.06 cfm/ft^2.
INFO  Courthouse Break Room set ventilation per person to 5.0 cfm/person.
INFO  Courthouse Break Room set occupancy schedule to Courthouse OFFICE_OCC_SCH.
INFO  Courthouse Break Room set occupant activity schedule to Courthouse ACTIVITY_SCH.
INFO  Courthouse Break Room set lighting schedule to Courthouse GENERAL_LIGHT_SCH.
INFO  Courthouse Break Room set electric equipment schedule to Courthouse BLDG_EQUIP_SCH.
INFO  Courthouse Cell had no people, one has been created.
INFO  Courthouse Cell set occupancy to 25.0 people/1000 ft^2.
INFO  Courthouse Cell had no lights, one has been created.
INFO  Courthouse Cell set LPD to 0.81 W/ft^2.
INFO  Courthouse Cell had no ventilation specification, one has been created.
INFO  Courthouse Cell set ventilation per area to 0.12 cfm/ft^2.
INFO  Courthouse Cell set ventilation per person to 5.0 cfm/person.
INFO  Courthouse Cell set occupancy schedule to Courthouse CELL_OCC_SCH.
INFO  Courthouse Cell set occupant activity schedule to Courthouse ACTIVITY_SCH.
INFO  Courthouse Cell set lighting schedule to Courthouse GENERAL_LIGHT_SCH.
INFO  Courthouse Cell set electric equipment schedule to Courthouse BLDG_EQUIP_SCH.
INFO  Courthouse Conference had no people, one has been created.
INFO  Courthouse Conference set occupancy to 50.0 people/1000 ft^2.
INFO  Courthouse Conference had no lights, one has been created.
INFO  Courthouse Conference set LPD to 1.23 W/ft^2.
INFO  Courthouse Conference had no electric equipment, one has been created.
INFO  Courthouse Conference set electric EPD to 0.37 W/ft^2.
INFO  Courthouse Conference had no ventilation specification, one has been created.
INFO  Courthouse Conference set ventilation per area to 0.06 cfm/ft^2.
INFO  Courthouse Conference set ventilation per person to 5.0 cfm/person.
INFO  Courthouse Conference set occupancy schedule to Courthouse OFFICE_OCC_SCH.
INFO  Courthouse Conference set occupant activity schedule to Courthouse ACTIVITY_SCH.
INFO  Courthouse Conference set lighting schedule to Courthouse GENERAL_LIGHT_SCH.
INFO  Courthouse Conference set electric equipment schedule to Courthouse BLDG_EQUIP_SCH.
INFO  Courthouse Corridor had no lights, one has been created.
INFO  Courthouse Corridor set LPD to 0.66 W/ft^2.
INFO  Courthouse Corridor had no electric equipment, one has been created.
INFO  Courthouse Corridor set electric EPD to 0.16 W/ft^2.
INFO  Courthouse Corridor had no ventilation specification, one has been created.
INFO  Courthouse Corridor set ventilation per area to 0.06 cfm/ft^2.
INFO  Courthouse Corridor set occupancy schedule to Courthouse OFFICE_OCC_SCH.
INFO  Courthouse Corridor set occupant activity schedule to Courthouse ACTIVITY_SCH.
INFO  Courthouse Corridor set lighting schedule to Courthouse GENERAL_LIGHT_SCH.
INFO  Courthouse Corridor set electric equipment schedule to Courthouse BLDG_EQUIP_SCH.
INFO  Courthouse Courtroom had no people, one has been created.
INFO  Courthouse Courtroom set occupancy to 70.0 people/1000 ft^2.
INFO  Courthouse Courtroom had no lights, one has been created.
INFO  Courthouse Courtroom set LPD to 1.72 W/ft^2.
INFO  Courthouse Courtroom had no ventilation specification, one has been created.
INFO  Courthouse Courtroom set ventilation per area to 0.12 cfm/ft^2.
INFO  Courthouse Courtroom set ventilation per person to 10.0 cfm/person.
INFO  Courthouse Courtroom set occupancy schedule to Courthouse COURTROOM_OCC_SCH.
INFO  Courthouse Courtroom set occupant activity schedule to Courthouse ACTIVITY_SCH.
INFO  Courthouse Courtroom set lighting schedule to Courthouse COURTROOM_LIGHT_SCH.
INFO  Courthouse Courtroom set electric equipment schedule to Courthouse BLDG_EQUIP_SCH.
INFO  Courthouse Courtroom Waiting had no people, one has been created.
INFO  Courthouse Courtroom Waiting set occupancy to 10.0 people/1000 ft^2.
INFO  Courthouse Courtroom Waiting had no lights, one has been created.
INFO  Courthouse Courtroom Waiting set LPD to 0.9 W/ft^2.
INFO  Courthouse Courtroom Waiting had no electric equipment, one has been created.
INFO  Courthouse Courtroom Waiting set electric EPD to 0.07 W/ft^2.
INFO  Courthouse Courtroom Waiting had no ventilation specification, one has been created.
INFO  Courthouse Courtroom Waiting set ventilation per area to 0.06 cfm/ft^2.
INFO  Courthouse Courtroom Waiting set ventilation per person to 5.0 cfm/person.
INFO  Courthouse Courtroom Waiting set occupancy schedule to Courthouse COURTROOM_OCC_SCH.
INFO  Courthouse Courtroom Waiting set occupant activity schedule to Courthouse ACTIVITY_SCH.
INFO  Courthouse Courtroom Waiting set lighting schedule to Courthouse COURTROOM_LIGHT_SCH.
INFO  Courthouse Courtroom Waiting set electric equipment schedule to Courthouse BLDG_EQUIP_SCH.
INFO  Courthouse Elevator Lobby had no people, one has been created.
INFO  Courthouse Elevator Lobby set occupancy to 10.0 people/1000 ft^2.
INFO  Courthouse Elevator Lobby had no lights, one has been created.
INFO  Courthouse Elevator Lobby set LPD to 0.64 W/ft^2.
INFO  Courthouse Elevator Lobby had no electric equipment, one has been created.
INFO  Courthouse Elevator Lobby set electric EPD to 0.07 W/ft^2.
INFO  Courthouse Elevator Lobby had no ventilation specification, one has been created.
INFO  Courthouse Elevator Lobby set ventilation per area to 0.06 cfm/ft^2.
INFO  Courthouse Elevator Lobby set ventilation per person to 5.0 cfm/person.
INFO  Courthouse Elevator Lobby set occupancy schedule to Courthouse OFFICE_OCC_SCH.
INFO  Courthouse Elevator Lobby set occupant activity schedule to Courthouse ACTIVITY_SCH.
INFO  Courthouse Elevator Lobby set lighting schedule to Courthouse GENERAL_LIGHT_SCH.
INFO  Courthouse Elevator Lobby set electric equipment schedule to Courthouse BLDG_EQUIP_SCH.
INFO  Courthouse Elevator Shaft had no ventilation specification, one has been created.
INFO  Courthouse Entrance Lobby had no people, one has been created.
INFO  Courthouse Entrance Lobby set occupancy to 10.0 people/1000 ft^2.
INFO  Courthouse Entrance Lobby had no lights, one has been created.
INFO  Courthouse Entrance Lobby set LPD to 0.9 W/ft^2.
INFO  Courthouse Entrance Lobby had no electric equipment, one has been created.
INFO  Courthouse Entrance Lobby set electric EPD to 0.07 W/ft^2.
INFO  Courthouse Entrance Lobby had no ventilation specification, one has been created.
INFO  Courthouse Entrance Lobby set ventilation per area to 0.06 cfm/ft^2.
INFO  Courthouse Entrance Lobby set ventilation per person to 5.0 cfm/person.
INFO  Courthouse Entrance Lobby set occupancy schedule to Courthouse OFFICE_OCC_SCH.
INFO  Courthouse Entrance Lobby set occupant activity schedule to Courthouse ACTIVITY_SCH.
INFO  Courthouse Entrance Lobby set lighting schedule to Courthouse GENERAL_LIGHT_SCH.
INFO  Courthouse Entrance Lobby set electric equipment schedule to Courthouse BLDG_EQUIP_SCH.
INFO  Courthouse Judges Chamber had no people, one has been created.
INFO  Courthouse Judges Chamber set occupancy to 5.0 people/1000 ft^2.
INFO  Courthouse Judges Chamber had no lights, one has been created.
INFO  Courthouse Judges Chamber set LPD to 1.11 W/ft^2.
INFO  Courthouse Judges Chamber had no electric equipment, one has been created.
INFO  Courthouse Judges Chamber set electric EPD to 0.64 W/ft^2.
INFO  Courthouse Judges Chamber had no ventilation specification, one has been created.
INFO  Courthouse Judges Chamber set ventilation per area to 0.06 cfm/ft^2.
INFO  Courthouse Judges Chamber set ventilation per person to 5.0 cfm/person.
INFO  Courthouse Judges Chamber set occupancy schedule to Courthouse JUDGES_CHAMBER_OCC_SCH.
INFO  Courthouse Judges Chamber set occupant activity schedule to Courthouse ACTIVITY_SCH.
INFO  Courthouse Judges Chamber set lighting schedule to Courthouse JUDGES_CHAMBER_LIGHT_SCH.
INFO  Courthouse Judges Chamber set electric equipment schedule to Courthouse BLDG_EQUIP_SCH.
INFO  Courthouse Jury Assembly had no people, one has been created.
INFO  Courthouse Jury Assembly set occupancy to 120.0 people/1000 ft^2.
INFO  Courthouse Jury Assembly had no lights, one has been created.
INFO  Courthouse Jury Assembly set LPD to 1.24 W/ft^2.
INFO  Courthouse Jury Assembly had no ventilation specification, one has been created.
INFO  Courthouse Jury Assembly set ventilation per area to 0.06 cfm/ft^2.
INFO  Courthouse Jury Assembly set ventilation per person to 5.0 cfm/person.
INFO  Courthouse Jury Assembly set occupancy schedule to Courthouse JURY_ASSEMBLY_OCC_SCH.
INFO  Courthouse Jury Assembly set occupant activity schedule to Courthouse ACTIVITY_SCH.
INFO  Courthouse Jury Assembly set lighting schedule to Courthouse JURY_ASSEMBLY_LIGHT_SCH.
INFO  Courthouse Jury Assembly set electric equipment schedule to Courthouse BLDG_EQUIP_SCH.
INFO  Courthouse Jury Deliberation had no people, one has been created.
INFO  Courthouse Jury Deliberation set occupancy to 50.0 people/1000 ft^2.
INFO  Courthouse Jury Deliberation had no lights, one has been created.
INFO  Courthouse Jury Deliberation set LPD to 1.23 W/ft^2.
INFO  Courthouse Jury Deliberation had no electric equipment, one has been created.
INFO  Courthouse Jury Deliberation set electric EPD to 0.37 W/ft^2.
INFO  Courthouse Jury Deliberation had no ventilation specification, one has been created.
INFO  Courthouse Jury Deliberation set ventilation per area to 0.06 cfm/ft^2.
INFO  Courthouse Jury Deliberation set ventilation per person to 5.0 cfm/person.
INFO  Courthouse Jury Deliberation set occupancy schedule to Courthouse JURY_DELIBERATION_OCC_SCH.
INFO  Courthouse Jury Deliberation set occupant activity schedule to Courthouse ACTIVITY_SCH.
INFO  Courthouse Jury Deliberation set lighting schedule to Courthouse JURY_DELIBERATION_LIGHT_SCH.
INFO  Courthouse Jury Deliberation set electric equipment schedule to Courthouse BLDG_EQUIP_SCH.
INFO  Courthouse Library had no people, one has been created.
INFO  Courthouse Library set occupancy to 10.0 people/1000 ft^2.
INFO  Courthouse Library had no lights, one has been created.
INFO  Courthouse Library set LPD to 1.06 W/ft^2.
INFO  Courthouse Library had no ventilation specification, one has been created.
INFO  Courthouse Library set ventilation per area to 0.12 cfm/ft^2.
INFO  Courthouse Library set ventilation per person to 5.0 cfm/person.
INFO  Courthouse Library set occupancy schedule to Courthouse OFFICE_OCC_SCH.
INFO  Courthouse Library set occupant activity schedule to Courthouse ACTIVITY_SCH.
INFO  Courthouse Library set lighting schedule to Courthouse GENERAL_LIGHT_SCH.
INFO  Courthouse Library set electric equipment schedule to Courthouse BLDG_EQUIP_SCH.
INFO  Courthouse Office had no people, one has been created.
INFO  Courthouse Office set occupancy to 5.0 people/1000 ft^2.
INFO  Courthouse Office had no lights, one has been created.
INFO  Courthouse Office set LPD to 1.11 W/ft^2.
INFO  Courthouse Office had no electric equipment, one has been created.
INFO  Courthouse Office set electric EPD to 0.64 W/ft^2.
INFO  Courthouse Office had no ventilation specification, one has been created.
INFO  Courthouse Office set ventilation per area to 0.06 cfm/ft^2.
INFO  Courthouse Office set ventilation per person to 5.0 cfm/person.
INFO  Courthouse Office set occupancy schedule to Courthouse OFFICE_OCC_SCH.
INFO  Courthouse Office set occupant activity schedule to Courthouse ACTIVITY_SCH.
INFO  Courthouse Office set lighting schedule to Courthouse GENERAL_LIGHT_SCH.
INFO  Courthouse Office set electric equipment schedule to Courthouse BLDG_EQUIP_SCH.
INFO  Courthouse Parking had no lights, one has been created.
INFO  Courthouse Parking set LPD to 0.19 W/ft^2.
INFO  Courthouse Parking had no ventilation specification, one has been created.
INFO  Courthouse Parking set lighting schedule to Courthouse GENERAL_LIGHT_SCH.
INFO  Courthouse Parking set electric equipment schedule to Courthouse BLDG_EQUIP_SCH.
WARN  Find object search criteria returned 2 results, the first one will be returned. Called from :/ruby/3.2.0/gems/openstudio-standards-0.8.5/lib/openstudio-standards/standards/Standards.SpaceType.rb:24:in `space_type_get_standards_data'. 
 Search criteria: 
 {"template"=>"90.1-2013", "building_type"=>"Courthouse", "space_type"=>"Plenum"}, capacity =  
  All results: 
 {"template"=>"90.1-2013", "building_type"=>"Any", "space_type"=>"Plenum", "lighting_standard"=>nil, "lighting_primary_space_type"=>nil, "lighting_secondary_space_type"=>nil, "lighting_per_area"=>nil, "rcr_threshold"=>nil, "lighting_per_person"=>nil, "additional_lighting_per_area"=>nil, "lighting_fraction_to_return_air"=>nil, "lighting_fraction_radiant"=>nil, "lighting_fraction_visible"=>nil, "lighting_fraction_replaceable"=>nil, "lpd_fraction_linear_fluorescent"=>1.0, "lpd_fraction_compact_fluorescent"=>nil, "lpd_fraction_high_bay"=>nil, "lpd_fraction_specialty_lighting"=>nil, "lpd_fraction_exit_lighting"=>nil, "lighting_schedule"=>nil, "compact_fluorescent_lighting_schedule"=>nil, "high_bay_lighting_schedule"=>nil, "specialty_lighting_schedule"=>nil, "exit_lighting_schedule"=>nil, "target_illuminance_setpoint"=>nil, "psa_nongeometry_fraction"=>nil, "ssa_nongeometry_fraction"=>nil, "notes"=>nil, "gas_equipment_per_area"=>nil, "gas_equipment_fraction_latent"=>nil, "gas_equipment_fraction_radiant"=>nil, "gas_equipment_fraction_lost"=>nil, "gas_equipment_schedule"=>nil, "electric_equipment_per_area"=>nil, "electric_equipment_fraction_latent"=>nil, "electric_equipment_fraction_radiant"=>nil, "electric_equipment_fraction_lost"=>nil, "electric_equipment_schedule"=>nil, "additional_electric_equipment_schedule"=>nil, "additional_gas_equipment_schedule"=>nil, "occupancy_per_area"=>nil, "occupancy_schedule"=>nil, "occupancy_activity_schedule"=>nil, "is_residential"=>nil, "ventilation_standard"=>nil, "ventilation_primary_space_type"=>nil, "ventilation_secondary_space_type"=>nil, "ventilation_per_area"=>nil, "ventilation_per_person"=>nil, "ventilation_air_changes"=>nil, "minimum_total_air_changes"=>nil, "heating_setpoint_schedule"=>nil, "cooling_setpoint_schedule"=>nil, "service_water_heating_peak_flow_rate"=>nil, "service_water_heating_area"=>nil, "service_water_heating_peak_flow_per_area"=>nil, "service_water_heating_system_type"=>nil, "booster_water_heater_fraction"=>nil, "service_water_heating_target_temperature"=>nil, "booster_water_heating_target_temperature"=>nil, "service_water_heating_fraction_sensible"=>nil, "service_water_heating_fraction_latent"=>nil, "service_water_heating_schedule"=>nil, "manual_continuous_dimming"=>nil, "programmable_multilevel_dimming"=>nil, "multilevel_occupancy_sensors"=>nil, "occupancy_sensors"=>nil, "occupancy_sensors_with_personal_continuous_dimming"=>nil, "automatic_multilevel_switching_in_primary_sidelighted_areas"=>nil, "automatic_continuous_daylight_dimming_in_primary_sidelighted_areas"=>nil, "automatic_continuous_daylight_dimming_in_secondary_sidelighted_areas"=>nil, "automatic_continuous_daylight_dimming_in_daylighted_areas_under_skylights"=>nil, "rgb"=>nil}
{"template"=>"90.1-2013", "building_type"=>"Courthouse", "space_type"=>"Plenum", "lighting_standard"=>nil, "lighting_primary_space_type"=>nil, "lighting_secondary_space_type"=>nil, "lighting_per_area"=>nil, "rcr_threshold"=>nil, "lighting_per_person"=>nil, "additional_lighting_per_area"=>nil, "lighting_fraction_to_return_air"=>nil, "lighting_fraction_radiant"=>nil, "lighting_fraction_visible"=>nil, "lighting_fraction_replaceable"=>nil, "lpd_fraction_linear_fluorescent"=>1.0, "lpd_fraction_compact_fluorescent"=>nil, "lpd_fraction_high_bay"=>nil, "lpd_fraction_specialty_lighting"=>nil, "lpd_fraction_exit_lighting"=>nil, "lighting_schedule"=>nil, "compact_fluorescent_lighting_schedule"=>nil, "high_bay_lighting_schedule"=>nil, "specialty_lighting_schedule"=>nil, "exit_lighting_schedule"=>nil, "target_illuminance_setpoint"=>nil, "psa_nongeometry_fraction"=>nil, "ssa_nongeometry_fraction"=>nil, "notes"=>nil, "gas_equipment_per_area"=>nil, "gas_equipment_fraction_latent"=>nil, "gas_equipment_fraction_radiant"=>nil, "gas_equipment_fraction_lost"=>nil, "gas_equipment_schedule"=>nil, "electric_equipment_per_area"=>nil, "electric_equipment_fraction_latent"=>nil, "electric_equipment_fraction_radiant"=>nil, "electric_equipment_fraction_lost"=>nil, "electric_equipment_schedule"=>nil, "additional_electric_equipment_schedule"=>nil, "additional_gas_equipment_schedule"=>nil, "occupancy_per_area"=>0.0, "occupancy_schedule"=>nil, "occupancy_activity_schedule"=>nil, "is_residential"=>nil, "ventilation_standard"=>nil, "ventilation_primary_space_type"=>nil, "ventilation_secondary_space_type"=>nil, "ventilation_per_area"=>nil, "ventilation_per_person"=>nil, "ventilation_air_changes"=>nil, "minimum_total_air_changes"=>nil, "heating_setpoint_schedule"=>nil, "cooling_setpoint_schedule"=>nil, "service_water_heating_peak_flow_rate"=>nil, "service_water_heating_area"=>nil, "service_water_heating_peak_flow_per_area"=>nil, "service_water_heating_system_type"=>nil, "booster_water_heater_fraction"=>nil, "service_water_heating_target_temperature"=>nil, "booster_water_heating_target_temperature"=>nil, "service_water_heating_fraction_sensible"=>nil, "service_water_heating_fraction_latent"=>nil, "service_water_heating_schedule"=>nil, "manual_continuous_dimming"=>nil, "programmable_multilevel_dimming"=>nil, "multilevel_occupancy_sensors"=>nil, "occupancy_sensors"=>nil, "occupancy_sensors_with_personal_continuous_dimming"=>nil, "automatic_multilevel_switching_in_primary_sidelighted_areas"=>nil, "automatic_continuous_daylight_dimming_in_primary_sidelighted_areas"=>nil, "automatic_continuous_daylight_dimming_in_secondary_sidelighted_areas"=>nil, "automatic_continuous_daylight_dimming_in_daylighted_areas_under_skylights"=>nil, "rgb"=>"230_157_120"}
WARN  Find object search criteria returned 2 results, the first one will be returned. Called from :/ruby/3.2.0/gems/openstudio-standards-0.8.5/lib/openstudio-standards/standards/Standards.SpaceType.rb:24:in `space_type_get_standards_data'. 
 Search criteria: 
 {"template"=>"90.1-2013", "building_type"=>"Courthouse", "space_type"=>"Plenum"}, capacity =  
  All results: 
 {"template"=>"90.1-2013", "building_type"=>"Any", "space_type"=>"Plenum", "lighting_standard"=>nil, "lighting_primary_space_type"=>nil, "lighting_secondary_space_type"=>nil, "lighting_per_area"=>nil, "rcr_threshold"=>nil, "lighting_per_person"=>nil, "additional_lighting_per_area"=>nil, "lighting_fraction_to_return_air"=>nil, "lighting_fraction_radiant"=>nil, "lighting_fraction_visible"=>nil, "lighting_fraction_replaceable"=>nil, "lpd_fraction_linear_fluorescent"=>1.0, "lpd_fraction_compact_fluorescent"=>nil, "lpd_fraction_high_bay"=>nil, "lpd_fraction_specialty_lighting"=>nil, "lpd_fraction_exit_lighting"=>nil, "lighting_schedule"=>nil, "compact_fluorescent_lighting_schedule"=>nil, "high_bay_lighting_schedule"=>nil, "specialty_lighting_schedule"=>nil, "exit_lighting_schedule"=>nil, "target_illuminance_setpoint"=>nil, "psa_nongeometry_fraction"=>nil, "ssa_nongeometry_fraction"=>nil, "notes"=>nil, "gas_equipment_per_area"=>nil, "gas_equipment_fraction_latent"=>nil, "gas_equipment_fraction_radiant"=>nil, "gas_equipment_fraction_lost"=>nil, "gas_equipment_schedule"=>nil, "electric_equipment_per_area"=>nil, "electric_equipment_fraction_latent"=>nil, "electric_equipment_fraction_radiant"=>nil, "electric_equipment_fraction_lost"=>nil, "electric_equipment_schedule"=>nil, "additional_electric_equipment_schedule"=>nil, "additional_gas_equipment_schedule"=>nil, "occupancy_per_area"=>nil, "occupancy_schedule"=>nil, "occupancy_activity_schedule"=>nil, "is_residential"=>nil, "ventilation_standard"=>nil, "ventilation_primary_space_type"=>nil, "ventilation_secondary_space_type"=>nil, "ventilation_per_area"=>nil, "ventilation_per_person"=>nil, "ventilation_air_changes"=>nil, "minimum_total_air_changes"=>nil, "heating_setpoint_schedule"=>nil, "cooling_setpoint_schedule"=>nil, "service_water_heating_peak_flow_rate"=>nil, "service_water_heating_area"=>nil, "service_water_heating_peak_flow_per_area"=>nil, "service_water_heating_system_type"=>nil, "booster_water_heater_fraction"=>nil, "service_water_heating_target_temperature"=>nil, "booster_water_heating_target_temperature"=>nil, "service_water_heating_fraction_sensible"=>nil, "service_water_heating_fraction_latent"=>nil, "service_water_heating_schedule"=>nil, "manual_continuous_dimming"=>nil, "programmable_multilevel_dimming"=>nil, "multilevel_occupancy_sensors"=>nil, "occupancy_sensors"=>nil, "occupancy_sensors_with_personal_continuous_dimming"=>nil, "automatic_multilevel_switching_in_primary_sidelighted_areas"=>nil, "automatic_continuous_daylight_dimming_in_primary_sidelighted_areas"=>nil, "automatic_continuous_daylight_dimming_in_secondary_sidelighted_areas"=>nil, "automatic_continuous_daylight_dimming_in_daylighted_areas_under_skylights"=>nil, "rgb"=>nil}
{"template"=>"90.1-2013", "building_type"=>"Courthouse", "space_type"=>"Plenum", "lighting_standard"=>nil, "lighting_primary_space_type"=>nil, "lighting_secondary_space_type"=>nil, "lighting_per_area"=>nil, "rcr_threshold"=>nil, "lighting_per_person"=>nil, "additional_lighting_per_area"=>nil, "lighting_fraction_to_return_air"=>nil, "lighting_fraction_radiant"=>nil, "lighting_fraction_visible"=>nil, "lighting_fraction_replaceable"=>nil, "lpd_fraction_linear_fluorescent"=>1.0, "lpd_fraction_compact_fluorescent"=>nil, "lpd_fraction_high_bay"=>nil, "lpd_fraction_specialty_lighting"=>nil, "lpd_fraction_exit_lighting"=>nil, "lighting_schedule"=>nil, "compact_fluorescent_lighting_schedule"=>nil, "high_bay_lighting_schedule"=>nil, "specialty_lighting_schedule"=>nil, "exit_lighting_schedule"=>nil, "target_illuminance_setpoint"=>nil, "psa_nongeometry_fraction"=>nil, "ssa_nongeometry_fraction"=>nil, "notes"=>nil, "gas_equipment_per_area"=>nil, "gas_equipment_fraction_latent"=>nil, "gas_equipment_fraction_radiant"=>nil, "gas_equipment_fraction_lost"=>nil, "gas_equipment_schedule"=>nil, "electric_equipment_per_area"=>nil, "electric_equipment_fraction_latent"=>nil, "electric_equipment_fraction_radiant"=>nil, "electric_equipment_fraction_lost"=>nil, "electric_equipment_schedule"=>nil, "additional_electric_equipment_schedule"=>nil, "additional_gas_equipment_schedule"=>nil, "occupancy_per_area"=>0.0, "occupancy_schedule"=>nil, "occupancy_activity_schedule"=>nil, "is_residential"=>nil, "ventilation_standard"=>nil, "ventilation_primary_space_type"=>nil, "ventilation_secondary_space_type"=>nil, "ventilation_per_area"=>nil, "ventilation_per_person"=>nil, "ventilation_air_changes"=>nil, "minimum_total_air_changes"=>nil, "heating_setpoint_schedule"=>nil, "cooling_setpoint_schedule"=>nil, "service_water_heating_peak_flow_rate"=>nil, "service_water_heating_area"=>nil, "service_water_heating_peak_flow_per_area"=>nil, "service_water_heating_system_type"=>nil, "booster_water_heater_fraction"=>nil, "service_water_heating_target_temperature"=>nil, "booster_water_heating_target_temperature"=>nil, "service_water_heating_fraction_sensible"=>nil, "service_water_heating_fraction_latent"=>nil, "service_water_heating_schedule"=>nil, "manual_continuous_dimming"=>nil, "programmable_multilevel_dimming"=>nil, "multilevel_occupancy_sensors"=>nil, "occupancy_sensors"=>nil, "occupancy_sensors_with_personal_continuous_dimming"=>nil, "automatic_multilevel_switching_in_primary_sidelighted_areas"=>nil, "automatic_continuous_daylight_dimming_in_primary_sidelighted_areas"=>nil, "automatic_continuous_daylight_dimming_in_secondary_sidelighted_areas"=>nil, "automatic_continuous_daylight_dimming_in_daylighted_areas_under_skylights"=>nil, "rgb"=>"230_157_120"}
INFO  Courthouse Restrooms had no lights, one has been created.
INFO  Courthouse Restrooms set LPD to 0.98 W/ft^2.
INFO  Courthouse Restrooms had no electric equipment, one has been created.
INFO  Courthouse Restrooms set electric EPD to 0.07 W/ft^2.
INFO  Courthouse Restrooms had no ventilation specification, one has been created.
INFO  Courthouse Restrooms set ventilation per area to 0.06 cfm/ft^2.
INFO  Courthouse Restrooms set occupancy schedule to Courthouse OFFICE_OCC_SCH.
INFO  Courthouse Restrooms set occupant activity schedule to Courthouse ACTIVITY_SCH.
INFO  Courthouse Restrooms set lighting schedule to Courthouse GENERAL_LIGHT_SCH.
INFO  Courthouse Restrooms set electric equipment schedule to Courthouse BLDG_EQUIP_SCH.
INFO  Courthouse Security Screening had no people, one has been created.
INFO  Courthouse Security Screening set occupancy to 10.0 people/1000 ft^2.
INFO  Courthouse Security Screening had no lights, one has been created.
INFO  Courthouse Security Screening set LPD to 0.9 W/ft^2.
INFO  Courthouse Security Screening had no ventilation specification, one has been created.
INFO  Courthouse Security Screening set ventilation per area to 0.06 cfm/ft^2.
INFO  Courthouse Security Screening set ventilation per person to 5.0 cfm/person.
INFO  Courthouse Security Screening set occupancy schedule to Courthouse OFFICE_OCC_SCH.
INFO  Courthouse Security Screening set occupant activity schedule to Courthouse ACTIVITY_SCH.
INFO  Courthouse Security Screening set lighting schedule to Courthouse GENERAL_LIGHT_SCH.
INFO  Courthouse Security Screening set electric equipment schedule to Courthouse BLDG_EQUIP_SCH.
INFO  Courthouse Service Shaft had no ventilation specification, one has been created.
INFO  Courthouse Stairs had no lights, one has been created.
INFO  Courthouse Stairs set LPD to 0.69 W/ft^2.
INFO  Courthouse Stairs had no ventilation specification, one has been created.
INFO  Courthouse Stairs set ventilation per area to 0.06 cfm/ft^2.
INFO  Courthouse Stairs set lighting schedule to Courthouse GENERAL_LIGHT_SCH.
INFO  Courthouse Stairs set electric equipment schedule to Courthouse BLDG_EQUIP_SCH.
INFO  Courthouse Storage had no lights, one has been created.
INFO  Courthouse Storage set LPD to 0.63 W/ft^2.
INFO  Courthouse Storage had no ventilation specification, one has been created.
INFO  Courthouse Storage set ventilation per area to 0.12 cfm/ft^2.
INFO  Courthouse Storage set lighting schedule to Courthouse GENERAL_LIGHT_SCH.
INFO  Courthouse Storage set electric equipment schedule to Courthouse BLDG_EQUIP_SCH.
INFO  Courthouse Utility had no lights, one has been created.
INFO  Courthouse Utility set LPD to 0.95 W/ft^2.
INFO  Courthouse Utility had no electric equipment, one has been created.
INFO  Courthouse Utility set electric EPD to 0.27 W/ft^2.
INFO  Courthouse Utility had no ventilation specification, one has been created.
INFO  Courthouse Utility set ventilation per area to 0.12 cfm/ft^2.
INFO  Courthouse Utility set lighting schedule to Courthouse GENERAL_LIGHT_SCH.
INFO  Courthouse Utility set electric equipment schedule to Courthouse BLDG_EQUIP_SCH.
INFO  FullServiceRestaurant Attic had no ventilation specification, one has been created.
INFO  FullServiceRestaurant Dining had no people, one has been created.
INFO  FullServiceRestaurant Dining set occupancy to 70.0 people/1000 ft^2.
INFO  FullServiceRestaurant Dining had no lights, one has been created.
INFO  FullServiceRestaurant Dining set LPD to 0.89 W/ft^2.
INFO  FullServiceRestaurant Dining had no electric equipment, one has been created.
INFO  FullServiceRestaurant Dining set electric EPD to 6.032 W/ft^2.
INFO  FullServiceRestaurant Dining had no ventilation specification, one has been created.
INFO  FullServiceRestaurant Dining set ventilation per area to 0.18 cfm/ft^2.
INFO  FullServiceRestaurant Dining set ventilation per person to 7.5 cfm/person.
INFO  FullServiceRestaurant Dining set occupancy schedule to RestaurantSitDown BLDG_OCC_SCH.
INFO  FullServiceRestaurant Dining set occupant activity schedule to RestaurantSitDown ACTIVITY_SCH.
INFO  FullServiceRestaurant Dining set lighting schedule to RestaurantSitDown BLDG_LIGHT_DINING_SCH_2013.
INFO  FullServiceRestaurant Dining set electric equipment schedule to RestaurantSitDown BLDG_EQUIP_SCH.
INFO  FullServiceRestaurant Kitchen had no people, one has been created.
INFO  FullServiceRestaurant Kitchen set occupancy to 5.0 people/1000 ft^2.
INFO  FullServiceRestaurant Kitchen had no lights, one has been created.
INFO  FullServiceRestaurant Kitchen set LPD to 1.21 W/ft^2.
INFO  FullServiceRestaurant Kitchen had no electric equipment, one has been created.
INFO  FullServiceRestaurant Kitchen set electric EPD to 37.53 W/ft^2.
INFO  FullServiceRestaurant Kitchen had no gas equipment, one has been created.
INFO  FullServiceRestaurant Kitchen set gas EPD to 205.81 Btu/hr*ft^2.
INFO  FullServiceRestaurant Kitchen had no ventilation specification, one has been created.
INFO  FullServiceRestaurant Kitchen set ventilation per area to 0.18 cfm/ft^2.
INFO  FullServiceRestaurant Kitchen set ventilation per person to 7.5 cfm/person.
INFO  FullServiceRestaurant Kitchen set occupancy schedule to RestaurantSitDown BLDG_OCC_SCH.
INFO  FullServiceRestaurant Kitchen set occupant activity schedule to RestaurantSitDown ACTIVITY_SCH.
INFO  FullServiceRestaurant Kitchen set lighting schedule to RestaurantSitDown BLDG_LIGHT_KITCHEN_SCH_2010_2013.
INFO  FullServiceRestaurant Kitchen set electric equipment schedule to RestaurantSitDown BLDG_EQUIP_SCH.
INFO  FullServiceRestaurant Kitchen set gas equipment schedule to RestaurantSitDown Rest_GAS_EQUIP_SCH.
INFO  HighriseApartment Apartment had no people, one has been created.
INFO  HighriseApartment Apartment set occupancy to 2.63 people/1000 ft^2.
INFO  HighriseApartment Apartment had no lights, one has been created.
INFO  HighriseApartment Apartment set LPD to 1.07 W/ft^2.
INFO  HighriseApartment Apartment had no electric equipment, one has been created.
INFO  HighriseApartment Apartment set electric EPD to 0.6196632768 W/ft^2.
INFO  HighriseApartment Apartment had no ventilation specification, one has been created.
INFO  HighriseApartment Apartment set ventilation to 0.35 ACH.
INFO  HighriseApartment Apartment set occupancy schedule to ApartmentHighRise OCC_APT_SCH.
INFO  HighriseApartment Apartment set occupant activity schedule to ApartmentMidRise Activity Schedule.
INFO  HighriseApartment Apartment set lighting schedule to ApartmentHighRise LTG_APT_SCH.
INFO  HighriseApartment Apartment set electric equipment schedule to ApartmentHighRise EQP_APT_SCH.
INFO  HighriseApartment Apartment_topfloor_NS had no people, one has been created.
INFO  HighriseApartment Apartment_topfloor_NS set occupancy to 2.63 people/1000 ft^2.
INFO  HighriseApartment Apartment_topfloor_NS had no lights, one has been created.
INFO  HighriseApartment Apartment_topfloor_NS set LPD to 1.07 W/ft^2.
INFO  HighriseApartment Apartment_topfloor_NS had no electric equipment, one has been created.
INFO  HighriseApartment Apartment_topfloor_NS set electric EPD to 0.6196632768 W/ft^2.
INFO  HighriseApartment Apartment_topfloor_NS had no ventilation specification, one has been created.
INFO  HighriseApartment Apartment_topfloor_NS set ventilation to 0.35 ACH.
INFO  HighriseApartment Apartment_topfloor_NS set occupancy schedule to ApartmentHighRise OCC_APT_SCH.
INFO  HighriseApartment Apartment_topfloor_NS set occupant activity schedule to ApartmentMidRise Activity Schedule.
INFO  HighriseApartment Apartment_topfloor_NS set lighting schedule to ApartmentHighRise LTG_APT_SCH.
INFO  HighriseApartment Apartment_topfloor_NS set electric equipment schedule to ApartmentHighRise EQP_APT_SCH.
INFO  HighriseApartment Apartment_topfloor_WE had no people, one has been created.
INFO  HighriseApartment Apartment_topfloor_WE set occupancy to 2.63 people/1000 ft^2.
INFO  HighriseApartment Apartment_topfloor_WE had no lights, one has been created.
INFO  HighriseApartment Apartment_topfloor_WE set LPD to 1.07 W/ft^2.
INFO  HighriseApartment Apartment_topfloor_WE had no electric equipment, one has been created.
INFO  HighriseApartment Apartment_topfloor_WE set electric EPD to 0.6196632768 W/ft^2.
INFO  HighriseApartment Apartment_topfloor_WE had no ventilation specification, one has been created.
INFO  HighriseApartment Apartment_topfloor_WE set ventilation to 0.35 ACH.
INFO  HighriseApartment Apartment_topfloor_WE set occupancy schedule to ApartmentHighRise OCC_APT_SCH.
INFO  HighriseApartment Apartment_topfloor_WE set occupant activity schedule to ApartmentMidRise Activity Schedule.
INFO  HighriseApartment Apartment_topfloor_WE set lighting schedule to ApartmentHighRise LTG_APT_SCH.
INFO  HighriseApartment Apartment_topfloor_WE set electric equipment schedule to ApartmentHighRise EQP_APT_SCH.
INFO  HighriseApartment Corridor had no lights, one has been created.
INFO  HighriseApartment Corridor set LPD to 0.66 W/ft^2.
INFO  HighriseApartment Corridor had no ventilation specification, one has been created.
INFO  HighriseApartment Corridor set occupancy schedule to ApartmentMidRise All Off.
INFO  HighriseApartment Corridor set lighting schedule to ApartmentHighRise LTG_COR_SCH_2013.
INFO  HighriseApartment Corridor set electric equipment schedule to ApartmentMidRise BLDG_ELEVATORS.
INFO  HighriseApartment Corridor_topfloor had no lights, one has been created.
INFO  HighriseApartment Corridor_topfloor set LPD to 0.66 W/ft^2.
INFO  HighriseApartment Corridor_topfloor had no ventilation specification, one has been created.
INFO  HighriseApartment Corridor_topfloor set occupancy schedule to ApartmentMidRise All Off.
INFO  HighriseApartment Corridor_topfloor set lighting schedule to ApartmentHighRise LTG_COR_SCH_2013.
INFO  HighriseApartment Corridor_topfloor set electric equipment schedule to ApartmentMidRise BLDG_ELEVATORS.
INFO  HighriseApartment Office had no people, one has been created.
INFO  HighriseApartment Office set occupancy to 1.05 people/1000 ft^2.
INFO  HighriseApartment Office had no lights, one has been created.
INFO  HighriseApartment Office set LPD to 1.11 W/ft^2.
INFO  HighriseApartment Office had no electric equipment, one has been created.
INFO  HighriseApartment Office set electric EPD to 0.6196632768 W/ft^2.
INFO  HighriseApartment Office had no ventilation specification, one has been created.
INFO  HighriseApartment Office set ventilation per area to 0.085 cfm/ft^2.
INFO  HighriseApartment Office set occupancy schedule to ApartmentHighRise OCC_OFF_SCH.
INFO  HighriseApartment Office set occupant activity schedule to ApartmentMidRise Activity Schedule.
INFO  HighriseApartment Office set lighting schedule to ApartmentHighRise LTG_OFF_SCH_2013.
INFO  HighriseApartment Office set electric equipment schedule to ApartmentHighRise EQP_OFF_SCH_2010_2013.
INFO  Hospital Basement had no people, one has been created.
INFO  Hospital Basement set occupancy to 2.5 people/1000 ft^2.
INFO  Hospital Basement had no lights, one has been created.
INFO  Hospital Basement set LPD to 0.82 W/ft^2.
INFO  Hospital Basement had no electric equipment, one has been created.
INFO  Hospital Basement set electric EPD to 0.75 W/ft^2.
INFO  Hospital Basement had no ventilation specification, one has been created.
INFO  Hospital Basement set ventilation per area to 0.072495 cfm/ft^2.
INFO  Hospital Basement set occupancy schedule to Hospital BLDG_OCC_SCH.
INFO  Hospital Basement set occupant activity schedule to Hospital ACTIVITY_SCH.
INFO  Hospital Basement set lighting schedule to Hospital BLDG_LIGHT_OFFICE_BSMT_SCH.
INFO  Hospital Basement set electric equipment schedule to Hospital BLDG_EQUIP_SCH.
INFO  Hospital Corridor had no people, one has been created.
INFO  Hospital Corridor set occupancy to 1.0 people/1000 ft^2.
INFO  Hospital Corridor had no lights, one has been created.
INFO  Hospital Corridor set LPD to 0.99 W/ft^2.
INFO  Hospital Corridor had no ventilation specification, one has been created.
INFO  Hospital Corridor set ventilation per area to 0.06 cfm/ft^2.
INFO  Hospital Corridor set occupancy schedule to Hospital BLDG_OCC_EXTD_SCH.
INFO  Hospital Corridor set occupant activity schedule to Hospital ACTIVITY_SCH.
INFO  Hospital Corridor set lighting schedule to Hospital BLDG_LIGHT_CORRIDOR_SCH.
INFO  Hospital Corridor set electric equipment schedule to Hospital BLDG_EQUIP_SCH.
INFO  Hospital Dining had no people, one has been created.
INFO  Hospital Dining set occupancy to 10.0 people/1000 ft^2.
INFO  Hospital Dining had no lights, one has been created.
INFO  Hospital Dining set LPD to 0.65 W/ft^2.
INFO  Hospital Dining had no electric equipment, one has been created.
INFO  Hospital Dining set electric EPD to 1.0 W/ft^2.
INFO  Hospital Dining had no ventilation specification, one has been created.
INFO  Hospital Dining set ventilation per area to 0.18 cfm/ft^2.
INFO  Hospital Dining set ventilation per person to 7.5 cfm/person.
INFO  Hospital Dining set occupancy schedule to Hospital BLDG_OCC_EXTD_SCH.
INFO  Hospital Dining set occupant activity schedule to Hospital ACTIVITY_SCH.
INFO  Hospital Dining set lighting schedule to Hospital BLDG_LIGHT_SCH.
INFO  Hospital Dining set electric equipment schedule to Hospital BLDG_EQUIP_EXTD_SCH.
INFO  Hospital ER_Exam had no people, one has been created.
INFO  Hospital ER_Exam set occupancy to 20.0 people/1000 ft^2.
INFO  Hospital ER_Exam had no lights, one has been created.
INFO  Hospital ER_Exam set LPD to 1.66 W/ft^2.
INFO  Hospital ER_Exam had no electric equipment, one has been created.
INFO  Hospital ER_Exam set electric EPD to 1.5 W/ft^2.
INFO  Hospital ER_Exam had no ventilation specification, one has been created.
INFO  Hospital ER_Exam set ventilation to 2.0 ACH.
INFO  Hospital ER_Exam set occupancy schedule to Hospital BLDG_OCC_EXTD_SCH.
INFO  Hospital ER_Exam set occupant activity schedule to Hospital ACTIVITY_SCH.
INFO  Hospital ER_Exam set lighting schedule to Hospital BLDG_LIGHT_EXTD_SCH.
INFO  Hospital ER_Exam set electric equipment schedule to Hospital BLDG_EQUIP_EXTD_SCH.
INFO  Hospital ER_NurseStn had no people, one has been created.
INFO  Hospital ER_NurseStn set occupancy to 1.333 people/1000 ft^2.
INFO  Hospital ER_NurseStn had no lights, one has been created.
INFO  Hospital ER_NurseStn set LPD to 0.71 W/ft^2.
INFO  Hospital ER_NurseStn had no electric equipment, one has been created.
INFO  Hospital ER_NurseStn set electric EPD to 1.36 W/ft^2.
INFO  Hospital ER_NurseStn had no ventilation specification, one has been created.
INFO  Hospital ER_NurseStn set ventilation per area to 0.06 cfm/ft^2.
INFO  Hospital ER_NurseStn set ventilation per person to 5.0 cfm/person.
INFO  Hospital ER_NurseStn set occupancy schedule to Hospital BLDG_OCC_EXTD_SCH.
INFO  Hospital ER_NurseStn set occupant activity schedule to Hospital ACTIVITY_SCH.
INFO  Hospital ER_NurseStn set lighting schedule to Hospital BLDG_LIGHT_NURSEFLR1_SCH.
INFO  Hospital ER_NurseStn set electric equipment schedule to Hospital BLDG_EQUIP_EXTD_SCH.
INFO  Hospital ER_Trauma had no people, one has been created.
INFO  Hospital ER_Trauma set occupancy to 20.0 people/1000 ft^2.
INFO  Hospital ER_Trauma had no lights, one has been created.
INFO  Hospital ER_Trauma set LPD to 1.66 W/ft^2.
INFO  Hospital ER_Trauma had no electric equipment, one has been created.
INFO  Hospital ER_Trauma set electric EPD to 4.0 W/ft^2.
INFO  Hospital ER_Trauma had no ventilation specification, one has been created.
INFO  Hospital ER_Trauma set ventilation to 2.0 ACH.
INFO  Hospital ER_Trauma set occupancy schedule to Hospital BLDG_OCC_EXTD_SCH.
INFO  Hospital ER_Trauma set occupant activity schedule to Hospital ACTIVITY_SCH.
INFO  Hospital ER_Trauma set lighting schedule to Hospital BLDG_LIGHT_EXTD_SCH.
INFO  Hospital ER_Trauma set electric equipment schedule to Hospital BLDG_EQUIP_EXTD_SCH.
INFO  Hospital ER_Triage had no people, one has been created.
INFO  Hospital ER_Triage set occupancy to 20.0 people/1000 ft^2.
INFO  Hospital ER_Triage had no lights, one has been created.
INFO  Hospital ER_Triage set LPD to 1.66 W/ft^2.
INFO  Hospital ER_Triage had no electric equipment, one has been created.
INFO  Hospital ER_Triage set electric EPD to 2.0 W/ft^2.
INFO  Hospital ER_Triage had no ventilation specification, one has been created.
INFO  Hospital ER_Triage set ventilation to 2.0 ACH.
INFO  Hospital ER_Triage set occupancy schedule to Hospital BLDG_OCC_EXTD_SCH.
INFO  Hospital ER_Triage set occupant activity schedule to Hospital ACTIVITY_SCH.
INFO  Hospital ER_Triage set lighting schedule to Hospital BLDG_LIGHT_EXTD_SCH.
INFO  Hospital ER_Triage set electric equipment schedule to Hospital BLDG_EQUIP_EXTD_SCH.
INFO  Hospital HospitalOfficeFlr1 had no people, one has been created.
INFO  Hospital HospitalOfficeFlr1 set occupancy to 6.99 people/1000 ft^2.
INFO  Hospital HospitalOfficeFlr1 had no lights, one has been created.
INFO  Hospital HospitalOfficeFlr1 set LPD to 0.82 W/ft^2.
INFO  Hospital HospitalOfficeFlr1 had no electric equipment, one has been created.
INFO  Hospital HospitalOfficeFlr1 set electric EPD to 1.1 W/ft^2.
INFO  Hospital HospitalOfficeFlr1 had no ventilation specification, one has been created.
INFO  Hospital HospitalOfficeFlr1 set ventilation per area to 0.06 cfm/ft^2.
INFO  Hospital HospitalOfficeFlr1 set ventilation per person to 5.0 cfm/person.
INFO  Hospital HospitalOfficeFlr1 set occupancy schedule to Hospital BLDG_OCC_SCH.
INFO  Hospital HospitalOfficeFlr1 set occupant activity schedule to Hospital ACTIVITY_SCH.
INFO  Hospital HospitalOfficeFlr1 set lighting schedule to Hospital BLDG_LIGHT_OFFICE_SCH.
INFO  Hospital HospitalOfficeFlr1 set electric equipment schedule to Hospital BLDG_EQUIP_SCH.
INFO  Hospital HospitalOfficeFlr5 had no people, one has been created.
INFO  Hospital HospitalOfficeFlr5 set occupancy to 6.99 people/1000 ft^2.
INFO  Hospital HospitalOfficeFlr5 had no lights, one has been created.
INFO  Hospital HospitalOfficeFlr5 set LPD to 0.82 W/ft^2.
INFO  Hospital HospitalOfficeFlr5 had no electric equipment, one has been created.
INFO  Hospital HospitalOfficeFlr5 set electric EPD to 1.0 W/ft^2.
INFO  Hospital HospitalOfficeFlr5 had no ventilation specification, one has been created.
INFO  Hospital HospitalOfficeFlr5 set ventilation per area to 0.06 cfm/ft^2.
INFO  Hospital HospitalOfficeFlr5 set ventilation per person to 5.0 cfm/person.
INFO  Hospital HospitalOfficeFlr5 set occupancy schedule to Hospital BLDG_OCC_SCH.
INFO  Hospital HospitalOfficeFlr5 set occupant activity schedule to Hospital ACTIVITY_SCH.
INFO  Hospital HospitalOfficeFlr5 set lighting schedule to Hospital BLDG_LIGHT_OFFICE_SCH.
INFO  Hospital HospitalOfficeFlr5 set electric equipment schedule to Hospital BLDG_EQUIP_SCH.
INFO  Hospital ICU_NurseStn had no people, one has been created.
INFO  Hospital ICU_NurseStn set occupancy to 1.333 people/1000 ft^2.
INFO  Hospital ICU_NurseStn had no lights, one has been created.
INFO  Hospital ICU_NurseStn set LPD to 0.71 W/ft^2.
INFO  Hospital ICU_NurseStn had no electric equipment, one has been created.
INFO  Hospital ICU_NurseStn set electric EPD to 2.0 W/ft^2.
INFO  Hospital ICU_NurseStn had no ventilation specification, one has been created.
INFO  Hospital ICU_NurseStn set ventilation per area to 0.06 cfm/ft^2.
INFO  Hospital ICU_NurseStn set ventilation per person to 5.0 cfm/person.
INFO  Hospital ICU_NurseStn set occupancy schedule to Hospital BLDG_OCC_EXTD_SCH.
INFO  Hospital ICU_NurseStn set occupant activity schedule to Hospital ACTIVITY_SCH.
INFO  Hospital ICU_NurseStn set lighting schedule to Hospital BLDG_LIGHT_EXTD_SCH.
INFO  Hospital ICU_NurseStn set electric equipment schedule to Hospital BLDG_EQUIP_EXTD_SCH.
INFO  Hospital ICU_Open had no people, one has been created.
INFO  Hospital ICU_Open set occupancy to 5.0 people/1000 ft^2.
INFO  Hospital ICU_Open had no lights, one has been created.
INFO  Hospital ICU_Open set LPD to 1.15 W/ft^2.
INFO  Hospital ICU_Open had no electric equipment, one has been created.
INFO  Hospital ICU_Open set electric EPD to 3.0 W/ft^2.
INFO  Hospital ICU_Open had no ventilation specification, one has been created.
INFO  Hospital ICU_Open set ventilation to 2.0 ACH.
INFO  Hospital ICU_Open set occupancy schedule to Hospital BLDG_OCC_EXTD_SCH.
INFO  Hospital ICU_Open set occupant activity schedule to Hospital ACTIVITY_SCH.
INFO  Hospital ICU_Open set lighting schedule to Hospital BLDG_LIGHT_EXTD_SCH.
INFO  Hospital ICU_Open set electric equipment schedule to Hospital BLDG_EQUIP_EXTD_SCH.
INFO  Hospital ICU_PatRm had no people, one has been created.
INFO  Hospital ICU_PatRm set occupancy to 5.0 people/1000 ft^2.
INFO  Hospital ICU_PatRm had no lights, one has been created.
INFO  Hospital ICU_PatRm set LPD to 0.62 W/ft^2.
INFO  Hospital ICU_PatRm had no electric equipment, one has been created.
INFO  Hospital ICU_PatRm set electric EPD to 3.0 W/ft^2.
INFO  Hospital ICU_PatRm had no ventilation specification, one has been created.
INFO  Hospital ICU_PatRm set ventilation to 2.0 ACH.
INFO  Hospital ICU_PatRm set occupancy schedule to Hospital BLDG_OCC_EXTD_SCH.
INFO  Hospital ICU_PatRm set occupant activity schedule to Hospital ACTIVITY_SCH.
INFO  Hospital ICU_PatRm set lighting schedule to Hospital BLDG_LIGHT_EXTD_SCH.
INFO  Hospital ICU_PatRm set electric equipment schedule to Hospital BLDG_EQUIP_EXTD_SCH.
INFO  Hospital Kitchen had no people, one has been created.
INFO  Hospital Kitchen set occupancy to 5.0 people/1000 ft^2.
INFO  Hospital Kitchen had no lights, one has been created.
INFO  Hospital Kitchen set LPD to 1.21 W/ft^2.
INFO  Hospital Kitchen had no electric equipment, one has been created.
INFO  Hospital Kitchen set electric EPD to 7.5 W/ft^2.
INFO  Hospital Kitchen had no gas equipment, one has been created.
INFO  Hospital Kitchen set gas EPD to 51.16 Btu/hr*ft^2.
INFO  Hospital Kitchen had no ventilation specification, one has been created.
INFO  Hospital Kitchen set ventilation per area to 0.18 cfm/ft^2.
INFO  Hospital Kitchen set ventilation per person to 7.5 cfm/person.
INFO  Hospital Kitchen set occupancy schedule to Hospital BLDG_OCC_EXTD_SCH.
INFO  Hospital Kitchen set occupant activity schedule to Hospital ACTIVITY_SCH.
INFO  Hospital Kitchen set lighting schedule to Hospital BLDG_LIGHT_SCH.
INFO  Hospital Kitchen set electric equipment schedule to Hospital BLDG_EQUIP_EXTD_SCH.
INFO  Hospital Kitchen set gas equipment schedule to Hospital BLDG_EQUIP_EXTD_SCH.
INFO  Hospital Lab had no people, one has been created.
INFO  Hospital Lab set occupancy to 5.0 people/1000 ft^2.
INFO  Hospital Lab had no lights, one has been created.
INFO  Hospital Lab set LPD to 1.81 W/ft^2.
INFO  Hospital Lab had no electric equipment, one has been created.
INFO  Hospital Lab set electric EPD to 4.0 W/ft^2.
INFO  Hospital Lab had no ventilation specification, one has been created.
INFO  Hospital Lab set ventilation per area to 0.18 cfm/ft^2.
INFO  Hospital Lab set ventilation per person to 10.0 cfm/person.
INFO  Hospital Lab set occupancy schedule to Hospital BLDG_OCC_SCH.
INFO  Hospital Lab set occupant activity schedule to Hospital ACTIVITY_SCH.
INFO  Hospital Lab set lighting schedule to Hospital BLDG_LIGHT_SCH.
INFO  Hospital Lab set electric equipment schedule to Hospital BLDG_EQUIP_SCH.
INFO  Hospital Lobby had no people, one has been created.
INFO  Hospital Lobby set occupancy to 1.333 people/1000 ft^2.
INFO  Hospital Lobby had no lights, one has been created.
INFO  Hospital Lobby set LPD to 0.9 W/ft^2.
INFO  Hospital Lobby had no electric equipment, one has been created.
INFO  Hospital Lobby set electric EPD to 0.1 W/ft^2.
INFO  Hospital Lobby had no ventilation specification, one has been created.
INFO  Hospital Lobby set ventilation per area to 0.06 cfm/ft^2.
INFO  Hospital Lobby set ventilation per person to 5.0 cfm/person.
INFO  Hospital Lobby set occupancy schedule to Hospital BLDG_OCC_SCH.
INFO  Hospital Lobby set occupant activity schedule to Hospital ACTIVITY_SCH.
INFO  Hospital Lobby set lighting schedule to Hospital BLDG_LIGHT_LOBBYFLR1_SCH.
INFO  Hospital Lobby set electric equipment schedule to Hospital BLDG_EQUIP_SCH.
INFO  Hospital NurseStn had no people, one has been created.
INFO  Hospital NurseStn set occupancy to 1.333 people/1000 ft^2.
INFO  Hospital NurseStn had no lights, one has been created.
INFO  Hospital NurseStn set LPD to 0.71 W/ft^2.
INFO  Hospital NurseStn had no electric equipment, one has been created.
INFO  Hospital NurseStn set electric EPD to 1.04 W/ft^2.
INFO  Hospital NurseStn had no ventilation specification, one has been created.
INFO  Hospital NurseStn set ventilation per area to 0.06 cfm/ft^2.
INFO  Hospital NurseStn set ventilation per person to 5.0 cfm/person.
INFO  Hospital NurseStn set occupancy schedule to Hospital BLDG_OCC_EXTD_SCH.
INFO  Hospital NurseStn set occupant activity schedule to Hospital ACTIVITY_SCH.
INFO  Hospital NurseStn set lighting schedule to Hospital BLDG_LIGHT_NURSEFLR234_SCH.
INFO  Hospital NurseStn set electric equipment schedule to Hospital BLDG_EQUIP_EXTD_SCH.
INFO  Hospital OR had no people, one has been created.
INFO  Hospital OR set occupancy to 5.0 people/1000 ft^2.
INFO  Hospital OR had no lights, one has been created.
INFO  Hospital OR set LPD to 2.48 W/ft^2.
INFO  Hospital OR had no electric equipment, one has been created.
INFO  Hospital OR set electric EPD to 4.0 W/ft^2.
INFO  Hospital OR had no ventilation specification, one has been created.
INFO  Hospital OR set ventilation to 3.0 ACH.
INFO  Hospital OR set occupancy schedule to Hospital BLDG_OCC_SCH.
INFO  Hospital OR set occupant activity schedule to Hospital ACTIVITY_SCH.
INFO  Hospital OR set lighting schedule to Hospital BLDG_LIGHT_EXTD_SCH.
INFO  Hospital OR set electric equipment schedule to Hospital BLDG_EQUIP_SCH.
INFO  Hospital Office had no people, one has been created.
INFO  Hospital Office set occupancy to 7.0 people/1000 ft^2.
INFO  Hospital Office had no lights, one has been created.
INFO  Hospital Office set LPD to 0.82 W/ft^2.
INFO  Hospital Office had no electric equipment, one has been created.
INFO  Hospital Office set electric EPD to 1.0 W/ft^2.
INFO  Hospital Office had no ventilation specification, one has been created.
INFO  Hospital Office set ventilation per area to 0.06 cfm/ft^2.
INFO  Hospital Office set ventilation per person to 5.0 cfm/person.
INFO  Hospital Office set occupancy schedule to Hospital BLDG_OCC_SCH.
INFO  Hospital Office set occupant activity schedule to Hospital ACTIVITY_SCH.
INFO  Hospital Office set lighting schedule to Hospital BLDG_LIGHT_OFFICE_SCH.
INFO  Hospital Office set electric equipment schedule to Hospital BLDG_EQUIP_SCH.
INFO  Hospital PatCorridor had no people, one has been created.
INFO  Hospital PatCorridor set occupancy to 1.0 people/1000 ft^2.
INFO  Hospital PatCorridor had no lights, one has been created.
INFO  Hospital PatCorridor set LPD to 0.99 W/ft^2.
INFO  Hospital PatCorridor had no ventilation specification, one has been created.
INFO  Hospital PatCorridor set ventilation per area to 0.06 cfm/ft^2.
INFO  Hospital PatCorridor set occupancy schedule to Hospital BLDG_OCC_EXTD_SCH.
INFO  Hospital PatCorridor set occupant activity schedule to Hospital ACTIVITY_SCH.
INFO  Hospital PatCorridor set lighting schedule to Hospital BLDG_LIGHT_CORRIDOR_SCH.
INFO  Hospital PatCorridor set electric equipment schedule to Hospital BLDG_EQUIP_SCH.
INFO  Hospital PatRoom had no people, one has been created.
INFO  Hospital PatRoom set occupancy to 5.0 people/1000 ft^2.
INFO  Hospital PatRoom had no lights, one has been created.
INFO  Hospital PatRoom set LPD to 0.62 W/ft^2.
INFO  Hospital PatRoom had no electric equipment, one has been created.
INFO  Hospital PatRoom set electric EPD to 2.0 W/ft^2.
INFO  Hospital PatRoom had no ventilation specification, one has been created.
INFO  Hospital PatRoom set ventilation to 2.0 ACH.
INFO  Hospital PatRoom set occupancy schedule to Hospital BLDG_OCC_EXTD_SCH.
INFO  Hospital PatRoom set occupant activity schedule to Hospital ACTIVITY_SCH.
INFO  Hospital PatRoom set lighting schedule to Hospital BLDG_LIGHT_SCH.
INFO  Hospital PatRoom set electric equipment schedule to Hospital BLDG_EQUIP_EXTD_SCH.
INFO  Hospital PhysTherapy had no people, one has been created.
INFO  Hospital PhysTherapy set occupancy to 5.0 people/1000 ft^2.
INFO  Hospital PhysTherapy had no lights, one has been created.
INFO  Hospital PhysTherapy set LPD to 0.91 W/ft^2.
INFO  Hospital PhysTherapy had no electric equipment, one has been created.
INFO  Hospital PhysTherapy set electric EPD to 1.5 W/ft^2.
INFO  Hospital PhysTherapy had no ventilation specification, one has been created.
INFO  Hospital PhysTherapy set ventilation per person to 15.0 cfm/person.
INFO  Hospital PhysTherapy set occupancy schedule to Hospital BLDG_OCC_SCH.
INFO  Hospital PhysTherapy set occupant activity schedule to Hospital ACTIVITY_SCH.
INFO  Hospital PhysTherapy set lighting schedule to Hospital BLDG_LIGHT_SCH.
INFO  Hospital PhysTherapy set electric equipment schedule to Hospital BLDG_EQUIP_SCH.
INFO  Hospital Radiology had no people, one has been created.
INFO  Hospital Radiology set occupancy to 5.0 people/1000 ft^2.
INFO  Hospital Radiology had no lights, one has been created.
INFO  Hospital Radiology set LPD to 1.51 W/ft^2.
INFO  Hospital Radiology had no electric equipment, one has been created.
INFO  Hospital Radiology set electric EPD to 10.0 W/ft^2.
INFO  Hospital Radiology had no ventilation specification, one has been created.
INFO  Hospital Radiology set ventilation per person to 15.0 cfm/person.
INFO  Hospital Radiology set occupancy schedule to Hospital BLDG_OCC_SCH.
INFO  Hospital Radiology set occupant activity schedule to Hospital ACTIVITY_SCH.
INFO  Hospital Radiology set lighting schedule to Hospital BLDG_LIGHT_RADIOLOGY_SCH.
INFO  Hospital Radiology set electric equipment schedule to Hospital BLDG_EQUIP_SCH.
INFO  Laboratory Equipment corridor had no lights, one has been created.
INFO  Laboratory Equipment corridor set LPD to 0.66 W/ft^2.
INFO  Laboratory Equipment corridor had no electric equipment, one has been created.
INFO  Laboratory Equipment corridor set electric EPD to 15.0 W/ft^2.
INFO  Laboratory Equipment corridor had no ventilation specification, one has been created.
INFO  Laboratory Equipment corridor set ventilation per area to 1.0 cfm/ft^2.
INFO  Laboratory Equipment corridor set ventilation per person to 10.0 cfm/person.
INFO  Laboratory Equipment corridor set ventilation to 6.0 ACH.
INFO  Laboratory Equipment corridor set occupancy schedule to Lab_OCC_SCH.
INFO  Laboratory Equipment corridor set occupant activity schedule to Lab_OCC_Activity.
INFO  Laboratory Equipment corridor set lighting schedule to Lab_LIGHT_CORRIDOR_SCH.
INFO  Laboratory Equipment corridor set electric equipment schedule to Lab_EQUIP_SCH.
INFO  Laboratory Lab with fume hood had no people, one has been created.
INFO  Laboratory Lab with fume hood set occupancy to 5.0 people/1000 ft^2.
INFO  Laboratory Lab with fume hood had no lights, one has been created.
INFO  Laboratory Lab with fume hood set LPD to 1.81 W/ft^2.
INFO  Laboratory Lab with fume hood had no electric equipment, one has been created.
INFO  Laboratory Lab with fume hood set electric EPD to 4.0 W/ft^2.
INFO  Laboratory Lab with fume hood had no ventilation specification, one has been created.
INFO  Laboratory Lab with fume hood set ventilation per area to 0.18 cfm/ft^2.
INFO  Laboratory Lab with fume hood set ventilation per person to 10.0 cfm/person.
INFO  Laboratory Lab with fume hood set ventilation to 15.0 ACH.
INFO  Laboratory Lab with fume hood set occupancy schedule to Lab_OCC_SCH.
INFO  Laboratory Lab with fume hood set occupant activity schedule to Lab_OCC_Activity.
INFO  Laboratory Lab with fume hood set lighting schedule to Lab_LIGHT_SCH.
INFO  Laboratory Lab with fume hood set electric equipment schedule to Lab_EQUIP_SCH.
INFO  Laboratory Office had no people, one has been created.
INFO  Laboratory Office set occupancy to 5.25 people/1000 ft^2.
INFO  Laboratory Office had no lights, one has been created.
INFO  Laboratory Office set LPD to 0.98 W/ft^2.
INFO  Laboratory Office had no electric equipment, one has been created.
INFO  Laboratory Office set electric EPD to 0.96 W/ft^2.
INFO  Laboratory Office had no ventilation specification, one has been created.
INFO  Laboratory Office set ventilation per area to 0.06 cfm/ft^2.
INFO  Laboratory Office set ventilation per person to 5.0 cfm/person.
INFO  Laboratory Office set occupancy schedule to OfficeMedium BLDG_OCC_SCH.
INFO  Laboratory Office set occupant activity schedule to OfficeMedium ACTIVITY_SCH.
INFO  Laboratory Office set lighting schedule to OfficeMedium BLDG_LIGHT_SCH_2004.
INFO  Laboratory Office set electric equipment schedule to OfficeMedium BLDG_EQUIP_SCH_2004.
INFO  Laboratory Open lab had no people, one has been created.
INFO  Laboratory Open lab set occupancy to 5.0 people/1000 ft^2.
INFO  Laboratory Open lab had no lights, one has been created.
INFO  Laboratory Open lab set LPD to 1.81 W/ft^2.
INFO  Laboratory Open lab had no electric equipment, one has been created.
INFO  Laboratory Open lab set electric EPD to 4.0 W/ft^2.
INFO  Laboratory Open lab had no ventilation specification, one has been created.
INFO  Laboratory Open lab set ventilation per area to 1.0 cfm/ft^2.
INFO  Laboratory Open lab set ventilation per person to 10.0 cfm/person.
INFO  Laboratory Open lab set ventilation to 6.0 ACH.
INFO  Laboratory Open lab set occupancy schedule to Lab_OCC_SCH.
INFO  Laboratory Open lab set occupant activity schedule to Lab_OCC_Activity.
INFO  Laboratory Open lab set lighting schedule to Lab_LIGHT_SCH.
INFO  Laboratory Open lab set electric equipment schedule to Lab_EQUIP_SCH.
INFO  LargeDataCenterHighITE StandaloneDataCenter had no lights, one has been created.
INFO  LargeDataCenterHighITE StandaloneDataCenter set LPD to 0.82 W/ft^2.
INFO  LargeDataCenterHighITE StandaloneDataCenter had no electric equipment, one has been created.
INFO  LargeDataCenterHighITE StandaloneDataCenter set electric EPD to 500.0 W/ft^2.
INFO  LargeDataCenterHighITE StandaloneDataCenter had no ventilation specification, one has been created.
INFO  LargeDataCenterHighITE StandaloneDataCenter set ventilation per area to 0.06 cfm/ft^2.
INFO  LargeDataCenterHighITE StandaloneDataCenter set ventilation per person to 5.0 cfm/person.
INFO  LargeDataCenterHighITE StandaloneDataCenter set lighting schedule to DataCenter Lighting_SCH.
INFO  LargeDataCenterHighITE StandaloneDataCenter set electric equipment schedule to DataCenter Equipment_SCH.
INFO  LargeDataCenterLowITE StandaloneDataCenter had no lights, one has been created.
INFO  LargeDataCenterLowITE StandaloneDataCenter set LPD to 0.82 W/ft^2.
INFO  LargeDataCenterLowITE StandaloneDataCenter had no electric equipment, one has been created.
INFO  LargeDataCenterLowITE StandaloneDataCenter set electric EPD to 100.0 W/ft^2.
INFO  LargeDataCenterLowITE StandaloneDataCenter had no ventilation specification, one has been created.
INFO  LargeDataCenterLowITE StandaloneDataCenter set ventilation per area to 0.06 cfm/ft^2.
INFO  LargeDataCenterLowITE StandaloneDataCenter set ventilation per person to 5.0 cfm/person.
INFO  LargeDataCenterLowITE StandaloneDataCenter set lighting schedule to DataCenter Lighting_SCH.
INFO  LargeDataCenterLowITE StandaloneDataCenter set electric equipment schedule to DataCenter Equipment_SCH.
INFO  LargeHotel Banquet had no people, one has been created.
INFO  LargeHotel Banquet set occupancy to 70.0 people/1000 ft^2.
INFO  LargeHotel Banquet had no lights, one has been created.
INFO  LargeHotel Banquet set LPD to 0.65 W/ft^2.
INFO  LargeHotel Banquet had no electric equipment, one has been created.
INFO  LargeHotel Banquet set electric EPD to 6.301 W/ft^2.
INFO  LargeHotel Banquet had no ventilation specification, one has been created.
INFO  LargeHotel Banquet set ventilation per area to 0.06 cfm/ft^2.
INFO  LargeHotel Banquet set ventilation per person to 5.0 cfm/person.
INFO  LargeHotel Banquet set occupancy schedule to HotelLarge BLDG_OCC_SCH.
INFO  LargeHotel Banquet set occupant activity schedule to HotelLarge ACTIVITY_SCH.
INFO  LargeHotel Banquet set lighting schedule to HotelLarge BLDG_LIGHT_SCH_2013.
INFO  LargeHotel Banquet set electric equipment schedule to HotelLarge Kitchen_Elec_Equip_SCH.
INFO  LargeHotel Basement had no people, one has been created.
INFO  LargeHotel Basement set occupancy to 5.0 people/1000 ft^2.
INFO  LargeHotel Basement had no lights, one has been created.
INFO  LargeHotel Basement set LPD to 0.82 W/ft^2.
INFO  LargeHotel Basement had no electric equipment, one has been created.
INFO  LargeHotel Basement set electric EPD to 0.5 W/ft^2.
INFO  LargeHotel Basement had no ventilation specification, one has been created.
INFO  LargeHotel Basement set ventilation per area to 0.06 cfm/ft^2.
INFO  LargeHotel Basement set ventilation per person to 5.0 cfm/person.
INFO  LargeHotel Basement set occupancy schedule to HotelLarge BLDG_OCC_SCH.
INFO  LargeHotel Basement set occupant activity schedule to HotelLarge ACTIVITY_SCH.
INFO  LargeHotel Basement set lighting schedule to HotelLarge BLDG_LIGHT_OFFICE_BSMT_SCH_2013.
INFO  LargeHotel Basement set electric equipment schedule to HotelLarge BASEMENT_EQUIP_SCH_2013.
INFO  LargeHotel Cafe had no people, one has been created.
INFO  LargeHotel Cafe set occupancy to 70.0 people/1000 ft^2.
INFO  LargeHotel Cafe had no lights, one has been created.
INFO  LargeHotel Cafe set LPD to 0.65 W/ft^2.
INFO  LargeHotel Cafe had no electric equipment, one has been created.
INFO  LargeHotel Cafe set electric EPD to 0.5 W/ft^2.
INFO  LargeHotel Cafe had no ventilation specification, one has been created.
INFO  LargeHotel Cafe set ventilation per area to 0.18 cfm/ft^2.
INFO  LargeHotel Cafe set ventilation per person to 7.5 cfm/person.
INFO  LargeHotel Cafe set occupancy schedule to HotelLarge BLDG_OCC_SCH.
INFO  LargeHotel Cafe set occupant activity schedule to HotelLarge ACTIVITY_SCH.
INFO  LargeHotel Cafe set lighting schedule to HotelLarge BLDG_LIGHT_SCH_2013.
INFO  LargeHotel Cafe set electric equipment schedule to HotelLarge BLDG_EQUIP_SCH.
INFO  LargeHotel Corridor had no lights, one has been created.
INFO  LargeHotel Corridor set LPD to 0.66 W/ft^2.
INFO  LargeHotel Corridor had no ventilation specification, one has been created.
INFO  LargeHotel Corridor set ventilation per area to 0.06 cfm/ft^2.
INFO  LargeHotel Corridor set occupancy schedule to HotelLarge BLDG_OCC_SCH.
INFO  LargeHotel Corridor set occupant activity schedule to HotelLarge ACTIVITY_SCH.
INFO  LargeHotel Corridor set lighting schedule to HotelLarge BLDG_LIGHT_CORRIDOR_SCH_2013.
INFO  LargeHotel Corridor set electric equipment schedule to HotelLarge BLDG_EQUIP_SCH.
INFO  LargeHotel Corridor2 had no lights, one has been created.
INFO  LargeHotel Corridor2 set LPD to 0.66 W/ft^2.
INFO  LargeHotel Corridor2 had no ventilation specification, one has been created.
INFO  LargeHotel Corridor2 set ventilation per area to 0.06 cfm/ft^2.
INFO  LargeHotel Corridor2 set occupancy schedule to HotelLarge BLDG_OCC_SCH.
INFO  LargeHotel Corridor2 set occupant activity schedule to HotelLarge ACTIVITY_SCH.
INFO  LargeHotel Corridor2 set lighting schedule to HotelLarge BLDG_LIGHT_CORRIDOR_SCH_2013.
INFO  LargeHotel Corridor2 set electric equipment schedule to HotelLarge BLDG_EQUIP_SCH.
INFO  LargeHotel GuestRoom had no people, one has been created.
INFO  LargeHotel GuestRoom set occupancy to 3.57 people/1000 ft^2.
INFO  LargeHotel GuestRoom had no lights, one has been created.
INFO  LargeHotel GuestRoom set LPD to 0.91 W/ft^2.
INFO  LargeHotel GuestRoom had no electric equipment, one has been created.
INFO  LargeHotel GuestRoom set electric EPD to 0.627 W/ft^2.
INFO  LargeHotel GuestRoom had no ventilation specification, one has been created.
INFO  LargeHotel GuestRoom set ventilation per area to 0.06 cfm/ft^2.
INFO  LargeHotel GuestRoom set ventilation per person to 5.0 cfm/person.
INFO  LargeHotel GuestRoom set occupancy schedule to HotelLarge GuestRoom_Occ_Sch.
INFO  LargeHotel GuestRoom set occupant activity schedule to HotelLarge ACTIVITY_SCH.
INFO  LargeHotel GuestRoom set lighting schedule to HotelLarge BLDG_LIGHT_GUESTROOM_SCH_2013.
INFO  LargeHotel GuestRoom set electric equipment schedule to HotelLarge GuestRoom_Eqp_Sch_Adva.
INFO  LargeHotel GuestRoom2 had no people, one has been created.
INFO  LargeHotel GuestRoom2 set occupancy to 5.68 people/1000 ft^2.
INFO  LargeHotel GuestRoom2 had no lights, one has been created.
INFO  LargeHotel GuestRoom2 set LPD to 0.91 W/ft^2.
INFO  LargeHotel GuestRoom2 had no electric equipment, one has been created.
INFO  LargeHotel GuestRoom2 set electric EPD to 0.977 W/ft^2.
INFO  LargeHotel GuestRoom2 had no ventilation specification, one has been created.
INFO  LargeHotel GuestRoom2 set ventilation per area to 0.06 cfm/ft^2.
INFO  LargeHotel GuestRoom2 set ventilation per person to 5.0 cfm/person.
INFO  LargeHotel GuestRoom2 set occupancy schedule to HotelLarge GuestRoom_Occ_Sch.
INFO  LargeHotel GuestRoom2 set occupant activity schedule to HotelLarge ACTIVITY_SCH.
INFO  LargeHotel GuestRoom2 set lighting schedule to HotelLarge BLDG_LIGHT_GUESTROOM_SCH_2013.
INFO  LargeHotel GuestRoom2 set electric equipment schedule to HotelLarge GuestRoom_Eqp_Sch_Adva.
INFO  LargeHotel GuestRoom3 had no people, one has been created.
INFO  LargeHotel GuestRoom3 set occupancy to 3.57 people/1000 ft^2.
INFO  LargeHotel GuestRoom3 had no lights, one has been created.
INFO  LargeHotel GuestRoom3 set LPD to 0.91 W/ft^2.
INFO  LargeHotel GuestRoom3 had no electric equipment, one has been created.
INFO  LargeHotel GuestRoom3 set electric EPD to 0.627 W/ft^2.
INFO  LargeHotel GuestRoom3 had no ventilation specification, one has been created.
INFO  LargeHotel GuestRoom3 set ventilation per area to 0.06 cfm/ft^2.
INFO  LargeHotel GuestRoom3 set ventilation per person to 5.0 cfm/person.
INFO  LargeHotel GuestRoom3 set occupancy schedule to HotelLarge GuestRoom_Occ_Sch.
INFO  LargeHotel GuestRoom3 set occupant activity schedule to HotelLarge ACTIVITY_SCH.
INFO  LargeHotel GuestRoom3 set lighting schedule to HotelLarge BLDG_LIGHT_GUESTROOM_SCH_2013.
INFO  LargeHotel GuestRoom3 set electric equipment schedule to HotelLarge GuestRoom_Eqp_Sch_Adva.
INFO  LargeHotel GuestRoom4 had no people, one has been created.
INFO  LargeHotel GuestRoom4 set occupancy to 5.68 people/1000 ft^2.
INFO  LargeHotel GuestRoom4 had no lights, one has been created.
INFO  LargeHotel GuestRoom4 set LPD to 0.91 W/ft^2.
INFO  LargeHotel GuestRoom4 had no electric equipment, one has been created.
INFO  LargeHotel GuestRoom4 set electric EPD to 0.977 W/ft^2.
INFO  LargeHotel GuestRoom4 had no ventilation specification, one has been created.
INFO  LargeHotel GuestRoom4 set ventilation per area to 0.06 cfm/ft^2.
INFO  LargeHotel GuestRoom4 set ventilation per person to 5.0 cfm/person.
INFO  LargeHotel GuestRoom4 set occupancy schedule to HotelLarge GuestRoom_Occ_Sch.
INFO  LargeHotel GuestRoom4 set occupant activity schedule to HotelLarge ACTIVITY_SCH.
INFO  LargeHotel GuestRoom4 set lighting schedule to HotelLarge BLDG_LIGHT_GUESTROOM_SCH_2013.
INFO  LargeHotel GuestRoom4 set electric equipment schedule to HotelLarge GuestRoom_Eqp_Sch_Adva.
INFO  LargeHotel GuestRoom5 had no people, one has been created.
INFO  LargeHotel GuestRoom5 set occupancy to 4.325 people/1000 ft^2.
INFO  LargeHotel GuestRoom5 had no lights, one has been created.
INFO  LargeHotel GuestRoom5 set LPD to 0.91 W/ft^2.
INFO  LargeHotel GuestRoom5 had no electric equipment, one has been created.
INFO  LargeHotel GuestRoom5 set electric EPD to 0.759 W/ft^2.
INFO  LargeHotel GuestRoom5 had no ventilation specification, one has been created.
INFO  LargeHotel GuestRoom5 set ventilation per area to 0.06 cfm/ft^2.
INFO  LargeHotel GuestRoom5 set ventilation per person to 5.0 cfm/person.
INFO  LargeHotel GuestRoom5 set occupancy schedule to HotelLarge GuestRoom_Occ_Sch.
INFO  LargeHotel GuestRoom5 set occupant activity schedule to HotelLarge ACTIVITY_SCH.
INFO  LargeHotel GuestRoom5 set lighting schedule to HotelLarge BLDG_LIGHT_GUESTROOM_SCH_2013.
INFO  LargeHotel GuestRoom5 set electric equipment schedule to HotelLarge GuestRoom_Eqp_Sch_Base.
INFO  LargeHotel GuestRoom6 had no people, one has been created.
INFO  LargeHotel GuestRoom6 set occupancy to 3.53 people/1000 ft^2.
INFO  LargeHotel GuestRoom6 had no lights, one has been created.
INFO  LargeHotel GuestRoom6 set LPD to 0.91 W/ft^2.
INFO  LargeHotel GuestRoom6 had no electric equipment, one has been created.
INFO  LargeHotel GuestRoom6 set electric EPD to 0.62 W/ft^2.
INFO  LargeHotel GuestRoom6 had no ventilation specification, one has been created.
INFO  LargeHotel GuestRoom6 set ventilation per area to 0.06 cfm/ft^2.
INFO  LargeHotel GuestRoom6 set ventilation per person to 5.0 cfm/person.
INFO  LargeHotel GuestRoom6 set occupancy schedule to HotelLarge GuestRoom_Occ_Sch.
INFO  LargeHotel GuestRoom6 set occupant activity schedule to HotelLarge ACTIVITY_SCH.
INFO  LargeHotel GuestRoom6 set lighting schedule to HotelLarge BLDG_LIGHT_GUESTROOM_SCH_2013.
INFO  LargeHotel GuestRoom6 set electric equipment schedule to HotelLarge GuestRoom_Eqp_Sch_Base.
INFO  LargeHotel GuestRoom7 had no people, one has been created.
INFO  LargeHotel GuestRoom7 set occupancy to 2.58 people/1000 ft^2.
INFO  LargeHotel GuestRoom7 had no lights, one has been created.
INFO  LargeHotel GuestRoom7 set LPD to 0.91 W/ft^2.
INFO  LargeHotel GuestRoom7 had no electric equipment, one has been created.
INFO  LargeHotel GuestRoom7 set electric EPD to 0.453 W/ft^2.
INFO  LargeHotel GuestRoom7 had no ventilation specification, one has been created.
INFO  LargeHotel GuestRoom7 set ventilation per area to 0.06 cfm/ft^2.
INFO  LargeHotel GuestRoom7 set ventilation per person to 5.0 cfm/person.
INFO  LargeHotel GuestRoom7 set occupancy schedule to HotelLarge GuestRoom_Occ_Sch.
INFO  LargeHotel GuestRoom7 set occupant activity schedule to HotelLarge ACTIVITY_SCH.
INFO  LargeHotel GuestRoom7 set lighting schedule to HotelLarge BLDG_LIGHT_GUESTROOM_SCH_2013.
INFO  LargeHotel GuestRoom7 set electric equipment schedule to HotelLarge GuestRoom_Eqp_Sch_Base.
INFO  LargeHotel GuestRoom8 had no people, one has been created.
INFO  LargeHotel GuestRoom8 set occupancy to 5.68 people/1000 ft^2.
INFO  LargeHotel GuestRoom8 had no lights, one has been created.
INFO  LargeHotel GuestRoom8 set LPD to 0.91 W/ft^2.
INFO  LargeHotel GuestRoom8 had no electric equipment, one has been created.
INFO  LargeHotel GuestRoom8 set electric EPD to 0.977 W/ft^2.
INFO  LargeHotel GuestRoom8 had no ventilation specification, one has been created.
INFO  LargeHotel GuestRoom8 set ventilation per area to 0.06 cfm/ft^2.
INFO  LargeHotel GuestRoom8 set ventilation per person to 5.0 cfm/person.
INFO  LargeHotel GuestRoom8 set occupancy schedule to Always Off.
INFO  LargeHotel GuestRoom8 set occupant activity schedule to HotelLarge ACTIVITY_SCH.
INFO  LargeHotel GuestRoom8 set lighting schedule to HotelLarge BLDG_LIGHT_GUESTROOM_SCH_2013.
INFO  LargeHotel GuestRoom8 set electric equipment schedule to HotelLarge GuestRoom_Eqp_Sch_Adva.
INFO  LargeHotel Kitchen had no people, one has been created.
INFO  LargeHotel Kitchen set occupancy to 20.0 people/1000 ft^2.
INFO  LargeHotel Kitchen had no lights, one has been created.
INFO  LargeHotel Kitchen set LPD to 1.21 W/ft^2.
INFO  LargeHotel Kitchen had no electric equipment, one has been created.
INFO  LargeHotel Kitchen set electric EPD to 47.2 W/ft^2.
INFO  LargeHotel Kitchen had no gas equipment, one has been created.
INFO  LargeHotel Kitchen set gas EPD to 767.0 Btu/hr*ft^2.
INFO  LargeHotel Kitchen had no ventilation specification, one has been created.
INFO  LargeHotel Kitchen set ventilation per area to 0.18 cfm/ft^2.
INFO  LargeHotel Kitchen set ventilation per person to 7.5 cfm/person.
INFO  LargeHotel Kitchen set occupancy schedule to HotelLarge BLDG_OCC_SCH.
INFO  LargeHotel Kitchen set occupant activity schedule to HotelLarge ACTIVITY_SCH.
INFO  LargeHotel Kitchen set lighting schedule to HotelLarge BLDG_LIGHT_SCH_2013.
INFO  LargeHotel Kitchen set electric equipment schedule to HotelLarge Kitchen_Elec_Equip_SCH.
INFO  LargeHotel Kitchen set gas equipment schedule to HotelLarge Kitchen_Gas_Equip_SCH.
INFO  LargeHotel Laundry had no people, one has been created.
INFO  LargeHotel Laundry set occupancy to 10.0 people/1000 ft^2.
INFO  LargeHotel Laundry had no lights, one has been created.
INFO  LargeHotel Laundry set LPD to 0.6 W/ft^2.
INFO  LargeHotel Laundry had no electric equipment, one has been created.
INFO  LargeHotel Laundry set electric EPD to 5.73 W/ft^2.
INFO  LargeHotel Laundry had no gas equipment, one has been created.
INFO  LargeHotel Laundry set gas EPD to 170.0 Btu/hr*ft^2.
INFO  LargeHotel Laundry had no ventilation specification, one has been created.
INFO  LargeHotel Laundry set ventilation per area to 0.06 cfm/ft^2.
INFO  LargeHotel Laundry set ventilation per person to 7.5 cfm/person.
INFO  LargeHotel Laundry set occupancy schedule to HotelLarge BLDG_OCC_SCH.
INFO  LargeHotel Laundry set occupant activity schedule to HotelLarge ACTIVITY_SCH.
INFO  LargeHotel Laundry set lighting schedule to HotelLarge BLDG_LIGHT_SCH_2013.
INFO  LargeHotel Laundry set electric equipment schedule to HotelLarge BLDG_EQUIP_SCH.
INFO  LargeHotel Laundry set gas equipment schedule to HotelLarge BLDG_EQUIP_SCH.
INFO  LargeHotel Lobby had no people, one has been created.
INFO  LargeHotel Lobby set occupancy to 30.0 people/1000 ft^2.
INFO  LargeHotel Lobby had no lights, one has been created.
INFO  LargeHotel Lobby set LPD to 1.06 W/ft^2.
INFO  LargeHotel Lobby had no electric equipment, one has been created.
INFO  LargeHotel Lobby set electric EPD to 0.75 W/ft^2.
INFO  LargeHotel Lobby had no ventilation specification, one has been created.
INFO  LargeHotel Lobby set ventilation per area to 0.06 cfm/ft^2.
INFO  LargeHotel Lobby set ventilation per person to 7.5 cfm/person.
INFO  LargeHotel Lobby set occupancy schedule to HotelLarge BLDG_OCC_SCH.
INFO  LargeHotel Lobby set occupant activity schedule to HotelLarge ACTIVITY_SCH.
INFO  LargeHotel Lobby set lighting schedule to HotelLarge BLDG_LIGHT_SCH_2013.
INFO  LargeHotel Lobby set electric equipment schedule to HotelLarge BLDG_EQUIP_SCH.
INFO  LargeHotel Mechanical had no lights, one has been created.
INFO  LargeHotel Mechanical set LPD to 0.42 W/ft^2.
INFO  LargeHotel Mechanical had no electric equipment, one has been created.
INFO  LargeHotel Mechanical set electric EPD to 0.5 W/ft^2.
INFO  LargeHotel Mechanical had no ventilation specification, one has been created.
INFO  LargeHotel Mechanical set ventilation per area to 0.12 cfm/ft^2.
INFO  LargeHotel Mechanical set occupancy schedule to HotelLarge BLDG_OCC_SCH.
INFO  LargeHotel Mechanical set occupant activity schedule to HotelLarge ACTIVITY_SCH.
INFO  LargeHotel Mechanical set lighting schedule to HotelLarge BLDG_LIGHT_MECHANIC_SCH_2013.
INFO  LargeHotel Mechanical set electric equipment schedule to HotelLarge BLDG_EQUIP_SCH.
INFO  LargeHotel Retail had no people, one has been created.
INFO  LargeHotel Retail set occupancy to 15.0 people/1000 ft^2.
INFO  LargeHotel Retail had no lights, one has been created.
INFO  LargeHotel Retail set LPD to 1.26 W/ft^2.
INFO  LargeHotel Retail had no electric equipment, one has been created.
INFO  LargeHotel Retail set electric EPD to 1.0 W/ft^2.
INFO  LargeHotel Retail had no ventilation specification, one has been created.
INFO  LargeHotel Retail set ventilation per area to 0.12 cfm/ft^2.
INFO  LargeHotel Retail set ventilation per person to 7.5 cfm/person.
INFO  LargeHotel Retail set occupancy schedule to HotelLarge BLDG_OCC_SCH.
INFO  LargeHotel Retail set occupant activity schedule to HotelLarge ACTIVITY_SCH.
INFO  LargeHotel Retail set lighting schedule to HotelLarge BLDG_LIGHT_SCH_2013.
INFO  LargeHotel Retail set electric equipment schedule to HotelLarge BLDG_EQUIP_SCH.
INFO  LargeHotel Retail2 had no people, one has been created.
INFO  LargeHotel Retail2 set occupancy to 15.0 people/1000 ft^2.
INFO  LargeHotel Retail2 had no lights, one has been created.
INFO  LargeHotel Retail2 set LPD to 1.26 W/ft^2.
INFO  LargeHotel Retail2 had no electric equipment, one has been created.
INFO  LargeHotel Retail2 set electric EPD to 1.0 W/ft^2.
INFO  LargeHotel Retail2 had no ventilation specification, one has been created.
INFO  LargeHotel Retail2 set ventilation per area to 0.12 cfm/ft^2.
INFO  LargeHotel Retail2 set ventilation per person to 7.5 cfm/person.
INFO  LargeHotel Retail2 set occupancy schedule to HotelLarge BLDG_OCC_SCH.
INFO  LargeHotel Retail2 set occupant activity schedule to HotelLarge ACTIVITY_SCH.
INFO  LargeHotel Retail2 set lighting schedule to HotelLarge BLDG_LIGHT_SCH_2013.
INFO  LargeHotel Retail2 set electric equipment schedule to HotelLarge BLDG_EQUIP_SCH.
INFO  LargeHotel Storage had no lights, one has been created.
INFO  LargeHotel Storage set LPD to 0.63 W/ft^2.
INFO  LargeHotel Storage had no electric equipment, one has been created.
INFO  LargeHotel Storage set electric EPD to 0.25 W/ft^2.
INFO  LargeHotel Storage had no ventilation specification, one has been created.
INFO  LargeHotel Storage set ventilation per area to 0.12 cfm/ft^2.
INFO  LargeHotel Storage set occupancy schedule to HotelLarge BLDG_OCC_SCH.
INFO  LargeHotel Storage set occupant activity schedule to HotelLarge ACTIVITY_SCH.
INFO  LargeHotel Storage set lighting schedule to HotelLarge BLDG_LIGHT_STORAGE_SCH_2013.
INFO  LargeHotel Storage set electric equipment schedule to HotelLarge BLDG_EQUIP_SCH.
INFO  LargeOffice Office - open plan had no lights, one has been created.
INFO  LargeOffice Office - open plan set LPD to 1.26 W/ft^2.
INFO  LargeOffice Office - open plan had no ventilation specification, one has been created.
INFO  LargeOffice Office - open plan set lighting schedule to RetailStandalone BLDG_LIGHT_SCH.
INFO  MidriseApartment Apartment had no people, one has been created.
INFO  MidriseApartment Apartment set occupancy to 2.63 people/1000 ft^2.
INFO  MidriseApartment Apartment had no lights, one has been created.
INFO  MidriseApartment Apartment set LPD to 1.07 W/ft^2.
INFO  MidriseApartment Apartment had no electric equipment, one has been created.
INFO  MidriseApartment Apartment set electric EPD to 0.6196632768 W/ft^2.
INFO  MidriseApartment Apartment had no ventilation specification, one has been created.
INFO  MidriseApartment Apartment set ventilation to 0.35 ACH.
INFO  MidriseApartment Apartment set occupancy schedule to ApartmentMidRise OCC_APT_SCH.
INFO  MidriseApartment Apartment set occupant activity schedule to ApartmentMidRise Activity Schedule.
INFO  MidriseApartment Apartment set lighting schedule to ApartmentMidRise LTG_APT_SCH.
INFO  MidriseApartment Apartment set electric equipment schedule to ApartmentMidRise EQP_APT_SCH.
INFO  MidriseApartment Apartment_topfloor_NS had no people, one has been created.
INFO  MidriseApartment Apartment_topfloor_NS set occupancy to 2.63 people/1000 ft^2.
INFO  MidriseApartment Apartment_topfloor_NS had no lights, one has been created.
INFO  MidriseApartment Apartment_topfloor_NS set LPD to 1.07 W/ft^2.
INFO  MidriseApartment Apartment_topfloor_NS had no electric equipment, one has been created.
INFO  MidriseApartment Apartment_topfloor_NS set electric EPD to 0.6196632768 W/ft^2.
INFO  MidriseApartment Apartment_topfloor_NS had no ventilation specification, one has been created.
INFO  MidriseApartment Apartment_topfloor_NS set ventilation to 0.35 ACH.
INFO  MidriseApartment Apartment_topfloor_NS set occupancy schedule to ApartmentMidRise OCC_APT_SCH.
INFO  MidriseApartment Apartment_topfloor_NS set occupant activity schedule to ApartmentMidRise Activity Schedule.
INFO  MidriseApartment Apartment_topfloor_NS set lighting schedule to ApartmentMidRise LTG_APT_SCH.
INFO  MidriseApartment Apartment_topfloor_NS set electric equipment schedule to ApartmentMidRise EQP_APT_SCH.
INFO  MidriseApartment Apartment_topfloor_WE had no people, one has been created.
INFO  MidriseApartment Apartment_topfloor_WE set occupancy to 2.63 people/1000 ft^2.
INFO  MidriseApartment Apartment_topfloor_WE had no lights, one has been created.
INFO  MidriseApartment Apartment_topfloor_WE set LPD to 1.07 W/ft^2.
INFO  MidriseApartment Apartment_topfloor_WE had no electric equipment, one has been created.
INFO  MidriseApartment Apartment_topfloor_WE set electric EPD to 0.6196632768 W/ft^2.
INFO  MidriseApartment Apartment_topfloor_WE had no ventilation specification, one has been created.
INFO  MidriseApartment Apartment_topfloor_WE set ventilation to 0.35 ACH.
INFO  MidriseApartment Apartment_topfloor_WE set occupancy schedule to ApartmentMidRise OCC_APT_SCH.
INFO  MidriseApartment Apartment_topfloor_WE set occupant activity schedule to ApartmentMidRise Activity Schedule.
INFO  MidriseApartment Apartment_topfloor_WE set lighting schedule to ApartmentMidRise LTG_APT_SCH.
INFO  MidriseApartment Apartment_topfloor_WE set electric equipment schedule to ApartmentMidRise EQP_APT_SCH.
INFO  MidriseApartment Corridor had no lights, one has been created.
INFO  MidriseApartment Corridor set LPD to 0.66 W/ft^2.
INFO  MidriseApartment Corridor had no ventilation specification, one has been created.
INFO  MidriseApartment Corridor set occupancy schedule to ApartmentMidRise All Off.
INFO  MidriseApartment Corridor set lighting schedule to ApartmentMidRise LTG_COR_SCH_2013.
INFO  MidriseApartment Corridor set electric equipment schedule to ApartmentMidRise BLDG_ELEVATORS.
INFO  MidriseApartment Corridor_topfloor had no lights, one has been created.
INFO  MidriseApartment Corridor_topfloor set LPD to 0.66 W/ft^2.
INFO  MidriseApartment Corridor_topfloor had no ventilation specification, one has been created.
INFO  MidriseApartment Corridor_topfloor set occupancy schedule to ApartmentMidRise All Off.
INFO  MidriseApartment Corridor_topfloor set lighting schedule to ApartmentMidRise LTG_COR_SCH_2013.
INFO  MidriseApartment Corridor_topfloor set electric equipment schedule to ApartmentMidRise BLDG_ELEVATORS.
INFO  MidriseApartment Office had no people, one has been created.
INFO  MidriseApartment Office set occupancy to 1.05 people/1000 ft^2.
INFO  MidriseApartment Office had no lights, one has been created.
INFO  MidriseApartment Office set LPD to 1.11 W/ft^2.
INFO  MidriseApartment Office had no electric equipment, one has been created.
INFO  MidriseApartment Office set electric EPD to 0.6196632768 W/ft^2.
INFO  MidriseApartment Office had no ventilation specification, one has been created.
INFO  MidriseApartment Office set ventilation per area to 0.085 cfm/ft^2.
INFO  MidriseApartment Office set occupancy schedule to ApartmentMidRise OCC_OFF_SCH.
INFO  MidriseApartment Office set occupant activity schedule to ApartmentMidRise Activity Schedule.
INFO  MidriseApartment Office set lighting schedule to ApartmentMidRise LTG_OFF_SCH_2013.
INFO  MidriseApartment Office set electric equipment schedule to ApartmentMidRise EQP_OFF_SCH_2010_2013.
INFO  Office - undefined - had no ventilation specification, one has been created.
INFO  Office Attic had no ventilation specification, one has been created.
INFO  Office BreakRoom had no people, one has been created.
INFO  Office BreakRoom set occupancy to 50.0 people/1000 ft^2.
INFO  Office BreakRoom had no lights, one has been created.
INFO  Office BreakRoom set LPD to 0.73 W/ft^2.
INFO  Office BreakRoom had no electric equipment, one has been created.
INFO  Office BreakRoom set electric EPD to 4.46 W/ft^2.
INFO  Office BreakRoom had no ventilation specification, one has been created.
INFO  Office BreakRoom set ventilation per area to 0.06 cfm/ft^2.
INFO  Office BreakRoom set ventilation per person to 5.0 cfm/person.
INFO  Office BreakRoom set occupancy schedule to OfficeLarge BLDG_OCC_SCH.
INFO  Office BreakRoom set occupant activity schedule to OfficeMedium ACTIVITY_SCH.
INFO  Office BreakRoom set lighting schedule to OfficeLarge BLDG_LIGHT_SCH_2013.
INFO  Office BreakRoom set electric equipment schedule to OfficeLarge BLDG_EQUIP_SCH.
INFO  Office Classroom had no people, one has been created.
INFO  Office Classroom set occupancy to 35.0 people/1000 ft^2.
INFO  Office Classroom had no lights, one has been created.
INFO  Office Classroom set LPD to 1.24 W/ft^2.
INFO  Office Classroom had no electric equipment, one has been created.
INFO  Office Classroom set electric EPD to 0.929 W/ft^2.
INFO  Office Classroom had no ventilation specification, one has been created.
INFO  Office Classroom set ventilation per area to 0.12 cfm/ft^2.
INFO  Office Classroom set ventilation per person to 10.0 cfm/person.
INFO  Office Classroom set occupancy schedule to OfficeLarge BLDG_OCC_SCH.
INFO  Office Classroom set occupant activity schedule to OfficeMedium ACTIVITY_SCH.
INFO  Office Classroom set lighting schedule to OfficeLarge BLDG_LIGHT_SCH_2013.
INFO  Office Classroom set electric equipment schedule to OfficeLarge BLDG_EQUIP_SCH.
INFO  Office ClosedOffice had no people, one has been created.
INFO  Office ClosedOffice set occupancy to 4.75 people/1000 ft^2.
INFO  Office ClosedOffice had no lights, one has been created.
INFO  Office ClosedOffice set LPD to 1.11 W/ft^2.
INFO  Office ClosedOffice had no electric equipment, one has been created.
INFO  Office ClosedOffice set electric EPD to 0.64 W/ft^2.
INFO  Office ClosedOffice had no ventilation specification, one has been created.
INFO  Office ClosedOffice set ventilation per area to 0.06 cfm/ft^2.
INFO  Office ClosedOffice set ventilation per person to 5.0 cfm/person.
INFO  Office ClosedOffice set occupancy schedule to OfficeLarge BLDG_OCC_SCH.
INFO  Office ClosedOffice set occupant activity schedule to OfficeMedium ACTIVITY_SCH.
INFO  Office ClosedOffice set lighting schedule to OfficeLarge BLDG_LIGHT_SCH_2013.
INFO  Office ClosedOffice set electric equipment schedule to OfficeLarge BLDG_EQUIP_SCH.
INFO  Office Conference had no people, one has been created.
INFO  Office Conference set occupancy to 50.0 people/1000 ft^2.
INFO  Office Conference had no lights, one has been created.
INFO  Office Conference set LPD to 1.23 W/ft^2.
INFO  Office Conference had no electric equipment, one has been created.
INFO  Office Conference set electric EPD to 0.37 W/ft^2.
INFO  Office Conference had no ventilation specification, one has been created.
INFO  Office Conference set ventilation per area to 0.06 cfm/ft^2.
INFO  Office Conference set ventilation per person to 5.0 cfm/person.
INFO  Office Conference set occupancy schedule to OfficeLarge BLDG_OCC_SCH.
INFO  Office Conference set occupant activity schedule to OfficeMedium ACTIVITY_SCH.
INFO  Office Conference set lighting schedule to OfficeLarge BLDG_LIGHT_SCH_2013.
INFO  Office Conference set electric equipment schedule to OfficeLarge BLDG_EQUIP_SCH.
INFO  Office Corridor had no people, one has been created.
INFO  Office Corridor set occupancy to 1.0 people/1000 ft^2.
INFO  Office Corridor had no lights, one has been created.
INFO  Office Corridor set LPD to 0.66 W/ft^2.
INFO  Office Corridor had no electric equipment, one has been created.
INFO  Office Corridor set electric EPD to 0.16 W/ft^2.
INFO  Office Corridor had no ventilation specification, one has been created.
INFO  Office Corridor set ventilation per area to 0.06 cfm/ft^2.
INFO  Office Corridor set occupancy schedule to OfficeLarge BLDG_OCC_SCH.
INFO  Office Corridor set occupant activity schedule to OfficeMedium ACTIVITY_SCH.
INFO  Office Corridor set lighting schedule to OfficeLarge BLDG_LIGHT_SCH_2013.
INFO  Office Corridor set electric equipment schedule to OfficeLarge BLDG_EQUIP_SCH.
INFO  Office Dining had no people, one has been created.
INFO  Office Dining set occupancy to 10.0 people/1000 ft^2.
INFO  Office Dining had no lights, one has been created.
INFO  Office Dining set LPD to 0.65 W/ft^2.
INFO  Office Dining had no electric equipment, one has been created.
INFO  Office Dining set electric EPD to 1.0 W/ft^2.
INFO  Office Dining had no ventilation specification, one has been created.
INFO  Office Dining set ventilation per area to 0.06 cfm/ft^2.
INFO  Office Dining set ventilation per person to 5.0 cfm/person.
INFO  Office Dining set occupancy schedule to OfficeLarge BLDG_OCC_SCH.
INFO  Office Dining set occupant activity schedule to OfficeMedium ACTIVITY_SCH.
INFO  Office Dining set lighting schedule to OfficeLarge BLDG_LIGHT_SCH_2013.
INFO  Office Dining set electric equipment schedule to OfficeLarge BLDG_EQUIP_SCH.
INFO  Office Elec/MechRoom had no lights, one has been created.
INFO  Office Elec/MechRoom set LPD to 0.42 W/ft^2.
INFO  Office Elec/MechRoom had no electric equipment, one has been created.
INFO  Office Elec/MechRoom set electric EPD to 0.27 W/ft^2.
INFO  Office Elec/MechRoom had no ventilation specification, one has been created.
INFO  Office Elec/MechRoom set ventilation per area to 0.12 cfm/ft^2.
INFO  Office Elec/MechRoom set occupancy schedule to OfficeLarge BLDG_OCC_SCH.
INFO  Office Elec/MechRoom set occupant activity schedule to OfficeMedium ACTIVITY_SCH.
INFO  Office Elec/MechRoom set lighting schedule to OfficeLarge BLDG_LIGHT_SCH_2013.
INFO  Office Elec/MechRoom set electric equipment schedule to OfficeLarge BLDG_EQUIP_SCH.
INFO  Office Elevator Lobby had no people, one has been created.
INFO  Office Elevator Lobby set occupancy to 10.0 people/1000 ft^2.
INFO  Office Elevator Lobby had no lights, one has been created.
INFO  Office Elevator Lobby set LPD to 0.64 W/ft^2.
INFO  Office Elevator Lobby had no electric equipment, one has been created.
INFO  Office Elevator Lobby set electric EPD to 0.07 W/ft^2.
INFO  Office Elevator Lobby had no ventilation specification, one has been created.
INFO  Office Elevator Lobby set ventilation per area to 0.06 cfm/ft^2.
INFO  Office Elevator Lobby set ventilation per person to 5.0 cfm/person.
INFO  Office Elevator Lobby set occupancy schedule to OfficeLarge BLDG_OCC_SCH.
INFO  Office Elevator Lobby set occupant activity schedule to OfficeMedium ACTIVITY_SCH.
INFO  Office Elevator Lobby set lighting schedule to OfficeLarge BLDG_LIGHT_SCH.
INFO  Office Elevator Lobby set electric equipment schedule to OfficeLarge BLDG_EQUIP_SCH.
INFO  Office Elevator Machine Room had no ventilation specification, one has been created.
INFO  Office Elevator Shaft had no ventilation specification, one has been created.
INFO  Office IT_Room had no people, one has been created.
INFO  Office IT_Room set occupancy to 5.0 people/1000 ft^2.
INFO  Office IT_Room had no lights, one has been created.
INFO  Office IT_Room set LPD to 1.11 W/ft^2.
INFO  Office IT_Room had no electric equipment, one has been created.
INFO  Office IT_Room set electric EPD to 1.56 W/ft^2.
INFO  Office IT_Room had no ventilation specification, one has been created.
INFO  Office IT_Room set ventilation per area to 0.06 cfm/ft^2.
INFO  Office IT_Room set ventilation per person to 5.0 cfm/person.
INFO  Office IT_Room set occupancy schedule to OfficeLarge BLDG_OCC_SCH.
INFO  Office IT_Room set occupant activity schedule to OfficeMedium ACTIVITY_SCH.
INFO  Office IT_Room set lighting schedule to OfficeLarge BLDG_LIGHT_SCH_2013.
INFO  Office IT_Room set electric equipment schedule to OfficeLarge BLDG_EQUIP_SCH.
INFO  Office Lobby had no people, one has been created.
INFO  Office Lobby set occupancy to 10.0 people/1000 ft^2.
INFO  Office Lobby had no lights, one has been created.
INFO  Office Lobby set LPD to 0.9 W/ft^2.
INFO  Office Lobby had no electric equipment, one has been created.
INFO  Office Lobby set electric EPD to 0.07000000000000005 W/ft^2.
INFO  Office Lobby had no ventilation specification, one has been created.
INFO  Office Lobby set ventilation per area to 0.06 cfm/ft^2.
INFO  Office Lobby set ventilation per person to 5.0 cfm/person.
INFO  Office Lobby set occupancy schedule to OfficeLarge BLDG_OCC_SCH.
INFO  Office Lobby set occupant activity schedule to OfficeMedium ACTIVITY_SCH.
INFO  Office Lobby set lighting schedule to OfficeLarge BLDG_LIGHT_SCH_2013.
INFO  Office Lobby set electric equipment schedule to OfficeLarge BLDG_EQUIP_SCH.
INFO  Office Main Electrical had no lights, one has been created.
INFO  Office Main Electrical set LPD to 0.42 W/ft^2.
INFO  Office Main Electrical had no electric equipment, one has been created.
INFO  Office Main Electrical set electric EPD to 0.27 W/ft^2.
INFO  Office Main Electrical had no ventilation specification, one has been created.
INFO  Office Main Electrical set ventilation per area to 0.12 cfm/ft^2.
INFO  Office Main Electrical set occupancy schedule to OfficeLarge BLDG_OCC_SCH.
INFO  Office Main Electrical set occupant activity schedule to OfficeMedium ACTIVITY_SCH.
INFO  Office Main Electrical set lighting schedule to OfficeLarge BLDG_LIGHT_SCH_2013.
INFO  Office Main Electrical set electric equipment schedule to OfficeLarge BLDG_EQUIP_SCH.
INFO  Office Main Mechanical had no lights, one has been created.
INFO  Office Main Mechanical set LPD to 0.42 W/ft^2.
INFO  Office Main Mechanical had no electric equipment, one has been created.
INFO  Office Main Mechanical set electric EPD to 0.5 W/ft^2.
INFO  Office Main Mechanical had no ventilation specification, one has been created.
INFO  Office Main Mechanical set ventilation per area to 0.12 cfm/ft^2.
INFO  Office Main Mechanical set occupancy schedule to OfficeLarge BLDG_OCC_SCH.
INFO  Office Main Mechanical set occupant activity schedule to OfficeMedium ACTIVITY_SCH.
INFO  Office Main Mechanical set lighting schedule to OfficeLarge BLDG_LIGHT_SCH_2013.
INFO  Office Main Mechanical set electric equipment schedule to OfficeLarge BLDG_EQUIP_SCH.
INFO  Office MediumOffice - Breakroom had no people, one has been created.
INFO  Office MediumOffice - Breakroom set occupancy to 50.0 people/1000 ft^2.
INFO  Office MediumOffice - Breakroom had no lights, one has been created.
INFO  Office MediumOffice - Breakroom set LPD to 0.73 W/ft^2.
INFO  Office MediumOffice - Breakroom had no electric equipment, one has been created.
INFO  Office MediumOffice - Breakroom set electric EPD to 5.58 W/ft^2.
INFO  Office MediumOffice - Breakroom had no ventilation specification, one has been created.
INFO  Office MediumOffice - Breakroom set ventilation per area to 0.06 cfm/ft^2.
INFO  Office MediumOffice - Breakroom set ventilation per person to 5.0 cfm/person.
INFO  Office MediumOffice - Breakroom set occupancy schedule to OfficeMedium BLDG_OCC_SCH.
INFO  Office MediumOffice - Breakroom set occupant activity schedule to OfficeMedium ACTIVITY_SCH.
INFO  Office MediumOffice - Breakroom set lighting schedule to OfficeMedium BLDG_LIGHT_SCH_2013.
INFO  Office MediumOffice - Breakroom set electric equipment schedule to OfficeMedium BLDG_EQUIP_SCH_2013.
INFO  Office MediumOffice - Classroom had no people, one has been created.
INFO  Office MediumOffice - Classroom set occupancy to 35.0 people/1000 ft^2.
INFO  Office MediumOffice - Classroom had no lights, one has been created.
INFO  Office MediumOffice - Classroom set LPD to 1.24 W/ft^2.
INFO  Office MediumOffice - Classroom had no electric equipment, one has been created.
INFO  Office MediumOffice - Classroom set electric EPD to 0.929 W/ft^2.
INFO  Office MediumOffice - Classroom had no ventilation specification, one has been created.
INFO  Office MediumOffice - Classroom set ventilation per area to 0.12 cfm/ft^2.
INFO  Office MediumOffice - Classroom set ventilation per person to 10.0 cfm/person.
INFO  Office MediumOffice - Classroom set occupancy schedule to OfficeMedium BLDG_OCC_SCH.
INFO  Office MediumOffice - Classroom set occupant activity schedule to OfficeMedium ACTIVITY_SCH.
INFO  Office MediumOffice - Classroom set lighting schedule to OfficeMedium BLDG_LIGHT_SCH_2013.
INFO  Office MediumOffice - Classroom set electric equipment schedule to OfficeMedium BLDG_EQUIP_SCH_2013.
INFO  Office MediumOffice - ClosedOffice had no people, one has been created.
INFO  Office MediumOffice - ClosedOffice set occupancy to 4.75 people/1000 ft^2.
INFO  Office MediumOffice - ClosedOffice had no lights, one has been created.
INFO  Office MediumOffice - ClosedOffice set LPD to 1.11 W/ft^2.
INFO  Office MediumOffice - ClosedOffice had no electric equipment, one has been created.
INFO  Office MediumOffice - ClosedOffice set electric EPD to 0.87 W/ft^2.
INFO  Office MediumOffice - ClosedOffice had no ventilation specification, one has been created.
INFO  Office MediumOffice - ClosedOffice set ventilation per area to 0.06 cfm/ft^2.
INFO  Office MediumOffice - ClosedOffice set ventilation per person to 5.0 cfm/person.
INFO  Office MediumOffice - ClosedOffice set occupancy schedule to OfficeMedium BLDG_OCC_SCH.
INFO  Office MediumOffice - ClosedOffice set occupant activity schedule to OfficeMedium ACTIVITY_SCH.
INFO  Office MediumOffice - ClosedOffice set lighting schedule to OfficeMedium BLDG_LIGHT_SCH_2013.
INFO  Office MediumOffice - ClosedOffice set electric equipment schedule to OfficeMedium BLDG_EQUIP_SCH_2013.
INFO  Office MediumOffice - Conference had no people, one has been created.
INFO  Office MediumOffice - Conference set occupancy to 50.0 people/1000 ft^2.
INFO  Office MediumOffice - Conference had no lights, one has been created.
INFO  Office MediumOffice - Conference set LPD to 1.23 W/ft^2.
INFO  Office MediumOffice - Conference had no electric equipment, one has been created.
INFO  Office MediumOffice - Conference set electric EPD to 1.0 W/ft^2.
INFO  Office MediumOffice - Conference had no ventilation specification, one has been created.
INFO  Office MediumOffice - Conference set ventilation per area to 0.06 cfm/ft^2.
INFO  Office MediumOffice - Conference set ventilation per person to 5.0 cfm/person.
INFO  Office MediumOffice - Conference set occupancy schedule to OfficeMedium BLDG_OCC_SCH.
INFO  Office MediumOffice - Conference set occupant activity schedule to OfficeMedium ACTIVITY_SCH.
INFO  Office MediumOffice - Conference set lighting schedule to OfficeMedium BLDG_LIGHT_SCH_2013.
INFO  Office MediumOffice - Conference set electric equipment schedule to OfficeMedium BLDG_EQUIP_SCH_2013.
INFO  Office MediumOffice - Corridor had no lights, one has been created.
INFO  Office MediumOffice - Corridor set LPD to 0.66 W/ft^2.
INFO  Office MediumOffice - Corridor had no electric equipment, one has been created.
INFO  Office MediumOffice - Corridor set electric EPD to 0.29 W/ft^2.
INFO  Office MediumOffice - Corridor had no ventilation specification, one has been created.
INFO  Office MediumOffice - Corridor set ventilation per area to 0.06 cfm/ft^2.
INFO  Office MediumOffice - Corridor set occupancy schedule to OfficeMedium BLDG_OCC_SCH.
INFO  Office MediumOffice - Corridor set occupant activity schedule to OfficeMedium ACTIVITY_SCH.
INFO  Office MediumOffice - Corridor set lighting schedule to OfficeMedium BLDG_LIGHT_SCH_2013.
INFO  Office MediumOffice - Corridor set electric equipment schedule to OfficeMedium BLDG_EQUIP_SCH_2013.
INFO  Office MediumOffice - Dining had no people, one has been created.
INFO  Office MediumOffice - Dining set occupancy to 10.0 people/1000 ft^2.
INFO  Office MediumOffice - Dining had no lights, one has been created.
INFO  Office MediumOffice - Dining set LPD to 0.65 W/ft^2.
INFO  Office MediumOffice - Dining had no electric equipment, one has been created.
INFO  Office MediumOffice - Dining set electric EPD to 1.0 W/ft^2.
INFO  Office MediumOffice - Dining had no ventilation specification, one has been created.
INFO  Office MediumOffice - Dining set ventilation per area to 0.06 cfm/ft^2.
INFO  Office MediumOffice - Dining set ventilation per person to 5.0 cfm/person.
INFO  Office MediumOffice - Dining set occupancy schedule to OfficeMedium BLDG_OCC_SCH.
INFO  Office MediumOffice - Dining set occupant activity schedule to OfficeMedium ACTIVITY_SCH.
INFO  Office MediumOffice - Dining set lighting schedule to OfficeMedium BLDG_LIGHT_SCH_2013.
INFO  Office MediumOffice - Dining set electric equipment schedule to OfficeMedium BLDG_EQUIP_SCH_2013.
INFO  Office MediumOffice - Elec/MechRoom had no lights, one has been created.
INFO  Office MediumOffice - Elec/MechRoom set LPD to 0.42 W/ft^2.
INFO  Office MediumOffice - Elec/MechRoom had no electric equipment, one has been created.
INFO  Office MediumOffice - Elec/MechRoom set electric EPD to 0.27 W/ft^2.
INFO  Office MediumOffice - Elec/MechRoom had no ventilation specification, one has been created.
INFO  Office MediumOffice - Elec/MechRoom set ventilation per area to 0.12 cfm/ft^2.
INFO  Office MediumOffice - Elec/MechRoom set lighting schedule to OfficeMedium BLDG_LIGHT_SCH_2013.
INFO  Office MediumOffice - Elec/MechRoom set electric equipment schedule to OfficeMedium BLDG_EQUIP_SCH_2013.
INFO  Office MediumOffice - Lobby had no people, one has been created.
INFO  Office MediumOffice - Lobby set occupancy to 10.0 people/1000 ft^2.
INFO  Office MediumOffice - Lobby had no lights, one has been created.
INFO  Office MediumOffice - Lobby set LPD to 0.9 W/ft^2.
INFO  Office MediumOffice - Lobby had no electric equipment, one has been created.
INFO  Office MediumOffice - Lobby set electric EPD to 0.27 W/ft^2.
INFO  Office MediumOffice - Lobby had no ventilation specification, one has been created.
INFO  Office MediumOffice - Lobby set ventilation per area to 0.06 cfm/ft^2.
INFO  Office MediumOffice - Lobby set ventilation per person to 5.0 cfm/person.
INFO  Office MediumOffice - Lobby set occupancy schedule to OfficeMedium BLDG_OCC_SCH.
INFO  Office MediumOffice - Lobby set occupant activity schedule to OfficeMedium ACTIVITY_SCH.
INFO  Office MediumOffice - Lobby set lighting schedule to OfficeMedium BLDG_LIGHT_SCH_2013.
INFO  Office MediumOffice - Lobby set electric equipment schedule to OfficeMedium BLDG_EQUIP_SCH_2013.
INFO  Office MediumOffice - OpenOffice had no people, one has been created.
INFO  Office MediumOffice - OpenOffice set occupancy to 5.25 people/1000 ft^2.
INFO  Office MediumOffice - OpenOffice had no lights, one has been created.
INFO  Office MediumOffice - OpenOffice set LPD to 0.98 W/ft^2.
INFO  Office MediumOffice - OpenOffice had no electric equipment, one has been created.
INFO  Office MediumOffice - OpenOffice set electric EPD to 0.96 W/ft^2.
INFO  Office MediumOffice - OpenOffice had no ventilation specification, one has been created.
INFO  Office MediumOffice - OpenOffice set ventilation per area to 0.06 cfm/ft^2.
INFO  Office MediumOffice - OpenOffice set ventilation per person to 5.0 cfm/person.
INFO  Office MediumOffice - OpenOffice set occupancy schedule to OfficeMedium BLDG_OCC_SCH.
INFO  Office MediumOffice - OpenOffice set occupant activity schedule to OfficeMedium ACTIVITY_SCH.
INFO  Office MediumOffice - OpenOffice set lighting schedule to OfficeMedium BLDG_LIGHT_SCH_2013.
INFO  Office MediumOffice - OpenOffice set electric equipment schedule to OfficeMedium BLDG_EQUIP_SCH_2013.
INFO  Office MediumOffice - Restroom had no lights, one has been created.
INFO  Office MediumOffice - Restroom set LPD to 0.98 W/ft^2.
INFO  Office MediumOffice - Restroom had no electric equipment, one has been created.
INFO  Office MediumOffice - Restroom set electric EPD to 0.27 W/ft^2.
INFO  Office MediumOffice - Restroom had no ventilation specification, one has been created.
INFO  Office MediumOffice - Restroom set ventilation per area to 0.06 cfm/ft^2.
INFO  Office MediumOffice - Restroom set occupancy schedule to OfficeMedium BLDG_OCC_SCH.
INFO  Office MediumOffice - Restroom set occupant activity schedule to OfficeMedium ACTIVITY_SCH.
INFO  Office MediumOffice - Restroom set lighting schedule to OfficeMedium BLDG_LIGHT_SCH_2013.
INFO  Office MediumOffice - Restroom set electric equipment schedule to OfficeMedium BLDG_EQUIP_SCH_2013.
INFO  Office MediumOffice - Stair had no lights, one has been created.
INFO  Office MediumOffice - Stair set LPD to 0.69 W/ft^2.
INFO  Office MediumOffice - Stair had no ventilation specification, one has been created.
INFO  Office MediumOffice - Stair set ventilation per area to 0.06 cfm/ft^2.
INFO  Office MediumOffice - Stair set occupant activity schedule to OfficeMedium ACTIVITY_SCH.
INFO  Office MediumOffice - Stair set lighting schedule to OfficeMedium BLDG_LIGHT_SCH_2013.
INFO  Office MediumOffice - Stair set electric equipment schedule to OfficeMedium BLDG_EQUIP_SCH_2013.
INFO  Office MediumOffice - Storage had no lights, one has been created.
INFO  Office MediumOffice - Storage set LPD to 0.63 W/ft^2.
INFO  Office MediumOffice - Storage had no ventilation specification, one has been created.
INFO  Office MediumOffice - Storage set ventilation per area to 0.12 cfm/ft^2.
INFO  Office MediumOffice - Storage set occupant activity schedule to OfficeMedium ACTIVITY_SCH.
INFO  Office MediumOffice - Storage set lighting schedule to OfficeMedium BLDG_LIGHT_SCH_2013.
INFO  Office MediumOffice - Storage set electric equipment schedule to OfficeMedium BLDG_EQUIP_SCH_2013.
INFO  Office OfficeLarge Data Center had no lights, one has been created.
INFO  Office OfficeLarge Data Center set LPD to 0.82 W/ft^2.
INFO  Office OfficeLarge Data Center had no electric equipment, one has been created.
INFO  Office OfficeLarge Data Center set electric EPD to 20.0 W/ft^2.
INFO  Office OfficeLarge Data Center had no ventilation specification, one has been created.
INFO  Office OfficeLarge Data Center set lighting schedule to OfficeLarge BLDG_LIGHT_SCH_2013.
INFO  Office OfficeLarge Data Center set electric equipment schedule to DataCenter_EQUIP_SCH.
INFO  Office OfficeLarge Main Data Center had no lights, one has been created.
INFO  Office OfficeLarge Main Data Center set LPD to 0.82 W/ft^2.
INFO  Office OfficeLarge Main Data Center had no electric equipment, one has been created.
INFO  Office OfficeLarge Main Data Center set electric EPD to 45.0 W/ft^2.
INFO  Office OfficeLarge Main Data Center had no ventilation specification, one has been created.
INFO  Office OfficeLarge Main Data Center set lighting schedule to OfficeLarge BLDG_LIGHT_SCH_2013.
INFO  Office OfficeLarge Main Data Center set electric equipment schedule to DataCenter_EQUIP_SCH.
INFO  Office OpenOffice had no people, one has been created.
INFO  Office OpenOffice set occupancy to 5.25 people/1000 ft^2.
INFO  Office OpenOffice had no lights, one has been created.
INFO  Office OpenOffice set LPD to 0.98 W/ft^2.
INFO  Office OpenOffice had no electric equipment, one has been created.
INFO  Office OpenOffice set electric EPD to 0.71 W/ft^2.
INFO  Office OpenOffice had no ventilation specification, one has been created.
INFO  Office OpenOffice set ventilation per area to 0.06 cfm/ft^2.
INFO  Office OpenOffice set ventilation per person to 5.0 cfm/person.
INFO  Office OpenOffice set occupancy schedule to OfficeLarge BLDG_OCC_SCH.
INFO  Office OpenOffice set occupant activity schedule to OfficeMedium ACTIVITY_SCH.
INFO  Office OpenOffice set lighting schedule to OfficeLarge BLDG_LIGHT_SCH_2013.
INFO  Office OpenOffice set electric equipment schedule to OfficeLarge BLDG_EQUIP_SCH.
INFO  Office PrintRoom had no people, one has been created.
INFO  Office PrintRoom set occupancy to 10.0 people/1000 ft^2.
INFO  Office PrintRoom had no lights, one has been created.
INFO  Office PrintRoom set LPD to 1.11 W/ft^2.
INFO  Office PrintRoom had no electric equipment, one has been created.
INFO  Office PrintRoom set electric EPD to 2.79 W/ft^2.
INFO  Office PrintRoom had no ventilation specification, one has been created.
INFO  Office PrintRoom set ventilation per area to 0.06 cfm/ft^2.
INFO  Office PrintRoom set occupancy schedule to OfficeLarge BLDG_OCC_SCH.
INFO  Office PrintRoom set occupant activity schedule to OfficeMedium ACTIVITY_SCH.
INFO  Office PrintRoom set lighting schedule to OfficeLarge BLDG_LIGHT_SCH_2013.
INFO  Office PrintRoom set electric equipment schedule to OfficeLarge BLDG_EQUIP_SCH.
INFO  Office Restroom had no people, one has been created.
INFO  Office Restroom set occupancy to 10.0 people/1000 ft^2.
INFO  Office Restroom had no lights, one has been created.
INFO  Office Restroom set LPD to 0.98 W/ft^2.
INFO  Office Restroom had no electric equipment, one has been created.
INFO  Office Restroom set electric EPD to 0.07 W/ft^2.
INFO  Office Restroom had no ventilation specification, one has been created.
INFO  Office Restroom set ventilation per area to 0.06 cfm/ft^2.
INFO  Office Restroom set occupancy schedule to OfficeLarge BLDG_OCC_SCH.
INFO  Office Restroom set occupant activity schedule to OfficeMedium ACTIVITY_SCH.
INFO  Office Restroom set lighting schedule to OfficeLarge BLDG_LIGHT_SCH_2013.
INFO  Office Restroom set electric equipment schedule to OfficeLarge BLDG_EQUIP_SCH.
INFO  Office SmallOffice - Breakroom had no people, one has been created.
INFO  Office SmallOffice - Breakroom set occupancy to 50.0 people/1000 ft^2.
INFO  Office SmallOffice - Breakroom had no lights, one has been created.
INFO  Office SmallOffice - Breakroom set LPD to 0.73 W/ft^2.
INFO  Office SmallOffice - Breakroom had no electric equipment, one has been created.
INFO  Office SmallOffice - Breakroom set electric EPD to 5.58 W/ft^2.
INFO  Office SmallOffice - Breakroom had no ventilation specification, one has been created.
INFO  Office SmallOffice - Breakroom set ventilation per area to 0.06 cfm/ft^2.
INFO  Office SmallOffice - Breakroom set ventilation per person to 5.0 cfm/person.
INFO  Office SmallOffice - Breakroom set occupancy schedule to OfficeSmall BLDG_OCC_SCH.
INFO  Office SmallOffice - Breakroom set occupant activity schedule to OfficeSmall ACTIVITY_SCH.
INFO  Office SmallOffice - Breakroom set lighting schedule to OfficeSmall BLDG_LIGHT_SCH_2013.
INFO  Office SmallOffice - Breakroom set electric equipment schedule to OfficeSmall BLDG_EQUIP_SCH_2013.
INFO  Office SmallOffice - Classroom had no people, one has been created.
INFO  Office SmallOffice - Classroom set occupancy to 35.0 people/1000 ft^2.
INFO  Office SmallOffice - Classroom had no lights, one has been created.
INFO  Office SmallOffice - Classroom set LPD to 1.24 W/ft^2.
INFO  Office SmallOffice - Classroom had no electric equipment, one has been created.
INFO  Office SmallOffice - Classroom set electric EPD to 0.929 W/ft^2.
INFO  Office SmallOffice - Classroom had no ventilation specification, one has been created.
INFO  Office SmallOffice - Classroom set ventilation per area to 0.12 cfm/ft^2.
INFO  Office SmallOffice - Classroom set ventilation per person to 10.0 cfm/person.
INFO  Office SmallOffice - Classroom set occupancy schedule to OfficeSmall BLDG_OCC_SCH.
INFO  Office SmallOffice - Classroom set occupant activity schedule to OfficeSmall ACTIVITY_SCH.
INFO  Office SmallOffice - Classroom set lighting schedule to OfficeSmall BLDG_LIGHT_SCH_2013.
INFO  Office SmallOffice - Classroom set electric equipment schedule to OfficeSmall BLDG_EQUIP_SCH_2013.
INFO  Office SmallOffice - ClosedOffice had no people, one has been created.
INFO  Office SmallOffice - ClosedOffice set occupancy to 4.75 people/1000 ft^2.
INFO  Office SmallOffice - ClosedOffice had no lights, one has been created.
INFO  Office SmallOffice - ClosedOffice set LPD to 1.11 W/ft^2.
INFO  Office SmallOffice - ClosedOffice had no electric equipment, one has been created.
INFO  Office SmallOffice - ClosedOffice set electric EPD to 0.87 W/ft^2.
INFO  Office SmallOffice - ClosedOffice had no ventilation specification, one has been created.
INFO  Office SmallOffice - ClosedOffice set ventilation per area to 0.06 cfm/ft^2.
INFO  Office SmallOffice - ClosedOffice set ventilation per person to 5.0 cfm/person.
INFO  Office SmallOffice - ClosedOffice set occupancy schedule to OfficeSmall BLDG_OCC_SCH.
INFO  Office SmallOffice - ClosedOffice set occupant activity schedule to OfficeSmall ACTIVITY_SCH.
INFO  Office SmallOffice - ClosedOffice set lighting schedule to OfficeSmall BLDG_LIGHT_SCH_2013.
INFO  Office SmallOffice - ClosedOffice set electric equipment schedule to OfficeSmall BLDG_EQUIP_SCH_2013.
INFO  Office SmallOffice - Conference had no people, one has been created.
INFO  Office SmallOffice - Conference set occupancy to 50.0 people/1000 ft^2.
INFO  Office SmallOffice - Conference had no lights, one has been created.
INFO  Office SmallOffice - Conference set LPD to 1.23 W/ft^2.
INFO  Office SmallOffice - Conference had no electric equipment, one has been created.
INFO  Office SmallOffice - Conference set electric EPD to 1.0 W/ft^2.
INFO  Office SmallOffice - Conference had no ventilation specification, one has been created.
INFO  Office SmallOffice - Conference set ventilation per area to 0.06 cfm/ft^2.
INFO  Office SmallOffice - Conference set ventilation per person to 5.0 cfm/person.
INFO  Office SmallOffice - Conference set occupancy schedule to OfficeSmall BLDG_OCC_SCH.
INFO  Office SmallOffice - Conference set occupant activity schedule to OfficeSmall ACTIVITY_SCH.
INFO  Office SmallOffice - Conference set lighting schedule to OfficeSmall BLDG_LIGHT_SCH_2013.
INFO  Office SmallOffice - Conference set electric equipment schedule to OfficeSmall BLDG_EQUIP_SCH_2013.
INFO  Office SmallOffice - Corridor had no lights, one has been created.
INFO  Office SmallOffice - Corridor set LPD to 0.66 W/ft^2.
INFO  Office SmallOffice - Corridor had no electric equipment, one has been created.
INFO  Office SmallOffice - Corridor set electric EPD to 0.29 W/ft^2.
INFO  Office SmallOffice - Corridor had no ventilation specification, one has been created.
INFO  Office SmallOffice - Corridor set ventilation per area to 0.06 cfm/ft^2.
INFO  Office SmallOffice - Corridor set occupancy schedule to OfficeSmall BLDG_OCC_SCH.
INFO  Office SmallOffice - Corridor set occupant activity schedule to OfficeSmall ACTIVITY_SCH.
INFO  Office SmallOffice - Corridor set lighting schedule to OfficeSmall BLDG_LIGHT_SCH_2013.
INFO  Office SmallOffice - Corridor set electric equipment schedule to OfficeSmall BLDG_EQUIP_SCH_2013.
INFO  Office SmallOffice - Dining had no people, one has been created.
INFO  Office SmallOffice - Dining set occupancy to 10.0 people/1000 ft^2.
INFO  Office SmallOffice - Dining had no lights, one has been created.
INFO  Office SmallOffice - Dining set LPD to 0.65 W/ft^2.
INFO  Office SmallOffice - Dining had no electric equipment, one has been created.
INFO  Office SmallOffice - Dining set electric EPD to 1.0 W/ft^2.
INFO  Office SmallOffice - Dining had no ventilation specification, one has been created.
INFO  Office SmallOffice - Dining set ventilation per area to 0.06 cfm/ft^2.
INFO  Office SmallOffice - Dining set ventilation per person to 5.0 cfm/person.
INFO  Office SmallOffice - Dining set occupancy schedule to OfficeSmall BLDG_OCC_SCH.
INFO  Office SmallOffice - Dining set occupant activity schedule to OfficeSmall ACTIVITY_SCH.
INFO  Office SmallOffice - Dining set lighting schedule to OfficeSmall BLDG_LIGHT_SCH_2013.
INFO  Office SmallOffice - Dining set electric equipment schedule to OfficeSmall BLDG_EQUIP_SCH_2013.
INFO  Office SmallOffice - Elec/MechRoom had no lights, one has been created.
INFO  Office SmallOffice - Elec/MechRoom set LPD to 0.42 W/ft^2.
INFO  Office SmallOffice - Elec/MechRoom had no electric equipment, one has been created.
INFO  Office SmallOffice - Elec/MechRoom set electric EPD to 0.27 W/ft^2.
INFO  Office SmallOffice - Elec/MechRoom had no ventilation specification, one has been created.
INFO  Office SmallOffice - Elec/MechRoom set ventilation per area to 0.12 cfm/ft^2.
INFO  Office SmallOffice - Elec/MechRoom set lighting schedule to OfficeSmall BLDG_LIGHT_SCH_2013.
INFO  Office SmallOffice - Elec/MechRoom set electric equipment schedule to OfficeSmall BLDG_EQUIP_SCH_2013.
INFO  Office SmallOffice - Lobby had no people, one has been created.
INFO  Office SmallOffice - Lobby set occupancy to 10.0 people/1000 ft^2.
INFO  Office SmallOffice - Lobby had no lights, one has been created.
INFO  Office SmallOffice - Lobby set LPD to 0.9 W/ft^2.
INFO  Office SmallOffice - Lobby had no electric equipment, one has been created.
INFO  Office SmallOffice - Lobby set electric EPD to 0.27 W/ft^2.
INFO  Office SmallOffice - Lobby had no ventilation specification, one has been created.
INFO  Office SmallOffice - Lobby set ventilation per area to 0.06 cfm/ft^2.
INFO  Office SmallOffice - Lobby set ventilation per person to 5.0 cfm/person.
INFO  Office SmallOffice - Lobby set occupancy schedule to OfficeSmall BLDG_OCC_SCH.
INFO  Office SmallOffice - Lobby set occupant activity schedule to OfficeSmall ACTIVITY_SCH.
INFO  Office SmallOffice - Lobby set lighting schedule to OfficeSmall BLDG_LIGHT_SCH_2013.
INFO  Office SmallOffice - Lobby set electric equipment schedule to OfficeSmall BLDG_EQUIP_SCH_2013.
INFO  Office SmallOffice - OpenOffice had no people, one has been created.
INFO  Office SmallOffice - OpenOffice set occupancy to 5.25 people/1000 ft^2.
INFO  Office SmallOffice - OpenOffice had no lights, one has been created.
INFO  Office SmallOffice - OpenOffice set LPD to 0.98 W/ft^2.
INFO  Office SmallOffice - OpenOffice had no electric equipment, one has been created.
INFO  Office SmallOffice - OpenOffice set electric EPD to 0.96 W/ft^2.
INFO  Office SmallOffice - OpenOffice had no ventilation specification, one has been created.
INFO  Office SmallOffice - OpenOffice set ventilation per area to 0.06 cfm/ft^2.
INFO  Office SmallOffice - OpenOffice set ventilation per person to 5.0 cfm/person.
INFO  Office SmallOffice - OpenOffice set occupancy schedule to OfficeSmall BLDG_OCC_SCH.
INFO  Office SmallOffice - OpenOffice set occupant activity schedule to OfficeSmall ACTIVITY_SCH.
INFO  Office SmallOffice - OpenOffice set lighting schedule to OfficeSmall BLDG_LIGHT_SCH_2013.
INFO  Office SmallOffice - OpenOffice set electric equipment schedule to OfficeSmall BLDG_EQUIP_SCH_2013.
INFO  Office SmallOffice - Restroom had no lights, one has been created.
INFO  Office SmallOffice - Restroom set LPD to 0.98 W/ft^2.
INFO  Office SmallOffice - Restroom had no electric equipment, one has been created.
INFO  Office SmallOffice - Restroom set electric EPD to 0.27 W/ft^2.
INFO  Office SmallOffice - Restroom had no ventilation specification, one has been created.
INFO  Office SmallOffice - Restroom set ventilation per area to 0.06 cfm/ft^2.
INFO  Office SmallOffice - Restroom set occupancy schedule to OfficeSmall BLDG_OCC_SCH.
INFO  Office SmallOffice - Restroom set occupant activity schedule to OfficeSmall ACTIVITY_SCH.
INFO  Office SmallOffice - Restroom set lighting schedule to OfficeSmall BLDG_LIGHT_SCH_2013.
INFO  Office SmallOffice - Restroom set electric equipment schedule to OfficeSmall BLDG_EQUIP_SCH_2013.
INFO  Office SmallOffice - Stair had no lights, one has been created.
INFO  Office SmallOffice - Stair set LPD to 0.69 W/ft^2.
INFO  Office SmallOffice - Stair had no ventilation specification, one has been created.
INFO  Office SmallOffice - Stair set ventilation per area to 0.06 cfm/ft^2.
INFO  Office SmallOffice - Stair set occupant activity schedule to OfficeSmall ACTIVITY_SCH.
INFO  Office SmallOffice - Stair set lighting schedule to OfficeSmall BLDG_LIGHT_SCH_2013.
INFO  Office SmallOffice - Stair set electric equipment schedule to OfficeSmall BLDG_EQUIP_SCH_2013.
INFO  Office SmallOffice - Storage had no lights, one has been created.
INFO  Office SmallOffice - Storage set LPD to 0.63 W/ft^2.
INFO  Office SmallOffice - Storage had no ventilation specification, one has been created.
INFO  Office SmallOffice - Storage set ventilation per area to 0.12 cfm/ft^2.
INFO  Office SmallOffice - Storage set occupant activity schedule to OfficeSmall ACTIVITY_SCH.
INFO  Office SmallOffice - Storage set lighting schedule to OfficeSmall BLDG_LIGHT_SCH_2013.
INFO  Office SmallOffice - Storage set electric equipment schedule to OfficeSmall BLDG_EQUIP_SCH_2013.
INFO  Office Stair had no lights, one has been created.
INFO  Office Stair set LPD to 0.69 W/ft^2.
INFO  Office Stair had no ventilation specification, one has been created.
INFO  Office Stair set ventilation per area to 0.06 cfm/ft^2.
INFO  Office Stair set occupancy schedule to OfficeLarge BLDG_OCC_SCH.
INFO  Office Stair set occupant activity schedule to OfficeMedium ACTIVITY_SCH.
INFO  Office Stair set lighting schedule to OfficeLarge BLDG_LIGHT_SCH_2013.
INFO  Office Stair set electric equipment schedule to OfficeLarge BLDG_EQUIP_SCH.
INFO  Office Storage had no lights, one has been created.
INFO  Office Storage set LPD to 0.63 W/ft^2.
INFO  Office Storage had no ventilation specification, one has been created.
INFO  Office Storage set ventilation per area to 0.12 cfm/ft^2.
INFO  Office Storage set occupancy schedule to OfficeLarge BLDG_OCC_SCH.
INFO  Office Storage set occupant activity schedule to OfficeMedium ACTIVITY_SCH.
INFO  Office Storage set lighting schedule to OfficeLarge BLDG_LIGHT_SCH_2013.
INFO  Office Storage set electric equipment schedule to OfficeLarge BLDG_EQUIP_SCH.
INFO  Office Vending had no people, one has been created.
INFO  Office Vending set occupancy to 1.0 people/1000 ft^2.
INFO  Office Vending had no lights, one has been created.
INFO  Office Vending set LPD to 0.66 W/ft^2.
INFO  Office Vending had no electric equipment, one has been created.
INFO  Office Vending set electric EPD to 3.85 W/ft^2.
INFO  Office Vending had no ventilation specification, one has been created.
INFO  Office Vending set ventilation per area to 0.06 cfm/ft^2.
INFO  Office Vending set occupancy schedule to OfficeLarge BLDG_OCC_SCH.
INFO  Office Vending set occupant activity schedule to OfficeMedium ACTIVITY_SCH.
INFO  Office Vending set lighting schedule to OfficeLarge BLDG_LIGHT_SCH_2013.
INFO  Office Vending set electric equipment schedule to OfficeLarge BLDG_EQUIP_SCH.
INFO  Office WholeBuilding - Lg Office had no people, one has been created.
INFO  Office WholeBuilding - Lg Office set occupancy to 5.0 people/1000 ft^2.
INFO  Office WholeBuilding - Lg Office had no lights, one has been created.
INFO  Office WholeBuilding - Lg Office set LPD to 0.82 W/ft^2.
INFO  Office WholeBuilding - Lg Office had no electric equipment, one has been created.
INFO  Office WholeBuilding - Lg Office set electric EPD to 0.74973447 W/ft^2.
INFO  Office WholeBuilding - Lg Office had no ventilation specification, one has been created.
INFO  Office WholeBuilding - Lg Office set ventilation per area to 0.085 cfm/ft^2.
INFO  Office WholeBuilding - Lg Office set occupancy schedule to OfficeLarge BLDG_OCC_SCH.
INFO  Office WholeBuilding - Lg Office set occupant activity schedule to OfficeLarge ACTIVITY_SCH.
INFO  Office WholeBuilding - Lg Office set lighting schedule to OfficeLarge BLDG_LIGHT_SCH_2013.
INFO  Office WholeBuilding - Lg Office set electric equipment schedule to OfficeLarge BLDG_EQUIP_SCH.
INFO  Office WholeBuilding - Lg Office-basement had no people, one has been created.
INFO  Office WholeBuilding - Lg Office-basement set occupancy to 5.0 people/1000 ft^2.
INFO  Office WholeBuilding - Lg Office-basement had no lights, one has been created.
INFO  Office WholeBuilding - Lg Office-basement set LPD to 0.82 W/ft^2.
INFO  Office WholeBuilding - Lg Office-basement had no electric equipment, one has been created.
INFO  Office WholeBuilding - Lg Office-basement set electric EPD to 0.45 W/ft^2.
INFO  Office WholeBuilding - Lg Office-basement had no ventilation specification, one has been created.
INFO  Office WholeBuilding - Lg Office-basement set ventilation per area to 0.085 cfm/ft^2.
INFO  Office WholeBuilding - Lg Office-basement set occupancy schedule to OfficeLarge BLDG_OCC_SCH.
INFO  Office WholeBuilding - Lg Office-basement set occupant activity schedule to OfficeLarge ACTIVITY_SCH.
INFO  Office WholeBuilding - Lg Office-basement set lighting schedule to OfficeLarge BLDG_LIGHT_SCH_2013.
INFO  Office WholeBuilding - Lg Office-basement set electric equipment schedule to Always On.
INFO  Office WholeBuilding - Lg Office-others had no people, one has been created.
INFO  Office WholeBuilding - Lg Office-others set occupancy to 5.0 people/1000 ft^2.
INFO  Office WholeBuilding - Lg Office-others had no lights, one has been created.
INFO  Office WholeBuilding - Lg Office-others set LPD to 0.82 W/ft^2.
INFO  Office WholeBuilding - Lg Office-others had no electric equipment, one has been created.
INFO  Office WholeBuilding - Lg Office-others set electric EPD to 0.75 W/ft^2.
INFO  Office WholeBuilding - Lg Office-others had no ventilation specification, one has been created.
INFO  Office WholeBuilding - Lg Office-others set ventilation per area to 0.085 cfm/ft^2.
INFO  Office WholeBuilding - Lg Office-others set occupancy schedule to OfficeLarge BLDG_OCC_SCH.
INFO  Office WholeBuilding - Lg Office-others set occupant activity schedule to OfficeLarge ACTIVITY_SCH.
INFO  Office WholeBuilding - Lg Office-others set lighting schedule to OfficeLarge BLDG_LIGHT_SCH_2013.
INFO  Office WholeBuilding - Lg Office-others set electric equipment schedule to OfficeLarge BLDG_EQUIP_SCH_2013.
INFO  Office WholeBuilding - Md Office had no people, one has been created.
INFO  Office WholeBuilding - Md Office set occupancy to 5.0 people/1000 ft^2.
INFO  Office WholeBuilding - Md Office had no lights, one has been created.
INFO  Office WholeBuilding - Md Office set LPD to 0.82 W/ft^2.
INFO  Office WholeBuilding - Md Office had no electric equipment, one has been created.
INFO  Office WholeBuilding - Md Office set electric EPD to 0.75 W/ft^2.
INFO  Office WholeBuilding - Md Office had no ventilation specification, one has been created.
INFO  Office WholeBuilding - Md Office set ventilation per area to 0.085 cfm/ft^2.
INFO  Office WholeBuilding - Md Office set occupancy schedule to OfficeMedium BLDG_OCC_SCH.
INFO  Office WholeBuilding - Md Office set occupant activity schedule to OfficeMedium ACTIVITY_SCH.
INFO  Office WholeBuilding - Md Office set lighting schedule to OfficeMedium BLDG_LIGHT_SCH_2013.
INFO  Office WholeBuilding - Md Office set electric equipment schedule to OfficeMedium BLDG_EQUIP_SCH_2013.
INFO  Office WholeBuilding - Sm Office had no people, one has been created.
INFO  Office WholeBuilding - Sm Office set occupancy to 5.6 people/1000 ft^2.
INFO  Office WholeBuilding - Sm Office had no lights, one has been created.
INFO  Office WholeBuilding - Sm Office set LPD to 0.82 W/ft^2.
INFO  Office WholeBuilding - Sm Office had no electric equipment, one has been created.
INFO  Office WholeBuilding - Sm Office set electric EPD to 0.63 W/ft^2.
INFO  Office WholeBuilding - Sm Office had no ventilation specification, one has been created.
INFO  Office WholeBuilding - Sm Office set ventilation per area to 0.085 cfm/ft^2.
INFO  Office WholeBuilding - Sm Office set occupancy schedule to OfficeSmall BLDG_OCC_SCH.
INFO  Office WholeBuilding - Sm Office set occupant activity schedule to OfficeSmall ACTIVITY_SCH.
INFO  Office WholeBuilding - Sm Office set lighting schedule to OfficeSmall BLDG_LIGHT_SCH_2013.
INFO  Office WholeBuilding - Sm Office set electric equipment schedule to OfficeSmall BLDG_EQUIP_SCH_2013.
INFO  Outpatient Anesthesia had no people, one has been created.
INFO  Outpatient Anesthesia set occupancy to 20.02 people/1000 ft^2.
INFO  Outpatient Anesthesia had no lights, one has been created.
INFO  Outpatient Anesthesia set LPD to 1.66 W/ft^2.
INFO  Outpatient Anesthesia had no electric equipment, one has been created.
INFO  Outpatient Anesthesia set electric EPD to 2.0 W/ft^2.
INFO  Outpatient Anesthesia had no ventilation specification, one has been created.
INFO  Outpatient Anesthesia set ventilation per area to 0.3 cfm/ft^2.
INFO  Outpatient Anesthesia set occupancy schedule to OutPatientHealthCare BLDG_OCC_SCH.
INFO  Outpatient Anesthesia set occupant activity schedule to OutPatientHealthCare ACTIVITY_SCH.
INFO  Outpatient Anesthesia set lighting schedule to OutPatientHealthCare BLDG_LIGHT_SCH.
INFO  Outpatient Anesthesia set electric equipment schedule to OutPatientHealthCare BLDG_EQUIP_SCH_2013.
INFO  Outpatient BioHazard had no lights, one has been created.
INFO  Outpatient BioHazard set LPD to 0.63 W/ft^2.
INFO  Outpatient BioHazard had no electric equipment, one has been created.
INFO  Outpatient BioHazard set electric EPD to 0.1 W/ft^2.
INFO  Outpatient BioHazard had no ventilation specification, one has been created.
INFO  Outpatient BioHazard set ventilation per area to 0.12 cfm/ft^2.
INFO  Outpatient BioHazard set occupancy schedule to OutPatientHealthCare BLDG_OCC_SCH.
INFO  Outpatient BioHazard set occupant activity schedule to OutPatientHealthCare ACTIVITY_SCH.
INFO  Outpatient BioHazard set lighting schedule to OutPatientHealthCare BLDG_LIGHT_SCH.
INFO  Outpatient BioHazard set electric equipment schedule to OutPatientHealthCare BLDG_EQUIP_SCH_2013.
INFO  Outpatient Cafe had no people, one has been created.
INFO  Outpatient Cafe set occupancy to 99.89 people/1000 ft^2.
INFO  Outpatient Cafe had no lights, one has been created.
INFO  Outpatient Cafe set LPD to 0.65 W/ft^2.
INFO  Outpatient Cafe had no electric equipment, one has been created.
INFO  Outpatient Cafe set electric EPD to 1.0 W/ft^2.
INFO  Outpatient Cafe had no ventilation specification, one has been created.
INFO  Outpatient Cafe set ventilation per area to 0.18 cfm/ft^2.
INFO  Outpatient Cafe set ventilation per person to 7.5 cfm/person.
INFO  Outpatient Cafe set occupancy schedule to OutPatientHealthCare BLDG_OCC_SCH.
INFO  Outpatient Cafe set occupant activity schedule to OutPatientHealthCare ACTIVITY_SCH.
INFO  Outpatient Cafe set lighting schedule to OutPatientHealthCare BLDG_LIGHT_SCH.
INFO  Outpatient Cafe set electric equipment schedule to OutPatientHealthCare BLDG_EQUIP_SCH_2013.
INFO  Outpatient CleanWork had no people, one has been created.
INFO  Outpatient CleanWork set occupancy to 20.02 people/1000 ft^2.
INFO  Outpatient CleanWork had no lights, one has been created.
INFO  Outpatient CleanWork set LPD to 1.66 W/ft^2.
INFO  Outpatient CleanWork had no electric equipment, one has been created.
INFO  Outpatient CleanWork set electric EPD to 2.0 W/ft^2.
INFO  Outpatient CleanWork had no ventilation specification, one has been created.
INFO  Outpatient CleanWork set ventilation per area to 0.3 cfm/ft^2.
INFO  Outpatient CleanWork set occupancy schedule to OutPatientHealthCare BLDG_OCC_SCH.
INFO  Outpatient CleanWork set occupant activity schedule to OutPatientHealthCare ACTIVITY_SCH.
INFO  Outpatient CleanWork set lighting schedule to OutPatientHealthCare BLDG_LIGHT_SCH.
INFO  Outpatient CleanWork set electric equipment schedule to OutPatientHealthCare BLDG_EQUIP_SCH_2013.
INFO  Outpatient Conference had no people, one has been created.
INFO  Outpatient Conference set occupancy to 49.95 people/1000 ft^2.
INFO  Outpatient Conference had no lights, one has been created.
INFO  Outpatient Conference set LPD to 1.23 W/ft^2.
INFO  Outpatient Conference had no electric equipment, one has been created.
INFO  Outpatient Conference set electric EPD to 1.0 W/ft^2.
INFO  Outpatient Conference had no ventilation specification, one has been created.
INFO  Outpatient Conference set ventilation per area to 0.06 cfm/ft^2.
INFO  Outpatient Conference set ventilation per person to 5.0 cfm/person.
INFO  Outpatient Conference set occupancy schedule to OutPatientHealthCare BLDG_OCC_SCH.
INFO  Outpatient Conference set occupant activity schedule to OutPatientHealthCare ACTIVITY_SCH.
INFO  Outpatient Conference set lighting schedule to OutPatientHealthCare BLDG_LIGHT_SCH.
INFO  Outpatient Conference set electric equipment schedule to OutPatientHealthCare BLDG_EQUIP_SCH_BASE.
INFO  Outpatient DressingRoom had no people, one has been created.
INFO  Outpatient DressingRoom set occupancy to 5.0 people/1000 ft^2.
INFO  Outpatient DressingRoom had no lights, one has been created.
INFO  Outpatient DressingRoom set LPD to 1.11 W/ft^2.
INFO  Outpatient DressingRoom had no electric equipment, one has been created.
INFO  Outpatient DressingRoom set electric EPD to 1.1 W/ft^2.
INFO  Outpatient DressingRoom had no ventilation specification, one has been created.
INFO  Outpatient DressingRoom set ventilation per area to 0.06 cfm/ft^2.
INFO  Outpatient DressingRoom set ventilation per person to 5.0 cfm/person.
INFO  Outpatient DressingRoom set occupancy schedule to OutPatientHealthCare BLDG_OCC_SCH.
INFO  Outpatient DressingRoom set occupant activity schedule to OutPatientHealthCare ACTIVITY_SCH.
INFO  Outpatient DressingRoom set lighting schedule to OutPatientHealthCare BLDG_LIGHT_SCH.
INFO  Outpatient DressingRoom set electric equipment schedule to OutPatientHealthCare BLDG_EQUIP_SCH_2013.
INFO  Outpatient Elec/MechRoom had no lights, one has been created.
INFO  Outpatient Elec/MechRoom set LPD to 0.42 W/ft^2.
INFO  Outpatient Elec/MechRoom had no electric equipment, one has been created.
INFO  Outpatient Elec/MechRoom set electric EPD to 5.0 W/ft^2.
INFO  Outpatient Elec/MechRoom had no ventilation specification, one has been created.
INFO  Outpatient Elec/MechRoom set occupancy schedule to OutPatientHealthCare BLDG_OCC_SCH.
INFO  Outpatient Elec/MechRoom set occupant activity schedule to OutPatientHealthCare ACTIVITY_SCH.
INFO  Outpatient Elec/MechRoom set lighting schedule to OutPatientHealthCare BLDG_LIGHT_STORAGE_SCH.
INFO  Outpatient Elec/MechRoom set electric equipment schedule to OutPatientHealthCare BLDG_EQUIP_SCH_BASE.
INFO  Outpatient ElevatorPumpRoom had no lights, one has been created.
INFO  Outpatient ElevatorPumpRoom set LPD to 0.42 W/ft^2.
INFO  Outpatient ElevatorPumpRoom had no electric equipment, one has been created.
INFO  Outpatient ElevatorPumpRoom set electric EPD to 2.1 W/ft^2.
INFO  Outpatient ElevatorPumpRoom had no ventilation specification, one has been created.
INFO  Outpatient ElevatorPumpRoom set occupancy schedule to OutPatientHealthCare BLDG_OCC_SCH.
INFO  Outpatient ElevatorPumpRoom set occupant activity schedule to OutPatientHealthCare ACTIVITY_SCH.
INFO  Outpatient ElevatorPumpRoom set lighting schedule to OutPatientHealthCare BLDG_LIGHT_STORAGE_SCH.
INFO  Outpatient ElevatorPumpRoom set electric equipment schedule to OutPatientHealthCare ELEV_LIGHT_FAN_SCH_ADD_DF.
INFO  Outpatient Exam had no people, one has been created.
INFO  Outpatient Exam set occupancy to 20.02 people/1000 ft^2.
INFO  Outpatient Exam had no lights, one has been created.
INFO  Outpatient Exam set LPD to 1.66 W/ft^2.
INFO  Outpatient Exam had no electric equipment, one has been created.
INFO  Outpatient Exam set electric EPD to 1.1 W/ft^2.
INFO  Outpatient Exam had no ventilation specification, one has been created.
INFO  Outpatient Exam set ventilation per area to 0.3 cfm/ft^2.
INFO  Outpatient Exam set occupancy schedule to OutPatientHealthCare BLDG_OCC_SCH.
INFO  Outpatient Exam set occupant activity schedule to OutPatientHealthCare ACTIVITY_SCH.
INFO  Outpatient Exam set lighting schedule to OutPatientHealthCare BLDG_LIGHT_EXAM_SCH.
INFO  Outpatient Exam set electric equipment schedule to OutPatientHealthCare BLDG_EQUIP_SCH_2013.
INFO  Outpatient Hall had no lights, one has been created.
INFO  Outpatient Hall set LPD to 0.99 W/ft^2.
INFO  Outpatient Hall had no electric equipment, one has been created.
INFO  Outpatient Hall set electric EPD to 0.4 W/ft^2.
INFO  Outpatient Hall had no ventilation specification, one has been created.
INFO  Outpatient Hall set ventilation per area to 0.06 cfm/ft^2.
INFO  Outpatient Hall set occupancy schedule to OutPatientHealthCare BLDG_OCC_SCH.
INFO  Outpatient Hall set occupant activity schedule to OutPatientHealthCare ACTIVITY_SCH.
INFO  Outpatient Hall set lighting schedule to OutPatientHealthCare BLDG_LIGHT_CORRIDOR_SCH.
INFO  Outpatient Hall set electric equipment schedule to OutPatientHealthCare BLDG_EQUIP_SCH_2013.
INFO  Outpatient Hall_infil had no lights, one has been created.
INFO  Outpatient Hall_infil set LPD to 0.99 W/ft^2.
INFO  Outpatient Hall_infil had no electric equipment, one has been created.
INFO  Outpatient Hall_infil set electric EPD to 0.4 W/ft^2.
INFO  Outpatient Hall_infil had no ventilation specification, one has been created.
INFO  Outpatient Hall_infil set ventilation per area to 0.06 cfm/ft^2.
INFO  Outpatient Hall_infil set occupancy schedule to OutPatientHealthCare BLDG_OCC_SCH.
INFO  Outpatient Hall_infil set occupant activity schedule to OutPatientHealthCare ACTIVITY_SCH.
INFO  Outpatient Hall_infil set lighting schedule to OutPatientHealthCare BLDG_LIGHT_CORRIDOR_SCH.
INFO  Outpatient Hall_infil set electric equipment schedule to OutPatientHealthCare BLDG_EQUIP_SCH_2013.
INFO  Outpatient IT_Room had no people, one has been created.
INFO  Outpatient IT_Room set occupancy to 5.0 people/1000 ft^2.
INFO  Outpatient IT_Room had no lights, one has been created.
INFO  Outpatient IT_Room set LPD to 1.11 W/ft^2.
INFO  Outpatient IT_Room had no electric equipment, one has been created.
INFO  Outpatient IT_Room set electric EPD to 1.1 W/ft^2.
INFO  Outpatient IT_Room had no ventilation specification, one has been created.
INFO  Outpatient IT_Room set ventilation per area to 0.06 cfm/ft^2.
INFO  Outpatient IT_Room set ventilation per person to 5.0 cfm/person.
INFO  Outpatient IT_Room set occupancy schedule to OutPatientHealthCare BLDG_OCC_SCH.
INFO  Outpatient IT_Room set occupant activity schedule to OutPatientHealthCare ACTIVITY_SCH.
INFO  Outpatient IT_Room set lighting schedule to OutPatientHealthCare BLDG_LIGHT_SCH.
INFO  Outpatient IT_Room set electric equipment schedule to OutPatientHealthCare BLDG_EQUIP_SCH_BASE.
INFO  Outpatient Janitor had no lights, one has been created.
INFO  Outpatient Janitor set LPD to 0.63 W/ft^2.
INFO  Outpatient Janitor had no electric equipment, one has been created.
INFO  Outpatient Janitor set electric EPD to 0.1 W/ft^2.
INFO  Outpatient Janitor had no ventilation specification, one has been created.
INFO  Outpatient Janitor set ventilation per area to 0.12 cfm/ft^2.
INFO  Outpatient Janitor set occupancy schedule to OutPatientHealthCare BLDG_OCC_SCH.
INFO  Outpatient Janitor set occupant activity schedule to OutPatientHealthCare ACTIVITY_SCH.
INFO  Outpatient Janitor set lighting schedule to OutPatientHealthCare BLDG_LIGHT_STORAGE_SCH_20102013.
INFO  Outpatient Janitor set electric equipment schedule to OutPatientHealthCare BLDG_EQUIP_SCH_2013.
INFO  Outpatient Lobby had no people, one has been created.
INFO  Outpatient Lobby set occupancy to 10.0 people/1000 ft^2.
INFO  Outpatient Lobby had no lights, one has been created.
INFO  Outpatient Lobby set LPD to 0.9 W/ft^2.
INFO  Outpatient Lobby had no electric equipment, one has been created.
INFO  Outpatient Lobby set electric EPD to 1.1 W/ft^2.
INFO  Outpatient Lobby had no ventilation specification, one has been created.
INFO  Outpatient Lobby set ventilation per area to 0.06 cfm/ft^2.
INFO  Outpatient Lobby set ventilation per person to 5.0 cfm/person.
INFO  Outpatient Lobby set occupancy schedule to OutPatientHealthCare BLDG_OCC_SCH.
INFO  Outpatient Lobby set occupant activity schedule to OutPatientHealthCare ACTIVITY_SCH.
INFO  Outpatient Lobby set lighting schedule to OutPatientHealthCare BLDG_LIGHT_SCH.
INFO  Outpatient Lobby set electric equipment schedule to OutPatientHealthCare BLDG_EQUIP_SCH_BASE.
INFO  Outpatient LockerRoom had no people, one has been created.
INFO  Outpatient LockerRoom set occupancy to 15.01 people/1000 ft^2.
INFO  Outpatient LockerRoom had no lights, one has been created.
INFO  Outpatient LockerRoom set LPD to 0.92 W/ft^2.
INFO  Outpatient LockerRoom had no electric equipment, one has been created.
INFO  Outpatient LockerRoom set electric EPD to 3.0 W/ft^2.
INFO  Outpatient LockerRoom had no ventilation specification, one has been created.
INFO  Outpatient LockerRoom set ventilation per area to 0.06 cfm/ft^2.
INFO  Outpatient LockerRoom set ventilation per person to 5.0 cfm/person.
INFO  Outpatient LockerRoom set occupancy schedule to OutPatientHealthCare BLDG_OCC_SCH.
INFO  Outpatient LockerRoom set occupant activity schedule to OutPatientHealthCare ACTIVITY_SCH.
INFO  Outpatient LockerRoom set lighting schedule to OutPatientHealthCare BLDG_LIGHT_SCH.
INFO  Outpatient LockerRoom set electric equipment schedule to OutPatientHealthCare BLDG_EQUIP_SCH_2013.
INFO  Outpatient Lounge had no people, one has been created.
INFO  Outpatient Lounge set occupancy to 15.01 people/1000 ft^2.
INFO  Outpatient Lounge had no lights, one has been created.
INFO  Outpatient Lounge set LPD to 0.92 W/ft^2.
INFO  Outpatient Lounge had no electric equipment, one has been created.
INFO  Outpatient Lounge set electric EPD to 3.0 W/ft^2.
INFO  Outpatient Lounge had no ventilation specification, one has been created.
INFO  Outpatient Lounge set ventilation per area to 0.06 cfm/ft^2.
INFO  Outpatient Lounge set ventilation per person to 5.0 cfm/person.
INFO  Outpatient Lounge set occupancy schedule to OutPatientHealthCare BLDG_OCC_SCH.
INFO  Outpatient Lounge set occupant activity schedule to OutPatientHealthCare ACTIVITY_SCH.
INFO  Outpatient Lounge set lighting schedule to OutPatientHealthCare BLDG_LIGHT_SCH.
INFO  Outpatient Lounge set electric equipment schedule to OutPatientHealthCare BLDG_EQUIP_SCH_2013.
INFO  Outpatient MRI had no people, one has been created.
INFO  Outpatient MRI set occupancy to 20.02 people/1000 ft^2.
INFO  Outpatient MRI had no lights, one has been created.
INFO  Outpatient MRI set LPD to 1.51 W/ft^2.
INFO  Outpatient MRI had no electric equipment, one has been created.
INFO  Outpatient MRI set electric EPD to 10.0 W/ft^2.
INFO  Outpatient MRI had no ventilation specification, one has been created.
INFO  Outpatient MRI set ventilation per area to 0.3 cfm/ft^2.
INFO  Outpatient MRI set occupancy schedule to OutPatientHealthCare BLDG_OCC_SCH.
INFO  Outpatient MRI set occupant activity schedule to OutPatientHealthCare ACTIVITY_SCH.
INFO  Outpatient MRI set lighting schedule to OutPatientHealthCare BLDG_LIGHT_SCH.
INFO  Outpatient MRI set electric equipment schedule to OutPatientHealthCare BLDG_EQUIP_SCH_2013.
INFO  Outpatient MRI_Control had no people, one has been created.
INFO  Outpatient MRI_Control set occupancy to 20.02 people/1000 ft^2.
INFO  Outpatient MRI_Control had no lights, one has been created.
INFO  Outpatient MRI_Control set LPD to 1.51 W/ft^2.
INFO  Outpatient MRI_Control had no electric equipment, one has been created.
INFO  Outpatient MRI_Control set electric EPD to 10.0 W/ft^2.
INFO  Outpatient MRI_Control had no ventilation specification, one has been created.
INFO  Outpatient MRI_Control set ventilation per area to 0.3 cfm/ft^2.
INFO  Outpatient MRI_Control set occupancy schedule to OutPatientHealthCare BLDG_OCC_SCH.
INFO  Outpatient MRI_Control set occupant activity schedule to OutPatientHealthCare ACTIVITY_SCH.
INFO  Outpatient MRI_Control set lighting schedule to OutPatientHealthCare BLDG_LIGHT_SCH.
INFO  Outpatient MRI_Control set electric equipment schedule to OutPatientHealthCare BLDG_EQUIP_SCH_2013.
INFO  Outpatient MedGas had no lights, one has been created.
INFO  Outpatient MedGas set LPD to 0.63 W/ft^2.
INFO  Outpatient MedGas had no electric equipment, one has been created.
INFO  Outpatient MedGas set electric EPD to 0.1 W/ft^2.
INFO  Outpatient MedGas had no ventilation specification, one has been created.
INFO  Outpatient MedGas set ventilation per area to 0.12 cfm/ft^2.
INFO  Outpatient MedGas set occupancy schedule to OutPatientHealthCare BLDG_OCC_SCH.
INFO  Outpatient MedGas set occupant activity schedule to OutPatientHealthCare ACTIVITY_SCH.
INFO  Outpatient MedGas set lighting schedule to OutPatientHealthCare BLDG_LIGHT_SCH.
INFO  Outpatient MedGas set electric equipment schedule to OutPatientHealthCare BLDG_EQUIP_SCH_2013.
INFO  Outpatient NurseStation had no people, one has been created.
INFO  Outpatient NurseStation set occupancy to 20.02 people/1000 ft^2.
INFO  Outpatient NurseStation had no lights, one has been created.
INFO  Outpatient NurseStation set LPD to 0.71 W/ft^2.
INFO  Outpatient NurseStation had no electric equipment, one has been created.
INFO  Outpatient NurseStation set electric EPD to 2.0 W/ft^2.
INFO  Outpatient NurseStation had no ventilation specification, one has been created.
INFO  Outpatient NurseStation set ventilation per area to 0.06 cfm/ft^2.
INFO  Outpatient NurseStation set ventilation per person to 5.0 cfm/person.
INFO  Outpatient NurseStation set occupancy schedule to OutPatientHealthCare BLDG_OCC_SCH.
INFO  Outpatient NurseStation set occupant activity schedule to OutPatientHealthCare ACTIVITY_SCH.
INFO  Outpatient NurseStation set lighting schedule to OutPatientHealthCare BLDG_LIGHT_SCH.
INFO  Outpatient NurseStation set electric equipment schedule to OutPatientHealthCare BLDG_EQUIP_SCH_2013.
INFO  Outpatient OR had no people, one has been created.
INFO  Outpatient OR set occupancy to 20.02 people/1000 ft^2.
INFO  Outpatient OR had no lights, one has been created.
INFO  Outpatient OR set LPD to 2.48 W/ft^2.
INFO  Outpatient OR had no electric equipment, one has been created.
INFO  Outpatient OR set electric EPD to 4.0 W/ft^2.
INFO  Outpatient OR had no gas equipment, one has been created.
INFO  Outpatient OR set gas EPD to 23.87 Btu/hr*ft^2.
INFO  Outpatient OR had no ventilation specification, one has been created.
INFO  Outpatient OR set ventilation per area to 0.5 cfm/ft^2.
INFO  Outpatient OR set ventilation per person to 30.0 cfm/person.
INFO  Outpatient OR set occupancy schedule to OutPatientHealthCare BLDG_OCC_SCH.
INFO  Outpatient OR set occupant activity schedule to OutPatientHealthCare ACTIVITY_SCH.
INFO  Outpatient OR set lighting schedule to OutPatientHealthCare BLDG_LIGHT_EXAM_SCH.
INFO  Outpatient OR set electric equipment schedule to OutPatientHealthCare BLDG_EQUIP_SCH_2013.
INFO  Outpatient OR set gas equipment schedule to OutPatientHealthCare BLDG_EQUIP_SCH.
INFO  Outpatient Office had no people, one has been created.
INFO  Outpatient Office set occupancy to 5.0 people/1000 ft^2.
INFO  Outpatient Office had no lights, one has been created.
INFO  Outpatient Office set LPD to 1.11 W/ft^2.
INFO  Outpatient Office had no electric equipment, one has been created.
INFO  Outpatient Office set electric EPD to 1.1 W/ft^2.
INFO  Outpatient Office had no ventilation specification, one has been created.
INFO  Outpatient Office set ventilation per area to 0.06 cfm/ft^2.
INFO  Outpatient Office set ventilation per person to 5.0 cfm/person.
INFO  Outpatient Office set occupancy schedule to OutPatientHealthCare BLDG_OCC_SCH.
INFO  Outpatient Office set occupant activity schedule to OutPatientHealthCare ACTIVITY_SCH.
INFO  Outpatient Office set lighting schedule to OutPatientHealthCare BLDG_LIGHT_OFFICE_SCH_20102013.
INFO  Outpatient Office set electric equipment schedule to OutPatientHealthCare BLDG_EQUIP_SCH_2013.
INFO  Outpatient OutpatientFloor2Work had no people, one has been created.
INFO  Outpatient OutpatientFloor2Work set occupancy to 5.0 people/1000 ft^2.
INFO  Outpatient OutpatientFloor2Work had no lights, one has been created.
INFO  Outpatient OutpatientFloor2Work set LPD to 1.11 W/ft^2.
INFO  Outpatient OutpatientFloor2Work had no electric equipment, one has been created.
INFO  Outpatient OutpatientFloor2Work set electric EPD to 0.91 W/ft^2.
INFO  Outpatient OutpatientFloor2Work had no ventilation specification, one has been created.
INFO  Outpatient OutpatientFloor2Work set ventilation per area to 0.06 cfm/ft^2.
INFO  Outpatient OutpatientFloor2Work set ventilation per person to 5.0 cfm/person.
INFO  Outpatient OutpatientFloor2Work set occupancy schedule to OutPatientHealthCare BLDG_OCC_SCH.
INFO  Outpatient OutpatientFloor2Work set occupant activity schedule to OutPatientHealthCare ACTIVITY_SCH.
INFO  Outpatient OutpatientFloor2Work set lighting schedule to OutPatientHealthCare BLDG_LIGHT_OFFICE_SCH_20102013.
INFO  Outpatient OutpatientFloor2Work set electric equipment schedule to OutPatientHealthCare BLDG_EQUIP_SCH_2013.
INFO  Outpatient PACU had no people, one has been created.
INFO  Outpatient PACU set occupancy to 20.02 people/1000 ft^2.
INFO  Outpatient PACU had no lights, one has been created.
INFO  Outpatient PACU set LPD to 1.15 W/ft^2.
INFO  Outpatient PACU had no electric equipment, one has been created.
INFO  Outpatient PACU set electric EPD to 3.0 W/ft^2.
INFO  Outpatient PACU had no ventilation specification, one has been created.
INFO  Outpatient PACU set ventilation per area to 0.533 cfm/ft^2.
INFO  Outpatient PACU set ventilation per person to 5.0 cfm/person.
INFO  Outpatient PACU set occupancy schedule to OutPatientHealthCare BLDG_OCC_SCH.
INFO  Outpatient PACU set occupant activity schedule to OutPatientHealthCare ACTIVITY_SCH.
INFO  Outpatient PACU set lighting schedule to OutPatientHealthCare BLDG_LIGHT_EXAM_SCH.
INFO  Outpatient PACU set electric equipment schedule to OutPatientHealthCare BLDG_EQUIP_SCH_2013.
INFO  Outpatient PhysicalTherapy had no people, one has been created.
INFO  Outpatient PhysicalTherapy set occupancy to 20.02 people/1000 ft^2.
INFO  Outpatient PhysicalTherapy had no lights, one has been created.
INFO  Outpatient PhysicalTherapy set LPD to 0.91 W/ft^2.
INFO  Outpatient PhysicalTherapy had no electric equipment, one has been created.
INFO  Outpatient PhysicalTherapy set electric EPD to 1.5 W/ft^2.
INFO  Outpatient PhysicalTherapy had no ventilation specification, one has been created.
INFO  Outpatient PhysicalTherapy set ventilation per person to 15.0 cfm/person.
INFO  Outpatient PhysicalTherapy set occupancy schedule to OutPatientHealthCare BLDG_OCC_SCH.
INFO  Outpatient PhysicalTherapy set occupant activity schedule to OutPatientHealthCare ACTIVITY_SCH.
INFO  Outpatient PhysicalTherapy set lighting schedule to OutPatientHealthCare BLDG_LIGHT_EXAM_SCH.
INFO  Outpatient PhysicalTherapy set electric equipment schedule to OutPatientHealthCare BLDG_EQUIP_SCH_2013.
INFO  Outpatient PreOp had no people, one has been created.
INFO  Outpatient PreOp set occupancy to 10.0 people/1000 ft^2.
INFO  Outpatient PreOp had no lights, one has been created.
INFO  Outpatient PreOp set LPD to 0.62 W/ft^2.
INFO  Outpatient PreOp had no electric equipment, one has been created.
INFO  Outpatient PreOp set electric EPD to 2.0 W/ft^2.
INFO  Outpatient PreOp had no ventilation specification, one has been created.
INFO  Outpatient PreOp set ventilation per area to 0.533 cfm/ft^2.
INFO  Outpatient PreOp set ventilation per person to 5.0 cfm/person.
INFO  Outpatient PreOp set occupancy schedule to OutPatientHealthCare BLDG_OCC_SCH.
INFO  Outpatient PreOp set occupant activity schedule to OutPatientHealthCare ACTIVITY_SCH.
INFO  Outpatient PreOp set lighting schedule to OutPatientHealthCare BLDG_LIGHT_EXAM_SCH.
INFO  Outpatient PreOp set electric equipment schedule to OutPatientHealthCare BLDG_EQUIP_SCH_2013.
INFO  Outpatient ProcedureRoom had no people, one has been created.
INFO  Outpatient ProcedureRoom set occupancy to 20.02 people/1000 ft^2.
INFO  Outpatient ProcedureRoom had no lights, one has been created.
INFO  Outpatient ProcedureRoom set LPD to 1.66 W/ft^2.
INFO  Outpatient ProcedureRoom had no electric equipment, one has been created.
INFO  Outpatient ProcedureRoom set electric EPD to 3.0 W/ft^2.
INFO  Outpatient ProcedureRoom had no ventilation specification, one has been created.
INFO  Outpatient ProcedureRoom set ventilation per area to 0.8 cfm/ft^2.
INFO  Outpatient ProcedureRoom set occupancy schedule to OutPatientHealthCare BLDG_OCC_SCH.
INFO  Outpatient ProcedureRoom set occupant activity schedule to OutPatientHealthCare ACTIVITY_SCH.
INFO  Outpatient ProcedureRoom set lighting schedule to OutPatientHealthCare BLDG_LIGHT_EXAM_SCH.
INFO  Outpatient ProcedureRoom set electric equipment schedule to OutPatientHealthCare BLDG_EQUIP_SCH_2013.
INFO  Outpatient Reception had no people, one has been created.
INFO  Outpatient Reception set occupancy to 29.97 people/1000 ft^2.
INFO  Outpatient Reception had no lights, one has been created.
INFO  Outpatient Reception set LPD to 0.9 W/ft^2.
INFO  Outpatient Reception had no electric equipment, one has been created.
INFO  Outpatient Reception set electric EPD to 1.1 W/ft^2.
INFO  Outpatient Reception had no ventilation specification, one has been created.
INFO  Outpatient Reception set ventilation per area to 0.06 cfm/ft^2.
INFO  Outpatient Reception set ventilation per person to 5.0 cfm/person.
INFO  Outpatient Reception set occupancy schedule to OutPatientHealthCare BLDG_OCC_SCH.
INFO  Outpatient Reception set occupant activity schedule to OutPatientHealthCare ACTIVITY_SCH.
INFO  Outpatient Reception set lighting schedule to OutPatientHealthCare BLDG_LIGHT_SCH.
INFO  Outpatient Reception set electric equipment schedule to OutPatientHealthCare BLDG_EQUIP_SCH_2013.
INFO  Outpatient Soil Work had no people, one has been created.
INFO  Outpatient Soil Work set occupancy to 20.02 people/1000 ft^2.
INFO  Outpatient Soil Work had no lights, one has been created.
INFO  Outpatient Soil Work set LPD to 1.66 W/ft^2.
INFO  Outpatient Soil Work had no electric equipment, one has been created.
INFO  Outpatient Soil Work set electric EPD to 2.0 W/ft^2.
INFO  Outpatient Soil Work had no ventilation specification, one has been created.
INFO  Outpatient Soil Work set ventilation per area to 0.3 cfm/ft^2.
INFO  Outpatient Soil Work set occupancy schedule to OutPatientHealthCare BLDG_OCC_SCH.
INFO  Outpatient Soil Work set occupant activity schedule to OutPatientHealthCare ACTIVITY_SCH.
INFO  Outpatient Soil Work set lighting schedule to OutPatientHealthCare BLDG_LIGHT_EXAM_SCH.
INFO  Outpatient Soil Work set electric equipment schedule to OutPatientHealthCare BLDG_EQUIP_SCH_2013.
INFO  Outpatient Stair had no lights, one has been created.
INFO  Outpatient Stair set LPD to 0.99 W/ft^2.
INFO  Outpatient Stair had no electric equipment, one has been created.
INFO  Outpatient Stair set electric EPD to 0.4 W/ft^2.
INFO  Outpatient Stair had no ventilation specification, one has been created.
INFO  Outpatient Stair set ventilation per area to 0.06 cfm/ft^2.
INFO  Outpatient Stair set occupancy schedule to OutPatientHealthCare BLDG_OCC_SCH.
INFO  Outpatient Stair set occupant activity schedule to OutPatientHealthCare ACTIVITY_SCH.
INFO  Outpatient Stair set lighting schedule to OutPatientHealthCare BLDG_LIGHT_CORRIDOR_SCH.
INFO  Outpatient Stair set electric equipment schedule to OutPatientHealthCare BLDG_EQUIP_SCH_BASE.
INFO  Outpatient Toilet had no lights, one has been created.
INFO  Outpatient Toilet set LPD to 0.98 W/ft^2.
INFO  Outpatient Toilet had no electric equipment, one has been created.
INFO  Outpatient Toilet set electric EPD to 0.4 W/ft^2.
INFO  Outpatient Toilet had no ventilation specification, one has been created.
INFO  Outpatient Toilet set occupancy schedule to OutPatientHealthCare BLDG_OCC_SCH.
INFO  Outpatient Toilet set occupant activity schedule to OutPatientHealthCare ACTIVITY_SCH.
INFO  Outpatient Toilet set lighting schedule to OutPatientHealthCare BLDG_LIGHT_SCH.
INFO  Outpatient Toilet set electric equipment schedule to OutPatientHealthCare BLDG_EQUIP_SCH_2013.
INFO  Outpatient Undeveloped had no lights, one has been created.
INFO  Outpatient Undeveloped set LPD to 0.63 W/ft^2.
INFO  Outpatient Undeveloped had no electric equipment, one has been created.
INFO  Outpatient Undeveloped set electric EPD to 1.1 W/ft^2.
INFO  Outpatient Undeveloped had no ventilation specification, one has been created.
INFO  Outpatient Undeveloped set ventilation per area to 0.12 cfm/ft^2.
INFO  Outpatient Undeveloped set occupancy schedule to OutPatientHealthCare BLDG_OCC_SCH.
INFO  Outpatient Undeveloped set occupant activity schedule to OutPatientHealthCare ACTIVITY_SCH.
INFO  Outpatient Undeveloped set lighting schedule to OutPatientHealthCare BLDG_LIGHT_STORAGE_SCH.
INFO  Outpatient Undeveloped set electric equipment schedule to OutPatientHealthCare BLDG_EQUIP_SCH_2013.
INFO  Outpatient Xray had no people, one has been created.
INFO  Outpatient Xray set occupancy to 20.02 people/1000 ft^2.
INFO  Outpatient Xray had no lights, one has been created.
INFO  Outpatient Xray set LPD to 1.51 W/ft^2.
INFO  Outpatient Xray had no electric equipment, one has been created.
INFO  Outpatient Xray set electric EPD to 10.0 W/ft^2.
INFO  Outpatient Xray had no ventilation specification, one has been created.
INFO  Outpatient Xray set ventilation per area to 0.3 cfm/ft^2.
INFO  Outpatient Xray set occupancy schedule to OutPatientHealthCare BLDG_OCC_SCH.
INFO  Outpatient Xray set occupant activity schedule to OutPatientHealthCare ACTIVITY_SCH.
INFO  Outpatient Xray set lighting schedule to OutPatientHealthCare BLDG_LIGHT_EXAM_SCH.
INFO  Outpatient Xray set electric equipment schedule to OutPatientHealthCare BLDG_EQUIP_SCH_2013.
INFO  PrimarySchool Cafeteria had no people, one has been created.
INFO  PrimarySchool Cafeteria set occupancy to 100.0 people/1000 ft^2.
INFO  PrimarySchool Cafeteria had no lights, one has been created.
INFO  PrimarySchool Cafeteria set LPD to 0.65 W/ft^2.
INFO  PrimarySchool Cafeteria had no electric equipment, one has been created.
INFO  PrimarySchool Cafeteria set electric EPD to 2.3588 W/ft^2.
INFO  PrimarySchool Cafeteria had no ventilation specification, one has been created.
INFO  PrimarySchool Cafeteria set ventilation per area to 0.18 cfm/ft^2.
INFO  PrimarySchool Cafeteria set ventilation per person to 7.5 cfm/person.
INFO  PrimarySchool Cafeteria set occupancy schedule to SchoolPrimary BLDG_OCC_SCH_Cafeteria.
INFO  PrimarySchool Cafeteria set occupant activity schedule to SchoolPrimary ACTIVITY_SCH.
INFO  PrimarySchool Cafeteria set lighting schedule to SchoolPrimary BLDG_LIGHT_SCH_2013.
INFO  PrimarySchool Cafeteria set electric equipment schedule to SchoolPrimary KITCHEN_ELEC_EQUIP_SCH.
INFO  PrimarySchool Classroom had no people, one has been created.
INFO  PrimarySchool Classroom set occupancy to 25.0 people/1000 ft^2.
INFO  PrimarySchool Classroom had no lights, one has been created.
INFO  PrimarySchool Classroom set LPD to 1.24 W/ft^2.
INFO  PrimarySchool Classroom had no electric equipment, one has been created.
INFO  PrimarySchool Classroom set electric EPD to 1.3935 W/ft^2.
INFO  PrimarySchool Classroom had no ventilation specification, one has been created.
INFO  PrimarySchool Classroom set ventilation per area to 0.12 cfm/ft^2.
INFO  PrimarySchool Classroom set ventilation per person to 10.0 cfm/person.
INFO  PrimarySchool Classroom set occupancy schedule to SchoolPrimary BLDG_OCC_SCH.
INFO  PrimarySchool Classroom set occupant activity schedule to SchoolPrimary ACTIVITY_SCH.
INFO  PrimarySchool Classroom set lighting schedule to SchoolPrimary BLDG_LIGHT_CLASSROOM_SCH_2013.
INFO  PrimarySchool Classroom set electric equipment schedule to SchoolPrimary BLDG_EQUIP_SCH_2013.
INFO  PrimarySchool ComputerRoom had no people, one has been created.
INFO  PrimarySchool ComputerRoom set occupancy to 25.0 people/1000 ft^2.
INFO  PrimarySchool ComputerRoom had no lights, one has been created.
INFO  PrimarySchool ComputerRoom set LPD to 1.24 W/ft^2.
INFO  PrimarySchool ComputerRoom had no electric equipment, one has been created.
INFO  PrimarySchool ComputerRoom set electric EPD to 1.8581 W/ft^2.
INFO  PrimarySchool ComputerRoom had no ventilation specification, one has been created.
INFO  PrimarySchool ComputerRoom set ventilation per area to 0.12 cfm/ft^2.
INFO  PrimarySchool ComputerRoom set ventilation per person to 10.0 cfm/person.
INFO  PrimarySchool ComputerRoom set occupancy schedule to SchoolPrimary BLDG_OCC_SCH_Extend.
INFO  PrimarySchool ComputerRoom set occupant activity schedule to SchoolPrimary ACTIVITY_SCH.
INFO  PrimarySchool ComputerRoom set lighting schedule to SchoolPrimary BLDG_LIGHT_CLASSROOM_SCH_2013.
INFO  PrimarySchool ComputerRoom set electric equipment schedule to SchoolPrimary BLDG_EQUIP_SCH_2013.
INFO  PrimarySchool Corridor had no lights, one has been created.
INFO  PrimarySchool Corridor set LPD to 0.66 W/ft^2.
INFO  PrimarySchool Corridor had no electric equipment, one has been created.
INFO  PrimarySchool Corridor set electric EPD to 0.3716 W/ft^2.
INFO  PrimarySchool Corridor had no ventilation specification, one has been created.
INFO  PrimarySchool Corridor set ventilation per area to 0.06 cfm/ft^2.
INFO  PrimarySchool Corridor set occupancy schedule to SchoolPrimary BLDG_OCC_SCH.
INFO  PrimarySchool Corridor set occupant activity schedule to SchoolPrimary ACTIVITY_SCH.
INFO  PrimarySchool Corridor set lighting schedule to SchoolPrimary BLDG_LIGHT_CORRIDOR_SCH_2013.
INFO  PrimarySchool Corridor set electric equipment schedule to SchoolPrimary BLDG_EQUIP_SCH_2013.
INFO  PrimarySchool Gym had no people, one has been created.
INFO  PrimarySchool Gym set occupancy to 30.0 people/1000 ft^2.
INFO  PrimarySchool Gym had no lights, one has been created.
INFO  PrimarySchool Gym set LPD to 0.72 W/ft^2.
INFO  PrimarySchool Gym had no electric equipment, one has been created.
INFO  PrimarySchool Gym set electric EPD to 0.4645 W/ft^2.
INFO  PrimarySchool Gym had no ventilation specification, one has been created.
INFO  PrimarySchool Gym set ventilation per area to 0.3 cfm/ft^2.
INFO  PrimarySchool Gym set occupancy schedule to SchoolPrimary BLDG_OCC_SCH_Gym.
INFO  PrimarySchool Gym set occupant activity schedule to SchoolPrimary ACTIVITY_SCH.
INFO  PrimarySchool Gym set lighting schedule to SchoolPrimary BLDG_LIGHT_GYM_SCH_2013.
INFO  PrimarySchool Gym set electric equipment schedule to SchoolPrimary BLDG_EQUIP_SCH_2013.
INFO  PrimarySchool Kitchen had no people, one has been created.
INFO  PrimarySchool Kitchen set occupancy to 14.93 people/1000 ft^2.
INFO  PrimarySchool Kitchen had no lights, one has been created.
INFO  PrimarySchool Kitchen set LPD to 1.21 W/ft^2.
INFO  PrimarySchool Kitchen had no electric equipment, one has been created.
INFO  PrimarySchool Kitchen set electric EPD to 17.6934 W/ft^2.
INFO  PrimarySchool Kitchen had no gas equipment, one has been created.
INFO  PrimarySchool Kitchen set gas EPD to 453.7 Btu/hr*ft^2.
INFO  PrimarySchool Kitchen had no ventilation specification, one has been created.
INFO  PrimarySchool Kitchen set ventilation per area to 0.18 cfm/ft^2.
INFO  PrimarySchool Kitchen set ventilation per person to 7.5 cfm/person.
INFO  PrimarySchool Kitchen set occupancy schedule to SchoolPrimary BLDG_OCC_SCH.
INFO  PrimarySchool Kitchen set occupant activity schedule to SchoolPrimary ACTIVITY_SCH.
INFO  PrimarySchool Kitchen set lighting schedule to SchoolPrimary BLDG_LIGHT_SCH_2013.
INFO  PrimarySchool Kitchen set electric equipment schedule to SchoolPrimary KITCHEN_ELEC_EQUIP_SCH.
INFO  PrimarySchool Kitchen set gas equipment schedule to SchoolPrimary KITCHEN_GAS_EQUIP_SCH.
INFO  PrimarySchool Library had no people, one has been created.
INFO  PrimarySchool Library set occupancy to 10.0 people/1000 ft^2.
INFO  PrimarySchool Library had no lights, one has been created.
INFO  PrimarySchool Library set LPD to 1.19 W/ft^2.
INFO  PrimarySchool Library had no electric equipment, one has been created.
INFO  PrimarySchool Library set electric EPD to 1.3935 W/ft^2.
INFO  PrimarySchool Library had no ventilation specification, one has been created.
INFO  PrimarySchool Library set ventilation per area to 0.12 cfm/ft^2.
INFO  PrimarySchool Library set ventilation per person to 10.0 cfm/person.
INFO  PrimarySchool Library set occupancy schedule to SchoolPrimary BLDG_OCC_SCH.
INFO  PrimarySchool Library set occupant activity schedule to SchoolPrimary ACTIVITY_SCH.
INFO  PrimarySchool Library set lighting schedule to SchoolPrimary BLDG_LIGHT_LIBRARY_SCH_2013.
INFO  PrimarySchool Library set electric equipment schedule to SchoolPrimary BLDG_EQUIP_SCH_2013.
INFO  PrimarySchool Lobby had no lights, one has been created.
INFO  PrimarySchool Lobby set LPD to 0.9 W/ft^2.
INFO  PrimarySchool Lobby had no electric equipment, one has been created.
INFO  PrimarySchool Lobby set electric EPD to 0.3716 W/ft^2.
INFO  PrimarySchool Lobby had no ventilation specification, one has been created.
INFO  PrimarySchool Lobby set ventilation per area to 0.06 cfm/ft^2.
INFO  PrimarySchool Lobby set occupancy schedule to SchoolPrimary BLDG_OCC_SCH.
INFO  PrimarySchool Lobby set occupant activity schedule to SchoolPrimary ACTIVITY_SCH.
INFO  PrimarySchool Lobby set lighting schedule to SchoolPrimary BLDG_LIGHT_LOBBYFLR1_SCH_2013.
INFO  PrimarySchool Lobby set electric equipment schedule to SchoolPrimary BLDG_EQUIP_SCH_2013.
INFO  PrimarySchool Mechanical had no lights, one has been created.
INFO  PrimarySchool Mechanical set LPD to 0.42 W/ft^2.
INFO  PrimarySchool Mechanical had no electric equipment, one has been created.
INFO  PrimarySchool Mechanical set electric EPD to 0.929 W/ft^2.
INFO  PrimarySchool Mechanical had no ventilation specification, one has been created.
INFO  PrimarySchool Mechanical set ventilation per area to 0.12 cfm/ft^2.
INFO  PrimarySchool Mechanical set occupancy schedule to SchoolPrimary BLDG_OCC_SCH.
INFO  PrimarySchool Mechanical set occupant activity schedule to SchoolPrimary ACTIVITY_SCH.
INFO  PrimarySchool Mechanical set lighting schedule to SchoolPrimary BLDG_LIGHT_SCH_2013.
INFO  PrimarySchool Mechanical set electric equipment schedule to SchoolPrimary BLDG_EQUIP_SCH_2013.
INFO  PrimarySchool Office had no people, one has been created.
INFO  PrimarySchool Office set occupancy to 5.0 people/1000 ft^2.
INFO  PrimarySchool Office had no lights, one has been created.
INFO  PrimarySchool Office set LPD to 1.11 W/ft^2.
INFO  PrimarySchool Office had no electric equipment, one has been created.
INFO  PrimarySchool Office set electric EPD to 1.0034 W/ft^2.
INFO  PrimarySchool Office had no ventilation specification, one has been created.
INFO  PrimarySchool Office set ventilation per area to 0.06 cfm/ft^2.
INFO  PrimarySchool Office set ventilation per person to 5.0 cfm/person.
INFO  PrimarySchool Office set occupancy schedule to SchoolPrimary BLDG_OCC_SCH_Offices.
INFO  PrimarySchool Office set occupant activity schedule to SchoolPrimary ACTIVITY_SCH.
INFO  PrimarySchool Office set lighting schedule to SchoolPrimary BLDG_LIGHT_SCH_2013.
INFO  PrimarySchool Office set electric equipment schedule to SchoolPrimary BLDG_EQUIP_SCH_2013.
INFO  PrimarySchool Restroom had no lights, one has been created.
INFO  PrimarySchool Restroom set LPD to 0.98 W/ft^2.
INFO  PrimarySchool Restroom had no electric equipment, one has been created.
INFO  PrimarySchool Restroom set electric EPD to 0.3716 W/ft^2.
INFO  PrimarySchool Restroom had no ventilation specification, one has been created.
INFO  PrimarySchool Restroom set ventilation per area to 0.06 cfm/ft^2.
INFO  PrimarySchool Restroom set occupancy schedule to SchoolPrimary BLDG_OCC_SCH.
INFO  PrimarySchool Restroom set occupant activity schedule to SchoolPrimary ACTIVITY_SCH.
INFO  PrimarySchool Restroom set lighting schedule to SchoolPrimary BLDG_LIGHT_BATH_SCH_2013.
INFO  PrimarySchool Restroom set electric equipment schedule to SchoolPrimary BLDG_EQUIP_SCH_2013.
INFO  QuickServiceRestaurant Attic had no ventilation specification, one has been created.
INFO  QuickServiceRestaurant Dining had no people, one has been created.
INFO  QuickServiceRestaurant Dining set occupancy to 70.0 people/1000 ft^2.
INFO  QuickServiceRestaurant Dining had no lights, one has been created.
INFO  QuickServiceRestaurant Dining set LPD to 0.89 W/ft^2.
INFO  QuickServiceRestaurant Dining had no electric equipment, one has been created.
INFO  QuickServiceRestaurant Dining set electric EPD to 10.85 W/ft^2.
INFO  QuickServiceRestaurant Dining had no ventilation specification, one has been created.
INFO  QuickServiceRestaurant Dining set ventilation per area to 0.18 cfm/ft^2.
INFO  QuickServiceRestaurant Dining set ventilation per person to 7.5 cfm/person.
INFO  QuickServiceRestaurant Dining set occupancy schedule to RestaurantFastFood BLDG_OCC_SCH.
INFO  QuickServiceRestaurant Dining set occupant activity schedule to RestaurantFastFood ACTIVITY_SCH.
INFO  QuickServiceRestaurant Dining set lighting schedule to RestaurantFastFood BLDG_LIGHT_DINING_SCH_2013.
INFO  QuickServiceRestaurant Dining set electric equipment schedule to RestaurantFastFood BLDG_EQUIP_SCH.
INFO  QuickServiceRestaurant Kitchen had no people, one has been created.
INFO  QuickServiceRestaurant Kitchen set occupancy to 5.0 people/1000 ft^2.
INFO  QuickServiceRestaurant Kitchen had no lights, one has been created.
INFO  QuickServiceRestaurant Kitchen set LPD to 1.21 W/ft^2.
INFO  QuickServiceRestaurant Kitchen had no electric equipment, one has been created.
INFO  QuickServiceRestaurant Kitchen set electric EPD to 25.166 W/ft^2.
INFO  QuickServiceRestaurant Kitchen had no gas equipment, one has been created.
INFO  QuickServiceRestaurant Kitchen set gas EPD to 250.86 Btu/hr*ft^2.
INFO  QuickServiceRestaurant Kitchen had no ventilation specification, one has been created.
INFO  QuickServiceRestaurant Kitchen set ventilation per area to 0.18 cfm/ft^2.
INFO  QuickServiceRestaurant Kitchen set ventilation per person to 7.5 cfm/person.
INFO  QuickServiceRestaurant Kitchen set occupancy schedule to RestaurantFastFood BLDG_OCC_SCH.
INFO  QuickServiceRestaurant Kitchen set occupant activity schedule to RestaurantFastFood ACTIVITY_SCH.
INFO  QuickServiceRestaurant Kitchen set lighting schedule to RestaurantFastFood BLDG_LIGHT_KITCHEN_SCH_2010_2013.
INFO  QuickServiceRestaurant Kitchen set electric equipment schedule to RestaurantFastFood BLDG_EQUIP_SCH.
INFO  QuickServiceRestaurant Kitchen set gas equipment schedule to RestaurantFastFood FF_GAS_EQUIP_SCH.
INFO  Retail Back_Space had no people, one has been created.
INFO  Retail Back_Space set occupancy to 15.0 people/1000 ft^2.
INFO  Retail Back_Space had no lights, one has been created.
INFO  Retail Back_Space set LPD to 0.63 W/ft^2.
INFO  Retail Back_Space had no electric equipment, one has been created.
INFO  Retail Back_Space set electric EPD to 0.75 W/ft^2.
INFO  Retail Back_Space had no ventilation specification, one has been created.
INFO  Retail Back_Space set ventilation per area to 0.12 cfm/ft^2.
INFO  Retail Back_Space set occupancy schedule to RetailStandalone BLDG_OCC_SCH_2010.
INFO  Retail Back_Space set occupant activity schedule to RetailStandalone ACTIVITY_SCH.
INFO  Retail Back_Space set lighting schedule to RetailStandalone BLDG_LIGHT_BACK_SCH_2013.
INFO  Retail Back_Space set electric equipment schedule to RetailStandalone BLDG_EQUIP_SCH_2013.
INFO  Retail Core_Retail had no people, one has been created.
INFO  Retail Core_Retail set occupancy to 15.0 people/1000 ft^2.
INFO  Retail Core_Retail had no lights, one has been created.
INFO  Retail Core_Retail set LPD to 1.44 W/ft^2.
INFO  Retail Core_Retail had no electric equipment, one has been created.
INFO  Retail Core_Retail set electric EPD to 0.3 W/ft^2.
INFO  Retail Core_Retail had no ventilation specification, one has been created.
INFO  Retail Core_Retail set ventilation per area to 0.12 cfm/ft^2.
INFO  Retail Core_Retail set ventilation per person to 7.5 cfm/person.
INFO  Retail Core_Retail set occupancy schedule to RetailStandalone BLDG_OCC_SCH_2010.
INFO  Retail Core_Retail set occupant activity schedule to RetailStandalone ACTIVITY_SCH.
INFO  Retail Core_Retail set lighting schedule to RetailStandalone BLDG_LIGHT_SCH_2013.
INFO  Retail Core_Retail set electric equipment schedule to RetailStandalone BLDG_EQUIP_SCH_2013.
INFO  Retail Entry had no lights, one has been created.
INFO  Retail Entry set LPD to 0.9 W/ft^2.
INFO  Retail Entry had no ventilation specification, one has been created.
INFO  Retail Entry set ventilation per area to 0.12 cfm/ft^2.
INFO  Retail Entry set ventilation per person to 7.5 cfm/person.
INFO  Retail Entry set occupancy schedule to RetailStandalone BLDG_OCC_SCH_2010.
INFO  Retail Entry set occupant activity schedule to RetailStandalone ACTIVITY_SCH.
INFO  Retail Entry set lighting schedule to RetailStandalone BLDG_LIGHT_ENTRY_SCH_2013.
INFO  Retail Entry set electric equipment schedule to RetailStandalone BLDG_EQUIP_SCH_2013.
INFO  Retail Front_Retail had no people, one has been created.
INFO  Retail Front_Retail set occupancy to 15.0 people/1000 ft^2.
INFO  Retail Front_Retail had no lights, one has been created.
INFO  Retail Front_Retail set LPD to 1.44 W/ft^2.
INFO  Retail Front_Retail had no electric equipment, one has been created.
INFO  Retail Front_Retail set electric EPD to 0.3 W/ft^2.
INFO  Retail Front_Retail had no ventilation specification, one has been created.
INFO  Retail Front_Retail set ventilation per area to 0.12 cfm/ft^2.
INFO  Retail Front_Retail set ventilation per person to 7.5 cfm/person.
INFO  Retail Front_Retail set occupancy schedule to RetailStandalone BLDG_OCC_SCH_2010.
INFO  Retail Front_Retail set occupant activity schedule to RetailStandalone ACTIVITY_SCH.
INFO  Retail Front_Retail set lighting schedule to RetailStandalone BLDG_LIGHT_FRONT_SCH_2013.
INFO  Retail Front_Retail set electric equipment schedule to RetailStandalone BLDG_EQUIP_SCH_2013.
INFO  Retail Point_of_Sale had no people, one has been created.
INFO  Retail Point_of_Sale set occupancy to 15.0 people/1000 ft^2.
INFO  Retail Point_of_Sale had no lights, one has been created.
INFO  Retail Point_of_Sale set LPD to 1.44 W/ft^2.
INFO  Retail Point_of_Sale had no electric equipment, one has been created.
INFO  Retail Point_of_Sale set electric EPD to 2.0 W/ft^2.
INFO  Retail Point_of_Sale had no ventilation specification, one has been created.
INFO  Retail Point_of_Sale set ventilation per area to 0.12 cfm/ft^2.
INFO  Retail Point_of_Sale set ventilation per person to 7.5 cfm/person.
INFO  Retail Point_of_Sale set occupancy schedule to RetailStandalone BLDG_OCC_SCH_2010.
INFO  Retail Point_of_Sale set occupant activity schedule to RetailStandalone ACTIVITY_SCH.
INFO  Retail Point_of_Sale set lighting schedule to RetailStandalone BLDG_LIGHT_SCH_2013.
INFO  Retail Point_of_Sale set electric equipment schedule to RetailStandalone BLDG_EQUIP_SCH_2013.
INFO  Retail Retail had no people, one has been created.
INFO  Retail Retail set occupancy to 15.0 people/1000 ft^2.
INFO  Retail Retail had no lights, one has been created.
INFO  Retail Retail set LPD to 1.44 W/ft^2.
INFO  Retail Retail had no electric equipment, one has been created.
INFO  Retail Retail set electric EPD to 0.3 W/ft^2.
INFO  Retail Retail had no ventilation specification, one has been created.
INFO  Retail Retail set ventilation per area to 0.12 cfm/ft^2.
INFO  Retail Retail set ventilation per person to 7.5 cfm/person.
INFO  Retail Retail set occupancy schedule to RetailStandalone BLDG_OCC_SCH_2010.
INFO  Retail Retail set occupant activity schedule to RetailStandalone ACTIVITY_SCH.
INFO  Retail Retail set lighting schedule to RetailStandalone BLDG_LIGHT_SCH_2013.
INFO  Retail Retail set electric equipment schedule to RetailStandalone BLDG_EQUIP_SCH_2013.
INFO  SecondarySchool Auditorium had no people, one has been created.
INFO  SecondarySchool Auditorium set occupancy to 150.0 people/1000 ft^2.
INFO  SecondarySchool Auditorium had no lights, one has been created.
INFO  SecondarySchool Auditorium set LPD to 0.63 W/ft^2.
INFO  SecondarySchool Auditorium had no electric equipment, one has been created.
INFO  SecondarySchool Auditorium set electric EPD to 0.46 W/ft^2.
INFO  SecondarySchool Auditorium had no ventilation specification, one has been created.
INFO  SecondarySchool Auditorium set ventilation per area to 0.06 cfm/ft^2.
INFO  SecondarySchool Auditorium set ventilation per person to 5.0 cfm/person.
INFO  SecondarySchool Auditorium set occupancy schedule to SchoolSecondary BLDG_OCC_SCH_Auditorium.
INFO  SecondarySchool Auditorium set occupant activity schedule to SchoolSecondary ACTIVITY_SCH.
INFO  SecondarySchool Auditorium set lighting schedule to SchoolSecondary BLDG_LIGHT_SCH_2013.
INFO  SecondarySchool Auditorium set electric equipment schedule to SchoolSecondary BLDG_EQUIP_SCH_2013.
INFO  SecondarySchool Cafeteria had no people, one has been created.
INFO  SecondarySchool Cafeteria set occupancy to 100.0 people/1000 ft^2.
INFO  SecondarySchool Cafeteria had no lights, one has been created.
INFO  SecondarySchool Cafeteria set LPD to 0.65 W/ft^2.
INFO  SecondarySchool Cafeteria had no electric equipment, one has been created.
INFO  SecondarySchool Cafeteria set electric EPD to 7.15 W/ft^2.
INFO  SecondarySchool Cafeteria had no ventilation specification, one has been created.
INFO  SecondarySchool Cafeteria set ventilation per area to 0.18 cfm/ft^2.
INFO  SecondarySchool Cafeteria set ventilation per person to 7.5 cfm/person.
INFO  SecondarySchool Cafeteria set occupancy schedule to SchoolSecondary BLDG_OCC_SCH_Cafeteria.
INFO  SecondarySchool Cafeteria set occupant activity schedule to SchoolSecondary ACTIVITY_SCH.
INFO  SecondarySchool Cafeteria set lighting schedule to SchoolSecondary BLDG_LIGHT_SCH_2013.
INFO  SecondarySchool Cafeteria set electric equipment schedule to SchoolSecondary KITCHEN_ELEC_EQUIP_SCH.
INFO  SecondarySchool Classroom had no people, one has been created.
INFO  SecondarySchool Classroom set occupancy to 35.0 people/1000 ft^2.
INFO  SecondarySchool Classroom had no lights, one has been created.
INFO  SecondarySchool Classroom set LPD to 1.24 W/ft^2.
INFO  SecondarySchool Classroom had no electric equipment, one has been created.
INFO  SecondarySchool Classroom set electric EPD to 0.929 W/ft^2.
INFO  SecondarySchool Classroom had no ventilation specification, one has been created.
INFO  SecondarySchool Classroom set ventilation per area to 0.12 cfm/ft^2.
INFO  SecondarySchool Classroom set ventilation per person to 10.0 cfm/person.
INFO  SecondarySchool Classroom set occupancy schedule to SchoolSecondary BLDG_OCC_SCH.
INFO  SecondarySchool Classroom set occupant activity schedule to SchoolSecondary ACTIVITY_SCH.
INFO  SecondarySchool Classroom set lighting schedule to SchoolSecondary BLDG_LIGHT_CLASSROOM_SCH_2013.
INFO  SecondarySchool Classroom set electric equipment schedule to SchoolSecondary BLDG_EQUIP_SCH_2013.
INFO  SecondarySchool ComputerRoom had no people, one has been created.
INFO  SecondarySchool ComputerRoom set occupancy to 35.0 people/1000 ft^2.
INFO  SecondarySchool ComputerRoom had no lights, one has been created.
INFO  SecondarySchool ComputerRoom set LPD to 1.24 W/ft^2.
INFO  SecondarySchool ComputerRoom had no electric equipment, one has been created.
INFO  SecondarySchool ComputerRoom set electric EPD to 1.858 W/ft^2.
INFO  SecondarySchool ComputerRoom had no ventilation specification, one has been created.
INFO  SecondarySchool ComputerRoom set ventilation per area to 0.12 cfm/ft^2.
INFO  SecondarySchool ComputerRoom set ventilation per person to 10.0 cfm/person.
INFO  SecondarySchool ComputerRoom set occupancy schedule to SchoolSecondary BLDG_OCC_SCH_Extend.
INFO  SecondarySchool ComputerRoom set occupant activity schedule to SchoolSecondary ACTIVITY_SCH.
INFO  SecondarySchool ComputerRoom set lighting schedule to SchoolSecondary BLDG_LIGHT_CLASSROOM_SCH_2013.
INFO  SecondarySchool ComputerRoom set electric equipment schedule to SchoolSecondary BLDG_EQUIP_SCH_2013.
INFO  SecondarySchool Corridor had no lights, one has been created.
INFO  SecondarySchool Corridor set LPD to 0.66 W/ft^2.
INFO  SecondarySchool Corridor had no electric equipment, one has been created.
INFO  SecondarySchool Corridor set electric EPD to 0.37 W/ft^2.
INFO  SecondarySchool Corridor had no ventilation specification, one has been created.
INFO  SecondarySchool Corridor set ventilation per area to 0.06 cfm/ft^2.
INFO  SecondarySchool Corridor set occupancy schedule to SchoolSecondary BLDG_OCC_SCH.
INFO  SecondarySchool Corridor set occupant activity schedule to SchoolSecondary ACTIVITY_SCH.
INFO  SecondarySchool Corridor set lighting schedule to SchoolSecondary BLDG_LIGHT_CORRIDOR_SCH_2013.
INFO  SecondarySchool Corridor set electric equipment schedule to SchoolSecondary BLDG_EQUIP_SCH_2013.
INFO  SecondarySchool Gym had no people, one has been created.
INFO  SecondarySchool Gym set occupancy to 30.0 people/1000 ft^2.
INFO  SecondarySchool Gym had no lights, one has been created.
INFO  SecondarySchool Gym set LPD to 0.72 W/ft^2.
INFO  SecondarySchool Gym had no electric equipment, one has been created.
INFO  SecondarySchool Gym set electric EPD to 0.46 W/ft^2.
INFO  SecondarySchool Gym had no ventilation specification, one has been created.
INFO  SecondarySchool Gym set ventilation per area to 0.3 cfm/ft^2.
INFO  SecondarySchool Gym set occupancy schedule to SchoolSecondary BLDG_OCC_SCH_Gym.
INFO  SecondarySchool Gym set occupant activity schedule to SchoolSecondary ACTIVITY_SCH.
INFO  SecondarySchool Gym set lighting schedule to SchoolSecondary BLDG_LIGHT_GYM_SCH_2013.
INFO  SecondarySchool Gym set electric equipment schedule to SchoolSecondary BLDG_EQUIP_SCH_2013.
INFO  SecondarySchool Kitchen had no people, one has been created.
INFO  SecondarySchool Kitchen set occupancy to 15.23 people/1000 ft^2.
INFO  SecondarySchool Kitchen had no lights, one has been created.
INFO  SecondarySchool Kitchen set LPD to 1.21 W/ft^2.
INFO  SecondarySchool Kitchen had no electric equipment, one has been created.
INFO  SecondarySchool Kitchen set electric EPD to 20.65 W/ft^2.
INFO  SecondarySchool Kitchen had no gas equipment, one has been created.
INFO  SecondarySchool Kitchen set gas EPD to 532.1 Btu/hr*ft^2.
INFO  SecondarySchool Kitchen had no ventilation specification, one has been created.
INFO  SecondarySchool Kitchen set ventilation per area to 0.18 cfm/ft^2.
INFO  SecondarySchool Kitchen set ventilation per person to 7.5 cfm/person.
INFO  SecondarySchool Kitchen set occupancy schedule to SchoolSecondary BLDG_OCC_SCH.
INFO  SecondarySchool Kitchen set occupant activity schedule to SchoolSecondary ACTIVITY_SCH.
INFO  SecondarySchool Kitchen set lighting schedule to SchoolSecondary BLDG_LIGHT_SCH_2013.
INFO  SecondarySchool Kitchen set electric equipment schedule to SchoolSecondary KITCHEN_ELEC_EQUIP_SCH.
INFO  SecondarySchool Kitchen set gas equipment schedule to SchoolSecondary KITCHEN_GAS_EQUIP_SCH.
INFO  SecondarySchool Library had no people, one has been created.
INFO  SecondarySchool Library set occupancy to 10.0 people/1000 ft^2.
INFO  SecondarySchool Library had no lights, one has been created.
INFO  SecondarySchool Library set LPD to 1.19 W/ft^2.
INFO  SecondarySchool Library had no electric equipment, one has been created.
INFO  SecondarySchool Library set electric EPD to 0.93 W/ft^2.
INFO  SecondarySchool Library had no ventilation specification, one has been created.
INFO  SecondarySchool Library set ventilation per area to 0.12 cfm/ft^2.
INFO  SecondarySchool Library set ventilation per person to 10.0 cfm/person.
INFO  SecondarySchool Library set occupancy schedule to SchoolSecondary BLDG_OCC_SCH.
INFO  SecondarySchool Library set occupant activity schedule to SchoolSecondary ACTIVITY_SCH.
INFO  SecondarySchool Library set lighting schedule to SchoolSecondary BLDG_LIGHT_LIBRARY_SCH_2013.
INFO  SecondarySchool Library set electric equipment schedule to SchoolSecondary BLDG_EQUIP_SCH_2013.
INFO  SecondarySchool Lobby had no lights, one has been created.
INFO  SecondarySchool Lobby set LPD to 0.9 W/ft^2.
INFO  SecondarySchool Lobby had no electric equipment, one has been created.
INFO  SecondarySchool Lobby set electric EPD to 0.37 W/ft^2.
INFO  SecondarySchool Lobby had no ventilation specification, one has been created.
INFO  SecondarySchool Lobby set ventilation per area to 0.06 cfm/ft^2.
INFO  SecondarySchool Lobby set occupancy schedule to SchoolSecondary BLDG_OCC_SCH.
INFO  SecondarySchool Lobby set occupant activity schedule to SchoolSecondary ACTIVITY_SCH.
INFO  SecondarySchool Lobby set lighting schedule to SchoolSecondary BLDG_LIGHT_LOBBYFLR1_SCH_2013.
INFO  SecondarySchool Lobby set electric equipment schedule to SchoolSecondary BLDG_EQUIP_SCH_2013.
INFO  SecondarySchool Mechanical had no lights, one has been created.
INFO  SecondarySchool Mechanical set LPD to 0.42 W/ft^2.
INFO  SecondarySchool Mechanical had no electric equipment, one has been created.
INFO  SecondarySchool Mechanical set electric EPD to 0.37 W/ft^2.
INFO  SecondarySchool Mechanical had no ventilation specification, one has been created.
INFO  SecondarySchool Mechanical set ventilation per area to 0.12 cfm/ft^2.
INFO  SecondarySchool Mechanical set occupancy schedule to SchoolSecondary BLDG_OCC_SCH.
INFO  SecondarySchool Mechanical set occupant activity schedule to SchoolSecondary ACTIVITY_SCH.
INFO  SecondarySchool Mechanical set lighting schedule to SchoolSecondary BLDG_LIGHT_MECHANICAL_SCH_2013.
INFO  SecondarySchool Mechanical set electric equipment schedule to SchoolSecondary BLDG_EQUIP_SCH_2013.
INFO  SecondarySchool Office had no people, one has been created.
INFO  SecondarySchool Office set occupancy to 5.0 people/1000 ft^2.
INFO  SecondarySchool Office had no lights, one has been created.
INFO  SecondarySchool Office set LPD to 1.11 W/ft^2.
INFO  SecondarySchool Office had no electric equipment, one has been created.
INFO  SecondarySchool Office set electric EPD to 1.0 W/ft^2.
INFO  SecondarySchool Office had no ventilation specification, one has been created.
INFO  SecondarySchool Office set ventilation per area to 0.06 cfm/ft^2.
INFO  SecondarySchool Office set ventilation per person to 5.0 cfm/person.
INFO  SecondarySchool Office set occupancy schedule to SchoolSecondary BLDG_OCC_SCH_Offices.
INFO  SecondarySchool Office set occupant activity schedule to SchoolSecondary ACTIVITY_SCH.
INFO  SecondarySchool Office set lighting schedule to SchoolSecondary BLDG_LIGHT_OFFICE_SCH_2013.
INFO  SecondarySchool Office set electric equipment schedule to SchoolSecondary BLDG_EQUIP_SCH_2013.
INFO  SecondarySchool Restroom had no lights, one has been created.
INFO  SecondarySchool Restroom set LPD to 0.98 W/ft^2.
INFO  SecondarySchool Restroom had no electric equipment, one has been created.
INFO  SecondarySchool Restroom set electric EPD to 0.37 W/ft^2.
INFO  SecondarySchool Restroom had no ventilation specification, one has been created.
INFO  SecondarySchool Restroom set ventilation per area to 0.06 cfm/ft^2.
INFO  SecondarySchool Restroom set occupancy schedule to SchoolSecondary BLDG_OCC_SCH.
INFO  SecondarySchool Restroom set occupant activity schedule to SchoolSecondary ACTIVITY_SCH.
INFO  SecondarySchool Restroom set lighting schedule to SchoolSecondary BLDG_LIGHT_BATH_SCH_2013.
INFO  SecondarySchool Restroom set electric equipment schedule to SchoolSecondary BLDG_EQUIP_SCH_2013.
INFO  SmallDataCenterHighITE ComputerRoom had no lights, one has been created.
INFO  SmallDataCenterHighITE ComputerRoom set LPD to 0.82 W/ft^2.
INFO  SmallDataCenterHighITE ComputerRoom had no electric equipment, one has been created.
INFO  SmallDataCenterHighITE ComputerRoom set electric EPD to 100.0 W/ft^2.
INFO  SmallDataCenterHighITE ComputerRoom had no ventilation specification, one has been created.
INFO  SmallDataCenterHighITE ComputerRoom set ventilation per area to 0.06 cfm/ft^2.
INFO  SmallDataCenterHighITE ComputerRoom set ventilation per person to 5.0 cfm/person.
INFO  SmallDataCenterHighITE ComputerRoom set lighting schedule to DataCenter Lighting_SCH.
INFO  SmallDataCenterHighITE ComputerRoom set electric equipment schedule to DataCenter Equipment_SCH.
INFO  SmallDataCenterLowITE ComputerRoom had no lights, one has been created.
INFO  SmallDataCenterLowITE ComputerRoom set LPD to 0.82 W/ft^2.
INFO  SmallDataCenterLowITE ComputerRoom had no electric equipment, one has been created.
INFO  SmallDataCenterLowITE ComputerRoom set electric EPD to 40.0 W/ft^2.
INFO  SmallDataCenterLowITE ComputerRoom had no ventilation specification, one has been created.
INFO  SmallDataCenterLowITE ComputerRoom set ventilation per area to 0.06 cfm/ft^2.
INFO  SmallDataCenterLowITE ComputerRoom set ventilation per person to 5.0 cfm/person.
INFO  SmallDataCenterLowITE ComputerRoom set lighting schedule to DataCenter Lighting_SCH.
INFO  SmallDataCenterLowITE ComputerRoom set electric equipment schedule to DataCenter Equipment_SCH.
INFO  SmallHotel Corridor had no lights, one has been created.
INFO  SmallHotel Corridor set LPD to 0.66 W/ft^2.
INFO  SmallHotel Corridor had no ventilation specification, one has been created.
INFO  SmallHotel Corridor set ventilation per area to 0.06 cfm/ft^2.
INFO  SmallHotel Corridor set occupancy schedule to HotelSmall AlwaysOff.
INFO  SmallHotel Corridor set occupant activity schedule to HotelSmall Activity_Sch.
INFO  SmallHotel Corridor set lighting schedule to HotelSmall BLDG_LIGHT_CORRIDOR_SCH_2013.
INFO  SmallHotel Corridor set electric equipment schedule to HotelSmall AlwaysOff.
INFO  SmallHotel Corridor4 had no lights, one has been created.
INFO  SmallHotel Corridor4 set LPD to 0.66 W/ft^2.
INFO  SmallHotel Corridor4 had no ventilation specification, one has been created.
INFO  SmallHotel Corridor4 set ventilation per area to 0.06 cfm/ft^2.
INFO  SmallHotel Corridor4 set occupancy schedule to HotelSmall AlwaysOff.
INFO  SmallHotel Corridor4 set occupant activity schedule to HotelSmall Activity_Sch.
INFO  SmallHotel Corridor4 set lighting schedule to HotelSmall BLDG_LIGHT_CORRIDOR_SCH_2013.
INFO  SmallHotel Corridor4 set electric equipment schedule to HotelSmall AlwaysOff.
INFO  SmallHotel Elec/MechRoom had no electric equipment, one has been created.
INFO  SmallHotel Elec/MechRoom set electric EPD to 198.2 W/ft^2.
INFO  SmallHotel Elec/MechRoom had no ventilation specification, one has been created.
INFO  SmallHotel Elec/MechRoom set ventilation per area to 0.12 cfm/ft^2.
INFO  SmallHotel Elec/MechRoom set lighting schedule to HotelSmall AlwaysOff.
INFO  SmallHotel Elec/MechRoom set electric equipment schedule to HotelSmall BLDG_ELEVATORS.
INFO  SmallHotel ElevatorCore had no ventilation specification, one has been created.
INFO  SmallHotel ElevatorCore set ventilation per area to 0.12 cfm/ft^2.
INFO  SmallHotel ElevatorCore set lighting schedule to HotelSmall AlwaysOff.
INFO  SmallHotel ElevatorCore set electric equipment schedule to HotelSmall BLDG_ELEVATORS.
INFO  SmallHotel ElevatorCore4 had no ventilation specification, one has been created.
INFO  SmallHotel ElevatorCore4 set ventilation per area to 0.12 cfm/ft^2.
INFO  SmallHotel ElevatorCore4 set lighting schedule to HotelSmall AlwaysOff.
INFO  SmallHotel ElevatorCore4 set electric equipment schedule to HotelSmall BLDG_ELEVATORS.
INFO  SmallHotel Exercise had no people, one has been created.
INFO  SmallHotel Exercise set occupancy to 19.94 people/1000 ft^2.
INFO  SmallHotel Exercise had no lights, one has been created.
INFO  SmallHotel Exercise set LPD to 0.72 W/ft^2.
INFO  SmallHotel Exercise had no electric equipment, one has been created.
INFO  SmallHotel Exercise set electric EPD to 1.73 W/ft^2.
INFO  SmallHotel Exercise had no ventilation specification, one has been created.
INFO  SmallHotel Exercise set ventilation per area to 0.06 cfm/ft^2.
INFO  SmallHotel Exercise set ventilation per person to 20.0 cfm/person.
INFO  SmallHotel Exercise set occupancy schedule to HotelSmall ExerciseCenter_Occ_Sch.
INFO  SmallHotel Exercise set occupant activity schedule to HotelSmall Activity_Sch.
INFO  SmallHotel Exercise set lighting schedule to HotelSmall BLDG_LIGHT_EXERCENTER_SCH.
INFO  SmallHotel Exercise set electric equipment schedule to HotelSmall ExerciseCenter_Eqp_Sch.
INFO  SmallHotel GuestLounge had no people, one has been created.
INFO  SmallHotel GuestLounge set occupancy to 30.0 people/1000 ft^2.
INFO  SmallHotel GuestLounge had no lights, one has been created.
INFO  SmallHotel GuestLounge set LPD to 1.06 W/ft^2.
INFO  SmallHotel GuestLounge had no electric equipment, one has been created.
INFO  SmallHotel GuestLounge set electric EPD to 2.42 W/ft^2.
INFO  SmallHotel GuestLounge had no ventilation specification, one has been created.
INFO  SmallHotel GuestLounge set ventilation per area to 0.06 cfm/ft^2.
INFO  SmallHotel GuestLounge set ventilation per person to 7.5 cfm/person.
INFO  SmallHotel GuestLounge set occupancy schedule to HotelSmall Lobby_Occ_Sch.
INFO  SmallHotel GuestLounge set occupant activity schedule to HotelSmall Activity_Sch.
INFO  SmallHotel GuestLounge set lighting schedule to HotelSmall BLDG_LIGHT_FRONTLOUNGE_SCH.
INFO  SmallHotel GuestLounge set electric equipment schedule to HotelSmall Lobby_Eqp_Sch.
INFO  SmallHotel GuestRoom had no people, one has been created.
INFO  SmallHotel GuestRoom set occupancy to 1.33 people/1000 ft^2.
INFO  SmallHotel GuestRoom had no lights, one has been created.
INFO  SmallHotel GuestRoom set LPD to 0.9 W/ft^2.
INFO  SmallHotel GuestRoom had no electric equipment, one has been created.
INFO  SmallHotel GuestRoom set electric EPD to 0.07000000000000005 W/ft^2.
INFO  SmallHotel GuestRoom had no ventilation specification, one has been created.
INFO  SmallHotel GuestRoom set ventilation per area to 0.06 cfm/ft^2.
INFO  SmallHotel GuestRoom set ventilation per person to 5.0 cfm/person.
INFO  SmallHotel GuestRoom set occupancy schedule to Hospital BLDG_OCC_SCH.
INFO  SmallHotel GuestRoom set occupant activity schedule to Hospital ACTIVITY_SCH.
INFO  SmallHotel GuestRoom set lighting schedule to Hospital BLDG_LIGHT_LOBBYFLR1_SCH.
INFO  SmallHotel GuestRoom set electric equipment schedule to Hospital BLDG_EQUIP_SCH.
INFO  SmallHotel GuestRoom123Occ had no people, one has been created.
INFO  SmallHotel GuestRoom123Occ set occupancy to 4.27 people/1000 ft^2.
INFO  SmallHotel GuestRoom123Occ had no lights, one has been created.
INFO  SmallHotel GuestRoom123Occ set LPD to 0.91 W/ft^2.
INFO  SmallHotel GuestRoom123Occ had no electric equipment, one has been created.
INFO  SmallHotel GuestRoom123Occ set electric EPD to 1.1 W/ft^2.
INFO  SmallHotel GuestRoom123Occ had no ventilation specification, one has been created.
INFO  SmallHotel GuestRoom123Occ set ventilation per area to 0.06 cfm/ft^2.
INFO  SmallHotel GuestRoom123Occ set ventilation per person to 5.0 cfm/person.
INFO  SmallHotel GuestRoom123Occ set occupancy schedule to HotelSmall GuestRoom_Occ_Sch.
INFO  SmallHotel GuestRoom123Occ set occupant activity schedule to HotelSmall Activity_Sch.
INFO  SmallHotel GuestRoom123Occ set lighting schedule to HotelSmall BLDG_LIGHT_GUESTROOM_SCH_2013.
INFO  SmallHotel GuestRoom123Occ set electric equipment schedule to HotelSmall GuestRoom_Eqp_Sch_Adva.
INFO  SmallHotel GuestRoom123Vac had no people, one has been created.
INFO  SmallHotel GuestRoom123Vac set occupancy to 4.27 people/1000 ft^2.
INFO  SmallHotel GuestRoom123Vac had no lights, one has been created.
INFO  SmallHotel GuestRoom123Vac set LPD to 0.91 W/ft^2.
INFO  SmallHotel GuestRoom123Vac had no electric equipment, one has been created.
INFO  SmallHotel GuestRoom123Vac set electric EPD to 1.1 W/ft^2.
INFO  SmallHotel GuestRoom123Vac had no ventilation specification, one has been created.
INFO  SmallHotel GuestRoom123Vac set ventilation per area to 0.06 cfm/ft^2.
INFO  SmallHotel GuestRoom123Vac set ventilation per person to 5.0 cfm/person.
INFO  SmallHotel GuestRoom123Vac set occupancy schedule to HotelSmall AlwaysOff.
INFO  SmallHotel GuestRoom123Vac set occupant activity schedule to HotelSmall Activity_Sch.
INFO  SmallHotel GuestRoom123Vac set lighting schedule to HotelSmall AlwaysOff.
INFO  SmallHotel GuestRoom123Vac set electric equipment schedule to HotelSmall AlwaysOff.
INFO  SmallHotel GuestRoom4Occ had no people, one has been created.
INFO  SmallHotel GuestRoom4Occ set occupancy to 4.27 people/1000 ft^2.
INFO  SmallHotel GuestRoom4Occ had no lights, one has been created.
INFO  SmallHotel GuestRoom4Occ set LPD to 0.91 W/ft^2.
INFO  SmallHotel GuestRoom4Occ had no electric equipment, one has been created.
INFO  SmallHotel GuestRoom4Occ set electric EPD to 1.1 W/ft^2.
INFO  SmallHotel GuestRoom4Occ had no ventilation specification, one has been created.
INFO  SmallHotel GuestRoom4Occ set ventilation per area to 0.06 cfm/ft^2.
INFO  SmallHotel GuestRoom4Occ set ventilation per person to 5.0 cfm/person.
INFO  SmallHotel GuestRoom4Occ set occupancy schedule to HotelSmall GuestRoom_Occ_Sch.
INFO  SmallHotel GuestRoom4Occ set occupant activity schedule to HotelSmall Activity_Sch.
INFO  SmallHotel GuestRoom4Occ set lighting schedule to HotelSmall BLDG_LIGHT_GUESTROOM_SCH_2013.
INFO  SmallHotel GuestRoom4Occ set electric equipment schedule to HotelSmall GuestRoom_Eqp_Sch_Adva.
INFO  SmallHotel GuestRoom4Vac had no people, one has been created.
INFO  SmallHotel GuestRoom4Vac set occupancy to 4.27 people/1000 ft^2.
INFO  SmallHotel GuestRoom4Vac had no lights, one has been created.
INFO  SmallHotel GuestRoom4Vac set LPD to 0.91 W/ft^2.
INFO  SmallHotel GuestRoom4Vac had no electric equipment, one has been created.
INFO  SmallHotel GuestRoom4Vac set electric EPD to 1.1 W/ft^2.
INFO  SmallHotel GuestRoom4Vac had no ventilation specification, one has been created.
INFO  SmallHotel GuestRoom4Vac set ventilation per area to 0.06 cfm/ft^2.
INFO  SmallHotel GuestRoom4Vac set ventilation per person to 5.0 cfm/person.
INFO  SmallHotel GuestRoom4Vac set occupancy schedule to HotelSmall AlwaysOff.
INFO  SmallHotel GuestRoom4Vac set occupant activity schedule to HotelSmall Activity_Sch.
INFO  SmallHotel GuestRoom4Vac set lighting schedule to HotelSmall AlwaysOff.
INFO  SmallHotel GuestRoom4Vac set electric equipment schedule to HotelSmall AlwaysOff.
INFO  SmallHotel Laundry had no people, one has been created.
INFO  SmallHotel Laundry set occupancy to 10.45 people/1000 ft^2.
INFO  SmallHotel Laundry had no lights, one has been created.
INFO  SmallHotel Laundry set LPD to 0.6 W/ft^2.
INFO  SmallHotel Laundry had no electric equipment, one has been created.
INFO  SmallHotel Laundry set electric EPD to 2.57 W/ft^2.
INFO  SmallHotel Laundry had no gas equipment, one has been created.
INFO  SmallHotel Laundry set gas EPD to 129.9 Btu/hr*ft^2.
INFO  SmallHotel Laundry had no ventilation specification, one has been created.
INFO  SmallHotel Laundry set ventilation per area to 0.06 cfm/ft^2.
INFO  SmallHotel Laundry set ventilation per person to 7.5 cfm/person.
INFO  SmallHotel Laundry set occupancy schedule to HotelSmall LaundryRoom_Occ_Sch.
INFO  SmallHotel Laundry set occupant activity schedule to HotelSmall Activity_Sch.
INFO  SmallHotel Laundry set lighting schedule to HotelSmall BLDG_LIGHT_LAUNDRY_SCH.
INFO  SmallHotel Laundry set electric equipment schedule to HotelSmall LaundryRoom_Eqp_Elec_Sch.
INFO  SmallHotel Laundry set gas equipment schedule to HotelSmall LaundryRoom_Eqp_Gas_Sch.
INFO  SmallHotel Mechanical had no lights, one has been created.
INFO  SmallHotel Mechanical set LPD to 0.42 W/ft^2.
INFO  SmallHotel Mechanical had no ventilation specification, one has been created.
INFO  SmallHotel Mechanical set ventilation per area to 0.12 cfm/ft^2.
INFO  SmallHotel Mechanical set occupancy schedule to HotelSmall AlwaysOff.
INFO  SmallHotel Mechanical set occupant activity schedule to HotelSmall Activity_Sch.
INFO  SmallHotel Mechanical set lighting schedule to HotelSmall BLDG_LIGHT_MECHROOM_SCH.
INFO  SmallHotel Mechanical set electric equipment schedule to HotelSmall AlwaysOff.
INFO  SmallHotel Meeting had no people, one has been created.
INFO  SmallHotel Meeting set occupancy to 50.0 people/1000 ft^2.
INFO  SmallHotel Meeting had no lights, one has been created.
INFO  SmallHotel Meeting set LPD to 1.23 W/ft^2.
INFO  SmallHotel Meeting had no electric equipment, one has been created.
INFO  SmallHotel Meeting set electric EPD to 0.574 W/ft^2.
INFO  SmallHotel Meeting had no ventilation specification, one has been created.
INFO  SmallHotel Meeting set ventilation per area to 0.06 cfm/ft^2.
INFO  SmallHotel Meeting set ventilation per person to 5.0 cfm/person.
INFO  SmallHotel Meeting set occupancy schedule to HotelSmall MeetingRoom_Occ_Sch.
INFO  SmallHotel Meeting set occupant activity schedule to HotelSmall Activity_Sch.
INFO  SmallHotel Meeting set lighting schedule to HotelSmall BLDG_LIGHT_MEETINGROOM_SCH.
INFO  SmallHotel Meeting set electric equipment schedule to HotelSmall MeetingRoom_Eqp_Sch.
INFO  SmallHotel Office had no people, one has been created.
INFO  SmallHotel Office set occupancy to 7.14 people/1000 ft^2.
INFO  SmallHotel Office had no lights, one has been created.
INFO  SmallHotel Office set LPD to 1.11 W/ft^2.
INFO  SmallHotel Office had no electric equipment, one has been created.
INFO  SmallHotel Office set electric EPD to 1.28 W/ft^2.
INFO  SmallHotel Office had no ventilation specification, one has been created.
INFO  SmallHotel Office set ventilation per area to 0.06 cfm/ft^2.
INFO  SmallHotel Office set ventilation per person to 5.0 cfm/person.
INFO  SmallHotel Office set occupancy schedule to HotelSmall Office_Occ_Sch.
INFO  SmallHotel Office set occupant activity schedule to HotelSmall Activity_Sch.
INFO  SmallHotel Office set lighting schedule to HotelSmall BLDG_LIGHT_OFFICE_SCH.
INFO  SmallHotel Office set electric equipment schedule to HotelSmall OFF_EQUIP_SCH.
INFO  SmallHotel PublicRestroom had no people, one has been created.
INFO  SmallHotel PublicRestroom set occupancy to 2.85 people/1000 ft^2.
INFO  SmallHotel PublicRestroom had no lights, one has been created.
INFO  SmallHotel PublicRestroom set LPD to 0.98 W/ft^2.
INFO  SmallHotel PublicRestroom had no ventilation specification, one has been created.
INFO  SmallHotel PublicRestroom set ventilation per area to 0.06 cfm/ft^2.
INFO  SmallHotel PublicRestroom set occupancy schedule to HotelSmall Lobby_Occ_Sch.
INFO  SmallHotel PublicRestroom set occupant activity schedule to HotelSmall Activity_Sch.
INFO  SmallHotel PublicRestroom set lighting schedule to HotelSmall BLDG_LIGHT_RESTROOM_SCH.
INFO  SmallHotel PublicRestroom set electric equipment schedule to HotelSmall Lobby_Eqp_Sch.
INFO  SmallHotel StaffLounge had no people, one has been created.
INFO  SmallHotel StaffLounge set occupancy to 51.28 people/1000 ft^2.
INFO  SmallHotel StaffLounge had no lights, one has been created.
INFO  SmallHotel StaffLounge set LPD to 0.73 W/ft^2.
INFO  SmallHotel StaffLounge had no electric equipment, one has been created.
INFO  SmallHotel StaffLounge set electric EPD to 2.0 W/ft^2.
INFO  SmallHotel StaffLounge had no ventilation specification, one has been created.
INFO  SmallHotel StaffLounge set ventilation per area to 0.06 cfm/ft^2.
INFO  SmallHotel StaffLounge set ventilation per person to 7.5 cfm/person.
INFO  SmallHotel StaffLounge set occupancy schedule to HotelSmall EmployeeLounge_Occ_Sch.
INFO  SmallHotel StaffLounge set occupant activity schedule to HotelSmall Activity_Sch.
INFO  SmallHotel StaffLounge set lighting schedule to HotelSmall BLDG_LIGHT_EMPLOYEELOUNGE_SCH.
INFO  SmallHotel StaffLounge set electric equipment schedule to HotelSmall EmployeeLounge_Eqp_Sch.
INFO  SmallHotel Stair had no lights, one has been created.
INFO  SmallHotel Stair set LPD to 0.69 W/ft^2.
INFO  SmallHotel Stair had no ventilation specification, one has been created.
INFO  SmallHotel Stair set ventilation per area to 0.06 cfm/ft^2.
INFO  SmallHotel Stair set occupancy schedule to HotelSmall AlwaysOff.
INFO  SmallHotel Stair set occupant activity schedule to HotelSmall Activity_Sch.
INFO  SmallHotel Stair set lighting schedule to HotelSmall BLDG_LIGHT_STAIR_SCH.
INFO  SmallHotel Stair set electric equipment schedule to HotelSmall AlwaysOff.
INFO  SmallHotel Stair4 had no lights, one has been created.
INFO  SmallHotel Stair4 set LPD to 0.69 W/ft^2.
INFO  SmallHotel Stair4 had no ventilation specification, one has been created.
INFO  SmallHotel Stair4 set ventilation per area to 0.06 cfm/ft^2.
INFO  SmallHotel Stair4 set occupancy schedule to HotelSmall AlwaysOff.
INFO  SmallHotel Stair4 set occupant activity schedule to HotelSmall Activity_Sch.
INFO  SmallHotel Stair4 set lighting schedule to HotelSmall BLDG_LIGHT_STAIR_SCH.
INFO  SmallHotel Stair4 set electric equipment schedule to HotelSmall AlwaysOff.
INFO  SmallHotel Storage had no lights, one has been created.
INFO  SmallHotel Storage set LPD to 0.63 W/ft^2.
INFO  SmallHotel Storage had no ventilation specification, one has been created.
INFO  SmallHotel Storage set ventilation per area to 0.12 cfm/ft^2.
INFO  SmallHotel Storage set occupancy schedule to HotelSmall AlwaysOff.
INFO  SmallHotel Storage set occupant activity schedule to HotelSmall Activity_Sch.
INFO  SmallHotel Storage set lighting schedule to HotelSmall BLDG_LIGHT_STORAGE_SCH.
INFO  SmallHotel Storage set electric equipment schedule to HotelSmall AlwaysOff.
INFO  SmallHotel Storage4Front had no lights, one has been created.
INFO  SmallHotel Storage4Front set LPD to 0.63 W/ft^2.
INFO  SmallHotel Storage4Front had no ventilation specification, one has been created.
INFO  SmallHotel Storage4Front set ventilation per area to 0.12 cfm/ft^2.
INFO  SmallHotel Storage4Front set occupancy schedule to HotelSmall AlwaysOff.
INFO  SmallHotel Storage4Front set occupant activity schedule to HotelSmall Activity_Sch.
INFO  SmallHotel Storage4Front set lighting schedule to HotelSmall BLDG_LIGHT_STORAGE_SCH.
INFO  SmallHotel Storage4Front set electric equipment schedule to HotelSmall AlwaysOff.
INFO  SmallHotel Storage4Rear had no lights, one has been created.
INFO  SmallHotel Storage4Rear set LPD to 0.63 W/ft^2.
INFO  SmallHotel Storage4Rear had no ventilation specification, one has been created.
INFO  SmallHotel Storage4Rear set ventilation per area to 0.12 cfm/ft^2.
INFO  SmallHotel Storage4Rear set occupancy schedule to HotelSmall AlwaysOff.
INFO  SmallHotel Storage4Rear set occupant activity schedule to HotelSmall Activity_Sch.
INFO  SmallHotel Storage4Rear set lighting schedule to HotelSmall BLDG_LIGHT_STORAGE_SCH.
INFO  SmallHotel Storage4Rear set electric equipment schedule to HotelSmall AlwaysOff.
INFO  StripMall Strip mall - type 0A had no people, one has been created.
INFO  StripMall Strip mall - type 0A set occupancy to 8.0 people/1000 ft^2.
INFO  StripMall Strip mall - type 0A had no lights, one has been created.
INFO  StripMall Strip mall - type 0A set LPD to 1.25 W/ft^2.
INFO  StripMall Strip mall - type 0A had no electric equipment, one has been created.
INFO  StripMall Strip mall - type 0A set electric EPD to 0.4 W/ft^2.
INFO  StripMall Strip mall - type 0A had no ventilation specification, one has been created.
INFO  StripMall Strip mall - type 0A set ventilation per area to 0.2325 cfm/ft^2.
INFO  StripMall Strip mall - type 0A set occupancy schedule to RetailStripmall Type1_OCC_SCH.
INFO  StripMall Strip mall - type 0A set occupant activity schedule to HotelSmall Activity_Sch.
INFO  StripMall Strip mall - type 0A set lighting schedule to RetailStripmall Type1_LIGHT_SCH_2013.
INFO  StripMall Strip mall - type 0A set electric equipment schedule to RetailStripmall Type1_EQUIP_SCH.
INFO  StripMall Strip mall - type 0B had no people, one has been created.
INFO  StripMall Strip mall - type 0B set occupancy to 8.0 people/1000 ft^2.
INFO  StripMall Strip mall - type 0B had no lights, one has been created.
INFO  StripMall Strip mall - type 0B set LPD to 1.25 W/ft^2.
INFO  StripMall Strip mall - type 0B had no electric equipment, one has been created.
INFO  StripMall Strip mall - type 0B set electric EPD to 0.4 W/ft^2.
INFO  StripMall Strip mall - type 0B had no ventilation specification, one has been created.
INFO  StripMall Strip mall - type 0B set ventilation per area to 0.2325 cfm/ft^2.
INFO  StripMall Strip mall - type 0B set occupancy schedule to RetailStripmall Type1_OCC_SCH.
INFO  StripMall Strip mall - type 0B set occupant activity schedule to HotelSmall Activity_Sch.
INFO  StripMall Strip mall - type 0B set lighting schedule to RetailStripmall Type1_LIGHT_SCH_2013.
INFO  StripMall Strip mall - type 0B set electric equipment schedule to RetailStripmall Type1_EQUIP_SCH.
INFO  StripMall Strip mall - type 1 had no people, one has been created.
INFO  StripMall Strip mall - type 1 set occupancy to 8.0 people/1000 ft^2.
INFO  StripMall Strip mall - type 1 had no lights, one has been created.
INFO  StripMall Strip mall - type 1 set LPD to 1.26 W/ft^2.
INFO  StripMall Strip mall - type 1 had no electric equipment, one has been created.
INFO  StripMall Strip mall - type 1 set electric EPD to 0.4 W/ft^2.
INFO  StripMall Strip mall - type 1 had no ventilation specification, one has been created.
INFO  StripMall Strip mall - type 1 set ventilation per area to 0.2325 cfm/ft^2.
INFO  StripMall Strip mall - type 1 set occupancy schedule to RetailStripmall Type1_OCC_SCH.
INFO  StripMall Strip mall - type 1 set occupant activity schedule to HotelSmall Activity_Sch.
INFO  StripMall Strip mall - type 1 set lighting schedule to RetailStripmall Type1_LIGHT_SCH_2013.
INFO  StripMall Strip mall - type 1 set electric equipment schedule to RetailStripmall Type1_EQUIP_SCH.
INFO  StripMall Strip mall - type 2 had no people, one has been created.
INFO  StripMall Strip mall - type 2 set occupancy to 8.0 people/1000 ft^2.
INFO  StripMall Strip mall - type 2 had no lights, one has been created.
INFO  StripMall Strip mall - type 2 set LPD to 1.26 W/ft^2.
INFO  StripMall Strip mall - type 2 had no electric equipment, one has been created.
INFO  StripMall Strip mall - type 2 set electric EPD to 0.4 W/ft^2.
INFO  StripMall Strip mall - type 2 had no ventilation specification, one has been created.
INFO  StripMall Strip mall - type 2 set ventilation per area to 0.2325 cfm/ft^2.
INFO  StripMall Strip mall - type 2 set occupancy schedule to RetailStripmall Type2_OCC_SCH.
INFO  StripMall Strip mall - type 2 set occupant activity schedule to HotelSmall Activity_Sch.
INFO  StripMall Strip mall - type 2 set lighting schedule to RetailStripmall Type2_LIGHT_SCH_2013.
INFO  StripMall Strip mall - type 2 set electric equipment schedule to RetailStripmall Type2_EQUIP_SCH.
INFO  StripMall Strip mall - type 3 had no people, one has been created.
INFO  StripMall Strip mall - type 3 set occupancy to 8.0 people/1000 ft^2.
INFO  StripMall Strip mall - type 3 had no lights, one has been created.
INFO  StripMall Strip mall - type 3 set LPD to 1.26 W/ft^2.
INFO  StripMall Strip mall - type 3 had no electric equipment, one has been created.
INFO  StripMall Strip mall - type 3 set electric EPD to 0.4 W/ft^2.
INFO  StripMall Strip mall - type 3 had no ventilation specification, one has been created.
INFO  StripMall Strip mall - type 3 set ventilation per area to 0.2325 cfm/ft^2.
INFO  StripMall Strip mall - type 3 set occupancy schedule to RetailStripmall Type3_OCC_SCH.
INFO  StripMall Strip mall - type 3 set occupant activity schedule to HotelSmall Activity_Sch.
INFO  StripMall Strip mall - type 3 set lighting schedule to RetailStripmall Type3_LIGHT_SCH_2013.
INFO  StripMall Strip mall - type 3 set electric equipment schedule to RetailStripmall Type3_EQUIP_SCH.
INFO  SuperMarket Bakery had no people, one has been created.
INFO  SuperMarket Bakery set occupancy to 8.0 people/1000 ft^2.
INFO  SuperMarket Bakery had no lights, one has been created.
INFO  SuperMarket Bakery set LPD to 1.21 W/ft^2.
INFO  SuperMarket Bakery had no electric equipment, one has been created.
INFO  SuperMarket Bakery set electric EPD to 0.01 W/ft^2.
INFO  SuperMarket Bakery had no gas equipment, one has been created.
INFO  SuperMarket Bakery set gas EPD to 8.54 Btu/hr*ft^2.
INFO  SuperMarket Bakery had no ventilation specification, one has been created.
INFO  SuperMarket Bakery set ventilation per area to 0.18 cfm/ft^2.
INFO  SuperMarket Bakery set ventilation per person to 7.5 cfm/person.
INFO  SuperMarket Bakery set occupancy schedule to SuperMarket Bldg Occ.
INFO  SuperMarket Bakery set occupant activity schedule to SuperMarket Activity.
INFO  SuperMarket Bakery set lighting schedule to SuperMarket Bldg Light.
INFO  SuperMarket Bakery set electric equipment schedule to SuperMarket Bldg Equip New.
INFO  SuperMarket Bakery set gas equipment schedule to SuperMarket Gas Equip New.
INFO  SuperMarket Corridor had no people, one has been created.
INFO  SuperMarket Corridor set occupancy to 8.0 people/1000 ft^2.
INFO  SuperMarket Corridor had no lights, one has been created.
INFO  SuperMarket Corridor set LPD to 0.66 W/ft^2.
INFO  SuperMarket Corridor had no ventilation specification, one has been created.
INFO  SuperMarket Corridor set ventilation per area to 0.06 cfm/ft^2.
INFO  SuperMarket Corridor set occupancy schedule to SuperMarket Bldg Occ.
INFO  SuperMarket Corridor set occupant activity schedule to SuperMarket Activity.
INFO  SuperMarket Corridor set lighting schedule to SuperMarket Bldg Light.
INFO  SuperMarket Corridor set electric equipment schedule to SuperMarket Bldg Equip New.
INFO  SuperMarket Deli had no people, one has been created.
INFO  SuperMarket Deli set occupancy to 8.0 people/1000 ft^2.
INFO  SuperMarket Deli had no lights, one has been created.
INFO  SuperMarket Deli set LPD to 1.21 W/ft^2.
INFO  SuperMarket Deli had no electric equipment, one has been created.
INFO  SuperMarket Deli set electric EPD to 0.83 W/ft^2.
INFO  SuperMarket Deli had no gas equipment, one has been created.
INFO  SuperMarket Deli set gas EPD to 8.52 Btu/hr*ft^2.
INFO  SuperMarket Deli had no ventilation specification, one has been created.
INFO  SuperMarket Deli set ventilation per area to 0.18 cfm/ft^2.
INFO  SuperMarket Deli set ventilation per person to 7.5 cfm/person.
INFO  SuperMarket Deli set occupancy schedule to SuperMarket Bldg Occ.
INFO  SuperMarket Deli set occupant activity schedule to SuperMarket Activity.
INFO  SuperMarket Deli set lighting schedule to SuperMarket Bldg Light.
INFO  SuperMarket Deli set electric equipment schedule to SuperMarket Bldg Equip New.
INFO  SuperMarket Deli set gas equipment schedule to SuperMarket Gas Equip New.
INFO  SuperMarket Dining had no people, one has been created.
INFO  SuperMarket Dining set occupancy to 70.0 people/1000 ft^2.
INFO  SuperMarket Dining had no lights, one has been created.
INFO  SuperMarket Dining set LPD to 0.65 W/ft^2.
INFO  SuperMarket Dining had no electric equipment, one has been created.
INFO  SuperMarket Dining set electric EPD to 3.83 W/ft^2.
INFO  SuperMarket Dining had no ventilation specification, one has been created.
INFO  SuperMarket Dining set ventilation per area to 0.18 cfm/ft^2.
INFO  SuperMarket Dining set ventilation per person to 7.5 cfm/person.
INFO  SuperMarket Dining set occupancy schedule to SuperMarket Bldg Occ.
INFO  SuperMarket Dining set occupant activity schedule to SuperMarket Activity.
INFO  SuperMarket Dining set lighting schedule to SuperMarket Bldg Light.
INFO  SuperMarket Dining set electric equipment schedule to SuperMarket Bldg Equip New.
INFO  SuperMarket DryStorage had no people, one has been created.
INFO  SuperMarket DryStorage set occupancy to 3.34 people/1000 ft^2.
INFO  SuperMarket DryStorage had no lights, one has been created.
INFO  SuperMarket DryStorage set LPD to 0.63 W/ft^2.
INFO  SuperMarket DryStorage had no electric equipment, one has been created.
INFO  SuperMarket DryStorage set electric EPD to 0.31 W/ft^2.
INFO  SuperMarket DryStorage had no ventilation specification, one has been created.
INFO  SuperMarket DryStorage set ventilation per area to 0.12 cfm/ft^2.
INFO  SuperMarket DryStorage set occupancy schedule to SuperMarket Bldg Occ.
INFO  SuperMarket DryStorage set occupant activity schedule to SuperMarket Activity.
INFO  SuperMarket DryStorage set lighting schedule to SuperMarket Bldg Light.
INFO  SuperMarket DryStorage set electric equipment schedule to SuperMarket Bldg Equip New.
INFO  SuperMarket Elec/MechRoom had no lights, one has been created.
INFO  SuperMarket Elec/MechRoom set LPD to 0.42 W/ft^2.
INFO  SuperMarket Elec/MechRoom had no ventilation specification, one has been created.
INFO  SuperMarket Elec/MechRoom set occupancy schedule to SuperMarket Bldg Occ.
INFO  SuperMarket Elec/MechRoom set occupant activity schedule to SuperMarket Activity.
INFO  SuperMarket Elec/MechRoom set lighting schedule to SuperMarket Bldg Light.
INFO  SuperMarket Elec/MechRoom set electric equipment schedule to SuperMarket Bldg Equip New.
INFO  SuperMarket Meeting had no people, one has been created.
INFO  SuperMarket Meeting set occupancy to 50.0 people/1000 ft^2.
INFO  SuperMarket Meeting had no lights, one has been created.
INFO  SuperMarket Meeting set LPD to 1.23 W/ft^2.
INFO  SuperMarket Meeting had no ventilation specification, one has been created.
INFO  SuperMarket Meeting set ventilation per area to 0.06 cfm/ft^2.
INFO  SuperMarket Meeting set ventilation per person to 5.0 cfm/person.
INFO  SuperMarket Meeting set occupancy schedule to SuperMarket Bldg Occ.
INFO  SuperMarket Meeting set occupant activity schedule to SuperMarket Activity.
INFO  SuperMarket Meeting set lighting schedule to SuperMarket Bldg Light.
INFO  SuperMarket Meeting set electric equipment schedule to SuperMarket Bldg Equip New.
INFO  SuperMarket Office had no people, one has been created.
INFO  SuperMarket Office set occupancy to 5.0 people/1000 ft^2.
INFO  SuperMarket Office had no lights, one has been created.
INFO  SuperMarket Office set LPD to 1.11 W/ft^2.
INFO  SuperMarket Office had no ventilation specification, one has been created.
INFO  SuperMarket Office set ventilation per area to 0.06 cfm/ft^2.
INFO  SuperMarket Office set ventilation per person to 5.0 cfm/person.
INFO  SuperMarket Office set occupancy schedule to SuperMarket Bldg Occ.
INFO  SuperMarket Office set occupant activity schedule to SuperMarket Activity.
INFO  SuperMarket Office set lighting schedule to SuperMarket Bldg Light.
INFO  SuperMarket Office set electric equipment schedule to SuperMarket Bldg Equip New.
INFO  SuperMarket Produce had no people, one has been created.
INFO  SuperMarket Produce set occupancy to 8.0 people/1000 ft^2.
INFO  SuperMarket Produce had no lights, one has been created.
INFO  SuperMarket Produce set LPD to 1.44 W/ft^2.
INFO  SuperMarket Produce had no electric equipment, one has been created.
INFO  SuperMarket Produce set electric EPD to 0.05 W/ft^2.
INFO  SuperMarket Produce had no ventilation specification, one has been created.
INFO  SuperMarket Produce set ventilation per area to 0.06 cfm/ft^2.
INFO  SuperMarket Produce set ventilation per person to 7.5 cfm/person.
INFO  SuperMarket Produce set occupancy schedule to SuperMarket Bldg Occ.
INFO  SuperMarket Produce set occupant activity schedule to SuperMarket Activity.
INFO  SuperMarket Produce set lighting schedule to SuperMarket Bldg Light.
INFO  SuperMarket Produce set electric equipment schedule to SuperMarket Bldg Equip New.
INFO  SuperMarket Restroom had no people, one has been created.
INFO  SuperMarket Restroom set occupancy to 8.0 people/1000 ft^2.
INFO  SuperMarket Restroom had no lights, one has been created.
INFO  SuperMarket Restroom set LPD to 0.98 W/ft^2.
INFO  SuperMarket Restroom had no ventilation specification, one has been created.
INFO  SuperMarket Restroom set ventilation per area to 1.04 cfm/ft^2.
INFO  SuperMarket Restroom set occupancy schedule to SuperMarket Bldg Occ.
INFO  SuperMarket Restroom set occupant activity schedule to SuperMarket Activity.
INFO  SuperMarket Restroom set lighting schedule to SuperMarket Bldg Light.
INFO  SuperMarket Restroom set electric equipment schedule to SuperMarket Bldg Equip New.
INFO  SuperMarket Sales had no people, one has been created.
INFO  SuperMarket Sales set occupancy to 8.0 people/1000 ft^2.
INFO  SuperMarket Sales had no lights, one has been created.
INFO  SuperMarket Sales set LPD to 1.44 W/ft^2.
INFO  SuperMarket Sales had no electric equipment, one has been created.
INFO  SuperMarket Sales set electric EPD to 1.02 W/ft^2.
INFO  SuperMarket Sales had no ventilation specification, one has been created.
INFO  SuperMarket Sales set ventilation per area to 0.06 cfm/ft^2.
INFO  SuperMarket Sales set ventilation per person to 7.5 cfm/person.
INFO  SuperMarket Sales set occupancy schedule to SuperMarket Bldg Occ.
INFO  SuperMarket Sales set occupant activity schedule to SuperMarket Activity.
INFO  SuperMarket Sales set lighting schedule to SuperMarket Bldg Light.
INFO  SuperMarket Sales set electric equipment schedule to SuperMarket Bldg Equip New.
INFO  SuperMarket Vestibule had no people, one has been created.
INFO  SuperMarket Vestibule set occupancy to 8.0 people/1000 ft^2.
INFO  SuperMarket Vestibule had no lights, one has been created.
INFO  SuperMarket Vestibule set LPD to 0.66 W/ft^2.
INFO  SuperMarket Vestibule had no ventilation specification, one has been created.
INFO  SuperMarket Vestibule set ventilation per area to 0.06 cfm/ft^2.
INFO  SuperMarket Vestibule set occupancy schedule to SuperMarket Bldg Occ.
INFO  SuperMarket Vestibule set occupant activity schedule to SuperMarket Activity.
INFO  SuperMarket Vestibule set lighting schedule to SuperMarket Bldg Light.
INFO  SuperMarket Vestibule set electric equipment schedule to SuperMarket Bldg Equip New.
INFO  Warehouse Bulk had no lights, one has been created.
INFO  Warehouse Bulk set LPD to 0.58 W/ft^2.
INFO  Warehouse Bulk had no electric equipment, one has been created.
INFO  Warehouse Bulk set electric EPD to 0.237684638 W/ft^2.
INFO  Warehouse Bulk had no ventilation specification, one has been created.
INFO  Warehouse Bulk set ventilation per area to 0.06 cfm/ft^2.
INFO  Warehouse Bulk set occupancy schedule to Warehouse BLDG_OCC_SCH.
INFO  Warehouse Bulk set occupant activity schedule to Warehouse Office Activity Schedule.
INFO  Warehouse Bulk set lighting schedule to Warehouse BLDG_LIGHT_STORAGE_SCH.
INFO  Warehouse Bulk set electric equipment schedule to Warehouse Bldg Equip.
INFO  Warehouse Fine had no lights, one has been created.
INFO  Warehouse Fine set LPD to 0.95 W/ft^2.
INFO  Warehouse Fine had no ventilation specification, one has been created.
INFO  Warehouse Fine set ventilation per area to 0.06 cfm/ft^2.
INFO  Warehouse Fine set occupancy schedule to Warehouse BLDG_OCC_SCH.
INFO  Warehouse Fine set occupant activity schedule to Warehouse Office Activity Schedule.
INFO  Warehouse Fine set lighting schedule to Warehouse BLDG_LIGHT_STORAGE_SCH.
INFO  Warehouse Fine set electric equipment schedule to Warehouse Bldg Equip.
INFO  Warehouse Office had no people, one has been created.
INFO  Warehouse Office set occupancy to 1.96 people/1000 ft^2.
INFO  Warehouse Office had no lights, one has been created.
INFO  Warehouse Office set LPD to 0.82 W/ft^2.
INFO  Warehouse Office had no electric equipment, one has been created.
INFO  Warehouse Office set electric EPD to 0.75 W/ft^2.
INFO  Warehouse Office had no ventilation specification, one has been created.
INFO  Warehouse Office set ventilation per area to 0.06 cfm/ft^2.
INFO  Warehouse Office set ventilation per person to 5.0 cfm/person.
INFO  Warehouse Office set occupancy schedule to Warehouse BLDG_OCC_SCH.
INFO  Warehouse Office set occupant activity schedule to Warehouse Office Activity Schedule.
INFO  Warehouse Office set lighting schedule to Warehouse BLDG_LIGHT_OFFICE_SCH_2013.
INFO  Warehouse Office set electric equipment schedule to Warehouse Office_Plug_SCH_2013.
INFO  Adding construction set: 90.1-2013-ASHRAE 169-2013-1A-Any-Attic-is_residentialNo
INFO  Adding construction Typical Attic Soffit.
INFO  Adding construction Typical Uninsulated Wood Joist Attic Roof.
INFO  Adding construction Typical Wood Joist Attic Floor R-37.04.
INFO  Adding construction set: 90.1-2013-ASHRAE 169-2013-1B-Any-Attic-is_residentialNo
INFO  Adding construction Typical Wood Joist Attic Floor R-37.04 1.
INFO  Adding construction set: 90.1-2013-ASHRAE 169-2013-2A-Any-Attic-is_residentialNo
INFO  Adding construction Typical Wood Joist Attic Floor R-37.04 2.
INFO  Adding construction set: 90.1-2013-ASHRAE 169-2013-2B-Any-Attic-is_residentialNo
INFO  Adding construction Typical Wood Joist Attic Floor R-37.04 3.
INFO  Adding construction set: 90.1-2013-ASHRAE 169-2013-3A-Any-Attic-is_residentialNo
INFO  Adding construction Typical Wood Joist Attic Floor R-37.04 4.
INFO  Adding construction set: 90.1-2013-ASHRAE 169-2013-3B-Any-Attic-is_residentialNo
INFO  Adding construction Typical Wood Joist Attic Floor R-37.04 5.
INFO  Adding construction set: 90.1-2013-ASHRAE 169-2013-3C-Any-Attic-is_residentialNo
INFO  Adding construction Typical Wood Joist Attic Floor R-37.04 6.
INFO  Adding construction set: 90.1-2013-ASHRAE 169-2013-4A-Any-Attic-is_residentialNo
INFO  Adding construction Typical Wood Joist Attic Floor R-47.62.
INFO  Adding construction set: 90.1-2013-ASHRAE 169-2013-4B-Any-Attic-is_residentialNo
INFO  Adding construction Typical Wood Joist Attic Floor R-47.62 1.
INFO  Adding construction set: 90.1-2013-ASHRAE 169-2013-4C-Any-Attic-is_residentialNo
INFO  Adding construction Typical Wood Joist Attic Floor R-47.62 2.
INFO  Adding construction set: 90.1-2013-ASHRAE 169-2013-5A-Any-Attic-is_residentialNo
INFO  Adding construction Typical Wood Joist Attic Floor R-47.62 3.
INFO  Adding construction set: 90.1-2013-ASHRAE 169-2013-5B-Any-Attic-is_residentialNo
INFO  Adding construction Typical Wood Joist Attic Floor R-47.62 4.
INFO  Adding construction set: 90.1-2013-ASHRAE 169-2013-5C-Any-Attic-is_residentialNo
INFO  Adding construction Typical Wood Joist Attic Floor R-47.62 5.
INFO  Adding construction set: 90.1-2013-ASHRAE 169-2013-6A-Any-Attic-is_residentialNo
INFO  Adding construction Typical Wood Joist Attic Floor R-47.62 6.
INFO  Adding construction set: 90.1-2013-ASHRAE 169-2013-6B-Any-Attic-is_residentialNo
INFO  Adding construction Typical Wood Joist Attic Floor R-47.62 7.
INFO  Adding construction set: 90.1-2013-ASHRAE 169-2013-7A-Any-Attic-is_residentialNo
INFO  Adding construction Typical Wood Joist Attic Floor R-58.82.
INFO  Adding construction set: 90.1-2013-ASHRAE 169-2013-7B-Any-Attic-is_residentialNo
INFO  Adding construction Typical Wood Joist Attic Floor R-58.82 1.
INFO  Adding construction set: 90.1-2013-ASHRAE 169-2013-8A-Any-Attic-is_residentialNo
INFO  Adding construction Typical Wood Joist Attic Floor R-58.82 2.
INFO  Adding construction set: 90.1-2013-ASHRAE 169-2013-8B-Any-Attic-is_residentialNo
INFO  Adding construction Typical Wood Joist Attic Floor R-58.82 3.
INFO  Adding construction set: 90.1-2013-ASHRAE 169-2013-1A-Any-Plenum-is_residentialNo
INFO  Adding construction Plenum Acoustical Tile.
INFO  Adding construction set: 90.1-2013-ASHRAE 169-2013-1B-Any-Plenum-is_residentialNo
INFO  Adding construction set: 90.1-2013-ASHRAE 169-2013-2A-Any-Plenum-is_residentialNo
INFO  Adding construction set: 90.1-2013-ASHRAE 169-2013-2B-Any-Plenum-is_residentialNo
INFO  Adding construction set: 90.1-2013-ASHRAE 169-2013-3A-Any-Plenum-is_residentialNo
INFO  Adding construction set: 90.1-2013-ASHRAE 169-2013-3B-Any-Plenum-is_residentialNo
INFO  Adding construction set: 90.1-2013-ASHRAE 169-2013-3C-Any-Plenum-is_residentialNo
INFO  Adding construction set: 90.1-2013-ASHRAE 169-2013-4A-Any-Plenum-is_residentialNo
INFO  Adding construction set: 90.1-2013-ASHRAE 169-2013-4B-Any-Plenum-is_residentialNo
INFO  Adding construction set: 90.1-2013-ASHRAE 169-2013-4C-Any-Plenum-is_residentialNo
INFO  Adding construction set: 90.1-2013-ASHRAE 169-2013-5A-Any-Plenum-is_residentialNo
INFO  Adding construction set: 90.1-2013-ASHRAE 169-2013-5B-Any-Plenum-is_residentialNo
INFO  Adding construction set: 90.1-2013-ASHRAE 169-2013-5C-Any-Plenum-is_residentialNo
INFO  Adding construction set: 90.1-2013-ASHRAE 169-2013-6A-Any-Plenum-is_residentialNo
INFO  Adding construction set: 90.1-2013-ASHRAE 169-2013-6B-Any-Plenum-is_residentialNo
INFO  Adding construction set: 90.1-2013-ASHRAE 169-2013-7A-Any-Plenum-is_residentialNo
INFO  Adding construction set: 90.1-2013-ASHRAE 169-2013-7B-Any-Plenum-is_residentialNo
INFO  Adding construction set: 90.1-2013-ASHRAE 169-2013-8A-Any-Plenum-is_residentialNo
INFO  Adding construction set: 90.1-2013-ASHRAE 169-2013-8B-Any-Plenum-is_residentialNo
INFO  Adding construction set: 90.1-2013-ASHRAE 169-2013-1A-College--is_residentialNo
INFO  Adding construction Typical Insulated Exterior Mass Floor R-3.11.
INFO  Adding construction Typical Insulated Steel Framed Exterior Wall R-8.06.
INFO  Adding construction Typical IEAD Roof - Highly Reflective R-20.83.
INFO  Adding construction Typical Interior Floor.
INFO  Adding construction Uninsulated Steel Stud Wall.
INFO  Adding construction Typical Interior Ceiling.
INFO  Adding construction Typical Insulated Carpeted 8in Slab Floor.
INFO  Adding construction Typical Insulated Basement Mass Wall.
WARN  Cannot find the VT for the simple glazing material named U 0.57 SHGC 0.25 Simple Glazing, a default value of 0.81 is used.
INFO  Adding construction U 0.57 SHGC 0.25 Simple Glazing.
WARN  Cannot find the VT for the simple glazing material named U 0.65 SHGC 0.25 Simple Glazing, a default value of 0.81 is used.
INFO  Adding construction U 0.65 SHGC 0.25 Simple Glazing.
INFO  Adding construction Typical Insulated Metal Door R-1.43.
WARN  Cannot find the VT for the simple glazing material named U 1.1 SHGC 0.25 Simple Glazing, a default value of 0.81 is used.
INFO  Adding construction U 1.1 SHGC 0.25 Simple Glazing.
INFO  Adding construction Typical Overhead Door R-0.86.
WARN  Find object search criteria returned 2 results, the first one will be returned. Called from :/ruby/3.2.0/gems/openstudio-standards-0.8.5/lib/openstudio-standards/standards/Standards.Model.rb:3079:in `model_add_construction'. 
 Search criteria: 
 {"name"=>"U 0.75 SHGC 0.35 Simple Glazing"}, capacity =  
  All results: 
 {"name"=>"U 0.75 SHGC 0.35 Simple Glazing", "intended_surface_type"=>nil, "standards_construction_type"=>nil, "insulation_layer"=>nil, "skylight_framing"=>nil, "materials"=>
WARN  Cannot find the VT for the simple glazing material named U 0.75 SHGC 0.35 Simple Glazing, a default value of 0.81 is used.
INFO  Adding construction U 0.75 SHGC 0.35 Simple Glazing.
INFO  Adding construction Typical Interior Window.
INFO  Adding construction Typical Interior Door.
INFO  Adding construction Typical Interior Partition.
INFO  Adding construction set: 90.1-2013-ASHRAE 169-2013-1B-College--is_residentialNo
INFO  Adding construction Typical Insulated Exterior Mass Floor R-3.11 1.
INFO  Adding construction Typical Insulated Steel Framed Exterior Wall R-8.06 1.
INFO  Adding construction Typical IEAD Roof - Highly Reflective R-20.83 1.
INFO  Adding construction Typical Insulated Metal Door R-1.43 1.
INFO  Adding construction Typical Overhead Door R-0.86 1.
INFO  Adding construction set: 90.1-2013-ASHRAE 169-2013-2A-College--is_residentialNo
INFO  Adding construction Typical Insulated Exterior Mass Floor R-9.35.
INFO  Adding construction Typical Insulated Steel Framed Exterior Wall R-11.9.
INFO  Adding construction Typical IEAD Roof - Highly Reflective R-25.64.
INFO  Adding construction Typical Insulated Metal Door R-1.43 2.
WARN  Cannot find the VT for the simple glazing material named U 0.83 SHGC 0.25 Simple Glazing, a default value of 0.81 is used.
INFO  Adding construction U 0.83 SHGC 0.25 Simple Glazing.
INFO  Adding construction Typical Overhead Door R-2.0.
WARN  Find object search criteria returned 2 results, the first one will be returned. Called from :/ruby/3.2.0/gems/openstudio-standards-0.8.5/lib/openstudio-standards/standards/Standards.Model.rb:3079:in `model_add_construction'. 
 Search criteria: 
 {"name"=>"U 0.65 SHGC 0.35 Simple Glazing"}, capacity =  
  All results: 
 {"name"=>"U 0.65 SHGC 0.35 Simple Glazing", "intended_surface_type"=>nil, "standards_construction_type"=>nil, "insulation_layer"=>nil, "skylight_framing"=>nil, "materials"=>
WARN  Cannot find the VT for the simple glazing material named U 0.65 SHGC 0.35 Simple Glazing, a default value of 0.81 is used.
INFO  Adding construction U 0.65 SHGC 0.35 Simple Glazing.
INFO  Adding construction set: 90.1-2013-ASHRAE 169-2013-2B-College--is_residentialNo
INFO  Adding construction Typical Insulated Exterior Mass Floor R-9.35 1.
INFO  Adding construction Typical Insulated Steel Framed Exterior Wall R-11.9 1.
INFO  Adding construction Typical IEAD Roof - Highly Reflective R-25.64 1.
INFO  Adding construction Typical Insulated Metal Door R-1.43 3.
INFO  Adding construction Typical Overhead Door R-2.0 1.
INFO  Adding construction set: 90.1-2013-ASHRAE 169-2013-3A-College--is_residentialNo
INFO  Adding construction Typical Insulated Exterior Mass Floor R-13.51.
INFO  Adding construction Typical Insulated Steel Framed Exterior Wall R-12.99.
INFO  Adding construction Typical IEAD Roof - Highly Reflective R-25.64 2.
WARN  Cannot find the VT for the simple glazing material named U 0.5 SHGC 0.25 Simple Glazing, a default value of 0.81 is used.
INFO  Adding construction U 0.5 SHGC 0.25 Simple Glazing.
WARN  Cannot find the VT for the simple glazing material named U 0.6 SHGC 0.25 Simple Glazing, a default value of 0.81 is used.
INFO  Adding construction U 0.6 SHGC 0.25 Simple Glazing.
INFO  Adding construction Typical Insulated Metal Door R-1.43 4.
WARN  Cannot find the VT for the simple glazing material named U 0.77 SHGC 0.25 Simple Glazing, a default value of 0.81 is used.
INFO  Adding construction U 0.77 SHGC 0.25 Simple Glazing.
INFO  Adding construction Typical Overhead Door R-2.0 2.
WARN  Find object search criteria returned 2 results, the first one will be returned. Called from :/ruby/3.2.0/gems/openstudio-standards-0.8.5/lib/openstudio-standards/standards/Standards.Model.rb:3079:in `model_add_construction'. 
 Search criteria: 
 {"name"=>"U 0.55 SHGC 0.35 Simple Glazing"}, capacity =  
  All results: 
 {"name"=>"U 0.55 SHGC 0.35 Simple Glazing", "intended_surface_type"=>"Skylight", "standards_construction_type"=>nil, "insulation_layer"=>nil, "skylight_framing"=>nil, "materials"=>
WARN  Cannot find the VT for the simple glazing material named U 0.55 SHGC 0.35 Simple Glazing, a default value of 0.81 is used.
INFO  Adding construction U 0.55 SHGC 0.35 Simple Glazing.
INFO  Adding construction set: 90.1-2013-ASHRAE 169-2013-3B-College--is_residentialNo
INFO  Adding construction Typical Insulated Exterior Mass Floor R-13.51 1.
INFO  Adding construction Typical Insulated Steel Framed Exterior Wall R-12.99 1.
INFO  Adding construction Typical IEAD Roof - Highly Reflective R-25.64 3.
INFO  Adding construction Typical Insulated Metal Door R-1.43 5.
INFO  Adding construction Typical Overhead Door R-2.0 3.
INFO  Adding construction set: 90.1-2013-ASHRAE 169-2013-3C-College--is_residentialNo
INFO  Adding construction Typical Insulated Exterior Mass Floor R-13.51 2.
INFO  Adding construction Typical Insulated Steel Framed Exterior Wall R-12.99 2.
INFO  Adding construction Typical IEAD Roof - Highly Reflective R-25.64 4.
INFO  Adding construction Typical Insulated Metal Door R-1.43 6.
INFO  Adding construction Typical Overhead Door R-2.0 4.
INFO  Adding construction set: 90.1-2013-ASHRAE 169-2013-4A-College--is_residentialNo
INFO  Adding construction Typical Insulated Exterior Mass Floor R-17.54.
INFO  Adding construction Typical Insulated Steel Framed Exterior Wall R-15.63.
INFO  Adding construction Typical IEAD Roof R-31.25.
WARN  Cannot find the VT for the simple glazing material named U 0.42 SHGC 0.4 Simple Glazing, a default value of 0.81 is used.
INFO  Adding construction U 0.42 SHGC 0.4 Simple Glazing.
WARN  Find object search criteria returned 2 results, the first one will be returned. Called from :/ruby/3.2.0/gems/openstudio-standards-0.8.5/lib/openstudio-standards/standards/Standards.Model.rb:3079:in `model_add_construction'. 
 Search criteria: 
 {"name"=>"U 0.5 SHGC 0.4 Simple Glazing"}, capacity =  
  All results: 
 {"name"=>"U 0.5 SHGC 0.4 Simple Glazing", "intended_surface_type"=>"Skylight", "standards_construction_type"=>nil, "insulation_layer"=>nil, "skylight_framing"=>nil, "materials"=>
WARN  Cannot find the VT for the simple glazing material named U 0.5 SHGC 0.4 Simple Glazing, a default value of 0.81 is used.
INFO  Adding construction U 0.5 SHGC 0.4 Simple Glazing.
INFO  Adding construction Typical Insulated Metal Door R-2.0.
WARN  Cannot find the VT for the simple glazing material named U 0.77 SHGC 0.4 Simple Glazing, a default value of 0.81 is used.
INFO  Adding construction U 0.77 SHGC 0.4 Simple Glazing.
INFO  Adding construction Typical Overhead Door R-2.0 5.
INFO  Adding construction set: 90.1-2013-ASHRAE 169-2013-4B-College--is_residentialNo
INFO  Adding construction Typical Insulated Exterior Mass Floor R-17.54 1.
INFO  Adding construction Typical Insulated Steel Framed Exterior Wall R-15.63 1.
INFO  Adding construction Typical IEAD Roof R-31.25 1.
INFO  Adding construction Typical Insulated Metal Door R-2.0 1.
INFO  Adding construction Typical Overhead Door R-2.0 6.
INFO  Adding construction set: 90.1-2013-ASHRAE 169-2013-4C-College--is_residentialNo
INFO  Adding construction Typical Insulated Exterior Mass Floor R-17.54 2.
INFO  Adding construction Typical Insulated Steel Framed Exterior Wall R-15.63 2.
INFO  Adding construction Typical IEAD Roof R-31.25 2.
INFO  Adding construction Typical Insulated Metal Door R-2.0 2.
INFO  Adding construction Typical Overhead Door R-2.0 7.
INFO  Adding construction set: 90.1-2013-ASHRAE 169-2013-5A-College--is_residentialNo
INFO  Adding construction Typical Insulated Exterior Mass Floor R-17.54 3.
INFO  Adding construction Typical Insulated Steel Framed Exterior Wall R-18.18.
INFO  Adding construction Typical IEAD Roof R-31.25 3.
INFO  Adding construction Typical Insulated Metal Door R-2.0 3.
INFO  Adding construction Typical Overhead Door R-2.0 8.
INFO  Adding construction set: 90.1-2013-ASHRAE 169-2013-5B-College--is_residentialNo
INFO  Adding construction Typical Insulated Exterior Mass Floor R-17.54 4.
INFO  Adding construction Typical Insulated Steel Framed Exterior Wall R-18.18 1.
INFO  Adding construction Typical IEAD Roof R-31.25 4.
INFO  Adding construction Typical Insulated Metal Door R-2.0 4.
INFO  Adding construction Typical Overhead Door R-2.0 9.
INFO  Adding construction set: 90.1-2013-ASHRAE 169-2013-5C-College--is_residentialNo
INFO  Adding construction Typical Insulated Exterior Mass Floor R-17.54 5.
INFO  Adding construction Typical Insulated Steel Framed Exterior Wall R-18.18 2.
INFO  Adding construction Typical IEAD Roof R-31.25 5.
INFO  Adding construction Typical Insulated Metal Door R-2.0 5.
INFO  Adding construction Typical Overhead Door R-2.0 10.
INFO  Adding construction set: 90.1-2013-ASHRAE 169-2013-6A-College--is_residentialNo
INFO  Adding construction Typical Insulated Exterior Mass Floor R-19.61.
INFO  Adding construction Typical Insulated Steel Framed Exterior Wall R-20.41.
INFO  Adding construction Typical IEAD Roof R-31.25 6.
INFO  Adding construction Typical Insulated Metal Door R-2.0 6.
INFO  Adding construction Typical Overhead Door R-2.0 11.
INFO  Adding construction set: 90.1-2013-ASHRAE 169-2013-6B-College--is_residentialNo
INFO  Adding construction Typical Insulated Exterior Mass Floor R-19.61 1.
INFO  Adding construction Typical Insulated Steel Framed Exterior Wall R-20.41 1.
INFO  Adding construction Typical IEAD Roof R-31.25 7.
INFO  Adding construction Typical Insulated Metal Door R-2.0 7.
INFO  Adding construction Typical Overhead Door R-2.0 12.
INFO  Adding construction set: 90.1-2013-ASHRAE 169-2013-7A-College--is_residentialNo
INFO  Adding construction Typical Insulated Exterior Mass Floor R-23.81.
INFO  Adding construction Typical Insulated Steel Framed Exterior Wall R-20.41 2.
INFO  Adding construction Typical IEAD Roof R-35.71.
WARN  Cannot find the VT for the simple glazing material named U 0.38 SHGC 0.45 Simple Glazing, a default value of 0.81 is used.
INFO  Adding construction U 0.38 SHGC 0.45 Simple Glazing.
WARN  Cannot find the VT for the simple glazing material named U 0.4 SHGC 0.45 Simple Glazing, a default value of 0.81 is used.
INFO  Adding construction U 0.4 SHGC 0.45 Simple Glazing.
INFO  Adding construction Typical Insulated Metal Door R-2.0 8.
WARN  Cannot find the VT for the simple glazing material named U 0.77 SHGC 0.45 Simple Glazing, a default value of 0.81 is used.
INFO  Adding construction U 0.77 SHGC 0.45 Simple Glazing.
INFO  Adding construction Typical Overhead Door R-2.0 13.
WARN  Cannot find the VT for the simple glazing material named U 0.5 SHGC 0.45 Simple Glazing, a default value of 0.81 is used.
INFO  Adding construction U 0.5 SHGC 0.45 Simple Glazing.
INFO  Adding construction set: 90.1-2013-ASHRAE 169-2013-7B-College--is_residentialNo
INFO  Adding construction Typical Insulated Exterior Mass Floor R-23.81 1.
INFO  Adding construction Typical Insulated Steel Framed Exterior Wall R-20.41 3.
INFO  Adding construction Typical IEAD Roof R-35.71 1.
INFO  Adding construction Typical Insulated Metal Door R-2.0 9.
INFO  Adding construction Typical Overhead Door R-2.0 14.
INFO  Adding construction set: 90.1-2013-ASHRAE 169-2013-8A-College--is_residentialNo
INFO  Adding construction Typical Insulated Exterior Mass Floor R-26.32.
INFO  Adding construction Typical Insulated Steel Framed Exterior Wall R-27.03.
INFO  Adding construction Typical IEAD Roof R-35.71 2.
INFO  Adding construction Typical Insulated Metal Door R-2.0 10.
INFO  Adding construction Typical Overhead Door R-2.0 15.
INFO  Adding construction set: 90.1-2013-ASHRAE 169-2013-8B-College--is_residentialNo
INFO  Adding construction Typical Insulated Exterior Mass Floor R-26.32 1.
INFO  Adding construction Typical Insulated Steel Framed Exterior Wall R-27.03 1.
INFO  Adding construction Typical IEAD Roof R-35.71 3.
INFO  Adding construction Typical Insulated Metal Door R-2.0 11.
INFO  Adding construction Typical Overhead Door R-2.0 16.
INFO  Adding construction set: 90.1-2013-ASHRAE 169-2013-1A-Courthouse--is_residentialNo
INFO  Adding construction Typical Insulated Exterior Mass Floor R-3.11 2.
INFO  Adding construction Typical Insulated Exterior Mass Wall R-2.39.
INFO  Adding construction Typical IEAD Roof - Highly Reflective R-20.83 2.
INFO  Adding construction Typical Interior Wall.
INFO  Adding construction Typical Insulated Metal Door R-1.43 7.
INFO  Adding construction Typical Overhead Door R-0.86 2.
INFO  Adding construction set: 90.1-2013-ASHRAE 169-2013-1B-Courthouse--is_residentialNo
INFO  Adding construction Typical Insulated Exterior Mass Floor R-3.11 3.
INFO  Adding construction Typical Insulated Exterior Mass Wall R-2.39 1.
INFO  Adding construction Typical IEAD Roof - Highly Reflective R-20.83 3.
INFO  Adding construction Typical Insulated Metal Door R-1.43 8.
INFO  Adding construction Typical Overhead Door R-0.86 3.
INFO  Adding construction set: 90.1-2013-ASHRAE 169-2013-2A-Courthouse--is_residentialNo
INFO  Adding construction Typical Insulated Exterior Mass Floor R-9.35 2.
INFO  Adding construction Typical Insulated Exterior Mass Wall R-6.62.
INFO  Adding construction Typical IEAD Roof - Highly Reflective R-25.64 5.
INFO  Adding construction Typical Insulated Metal Door R-1.43 9.
INFO  Adding construction Typical Overhead Door R-2.0 17.
INFO  Adding construction set: 90.1-2013-ASHRAE 169-2013-2B-Courthouse--is_residentialNo
INFO  Adding construction Typical Insulated Exterior Mass Floor R-9.35 3.
INFO  Adding construction Typical Insulated Exterior Mass Wall R-6.62 1.
INFO  Adding construction Typical IEAD Roof - Highly Reflective R-25.64 6.
INFO  Adding construction Typical Insulated Metal Door R-1.43 10.
INFO  Adding construction Typical Overhead Door R-2.0 18.
INFO  Adding construction set: 90.1-2013-ASHRAE 169-2013-3A-Courthouse--is_residentialNo
INFO  Adding construction Typical Insulated Exterior Mass Floor R-13.51 3.
INFO  Adding construction Typical Insulated Exterior Mass Wall R-8.13.
INFO  Adding construction Typical IEAD Roof - Highly Reflective R-25.64 7.
INFO  Adding construction Typical Insulated Metal Door R-1.43 11.
INFO  Adding construction Typical Overhead Door R-2.0 19.
INFO  Adding construction set: 90.1-2013-ASHRAE 169-2013-3B-Courthouse--is_residentialNo
INFO  Adding construction Typical Insulated Exterior Mass Floor R-13.51 4.
INFO  Adding construction Typical Insulated Exterior Mass Wall R-8.13 1.
INFO  Adding construction Typical IEAD Roof - Highly Reflective R-25.64 8.
INFO  Adding construction Typical Insulated Metal Door R-1.43 12.
INFO  Adding construction Typical Overhead Door R-2.0 20.
INFO  Adding construction set: 90.1-2013-ASHRAE 169-2013-3C-Courthouse--is_residentialNo
INFO  Adding construction Typical Insulated Exterior Mass Floor R-13.51 5.
INFO  Adding construction Typical Insulated Exterior Mass Wall R-8.13 2.
INFO  Adding construction Typical IEAD Roof - Highly Reflective R-25.64 9.
INFO  Adding construction Typical Insulated Metal Door R-1.43 13.
INFO  Adding construction Typical Overhead Door R-2.0 21.
INFO  Adding construction set: 90.1-2013-ASHRAE 169-2013-4A-Courthouse--is_residentialNo
INFO  Adding construction Typical Insulated Exterior Mass Floor R-17.54 6.
INFO  Adding construction Typical Insulated Exterior Mass Wall R-9.62.
INFO  Adding construction Typical IEAD Roof R-31.25 8.
INFO  Adding construction Typical Insulated Metal Door R-2.0 12.
INFO  Adding construction Typical Overhead Door R-2.0 22.
INFO  Adding construction set: 90.1-2013-ASHRAE 169-2013-4B-Courthouse--is_residentialNo
INFO  Adding construction Typical Insulated Exterior Mass Floor R-17.54 7.
INFO  Adding construction Typical Insulated Exterior Mass Wall R-9.62 1.
INFO  Adding construction Typical IEAD Roof R-31.25 9.
INFO  Adding construction Typical Insulated Metal Door R-2.0 13.
INFO  Adding construction Typical Overhead Door R-2.0 23.
INFO  Adding construction set: 90.1-2013-ASHRAE 169-2013-4C-Courthouse--is_residentialNo
INFO  Adding construction Typical Insulated Exterior Mass Floor R-17.54 8.
INFO  Adding construction Typical Insulated Exterior Mass Wall R-9.62 2.
INFO  Adding construction Typical IEAD Roof R-31.25 10.
INFO  Adding construction Typical Insulated Metal Door R-2.0 14.
INFO  Adding construction Typical Overhead Door R-2.0 24.
INFO  Adding construction set: 90.1-2013-ASHRAE 169-2013-5A-Courthouse--is_residentialNo
INFO  Adding construction Typical Insulated Exterior Mass Floor R-17.54 9.
INFO  Adding construction Typical Insulated Exterior Mass Wall R-11.11.
INFO  Adding construction Typical IEAD Roof R-31.25 11.
INFO  Adding construction Typical Insulated Metal Door R-2.0 15.
INFO  Adding construction Typical Overhead Door R-2.0 25.
INFO  Adding construction set: 90.1-2013-ASHRAE 169-2013-5B-Courthouse--is_residentialNo
INFO  Adding construction Typical Insulated Exterior Mass Floor R-17.54 10.
INFO  Adding construction Typical Insulated Exterior Mass Wall R-11.11 1.
INFO  Adding construction Typical IEAD Roof R-31.25 12.
INFO  Adding construction Typical Insulated Metal Door R-2.0 16.
INFO  Adding construction Typical Overhead Door R-2.0 26.
INFO  Adding construction set: 90.1-2013-ASHRAE 169-2013-5C-Courthouse--is_residentialNo
INFO  Adding construction Typical Insulated Exterior Mass Floor R-17.54 11.
INFO  Adding construction Typical Insulated Exterior Mass Wall R-11.11 2.
INFO  Adding construction Typical IEAD Roof R-31.25 13.
INFO  Adding construction Typical Insulated Metal Door R-2.0 17.
INFO  Adding construction Typical Overhead Door R-2.0 27.
INFO  Adding construction set: 90.1-2013-ASHRAE 169-2013-6A-Courthouse--is_residentialNo
INFO  Adding construction Typical Insulated Exterior Mass Floor R-19.61 2.
INFO  Adding construction Typical Insulated Exterior Mass Wall R-12.5.
INFO  Adding construction Typical IEAD Roof R-31.25 14.
INFO  Adding construction Typical Insulated Metal Door R-2.0 18.
INFO  Adding construction Typical Overhead Door R-2.0 28.
INFO  Adding construction set: 90.1-2013-ASHRAE 169-2013-6B-Courthouse--is_residentialNo
INFO  Adding construction Typical Insulated Exterior Mass Floor R-19.61 3.
INFO  Adding construction Typical Insulated Exterior Mass Wall R-12.5 1.
INFO  Adding construction Typical IEAD Roof R-31.25 15.
INFO  Adding construction Typical Insulated Metal Door R-2.0 19.
INFO  Adding construction Typical Overhead Door R-2.0 29.
INFO  Adding construction set: 90.1-2013-ASHRAE 169-2013-7A-Courthouse--is_residentialNo
INFO  Adding construction Typical Insulated Exterior Mass Floor R-23.81 2.
INFO  Adding construction Typical Insulated Exterior Mass Wall R-14.08.
INFO  Adding construction Typical IEAD Roof R-35.71 4.
INFO  Adding construction Typical Insulated Metal Door R-2.0 20.
INFO  Adding construction Typical Overhead Door R-2.0 30.
INFO  Adding construction set: 90.1-2013-ASHRAE 169-2013-7B-Courthouse--is_residentialNo
INFO  Adding construction Typical Insulated Exterior Mass Floor R-23.81 3.
INFO  Adding construction Typical Insulated Exterior Mass Wall R-14.08 1.
INFO  Adding construction Typical IEAD Roof R-35.71 5.
INFO  Adding construction Typical Insulated Metal Door R-2.0 21.
INFO  Adding construction Typical Overhead Door R-2.0 31.
INFO  Adding construction set: 90.1-2013-ASHRAE 169-2013-8A-Courthouse--is_residentialNo
INFO  Adding construction Typical Insulated Exterior Mass Floor R-26.32 2.
INFO  Adding construction Typical Insulated Exterior Mass Wall R-20.83.
INFO  Adding construction Typical IEAD Roof R-35.71 6.
INFO  Adding construction Typical Insulated Metal Door R-2.0 22.
INFO  Adding construction Typical Overhead Door R-2.0 32.
INFO  Adding construction set: 90.1-2013-ASHRAE 169-2013-8B-Courthouse--is_residentialNo
INFO  Adding construction Typical Insulated Exterior Mass Floor R-26.32 3.
INFO  Adding construction Typical Insulated Exterior Mass Wall R-20.83 1.
INFO  Adding construction Typical IEAD Roof R-35.71 7.
INFO  Adding construction Typical Insulated Metal Door R-2.0 23.
INFO  Adding construction Typical Overhead Door R-2.0 33.
INFO  Adding construction set: 90.1-2013-ASHRAE 169-2013-1A-FullServiceRestaurant--is_residentialNo
INFO  Adding construction Typical Insulated Exterior Mass Floor R-3.11 4.
INFO  Adding construction Typical Insulated Steel Framed Exterior Wall R-8.06 2.
INFO  Adding construction Typical Wood Joist Attic Floor R-37.04 7.
INFO  Adding construction Typical Insulated Metal Door R-1.43 14.
INFO  Adding construction Typical Overhead Door R-0.86 4.
INFO  Adding construction set: 90.1-2013-ASHRAE 169-2013-1B-FullServiceRestaurant--is_residentialNo
INFO  Adding construction Typical Insulated Exterior Mass Floor R-3.11 5.
INFO  Adding construction Typical Insulated Steel Framed Exterior Wall R-8.06 3.
INFO  Adding construction Typical Wood Joist Attic Floor R-37.04 8.
INFO  Adding construction Typical Insulated Metal Door R-1.43 15.
INFO  Adding construction Typical Overhead Door R-0.86 5.
INFO  Adding construction set: 90.1-2013-ASHRAE 169-2013-2A-FullServiceRestaurant--is_residentialNo
INFO  Adding construction Typical Insulated Exterior Mass Floor R-9.35 4.
INFO  Adding construction Typical Insulated Steel Framed Exterior Wall R-11.9 2.
INFO  Adding construction Typical Wood Joist Attic Floor R-37.04 9.
INFO  Adding construction Typical Insulated Metal Door R-1.43 16.
INFO  Adding construction Typical Overhead Door R-2.0 34.
INFO  Adding construction set: 90.1-2013-ASHRAE 169-2013-2B-FullServiceRestaurant--is_residentialNo
INFO  Adding construction Typical Insulated Exterior Mass Floor R-9.35 5.
INFO  Adding construction Typical Insulated Steel Framed Exterior Wall R-11.9 3.
INFO  Adding construction Typical Wood Joist Attic Floor R-37.04 10.
INFO  Adding construction Typical Insulated Metal Door R-1.43 17.
INFO  Adding construction Typical Overhead Door R-2.0 35.
INFO  Adding construction set: 90.1-2013-ASHRAE 169-2013-3A-FullServiceRestaurant--is_residentialNo
INFO  Adding construction Typical Insulated Exterior Mass Floor R-13.51 6.
INFO  Adding construction Typical Insulated Steel Framed Exterior Wall R-12.99 3.
INFO  Adding construction Typical Wood Joist Attic Floor R-37.04 11.
INFO  Adding construction Typical Insulated Metal Door R-1.43 18.
INFO  Adding construction Typical Overhead Door R-2.0 36.
INFO  Adding construction set: 90.1-2013-ASHRAE 169-2013-3B-FullServiceRestaurant--is_residentialNo
INFO  Adding construction Typical Insulated Exterior Mass Floor R-13.51 7.
INFO  Adding construction Typical Insulated Steel Framed Exterior Wall R-12.99 4.
INFO  Adding construction Typical Wood Joist Attic Floor R-37.04 12.
INFO  Adding construction Typical Insulated Metal Door R-1.43 19.
INFO  Adding construction Typical Overhead Door R-2.0 37.
INFO  Adding construction set: 90.1-2013-ASHRAE 169-2013-3C-FullServiceRestaurant--is_residentialNo
INFO  Adding construction Typical Insulated Exterior Mass Floor R-13.51 8.
INFO  Adding construction Typical Insulated Steel Framed Exterior Wall R-12.99 5.
INFO  Adding construction Typical Wood Joist Attic Floor R-37.04 13.
INFO  Adding construction Typical Insulated Metal Door R-1.43 20.
INFO  Adding construction Typical Overhead Door R-2.0 38.
INFO  Adding construction set: 90.1-2013-ASHRAE 169-2013-4A-FullServiceRestaurant--is_residentialNo
INFO  Adding construction Typical Insulated Exterior Mass Floor R-17.54 12.
INFO  Adding construction Typical Insulated Steel Framed Exterior Wall R-15.63 3.
INFO  Adding construction Typical Wood Joist Attic Floor R-47.62 8.
INFO  Adding construction Typical Insulated Metal Door R-2.0 24.
INFO  Adding construction Typical Overhead Door R-2.0 39.
INFO  Adding construction set: 90.1-2013-ASHRAE 169-2013-4B-FullServiceRestaurant--is_residentialNo
INFO  Adding construction Typical Insulated Exterior Mass Floor R-17.54 13.
INFO  Adding construction Typical Insulated Steel Framed Exterior Wall R-15.63 4.
INFO  Adding construction Typical Wood Joist Attic Floor R-47.62 9.
INFO  Adding construction Typical Insulated Metal Door R-2.0 25.
INFO  Adding construction Typical Overhead Door R-2.0 40.
INFO  Adding construction set: 90.1-2013-ASHRAE 169-2013-4C-FullServiceRestaurant--is_residentialNo
INFO  Adding construction Typical Insulated Exterior Mass Floor R-17.54 14.
INFO  Adding construction Typical Insulated Steel Framed Exterior Wall R-15.63 5.
INFO  Adding construction Typical Wood Joist Attic Floor R-47.62 10.
INFO  Adding construction Typical Insulated Metal Door R-2.0 26.
INFO  Adding construction Typical Overhead Door R-2.0 41.
INFO  Adding construction set: 90.1-2013-ASHRAE 169-2013-5A-FullServiceRestaurant--is_residentialNo
INFO  Adding construction Typical Insulated Exterior Mass Floor R-17.54 15.
INFO  Adding construction Typical Insulated Steel Framed Exterior Wall R-18.18 3.
INFO  Adding construction Typical Wood Joist Attic Floor R-47.62 11.
INFO  Adding construction Typical Insulated Metal Door R-2.0 27.
INFO  Adding construction Typical Overhead Door R-2.0 42.
INFO  Adding construction set: 90.1-2013-ASHRAE 169-2013-5B-FullServiceRestaurant--is_residentialNo
INFO  Adding construction Typical Insulated Exterior Mass Floor R-17.54 16.
INFO  Adding construction Typical Insulated Steel Framed Exterior Wall R-18.18 4.
INFO  Adding construction Typical Wood Joist Attic Floor R-47.62 12.
INFO  Adding construction Typical Insulated Metal Door R-2.0 28.
INFO  Adding construction Typical Overhead Door R-2.0 43.
INFO  Adding construction set: 90.1-2013-ASHRAE 169-2013-5C-FullServiceRestaurant--is_residentialNo
INFO  Adding construction Typical Insulated Exterior Mass Floor R-17.54 17.
INFO  Adding construction Typical Insulated Steel Framed Exterior Wall R-18.18 5.
INFO  Adding construction Typical Wood Joist Attic Floor R-47.62 13.
INFO  Adding construction Typical Insulated Metal Door R-2.0 29.
INFO  Adding construction Typical Overhead Door R-2.0 44.
INFO  Adding construction set: 90.1-2013-ASHRAE 169-2013-6A-FullServiceRestaurant--is_residentialNo
INFO  Adding construction Typical Insulated Exterior Mass Floor R-19.61 4.
INFO  Adding construction Typical Insulated Steel Framed Exterior Wall R-20.41 4.
INFO  Adding construction Typical Wood Joist Attic Floor R-47.62 14.
INFO  Adding construction Typical Insulated Metal Door R-2.0 30.
INFO  Adding construction Typical Overhead Door R-2.0 45.
INFO  Adding construction set: 90.1-2013-ASHRAE 169-2013-6B-FullServiceRestaurant--is_residentialNo
INFO  Adding construction Typical Insulated Exterior Mass Floor R-19.61 5.
INFO  Adding construction Typical Insulated Steel Framed Exterior Wall R-20.41 5.
INFO  Adding construction Typical Wood Joist Attic Floor R-47.62 15.
INFO  Adding construction Typical Insulated Metal Door R-2.0 31.
INFO  Adding construction Typical Overhead Door R-2.0 46.
INFO  Adding construction set: 90.1-2013-ASHRAE 169-2013-7A-FullServiceRestaurant--is_residentialNo
INFO  Adding construction Typical Insulated Exterior Mass Floor R-23.81 4.
INFO  Adding construction Typical Insulated Steel Framed Exterior Wall R-20.41 6.
INFO  Adding construction Typical Wood Joist Attic Floor R-58.82 4.
INFO  Adding construction Typical Insulated Metal Door R-2.0 32.
INFO  Adding construction Typical Overhead Door R-2.0 47.
INFO  Adding construction set: 90.1-2013-ASHRAE 169-2013-7B-FullServiceRestaurant--is_residentialNo
INFO  Adding construction Typical Insulated Exterior Mass Floor R-23.81 5.
INFO  Adding construction Typical Insulated Steel Framed Exterior Wall R-20.41 7.
INFO  Adding construction Typical Wood Joist Attic Floor R-58.82 5.
INFO  Adding construction Typical Insulated Metal Door R-2.0 33.
INFO  Adding construction Typical Overhead Door R-2.0 48.
INFO  Adding construction set: 90.1-2013-ASHRAE 169-2013-8A-FullServiceRestaurant--is_residentialNo
INFO  Adding construction Typical Insulated Exterior Mass Floor R-26.32 4.
INFO  Adding construction Typical Insulated Steel Framed Exterior Wall R-27.03 2.
INFO  Adding construction Typical Wood Joist Attic Floor R-58.82 6.
INFO  Adding construction Typical Insulated Metal Door R-2.0 34.
INFO  Adding construction Typical Overhead Door R-2.0 49.
INFO  Adding construction set: 90.1-2013-ASHRAE 169-2013-8B-FullServiceRestaurant--is_residentialNo
INFO  Adding construction Typical Insulated Exterior Mass Floor R-26.32 5.
INFO  Adding construction Typical Insulated Steel Framed Exterior Wall R-27.03 3.
INFO  Adding construction Typical Wood Joist Attic Floor R-58.82 7.
INFO  Adding construction Typical Insulated Metal Door R-2.0 35.
INFO  Adding construction Typical Overhead Door R-2.0 50.
INFO  Adding construction set: 90.1-2013-ASHRAE 169-2013-1A-HighriseApartment--is_residentialNo
INFO  Adding construction Typical Insulated Exterior Mass Floor R-3.11 6.
INFO  Adding construction Typical Insulated Steel Framed Exterior Wall R-8.06 4.
INFO  Adding construction Typical IEAD Roof - Highly Reflective R-20.83 4.
INFO  Adding construction Typical Insulated Carpeted 6in Slab Floor.
INFO  Adding construction Typical Insulated Metal Door R-1.43 21.
INFO  Adding construction Typical Overhead Door R-0.86 6.
INFO  Adding construction set: 90.1-2013-ASHRAE 169-2013-1B-HighriseApartment--is_residentialNo
INFO  Adding construction Typical Insulated Exterior Mass Floor R-3.11 7.
INFO  Adding construction Typical Insulated Steel Framed Exterior Wall R-8.06 5.
INFO  Adding construction Typical IEAD Roof - Highly Reflective R-20.83 5.
INFO  Adding construction Typical Insulated Metal Door R-1.43 22.
INFO  Adding construction Typical Overhead Door R-0.86 7.
INFO  Adding construction set: 90.1-2013-ASHRAE 169-2013-2A-HighriseApartment--is_residentialNo
INFO  Adding construction Typical Insulated Exterior Mass Floor R-11.49.
INFO  Adding construction Typical Insulated Steel Framed Exterior Wall R-15.63 6.
INFO  Adding construction Typical IEAD Roof - Highly Reflective R-25.64 10.
INFO  Adding construction Typical Insulated Metal Door R-1.43 23.
INFO  Adding construction Typical Overhead Door R-2.0 51.
INFO  Adding construction set: 90.1-2013-ASHRAE 169-2013-2B-HighriseApartment--is_residentialNo
INFO  Adding construction Typical Insulated Exterior Mass Floor R-11.49 1.
INFO  Adding construction Typical Insulated Steel Framed Exterior Wall R-15.63 7.
INFO  Adding construction Typical IEAD Roof - Highly Reflective R-25.64 11.
INFO  Adding construction Typical Insulated Metal Door R-1.43 24.
INFO  Adding construction Typical Overhead Door R-2.0 52.
INFO  Adding construction set: 90.1-2013-ASHRAE 169-2013-3A-HighriseApartment--is_residentialNo
INFO  Adding construction Typical Insulated Exterior Mass Floor R-13.51 9.
INFO  Adding construction Typical Insulated Steel Framed Exterior Wall R-15.63 8.
INFO  Adding construction Typical IEAD Roof - Highly Reflective R-25.64 12.
INFO  Adding construction Typical Insulated Metal Door R-1.43 25.
INFO  Adding construction Typical Overhead Door R-2.0 53.
INFO  Adding construction set: 90.1-2013-ASHRAE 169-2013-3B-HighriseApartment--is_residentialNo
INFO  Adding construction Typical Insulated Exterior Mass Floor R-13.51 10.
INFO  Adding construction Typical Insulated Steel Framed Exterior Wall R-15.63 9.
INFO  Adding construction Typical IEAD Roof - Highly Reflective R-25.64 13.
INFO  Adding construction Typical Insulated Metal Door R-1.43 26.
INFO  Adding construction Typical Overhead Door R-2.0 54.
INFO  Adding construction set: 90.1-2013-ASHRAE 169-2013-3C-HighriseApartment--is_residentialNo
INFO  Adding construction Typical Insulated Exterior Mass Floor R-13.51 11.
INFO  Adding construction Typical Insulated Steel Framed Exterior Wall R-15.63 10.
INFO  Adding construction Typical IEAD Roof - Highly Reflective R-25.64 14.
INFO  Adding construction Typical Insulated Metal Door R-1.43 27.
INFO  Adding construction Typical Overhead Door R-2.0 55.
INFO  Adding construction set: 90.1-2013-ASHRAE 169-2013-4A-HighriseApartment--is_residentialNo
INFO  Adding construction Typical Insulated Exterior Mass Floor R-19.61 6.
INFO  Adding construction Typical Insulated Steel Framed Exterior Wall R-15.63 11.
INFO  Adding construction Typical IEAD Roof R-31.25 16.
INFO  Adding construction Typical Insulated Metal Door R-2.0 36.
INFO  Adding construction Typical Overhead Door R-2.0 56.
INFO  Adding construction set: 90.1-2013-ASHRAE 169-2013-4B-HighriseApartment--is_residentialNo
INFO  Adding construction Typical Insulated Exterior Mass Floor R-19.61 7.
INFO  Adding construction Typical Insulated Steel Framed Exterior Wall R-15.63 12.
INFO  Adding construction Typical IEAD Roof R-31.25 17.
INFO  Adding construction Typical Insulated Metal Door R-2.0 37.
INFO  Adding construction Typical Overhead Door R-2.0 57.
INFO  Adding construction set: 90.1-2013-ASHRAE 169-2013-4C-HighriseApartment--is_residentialNo
INFO  Adding construction Typical Insulated Exterior Mass Floor R-19.61 8.
INFO  Adding construction Typical Insulated Steel Framed Exterior Wall R-15.63 13.
INFO  Adding construction Typical IEAD Roof R-31.25 18.
INFO  Adding construction Typical Insulated Metal Door R-2.0 38.
INFO  Adding construction Typical Overhead Door R-2.0 58.
INFO  Adding construction set: 90.1-2013-ASHRAE 169-2013-5A-HighriseApartment--is_residentialNo
INFO  Adding construction Typical Insulated Exterior Mass Floor R-19.61 9.
INFO  Adding construction Typical Insulated Steel Framed Exterior Wall R-18.18 6.
INFO  Adding construction Typical IEAD Roof R-31.25 19.
INFO  Adding construction Typical Insulated Metal Door R-2.0 39.
INFO  Adding construction Typical Overhead Door R-2.0 59.
INFO  Adding construction set: 90.1-2013-ASHRAE 169-2013-5B-HighriseApartment--is_residentialNo
INFO  Adding construction Typical Insulated Exterior Mass Floor R-19.61 10.
INFO  Adding construction Typical Insulated Steel Framed Exterior Wall R-18.18 7.
INFO  Adding construction Typical IEAD Roof R-31.25 20.
INFO  Adding construction Typical Insulated Metal Door R-2.0 40.
INFO  Adding construction Typical Overhead Door R-2.0 60.
INFO  Adding construction set: 90.1-2013-ASHRAE 169-2013-5C-HighriseApartment--is_residentialNo
INFO  Adding construction Typical Insulated Exterior Mass Floor R-19.61 11.
INFO  Adding construction Typical Insulated Steel Framed Exterior Wall R-18.18 8.
INFO  Adding construction Typical IEAD Roof R-31.25 21.
INFO  Adding construction Typical Insulated Metal Door R-2.0 41.
INFO  Adding construction Typical Overhead Door R-2.0 61.
INFO  Adding construction set: 90.1-2013-ASHRAE 169-2013-6A-HighriseApartment--is_residentialNo
INFO  Adding construction Typical Insulated Exterior Mass Floor R-19.61 12.
INFO  Adding construction Typical Insulated Steel Framed Exterior Wall R-20.41 8.
INFO  Adding construction Typical IEAD Roof R-31.25 22.
INFO  Adding construction Typical Insulated Metal Door R-2.0 42.
INFO  Adding construction Typical Overhead Door R-2.0 62.
INFO  Adding construction set: 90.1-2013-ASHRAE 169-2013-6B-HighriseApartment--is_residentialNo
INFO  Adding construction Typical Insulated Exterior Mass Floor R-19.61 13.
INFO  Adding construction Typical Insulated Steel Framed Exterior Wall R-20.41 9.
INFO  Adding construction Typical IEAD Roof R-31.25 23.
INFO  Adding construction Typical Insulated Metal Door R-2.0 43.
INFO  Adding construction Typical Overhead Door R-2.0 63.
INFO  Adding construction set: 90.1-2013-ASHRAE 169-2013-7A-HighriseApartment--is_residentialNo
INFO  Adding construction Typical Insulated Exterior Mass Floor R-23.81 6.
INFO  Adding construction Typical Insulated Steel Framed Exterior Wall R-23.81.
INFO  Adding construction Typical IEAD Roof R-35.71 8.
INFO  Adding construction Typical Insulated Metal Door R-2.0 44.
INFO  Adding construction Typical Overhead Door R-2.0 64.
INFO  Adding construction set: 90.1-2013-ASHRAE 169-2013-7B-HighriseApartment--is_residentialNo
INFO  Adding construction Typical Insulated Exterior Mass Floor R-23.81 7.
INFO  Adding construction Typical Insulated Steel Framed Exterior Wall R-23.81 1.
INFO  Adding construction Typical IEAD Roof R-35.71 9.
INFO  Adding construction Typical Insulated Metal Door R-2.0 45.
INFO  Adding construction Typical Overhead Door R-2.0 65.
INFO  Adding construction set: 90.1-2013-ASHRAE 169-2013-8A-HighriseApartment--is_residentialNo
INFO  Adding construction Typical Insulated Exterior Mass Floor R-26.32 6.
INFO  Adding construction Typical Insulated Steel Framed Exterior Wall R-27.03 4.
INFO  Adding construction Typical IEAD Roof R-35.71 10.
INFO  Adding construction Typical Insulated Metal Door R-2.0 46.
INFO  Adding construction Typical Overhead Door R-2.0 66.
INFO  Adding construction set: 90.1-2013-ASHRAE 169-2013-8B-HighriseApartment--is_residentialNo
INFO  Adding construction Typical Insulated Exterior Mass Floor R-26.32 7.
INFO  Adding construction Typical Insulated Steel Framed Exterior Wall R-27.03 5.
INFO  Adding construction Typical IEAD Roof R-35.71 11.
INFO  Adding construction Typical Insulated Metal Door R-2.0 47.
INFO  Adding construction Typical Overhead Door R-2.0 67.
INFO  Adding construction set: 90.1-2013-ASHRAE 169-2013-1A-Hospital-PatRoom-is_residentialNo
INFO  Adding construction Typical Insulated Exterior Mass Floor R-3.11 8.
INFO  Adding construction Typical Insulated Exterior Mass Wall R-6.62 2.
INFO  Adding construction Typical IEAD Roof - Highly Reflective R-25.64 15.
INFO  Adding construction Typical Insulated Metal Door R-1.43 28.
INFO  Adding construction Typical Overhead Door R-0.86 8.
INFO  Adding construction set: 90.1-2013-ASHRAE 169-2013-1B-Hospital-PatRoom-is_residentialNo
INFO  Adding construction Typical Insulated Exterior Mass Floor R-3.11 9.
INFO  Adding construction Typical Insulated Exterior Mass Wall R-6.62 3.
INFO  Adding construction Typical IEAD Roof - Highly Reflective R-25.64 16.
INFO  Adding construction Typical Insulated Metal Door R-1.43 29.
INFO  Adding construction Typical Overhead Door R-0.86 9.
INFO  Adding construction set: 90.1-2013-ASHRAE 169-2013-2A-Hospital-PatRoom-is_residentialNo
INFO  Adding construction Typical Insulated Exterior Mass Floor R-11.49 2.
INFO  Adding construction Typical Insulated Exterior Mass Wall R-8.13 3.
INFO  Adding construction Typical IEAD Roof - Highly Reflective R-25.64 17.
INFO  Adding construction Typical Insulated Metal Door R-1.43 30.
INFO  Adding construction Typical Overhead Door R-2.0 68.
INFO  Adding construction set: 90.1-2013-ASHRAE 169-2013-2B-Hospital-PatRoom-is_residentialNo
INFO  Adding construction Typical Insulated Exterior Mass Floor R-11.49 3.
INFO  Adding construction Typical Insulated Exterior Mass Wall R-8.13 4.
INFO  Adding construction Typical IEAD Roof - Highly Reflective R-25.64 18.
INFO  Adding construction Typical Insulated Metal Door R-1.43 31.
INFO  Adding construction Typical Overhead Door R-2.0 69.
INFO  Adding construction set: 90.1-2013-ASHRAE 169-2013-3A-Hospital-PatRoom-is_residentialNo
INFO  Adding construction Typical Insulated Exterior Mass Floor R-13.51 12.
INFO  Adding construction Typical Insulated Exterior Mass Wall R-9.62 3.
INFO  Adding construction Typical IEAD Roof - Highly Reflective R-25.64 19.
INFO  Adding construction Typical Insulated Metal Door R-1.43 32.
INFO  Adding construction Typical Overhead Door R-2.0 70.
INFO  Adding construction set: 90.1-2013-ASHRAE 169-2013-3B-Hospital-PatRoom-is_residentialNo
INFO  Adding construction Typical Insulated Exterior Mass Floor R-13.51 13.
INFO  Adding construction Typical Insulated Exterior Mass Wall R-9.62 4.
INFO  Adding construction Typical IEAD Roof - Highly Reflective R-25.64 20.
INFO  Adding construction Typical Insulated Metal Door R-1.43 33.
INFO  Adding construction Typical Overhead Door R-2.0 71.
INFO  Adding construction set: 90.1-2013-ASHRAE 169-2013-3C-Hospital-PatRoom-is_residentialNo
INFO  Adding construction Typical Insulated Exterior Mass Floor R-13.51 14.
INFO  Adding construction Typical Insulated Exterior Mass Wall R-9.62 5.
INFO  Adding construction Typical IEAD Roof - Highly Reflective R-25.64 21.
INFO  Adding construction Typical Insulated Metal Door R-1.43 34.
INFO  Adding construction Typical Overhead Door R-2.0 72.
INFO  Adding construction set: 90.1-2013-ASHRAE 169-2013-4A-Hospital-PatRoom-is_residentialNo
INFO  Adding construction Typical Insulated Exterior Mass Floor R-19.61 14.
INFO  Adding construction Typical Insulated Exterior Mass Wall R-11.11 3.
INFO  Adding construction Typical IEAD Roof R-31.25 24.
INFO  Adding construction Typical Insulated Metal Door R-2.0 48.
INFO  Adding construction Typical Overhead Door R-2.0 73.
INFO  Adding construction set: 90.1-2013-ASHRAE 169-2013-4B-Hospital-PatRoom-is_residentialNo
INFO  Adding construction Typical Insulated Exterior Mass Floor R-19.61 15.
INFO  Adding construction Typical Insulated Exterior Mass Wall R-11.11 4.
INFO  Adding construction Typical IEAD Roof R-31.25 25.
INFO  Adding construction Typical Insulated Metal Door R-2.0 49.
INFO  Adding construction Typical Overhead Door R-2.0 74.
INFO  Adding construction set: 90.1-2013-ASHRAE 169-2013-4C-Hospital-PatRoom-is_residentialNo
INFO  Adding construction Typical Insulated Exterior Mass Floor R-19.61 16.
INFO  Adding construction Typical Insulated Exterior Mass Wall R-11.11 5.
INFO  Adding construction Typical IEAD Roof R-31.25 26.
INFO  Adding construction Typical Insulated Metal Door R-2.0 50.
INFO  Adding construction Typical Overhead Door R-2.0 75.
INFO  Adding construction set: 90.1-2013-ASHRAE 169-2013-5A-Hospital-PatRoom-is_residentialNo
INFO  Adding construction Typical Insulated Exterior Mass Floor R-19.61 17.
INFO  Adding construction Typical Insulated Exterior Mass Wall R-12.5 2.
INFO  Adding construction Typical IEAD Roof R-31.25 27.
INFO  Adding construction Typical Insulated Metal Door R-2.0 51.
INFO  Adding construction Typical Overhead Door R-2.0 76.
INFO  Adding construction set: 90.1-2013-ASHRAE 169-2013-5B-Hospital-PatRoom-is_residentialNo
INFO  Adding construction Typical Insulated Exterior Mass Floor R-19.61 18.
INFO  Adding construction Typical Insulated Exterior Mass Wall R-12.5 3.
INFO  Adding construction Typical IEAD Roof R-31.25 28.
INFO  Adding construction Typical Insulated Metal Door R-2.0 52.
INFO  Adding construction Typical Overhead Door R-2.0 77.
INFO  Adding construction set: 90.1-2013-ASHRAE 169-2013-5C-Hospital-PatRoom-is_residentialNo
INFO  Adding construction Typical Insulated Exterior Mass Floor R-19.61 19.
INFO  Adding construction Typical Insulated Exterior Mass Wall R-12.5 4.
INFO  Adding construction Typical IEAD Roof R-31.25 29.
INFO  Adding construction Typical Insulated Metal Door R-2.0 53.
INFO  Adding construction Typical Overhead Door R-2.0 78.
INFO  Adding construction set: 90.1-2013-ASHRAE 169-2013-6A-Hospital-PatRoom-is_residentialNo
INFO  Adding construction Typical Insulated Exterior Mass Floor R-19.61 20.
INFO  Adding construction Typical Insulated Exterior Mass Wall R-14.08 2.
INFO  Adding construction Typical IEAD Roof R-31.25 30.
INFO  Adding construction Typical Insulated Metal Door R-2.0 54.
INFO  Adding construction Typical Overhead Door R-2.0 79.
INFO  Adding construction set: 90.1-2013-ASHRAE 169-2013-6B-Hospital-PatRoom-is_residentialNo
INFO  Adding construction Typical Insulated Exterior Mass Floor R-19.61 21.
INFO  Adding construction Typical Insulated Exterior Mass Wall R-14.08 3.
INFO  Adding construction Typical IEAD Roof R-31.25 31.
INFO  Adding construction Typical Insulated Metal Door R-2.0 55.
INFO  Adding construction Typical Overhead Door R-2.0 80.
INFO  Adding construction set: 90.1-2013-ASHRAE 169-2013-7A-Hospital-PatRoom-is_residentialNo
INFO  Adding construction Typical Insulated Exterior Mass Floor R-23.81 8.
INFO  Adding construction Typical Insulated Exterior Mass Wall R-14.08 4.
INFO  Adding construction Typical IEAD Roof R-35.71 12.
INFO  Adding construction Typical Insulated Metal Door R-2.0 56.
INFO  Adding construction Typical Overhead Door R-2.0 81.
INFO  Adding construction set: 90.1-2013-ASHRAE 169-2013-7B-Hospital-PatRoom-is_residentialNo
INFO  Adding construction Typical Insulated Exterior Mass Floor R-23.81 9.
INFO  Adding construction Typical Insulated Exterior Mass Wall R-14.08 5.
INFO  Adding construction Typical IEAD Roof R-35.71 13.
INFO  Adding construction Typical Insulated Metal Door R-2.0 57.
INFO  Adding construction Typical Overhead Door R-2.0 82.
INFO  Adding construction set: 90.1-2013-ASHRAE 169-2013-8A-Hospital-PatRoom-is_residentialNo
INFO  Adding construction Typical Insulated Exterior Mass Floor R-26.32 8.
INFO  Adding construction Typical Insulated Exterior Mass Wall R-20.83 2.
INFO  Adding construction Typical IEAD Roof R-35.71 14.
INFO  Adding construction Typical Insulated Metal Door R-2.0 58.
INFO  Adding construction Typical Overhead Door R-2.0 83.
INFO  Adding construction set: 90.1-2013-ASHRAE 169-2013-8B-Hospital-PatRoom-is_residentialNo
INFO  Adding construction Typical Insulated Exterior Mass Floor R-26.32 9.
INFO  Adding construction Typical Insulated Exterior Mass Wall R-20.83 3.
INFO  Adding construction Typical IEAD Roof R-35.71 15.
INFO  Adding construction Typical Insulated Metal Door R-2.0 59.
INFO  Adding construction Typical Overhead Door R-2.0 84.
INFO  Adding construction set: 90.1-2013-ASHRAE 169-2013-1A-Hospital--is_residentialNo
INFO  Adding construction Typical Insulated Exterior Mass Floor R-3.11 10.
INFO  Adding construction Typical Insulated Exterior Mass Wall R-2.39 2.
INFO  Adding construction Typical IEAD Roof - Highly Reflective R-20.83 6.
INFO  Adding construction Typical Insulated Metal Door R-1.43 35.
INFO  Adding construction Typical Overhead Door R-0.86 10.
INFO  Adding construction set: 90.1-2013-ASHRAE 169-2013-1B-Hospital--is_residentialNo
INFO  Adding construction Typical Insulated Exterior Mass Floor R-3.11 11.
INFO  Adding construction Typical Insulated Exterior Mass Wall R-2.39 3.
INFO  Adding construction Typical IEAD Roof - Highly Reflective R-20.83 7.
INFO  Adding construction Typical Insulated Metal Door R-1.43 36.
INFO  Adding construction Typical Overhead Door R-0.86 11.
INFO  Adding construction set: 90.1-2013-ASHRAE 169-2013-2A-Hospital--is_residentialNo
INFO  Adding construction Typical Insulated Exterior Mass Floor R-9.35 6.
INFO  Adding construction Typical Insulated Exterior Mass Wall R-6.62 4.
INFO  Adding construction Typical IEAD Roof - Highly Reflective R-25.64 22.
INFO  Adding construction Typical Insulated Metal Door R-1.43 37.
INFO  Adding construction Typical Overhead Door R-2.0 85.
INFO  Adding construction set: 90.1-2013-ASHRAE 169-2013-2B-Hospital--is_residentialNo
INFO  Adding construction Typical Insulated Exterior Mass Floor R-9.35 7.
INFO  Adding construction Typical Insulated Exterior Mass Wall R-6.62 5.
INFO  Adding construction Typical IEAD Roof - Highly Reflective R-25.64 23.
INFO  Adding construction Typical Insulated Metal Door R-1.43 38.
INFO  Adding construction Typical Overhead Door R-2.0 86.
INFO  Adding construction set: 90.1-2013-ASHRAE 169-2013-3A-Hospital--is_residentialNo
INFO  Adding construction Typical Insulated Exterior Mass Floor R-13.51 15.
INFO  Adding construction Typical Insulated Exterior Mass Wall R-8.13 5.
INFO  Adding construction Typical IEAD Roof - Highly Reflective R-25.64 24.
INFO  Adding construction Typical Insulated Metal Door R-1.43 39.
INFO  Adding construction Typical Overhead Door R-2.0 87.
INFO  Adding construction set: 90.1-2013-ASHRAE 169-2013-3B-Hospital--is_residentialNo
INFO  Adding construction Typical Insulated Exterior Mass Floor R-13.51 16.
INFO  Adding construction Typical Insulated Exterior Mass Wall R-8.13 6.
INFO  Adding construction Typical IEAD Roof - Highly Reflective R-25.64 25.
INFO  Adding construction Typical Insulated Metal Door R-1.43 40.
INFO  Adding construction Typical Overhead Door R-2.0 88.
INFO  Adding construction set: 90.1-2013-ASHRAE 169-2013-3C-Hospital--is_residentialNo
INFO  Adding construction Typical Insulated Exterior Mass Floor R-13.51 17.
INFO  Adding construction Typical Insulated Exterior Mass Wall R-8.13 7.
INFO  Adding construction Typical IEAD Roof - Highly Reflective R-25.64 26.
INFO  Adding construction Typical Insulated Metal Door R-1.43 41.
INFO  Adding construction Typical Overhead Door R-2.0 89.
INFO  Adding construction set: 90.1-2013-ASHRAE 169-2013-4A-Hospital--is_residentialNo
INFO  Adding construction Typical Insulated Exterior Mass Floor R-17.54 18.
INFO  Adding construction Typical Insulated Exterior Mass Wall R-9.62 6.
INFO  Adding construction Typical IEAD Roof R-31.25 32.
INFO  Adding construction Typical Insulated Metal Door R-2.0 60.
INFO  Adding construction Typical Overhead Door R-2.0 90.
INFO  Adding construction set: 90.1-2013-ASHRAE 169-2013-4B-Hospital--is_residentialNo
INFO  Adding construction Typical Insulated Exterior Mass Floor R-17.54 19.
INFO  Adding construction Typical Insulated Exterior Mass Wall R-9.62 7.
INFO  Adding construction Typical IEAD Roof R-31.25 33.
INFO  Adding construction Typical Insulated Metal Door R-2.0 61.
INFO  Adding construction Typical Overhead Door R-2.0 91.
INFO  Adding construction set: 90.1-2013-ASHRAE 169-2013-4C-Hospital--is_residentialNo
INFO  Adding construction Typical Insulated Exterior Mass Floor R-17.54 20.
INFO  Adding construction Typical Insulated Exterior Mass Wall R-9.62 8.
INFO  Adding construction Typical IEAD Roof R-31.25 34.
INFO  Adding construction Typical Insulated Metal Door R-2.0 62.
INFO  Adding construction Typical Overhead Door R-2.0 92.
INFO  Adding construction set: 90.1-2013-ASHRAE 169-2013-5A-Hospital--is_residentialNo
INFO  Adding construction Typical Insulated Exterior Mass Floor R-17.54 21.
INFO  Adding construction Typical Insulated Exterior Mass Wall R-11.11 6.
INFO  Adding construction Typical IEAD Roof R-31.25 35.
INFO  Adding construction Typical Insulated Metal Door R-2.0 63.
INFO  Adding construction Typical Overhead Door R-2.0 93.
INFO  Adding construction set: 90.1-2013-ASHRAE 169-2013-5B-Hospital--is_residentialNo
INFO  Adding construction Typical Insulated Exterior Mass Floor R-17.54 22.
INFO  Adding construction Typical Insulated Exterior Mass Wall R-11.11 7.
INFO  Adding construction Typical IEAD Roof R-31.25 36.
INFO  Adding construction Typical Insulated Metal Door R-2.0 64.
INFO  Adding construction Typical Overhead Door R-2.0 94.
INFO  Adding construction set: 90.1-2013-ASHRAE 169-2013-5C-Hospital--is_residentialNo
INFO  Adding construction Typical Insulated Exterior Mass Floor R-17.54 23.
INFO  Adding construction Typical Insulated Exterior Mass Wall R-11.11 8.
INFO  Adding construction Typical IEAD Roof R-31.25 37.
INFO  Adding construction Typical Insulated Metal Door R-2.0 65.
INFO  Adding construction Typical Overhead Door R-2.0 95.
INFO  Adding construction set: 90.1-2013-ASHRAE 169-2013-6A-Hospital--is_residentialNo
INFO  Adding construction Typical Insulated Exterior Mass Floor R-19.61 22.
INFO  Adding construction Typical Insulated Exterior Mass Wall R-12.5 5.
INFO  Adding construction Typical IEAD Roof R-31.25 38.
INFO  Adding construction Typical Insulated Metal Door R-2.0 66.
INFO  Adding construction Typical Overhead Door R-2.0 96.
INFO  Adding construction set: 90.1-2013-ASHRAE 169-2013-6B-Hospital--is_residentialNo
INFO  Adding construction Typical Insulated Exterior Mass Floor R-19.61 23.
INFO  Adding construction Typical Insulated Exterior Mass Wall R-12.5 6.
INFO  Adding construction Typical IEAD Roof R-31.25 39.
INFO  Adding construction Typical Insulated Metal Door R-2.0 67.
INFO  Adding construction Typical Overhead Door R-2.0 97.
INFO  Adding construction set: 90.1-2013-ASHRAE 169-2013-7A-Hospital--is_residentialNo
INFO  Adding construction Typical Insulated Exterior Mass Floor R-23.81 10.
INFO  Adding construction Typical Insulated Exterior Mass Wall R-14.08 6.
INFO  Adding construction Typical IEAD Roof R-35.71 16.
INFO  Adding construction Typical Insulated Metal Door R-2.0 68.
INFO  Adding construction Typical Overhead Door R-2.0 98.
INFO  Adding construction set: 90.1-2013-ASHRAE 169-2013-7B-Hospital--is_residentialNo
INFO  Adding construction Typical Insulated Exterior Mass Floor R-23.81 11.
INFO  Adding construction Typical Insulated Exterior Mass Wall R-14.08 7.
INFO  Adding construction Typical IEAD Roof R-35.71 17.
INFO  Adding construction Typical Insulated Metal Door R-2.0 69.
INFO  Adding construction Typical Overhead Door R-2.0 99.
INFO  Adding construction set: 90.1-2013-ASHRAE 169-2013-8A-Hospital--is_residentialNo
INFO  Adding construction Typical Insulated Exterior Mass Floor R-26.32 10.
INFO  Adding construction Typical Insulated Exterior Mass Wall R-20.83 4.
INFO  Adding construction Typical IEAD Roof R-35.71 18.
INFO  Adding construction Typical Insulated Metal Door R-2.0 70.
INFO  Adding construction Typical Overhead Door R-2.0 100.
INFO  Adding construction set: 90.1-2013-ASHRAE 169-2013-8B-Hospital--is_residentialNo
INFO  Adding construction Typical Insulated Exterior Mass Floor R-26.32 11.
INFO  Adding construction Typical Insulated Exterior Mass Wall R-20.83 5.
INFO  Adding construction Typical IEAD Roof R-35.71 19.
INFO  Adding construction Typical Insulated Metal Door R-2.0 71.
INFO  Adding construction Typical Overhead Door R-2.0 101.
INFO  Adding construction set: 90.1-2013-ASHRAE 169-2013-1A-Laboratory--is_residentialNo
INFO  Adding construction Typical Insulated Exterior Mass Floor R-3.11 12.
INFO  Adding construction Typical Insulated Steel Framed Exterior Wall R-8.06 6.
INFO  Adding construction Typical IEAD Roof - Highly Reflective R-20.83 8.
INFO  Adding construction Typical Insulated Metal Door R-1.43 42.
INFO  Adding construction Typical Overhead Door R-0.86 12.
INFO  Adding construction set: 90.1-2013-ASHRAE 169-2013-1B-Laboratory--is_residentialNo
INFO  Adding construction Typical Insulated Exterior Mass Floor R-3.11 13.
INFO  Adding construction Typical Insulated Steel Framed Exterior Wall R-8.06 7.
INFO  Adding construction Typical IEAD Roof - Highly Reflective R-20.83 9.
INFO  Adding construction Typical Insulated Metal Door R-1.43 43.
INFO  Adding construction Typical Overhead Door R-0.86 13.
INFO  Adding construction set: 90.1-2013-ASHRAE 169-2013-2A-Laboratory--is_residentialNo
INFO  Adding construction Typical Insulated Exterior Mass Floor R-9.35 8.
INFO  Adding construction Typical Insulated Steel Framed Exterior Wall R-11.9 4.
INFO  Adding construction Typical IEAD Roof - Highly Reflective R-25.64 27.
INFO  Adding construction Typical Insulated Metal Door R-1.43 44.
INFO  Adding construction Typical Overhead Door R-2.0 102.
INFO  Adding construction set: 90.1-2013-ASHRAE 169-2013-2B-Laboratory--is_residentialNo
INFO  Adding construction Typical Insulated Exterior Mass Floor R-9.35 9.
INFO  Adding construction Typical Insulated Steel Framed Exterior Wall R-11.9 5.
INFO  Adding construction Typical IEAD Roof - Highly Reflective R-25.64 28.
INFO  Adding construction Typical Insulated Metal Door R-1.43 45.
INFO  Adding construction Typical Overhead Door R-2.0 103.
INFO  Adding construction set: 90.1-2013-ASHRAE 169-2013-3A-Laboratory--is_residentialNo
INFO  Adding construction Typical Insulated Exterior Mass Floor R-13.51 18.
INFO  Adding construction Typical Insulated Steel Framed Exterior Wall R-12.99 6.
INFO  Adding construction Typical IEAD Roof - Highly Reflective R-25.64 29.
INFO  Adding construction Typical Insulated Metal Door R-1.43 46.
INFO  Adding construction Typical Overhead Door R-2.0 104.
INFO  Adding construction set: 90.1-2013-ASHRAE 169-2013-3B-Laboratory--is_residentialNo
INFO  Adding construction Typical Insulated Exterior Mass Floor R-13.51 19.
INFO  Adding construction Typical Insulated Steel Framed Exterior Wall R-12.99 7.
INFO  Adding construction Typical IEAD Roof - Highly Reflective R-25.64 30.
INFO  Adding construction Typical Insulated Metal Door R-1.43 47.
INFO  Adding construction Typical Overhead Door R-2.0 105.
INFO  Adding construction set: 90.1-2013-ASHRAE 169-2013-3C-Laboratory--is_residentialNo
INFO  Adding construction Typical Insulated Exterior Mass Floor R-13.51 20.
INFO  Adding construction Typical Insulated Steel Framed Exterior Wall R-12.99 8.
INFO  Adding construction Typical IEAD Roof - Highly Reflective R-25.64 31.
INFO  Adding construction Typical Insulated Metal Door R-1.43 48.
INFO  Adding construction Typical Overhead Door R-2.0 106.
INFO  Adding construction set: 90.1-2013-ASHRAE 169-2013-4A-Laboratory--is_residentialNo
INFO  Adding construction Typical Insulated Exterior Mass Floor R-17.54 24.
INFO  Adding construction Typical Insulated Steel Framed Exterior Wall R-15.63 14.
INFO  Adding construction Typical IEAD Roof R-31.25 40.
INFO  Adding construction Typical Insulated Metal Door R-2.0 72.
INFO  Adding construction Typical Overhead Door R-2.0 107.
INFO  Adding construction set: 90.1-2013-ASHRAE 169-2013-4B-Laboratory--is_residentialNo
INFO  Adding construction Typical Insulated Exterior Mass Floor R-17.54 25.
INFO  Adding construction Typical Insulated Steel Framed Exterior Wall R-15.63 15.
INFO  Adding construction Typical IEAD Roof R-31.25 41.
INFO  Adding construction Typical Insulated Metal Door R-2.0 73.
INFO  Adding construction Typical Overhead Door R-2.0 108.
INFO  Adding construction set: 90.1-2013-ASHRAE 169-2013-4C-Laboratory--is_residentialNo
INFO  Adding construction Typical Insulated Exterior Mass Floor R-17.54 26.
INFO  Adding construction Typical Insulated Steel Framed Exterior Wall R-15.63 16.
INFO  Adding construction Typical IEAD Roof R-31.25 42.
INFO  Adding construction Typical Insulated Metal Door R-2.0 74.
INFO  Adding construction Typical Overhead Door R-2.0 109.
INFO  Adding construction set: 90.1-2013-ASHRAE 169-2013-5A-Laboratory--is_residentialNo
INFO  Adding construction Typical Insulated Exterior Mass Floor R-17.54 27.
INFO  Adding construction Typical Insulated Steel Framed Exterior Wall R-18.18 9.
INFO  Adding construction Typical IEAD Roof R-31.25 43.
INFO  Adding construction Typical Insulated Metal Door R-2.0 75.
INFO  Adding construction Typical Overhead Door R-2.0 110.
INFO  Adding construction set: 90.1-2013-ASHRAE 169-2013-5B-Laboratory--is_residentialNo
INFO  Adding construction Typical Insulated Exterior Mass Floor R-17.54 28.
INFO  Adding construction Typical Insulated Steel Framed Exterior Wall R-18.18 10.
INFO  Adding construction Typical IEAD Roof R-31.25 44.
INFO  Adding construction Typical Insulated Metal Door R-2.0 76.
INFO  Adding construction Typical Overhead Door R-2.0 111.
INFO  Adding construction set: 90.1-2013-ASHRAE 169-2013-5C-Laboratory--is_residentialNo
INFO  Adding construction Typical Insulated Exterior Mass Floor R-17.54 29.
INFO  Adding construction Typical Insulated Steel Framed Exterior Wall R-18.18 11.
INFO  Adding construction Typical IEAD Roof R-31.25 45.
INFO  Adding construction Typical Insulated Metal Door R-2.0 77.
INFO  Adding construction Typical Overhead Door R-2.0 112.
INFO  Adding construction set: 90.1-2013-ASHRAE 169-2013-6A-Laboratory--is_residentialNo
INFO  Adding construction Typical Insulated Exterior Mass Floor R-19.61 24.
INFO  Adding construction Typical Insulated Steel Framed Exterior Wall R-20.41 10.
INFO  Adding construction Typical IEAD Roof R-31.25 46.
INFO  Adding construction Typical Insulated Metal Door R-2.0 78.
INFO  Adding construction Typical Overhead Door R-2.0 113.
INFO  Adding construction set: 90.1-2013-ASHRAE 169-2013-6B-Laboratory--is_residentialNo
INFO  Adding construction Typical Insulated Exterior Mass Floor R-19.61 25.
INFO  Adding construction Typical Insulated Steel Framed Exterior Wall R-20.41 11.
INFO  Adding construction Typical IEAD Roof R-31.25 47.
INFO  Adding construction Typical Insulated Metal Door R-2.0 79.
INFO  Adding construction Typical Overhead Door R-2.0 114.
INFO  Adding construction set: 90.1-2013-ASHRAE 169-2013-7A-Laboratory--is_residentialNo
INFO  Adding construction Typical Insulated Exterior Mass Floor R-23.81 12.
INFO  Adding construction Typical Insulated Steel Framed Exterior Wall R-20.41 12.
INFO  Adding construction Typical IEAD Roof R-35.71 20.
INFO  Adding construction Typical Insulated Metal Door R-2.0 80.
INFO  Adding construction Typical Overhead Door R-2.0 115.
INFO  Adding construction set: 90.1-2013-ASHRAE 169-2013-7B-Laboratory--is_residentialNo
INFO  Adding construction Typical Insulated Exterior Mass Floor R-23.81 13.
INFO  Adding construction Typical Insulated Steel Framed Exterior Wall R-20.41 13.
INFO  Adding construction Typical IEAD Roof R-35.71 21.
INFO  Adding construction Typical Insulated Metal Door R-2.0 81.
INFO  Adding construction Typical Overhead Door R-2.0 116.
INFO  Adding construction set: 90.1-2013-ASHRAE 169-2013-8A-Laboratory--is_residentialNo
INFO  Adding construction Typical Insulated Exterior Mass Floor R-26.32 12.
INFO  Adding construction Typical Insulated Steel Framed Exterior Wall R-27.03 6.
INFO  Adding construction Typical IEAD Roof R-35.71 22.
INFO  Adding construction Typical Insulated Metal Door R-2.0 82.
INFO  Adding construction Typical Overhead Door R-2.0 117.
INFO  Adding construction set: 90.1-2013-ASHRAE 169-2013-8B-Laboratory--is_residentialNo
INFO  Adding construction Typical Insulated Exterior Mass Floor R-26.32 13.
INFO  Adding construction Typical Insulated Steel Framed Exterior Wall R-27.03 7.
INFO  Adding construction Typical IEAD Roof R-35.71 23.
INFO  Adding construction Typical Insulated Metal Door R-2.0 83.
INFO  Adding construction Typical Overhead Door R-2.0 118.
INFO  Adding construction set: 90.1-2013-ASHRAE 169-2013-1A-LargeDataCenterHighITE--is_residentialNo
INFO  Adding construction Typical Insulated Steel Framed Exterior Floor R-3.65.
INFO  Adding construction Typical Insulated Steel Framed Exterior Wall R-8.06 8.
INFO  Adding construction Typical IEAD Roof - Highly Reflective R-20.83 10.
INFO  Adding construction set: 90.1-2013-ASHRAE 169-2013-1B-LargeDataCenterHighITE--is_residentialNo
INFO  Adding construction Typical Insulated Steel Framed Exterior Floor R-3.65 1.
INFO  Adding construction Typical Insulated Steel Framed Exterior Wall R-8.06 9.
INFO  Adding construction Typical IEAD Roof - Highly Reflective R-20.83 11.
INFO  Adding construction set: 90.1-2013-ASHRAE 169-2013-2A-LargeDataCenterHighITE--is_residentialNo
INFO  Adding construction Typical Insulated Steel Framed Exterior Floor R-26.32.
INFO  Adding construction Typical Insulated Steel Framed Exterior Wall R-11.9 6.
INFO  Adding construction Typical IEAD Roof - Highly Reflective R-25.64 32.
INFO  Adding construction set: 90.1-2013-ASHRAE 169-2013-2B-LargeDataCenterHighITE--is_residentialNo
INFO  Adding construction Typical Insulated Steel Framed Exterior Floor R-26.32 1.
INFO  Adding construction Typical Insulated Steel Framed Exterior Wall R-11.9 7.
INFO  Adding construction Typical IEAD Roof - Highly Reflective R-25.64 33.
INFO  Adding construction set: 90.1-2013-ASHRAE 169-2013-3A-LargeDataCenterHighITE--is_residentialNo
INFO  Adding construction Typical Insulated Steel Framed Exterior Floor R-26.32 2.
INFO  Adding construction Typical Insulated Steel Framed Exterior Wall R-12.99 9.
INFO  Adding construction Typical IEAD Roof - Highly Reflective R-25.64 34.
INFO  Adding construction set: 90.1-2013-ASHRAE 169-2013-3B-LargeDataCenterHighITE--is_residentialNo
INFO  Adding construction Typical Insulated Steel Framed Exterior Floor R-26.32 3.
INFO  Adding construction Typical Insulated Steel Framed Exterior Wall R-12.99 10.
INFO  Adding construction Typical IEAD Roof - Highly Reflective R-25.64 35.
INFO  Adding construction set: 90.1-2013-ASHRAE 169-2013-3C-LargeDataCenterHighITE--is_residentialNo
INFO  Adding construction Typical Insulated Steel Framed Exterior Floor R-26.32 4.
INFO  Adding construction Typical Insulated Steel Framed Exterior Wall R-12.99 11.
INFO  Adding construction Typical IEAD Roof - Highly Reflective R-25.64 36.
INFO  Adding construction set: 90.1-2013-ASHRAE 169-2013-4A-LargeDataCenterHighITE--is_residentialNo
INFO  Adding construction Typical Insulated Steel Framed Exterior Floor R-26.32 5.
INFO  Adding construction Typical Insulated Steel Framed Exterior Wall R-15.63 17.
INFO  Adding construction Typical IEAD Roof R-31.25 48.
INFO  Adding construction set: 90.1-2013-ASHRAE 169-2013-4B-LargeDataCenterHighITE--is_residentialNo
INFO  Adding construction Typical Insulated Steel Framed Exterior Floor R-26.32 6.
INFO  Adding construction Typical Insulated Steel Framed Exterior Wall R-15.63 18.
INFO  Adding construction Typical IEAD Roof R-31.25 49.
INFO  Adding construction set: 90.1-2013-ASHRAE 169-2013-4C-LargeDataCenterHighITE--is_residentialNo
INFO  Adding construction Typical Insulated Steel Framed Exterior Floor R-26.32 7.
INFO  Adding construction Typical Insulated Steel Framed Exterior Wall R-15.63 19.
INFO  Adding construction Typical IEAD Roof R-31.25 50.
INFO  Adding construction set: 90.1-2013-ASHRAE 169-2013-5A-LargeDataCenterHighITE--is_residentialNo
INFO  Adding construction Typical Insulated Steel Framed Exterior Floor R-26.32 8.
INFO  Adding construction Typical Insulated Steel Framed Exterior Wall R-18.18 12.
INFO  Adding construction Typical IEAD Roof R-31.25 51.
INFO  Adding construction set: 90.1-2013-ASHRAE 169-2013-5B-LargeDataCenterHighITE--is_residentialNo
INFO  Adding construction Typical Insulated Steel Framed Exterior Floor R-26.32 9.
INFO  Adding construction Typical Insulated Steel Framed Exterior Wall R-18.18 13.
INFO  Adding construction Typical IEAD Roof R-31.25 52.
INFO  Adding construction set: 90.1-2013-ASHRAE 169-2013-5C-LargeDataCenterHighITE--is_residentialNo
INFO  Adding construction Typical Insulated Steel Framed Exterior Floor R-26.32 10.
INFO  Adding construction Typical Insulated Steel Framed Exterior Wall R-18.18 14.
INFO  Adding construction Typical IEAD Roof R-31.25 53.
INFO  Adding construction set: 90.1-2013-ASHRAE 169-2013-6A-LargeDataCenterHighITE--is_residentialNo
INFO  Adding construction Typical Insulated Steel Framed Exterior Floor R-31.25.
INFO  Adding construction Typical Insulated Steel Framed Exterior Wall R-20.41 14.
INFO  Adding construction Typical IEAD Roof R-31.25 54.
INFO  Adding construction set: 90.1-2013-ASHRAE 169-2013-6B-LargeDataCenterHighITE--is_residentialNo
INFO  Adding construction Typical Insulated Steel Framed Exterior Floor R-31.25 1.
INFO  Adding construction Typical Insulated Steel Framed Exterior Wall R-20.41 15.
INFO  Adding construction Typical IEAD Roof R-31.25 55.
INFO  Adding construction set: 90.1-2013-ASHRAE 169-2013-7A-LargeDataCenterHighITE--is_residentialNo
INFO  Adding construction Typical Insulated Steel Framed Exterior Floor R-31.25 2.
INFO  Adding construction Typical Insulated Steel Framed Exterior Wall R-20.41 16.
INFO  Adding construction Typical IEAD Roof R-35.71 24.
INFO  Adding construction set: 90.1-2013-ASHRAE 169-2013-7B-LargeDataCenterHighITE--is_residentialNo
INFO  Adding construction Typical Insulated Steel Framed Exterior Floor R-31.25 3.
INFO  Adding construction Typical Insulated Steel Framed Exterior Wall R-20.41 17.
INFO  Adding construction Typical IEAD Roof R-35.71 25.
INFO  Adding construction set: 90.1-2013-ASHRAE 169-2013-8A-LargeDataCenterHighITE--is_residentialNo
INFO  Adding construction Typical Insulated Steel Framed Exterior Floor R-31.25 4.
INFO  Adding construction Typical Insulated Steel Framed Exterior Wall R-27.03 8.
INFO  Adding construction Typical IEAD Roof R-35.71 26.
INFO  Adding construction set: 90.1-2013-ASHRAE 169-2013-8B-LargeDataCenterHighITE--is_residentialNo
INFO  Adding construction Typical Insulated Steel Framed Exterior Floor R-31.25 5.
INFO  Adding construction Typical Insulated Steel Framed Exterior Wall R-27.03 9.
INFO  Adding construction Typical IEAD Roof R-35.71 27.
INFO  Adding construction set: 90.1-2013-ASHRAE 169-2013-1A-LargeDataCenterLowITE--is_residentialNo
INFO  Adding construction Typical Insulated Steel Framed Exterior Floor R-3.65 2.
INFO  Adding construction Typical Insulated Steel Framed Exterior Wall R-8.06 10.
INFO  Adding construction Typical IEAD Roof - Highly Reflective R-20.83 12.
INFO  Adding construction set: 90.1-2013-ASHRAE 169-2013-1B-LargeDataCenterLowITE--is_residentialNo
INFO  Adding construction Typical Insulated Steel Framed Exterior Floor R-3.65 3.
INFO  Adding construction Typical Insulated Steel Framed Exterior Wall R-8.06 11.
INFO  Adding construction Typical IEAD Roof - Highly Reflective R-20.83 13.
INFO  Adding construction set: 90.1-2013-ASHRAE 169-2013-2A-LargeDataCenterLowITE--is_residentialNo
INFO  Adding construction Typical Insulated Steel Framed Exterior Floor R-26.32 11.
INFO  Adding construction Typical Insulated Steel Framed Exterior Wall R-11.9 8.
INFO  Adding construction Typical IEAD Roof - Highly Reflective R-25.64 37.
INFO  Adding construction set: 90.1-2013-ASHRAE 169-2013-2B-LargeDataCenterLowITE--is_residentialNo
INFO  Adding construction Typical Insulated Steel Framed Exterior Floor R-26.32 12.
INFO  Adding construction Typical Insulated Steel Framed Exterior Wall R-11.9 9.
INFO  Adding construction Typical IEAD Roof - Highly Reflective R-25.64 38.
INFO  Adding construction set: 90.1-2013-ASHRAE 169-2013-3A-LargeDataCenterLowITE--is_residentialNo
INFO  Adding construction Typical Insulated Steel Framed Exterior Floor R-26.32 13.
INFO  Adding construction Typical Insulated Steel Framed Exterior Wall R-12.99 12.
INFO  Adding construction Typical IEAD Roof - Highly Reflective R-25.64 39.
INFO  Adding construction set: 90.1-2013-ASHRAE 169-2013-3B-LargeDataCenterLowITE--is_residentialNo
INFO  Adding construction Typical Insulated Steel Framed Exterior Floor R-26.32 14.
INFO  Adding construction Typical Insulated Steel Framed Exterior Wall R-12.99 13.
INFO  Adding construction Typical IEAD Roof - Highly Reflective R-25.64 40.
INFO  Adding construction set: 90.1-2013-ASHRAE 169-2013-3C-LargeDataCenterLowITE--is_residentialNo
INFO  Adding construction Typical Insulated Steel Framed Exterior Floor R-26.32 15.
INFO  Adding construction Typical Insulated Steel Framed Exterior Wall R-12.99 14.
INFO  Adding construction Typical IEAD Roof - Highly Reflective R-25.64 41.
INFO  Adding construction set: 90.1-2013-ASHRAE 169-2013-4A-LargeDataCenterLowITE--is_residentialNo
INFO  Adding construction Typical Insulated Steel Framed Exterior Floor R-26.32 16.
INFO  Adding construction Typical Insulated Steel Framed Exterior Wall R-15.63 20.
INFO  Adding construction Typical IEAD Roof R-31.25 56.
INFO  Adding construction set: 90.1-2013-ASHRAE 169-2013-4B-LargeDataCenterLowITE--is_residentialNo
INFO  Adding construction Typical Insulated Steel Framed Exterior Floor R-26.32 17.
INFO  Adding construction Typical Insulated Steel Framed Exterior Wall R-15.63 21.
INFO  Adding construction Typical IEAD Roof R-31.25 57.
INFO  Adding construction set: 90.1-2013-ASHRAE 169-2013-4C-LargeDataCenterLowITE--is_residentialNo
INFO  Adding construction Typical Insulated Steel Framed Exterior Floor R-26.32 18.
INFO  Adding construction Typical Insulated Steel Framed Exterior Wall R-15.63 22.
INFO  Adding construction Typical IEAD Roof R-31.25 58.
INFO  Adding construction set: 90.1-2013-ASHRAE 169-2013-5A-LargeDataCenterLowITE--is_residentialNo
INFO  Adding construction Typical Insulated Steel Framed Exterior Floor R-26.32 19.
INFO  Adding construction Typical Insulated Steel Framed Exterior Wall R-18.18 15.
INFO  Adding construction Typical IEAD Roof R-31.25 59.
INFO  Adding construction set: 90.1-2013-ASHRAE 169-2013-5B-LargeDataCenterLowITE--is_residentialNo
INFO  Adding construction Typical Insulated Steel Framed Exterior Floor R-26.32 20.
INFO  Adding construction Typical Insulated Steel Framed Exterior Wall R-18.18 16.
INFO  Adding construction Typical IEAD Roof R-31.25 60.
INFO  Adding construction set: 90.1-2013-ASHRAE 169-2013-5C-LargeDataCenterLowITE--is_residentialNo
INFO  Adding construction Typical Insulated Steel Framed Exterior Floor R-26.32 21.
INFO  Adding construction Typical Insulated Steel Framed Exterior Wall R-18.18 17.
INFO  Adding construction Typical IEAD Roof R-31.25 61.
INFO  Adding construction set: 90.1-2013-ASHRAE 169-2013-6A-LargeDataCenterLowITE--is_residentialNo
INFO  Adding construction Typical Insulated Steel Framed Exterior Floor R-31.25 6.
INFO  Adding construction Typical Insulated Steel Framed Exterior Wall R-20.41 18.
INFO  Adding construction Typical IEAD Roof R-31.25 62.
INFO  Adding construction set: 90.1-2013-ASHRAE 169-2013-6B-LargeDataCenterLowITE--is_residentialNo
INFO  Adding construction Typical Insulated Steel Framed Exterior Floor R-31.25 7.
INFO  Adding construction Typical Insulated Steel Framed Exterior Wall R-20.41 19.
INFO  Adding construction Typical IEAD Roof R-31.25 63.
INFO  Adding construction set: 90.1-2013-ASHRAE 169-2013-7A-LargeDataCenterLowITE--is_residentialNo
INFO  Adding construction Typical Insulated Steel Framed Exterior Floor R-31.25 8.
INFO  Adding construction Typical Insulated Steel Framed Exterior Wall R-20.41 20.
INFO  Adding construction Typical IEAD Roof R-35.71 28.
INFO  Adding construction set: 90.1-2013-ASHRAE 169-2013-7B-LargeDataCenterLowITE--is_residentialNo
INFO  Adding construction Typical Insulated Steel Framed Exterior Floor R-31.25 9.
INFO  Adding construction Typical Insulated Steel Framed Exterior Wall R-20.41 21.
INFO  Adding construction Typical IEAD Roof R-35.71 29.
INFO  Adding construction set: 90.1-2013-ASHRAE 169-2013-8A-LargeDataCenterLowITE--is_residentialNo
INFO  Adding construction Typical Insulated Steel Framed Exterior Floor R-31.25 10.
INFO  Adding construction Typical Insulated Steel Framed Exterior Wall R-27.03 10.
INFO  Adding construction Typical IEAD Roof R-35.71 30.
INFO  Adding construction set: 90.1-2013-ASHRAE 169-2013-8B-LargeDataCenterLowITE--is_residentialNo
INFO  Adding construction Typical Insulated Steel Framed Exterior Floor R-31.25 11.
INFO  Adding construction Typical Insulated Steel Framed Exterior Wall R-27.03 11.
INFO  Adding construction Typical IEAD Roof R-35.71 31.
INFO  Adding construction set: 90.1-2013-ASHRAE 169-2013-1A-LargeHotel-GuestRoom-is_residentialNo
INFO  Adding construction Typical Insulated Exterior Mass Floor R-3.11 14.
INFO  Adding construction Typical Insulated Exterior Mass Wall R-6.62 6.
INFO  Adding construction Typical IEAD Roof - Highly Reflective R-25.64 42.
INFO  Adding construction LargeHotel Interior Floor.
INFO  Adding construction LargeHotel Interior Wall.
INFO  Adding construction LargeHotel Interior Ceiling.
INFO  Adding construction Typical Insulated Metal Door R-1.43 49.
INFO  Adding construction Typical Overhead Door R-0.86 14.
INFO  Adding construction set: 90.1-2013-ASHRAE 169-2013-1B-LargeHotel-GuestRoom-is_residentialNo
INFO  Adding construction Typical Insulated Exterior Mass Floor R-3.11 15.
INFO  Adding construction Typical Insulated Exterior Mass Wall R-6.62 7.
INFO  Adding construction Typical IEAD Roof - Highly Reflective R-25.64 43.
INFO  Adding construction Typical Insulated Metal Door R-1.43 50.
INFO  Adding construction Typical Overhead Door R-0.86 15.
INFO  Adding construction set: 90.1-2013-ASHRAE 169-2013-2A-LargeHotel-GuestRoom-is_residentialNo
INFO  Adding construction Typical Insulated Exterior Mass Floor R-11.49 4.
INFO  Adding construction Typical Insulated Exterior Mass Wall R-8.13 8.
INFO  Adding construction Typical IEAD Roof - Highly Reflective R-25.64 44.
INFO  Adding construction Typical Insulated Metal Door R-1.43 51.
INFO  Adding construction Typical Overhead Door R-2.0 119.
INFO  Adding construction set: 90.1-2013-ASHRAE 169-2013-2B-LargeHotel-GuestRoom-is_residentialNo
INFO  Adding construction Typical Insulated Exterior Mass Floor R-11.49 5.
INFO  Adding construction Typical Insulated Exterior Mass Wall R-8.13 9.
INFO  Adding construction Typical IEAD Roof - Highly Reflective R-25.64 45.
INFO  Adding construction Typical Insulated Metal Door R-1.43 52.
INFO  Adding construction Typical Overhead Door R-2.0 120.
INFO  Adding construction set: 90.1-2013-ASHRAE 169-2013-3A-LargeHotel-GuestRoom-is_residentialNo
INFO  Adding construction Typical Insulated Exterior Mass Floor R-13.51 21.
INFO  Adding construction Typical Insulated Exterior Mass Wall R-9.62 9.
INFO  Adding construction Typical IEAD Roof - Highly Reflective R-25.64 46.
INFO  Adding construction Typical Insulated Metal Door R-1.43 53.
INFO  Adding construction Typical Overhead Door R-2.0 121.
INFO  Adding construction set: 90.1-2013-ASHRAE 169-2013-3B-LargeHotel-GuestRoom-is_residentialNo
INFO  Adding construction Typical Insulated Exterior Mass Floor R-13.51 22.
INFO  Adding construction Typical Insulated Exterior Mass Wall R-9.62 10.
INFO  Adding construction Typical IEAD Roof - Highly Reflective R-25.64 47.
INFO  Adding construction Typical Insulated Metal Door R-1.43 54.
INFO  Adding construction Typical Overhead Door R-2.0 122.
INFO  Adding construction set: 90.1-2013-ASHRAE 169-2013-3C-LargeHotel-GuestRoom-is_residentialNo
INFO  Adding construction Typical Insulated Exterior Mass Floor R-13.51 23.
INFO  Adding construction Typical Insulated Exterior Mass Wall R-9.62 11.
INFO  Adding construction Typical IEAD Roof - Highly Reflective R-25.64 48.
INFO  Adding construction Typical Insulated Metal Door R-1.43 55.
INFO  Adding construction Typical Overhead Door R-2.0 123.
INFO  Adding construction set: 90.1-2013-ASHRAE 169-2013-4A-LargeHotel-GuestRoom-is_residentialNo
INFO  Adding construction Typical Insulated Exterior Mass Floor R-19.61 26.
INFO  Adding construction Typical Insulated Exterior Mass Wall R-11.11 9.
INFO  Adding construction Typical IEAD Roof R-31.25 64.
INFO  Adding construction Typical Insulated Metal Door R-2.0 84.
INFO  Adding construction Typical Overhead Door R-2.0 124.
INFO  Adding construction set: 90.1-2013-ASHRAE 169-2013-4B-LargeHotel-GuestRoom-is_residentialNo
INFO  Adding construction Typical Insulated Exterior Mass Floor R-19.61 27.
INFO  Adding construction Typical Insulated Exterior Mass Wall R-11.11 10.
INFO  Adding construction Typical IEAD Roof R-31.25 65.
INFO  Adding construction Typical Insulated Metal Door R-2.0 85.
INFO  Adding construction Typical Overhead Door R-2.0 125.
INFO  Adding construction set: 90.1-2013-ASHRAE 169-2013-4C-LargeHotel-GuestRoom-is_residentialNo
INFO  Adding construction Typical Insulated Exterior Mass Floor R-19.61 28.
INFO  Adding construction Typical Insulated Exterior Mass Wall R-11.11 11.
INFO  Adding construction Typical IEAD Roof R-31.25 66.
INFO  Adding construction Typical Insulated Metal Door R-2.0 86.
INFO  Adding construction Typical Overhead Door R-2.0 126.
INFO  Adding construction set: 90.1-2013-ASHRAE 169-2013-5A-LargeHotel-GuestRoom-is_residentialNo
INFO  Adding construction Typical Insulated Exterior Mass Floor R-19.61 29.
INFO  Adding construction Typical Insulated Exterior Mass Wall R-12.5 7.
INFO  Adding construction Typical IEAD Roof R-31.25 67.
INFO  Adding construction Typical Insulated Metal Door R-2.0 87.
INFO  Adding construction Typical Overhead Door R-2.0 127.
INFO  Adding construction set: 90.1-2013-ASHRAE 169-2013-5B-LargeHotel-GuestRoom-is_residentialNo
INFO  Adding construction Typical Insulated Exterior Mass Floor R-19.61 30.
INFO  Adding construction Typical Insulated Exterior Mass Wall R-12.5 8.
INFO  Adding construction Typical IEAD Roof R-31.25 68.
INFO  Adding construction Typical Insulated Metal Door R-2.0 88.
INFO  Adding construction Typical Overhead Door R-2.0 128.
INFO  Adding construction set: 90.1-2013-ASHRAE 169-2013-5C-LargeHotel-GuestRoom-is_residentialNo
INFO  Adding construction Typical Insulated Exterior Mass Floor R-19.61 31.
INFO  Adding construction Typical Insulated Exterior Mass Wall R-12.5 9.
INFO  Adding construction Typical IEAD Roof R-31.25 69.
INFO  Adding construction Typical Insulated Metal Door R-2.0 89.
INFO  Adding construction Typical Overhead Door R-2.0 129.
INFO  Adding construction set: 90.1-2013-ASHRAE 169-2013-6A-LargeHotel-GuestRoom-is_residentialNo
INFO  Adding construction Typical Insulated Exterior Mass Floor R-19.61 32.
INFO  Adding construction Typical Insulated Exterior Mass Wall R-14.08 8.
INFO  Adding construction Typical IEAD Roof R-31.25 70.
INFO  Adding construction Typical Insulated Metal Door R-2.0 90.
INFO  Adding construction Typical Overhead Door R-2.0 130.
INFO  Adding construction set: 90.1-2013-ASHRAE 169-2013-6B-LargeHotel-GuestRoom-is_residentialNo
INFO  Adding construction Typical Insulated Exterior Mass Floor R-19.61 33.
INFO  Adding construction Typical Insulated Exterior Mass Wall R-14.08 9.
INFO  Adding construction Typical IEAD Roof R-31.25 71.
INFO  Adding construction Typical Insulated Metal Door R-2.0 91.
INFO  Adding construction Typical Overhead Door R-2.0 131.
INFO  Adding construction set: 90.1-2013-ASHRAE 169-2013-7A-LargeHotel-GuestRoom-is_residentialNo
INFO  Adding construction Typical Insulated Exterior Mass Floor R-23.81 14.
INFO  Adding construction Typical Insulated Exterior Mass Wall R-14.08 10.
INFO  Adding construction Typical IEAD Roof R-35.71 32.
INFO  Adding construction Typical Insulated Metal Door R-2.0 92.
INFO  Adding construction Typical Overhead Door R-2.0 132.
INFO  Adding construction set: 90.1-2013-ASHRAE 169-2013-7B-LargeHotel-GuestRoom-is_residentialNo
INFO  Adding construction Typical Insulated Exterior Mass Floor R-23.81 15.
INFO  Adding construction Typical Insulated Exterior Mass Wall R-14.08 11.
INFO  Adding construction Typical IEAD Roof R-35.71 33.
INFO  Adding construction Typical Insulated Metal Door R-2.0 93.
INFO  Adding construction Typical Overhead Door R-2.0 133.
INFO  Adding construction set: 90.1-2013-ASHRAE 169-2013-8A-LargeHotel-GuestRoom-is_residentialNo
INFO  Adding construction Typical Insulated Exterior Mass Floor R-26.32 14.
INFO  Adding construction Typical Insulated Exterior Mass Wall R-20.83 6.
INFO  Adding construction Typical IEAD Roof R-35.71 34.
INFO  Adding construction Typical Insulated Metal Door R-2.0 94.
INFO  Adding construction Typical Overhead Door R-2.0 134.
INFO  Adding construction set: 90.1-2013-ASHRAE 169-2013-8B-LargeHotel-GuestRoom-is_residentialNo
INFO  Adding construction Typical Insulated Exterior Mass Floor R-26.32 15.
INFO  Adding construction Typical Insulated Exterior Mass Wall R-20.83 7.
INFO  Adding construction Typical IEAD Roof R-35.71 35.
INFO  Adding construction Typical Insulated Metal Door R-2.0 95.
INFO  Adding construction Typical Overhead Door R-2.0 135.
INFO  Adding construction set: 90.1-2013-ASHRAE 169-2013-1A-LargeHotel--is_residentialNo
INFO  Adding construction Typical Insulated Exterior Mass Floor R-3.11 16.
INFO  Adding construction Typical Insulated Exterior Mass Wall R-2.39 4.
INFO  Adding construction Typical IEAD Roof - Highly Reflective R-20.83 14.
INFO  Adding construction Typical Insulated Metal Door R-1.43 56.
INFO  Adding construction Typical Overhead Door R-0.86 16.
INFO  Adding construction set: 90.1-2013-ASHRAE 169-2013-1B-LargeHotel--is_residentialNo
INFO  Adding construction Typical Insulated Exterior Mass Floor R-3.11 17.
INFO  Adding construction Typical Insulated Exterior Mass Wall R-2.39 5.
INFO  Adding construction Typical IEAD Roof - Highly Reflective R-20.83 15.
INFO  Adding construction Typical Insulated Metal Door R-1.43 57.
INFO  Adding construction Typical Overhead Door R-0.86 17.
INFO  Adding construction set: 90.1-2013-ASHRAE 169-2013-2A-LargeHotel--is_residentialNo
INFO  Adding construction Typical Insulated Exterior Mass Floor R-9.35 10.
INFO  Adding construction Typical Insulated Exterior Mass Wall R-6.62 8.
INFO  Adding construction Typical IEAD Roof - Highly Reflective R-25.64 49.
INFO  Adding construction Typical Insulated Metal Door R-1.43 58.
INFO  Adding construction Typical Overhead Door R-2.0 136.
INFO  Adding construction set: 90.1-2013-ASHRAE 169-2013-2B-LargeHotel--is_residentialNo
INFO  Adding construction Typical Insulated Exterior Mass Floor R-9.35 11.
INFO  Adding construction Typical Insulated Exterior Mass Wall R-6.62 9.
INFO  Adding construction Typical IEAD Roof - Highly Reflective R-25.64 50.
INFO  Adding construction Typical Insulated Metal Door R-1.43 59.
INFO  Adding construction Typical Overhead Door R-2.0 137.
INFO  Adding construction set: 90.1-2013-ASHRAE 169-2013-3A-LargeHotel--is_residentialNo
INFO  Adding construction Typical Insulated Exterior Mass Floor R-13.51 24.
INFO  Adding construction Typical Insulated Exterior Mass Wall R-8.13 10.
INFO  Adding construction Typical IEAD Roof - Highly Reflective R-25.64 51.
INFO  Adding construction Typical Insulated Metal Door R-1.43 60.
INFO  Adding construction Typical Overhead Door R-2.0 138.
INFO  Adding construction set: 90.1-2013-ASHRAE 169-2013-3B-LargeHotel--is_residentialNo
INFO  Adding construction Typical Insulated Exterior Mass Floor R-13.51 25.
INFO  Adding construction Typical Insulated Exterior Mass Wall R-8.13 11.
INFO  Adding construction Typical IEAD Roof - Highly Reflective R-25.64 52.
INFO  Adding construction Typical Insulated Metal Door R-1.43 61.
INFO  Adding construction Typical Overhead Door R-2.0 139.
INFO  Adding construction set: 90.1-2013-ASHRAE 169-2013-3C-LargeHotel--is_residentialNo
INFO  Adding construction Typical Insulated Exterior Mass Floor R-13.51 26.
INFO  Adding construction Typical Insulated Exterior Mass Wall R-8.13 12.
INFO  Adding construction Typical IEAD Roof - Highly Reflective R-25.64 53.
INFO  Adding construction Typical Insulated Metal Door R-1.43 62.
INFO  Adding construction Typical Overhead Door R-2.0 140.
INFO  Adding construction set: 90.1-2013-ASHRAE 169-2013-4A-LargeHotel--is_residentialNo
INFO  Adding construction Typical Insulated Exterior Mass Floor R-17.54 30.
INFO  Adding construction Typical Insulated Exterior Mass Wall R-9.62 12.
INFO  Adding construction Typical IEAD Roof R-31.25 72.
INFO  Adding construction Typical Insulated Metal Door R-2.0 96.
INFO  Adding construction Typical Overhead Door R-2.0 141.
INFO  Adding construction set: 90.1-2013-ASHRAE 169-2013-4B-LargeHotel--is_residentialNo
INFO  Adding construction Typical Insulated Exterior Mass Floor R-17.54 31.
INFO  Adding construction Typical Insulated Exterior Mass Wall R-9.62 13.
INFO  Adding construction Typical IEAD Roof R-31.25 73.
INFO  Adding construction Typical Insulated Metal Door R-2.0 97.
INFO  Adding construction Typical Overhead Door R-2.0 142.
INFO  Adding construction set: 90.1-2013-ASHRAE 169-2013-4C-LargeHotel--is_residentialNo
INFO  Adding construction Typical Insulated Exterior Mass Floor R-17.54 32.
INFO  Adding construction Typical Insulated Exterior Mass Wall R-9.62 14.
INFO  Adding construction Typical IEAD Roof R-31.25 74.
INFO  Adding construction Typical Insulated Metal Door R-2.0 98.
INFO  Adding construction Typical Overhead Door R-2.0 143.
INFO  Adding construction set: 90.1-2013-ASHRAE 169-2013-5A-LargeHotel--is_residentialNo
INFO  Adding construction Typical Insulated Exterior Mass Floor R-17.54 33.
INFO  Adding construction Typical Insulated Exterior Mass Wall R-11.11 12.
INFO  Adding construction Typical IEAD Roof R-31.25 75.
INFO  Adding construction Typical Insulated Metal Door R-2.0 99.
INFO  Adding construction Typical Overhead Door R-2.0 144.
INFO  Adding construction set: 90.1-2013-ASHRAE 169-2013-5B-LargeHotel--is_residentialNo
INFO  Adding construction Typical Insulated Exterior Mass Floor R-17.54 34.
INFO  Adding construction Typical Insulated Exterior Mass Wall R-11.11 13.
INFO  Adding construction Typical IEAD Roof R-31.25 76.
INFO  Adding construction Typical Insulated Metal Door R-2.0 100.
INFO  Adding construction Typical Overhead Door R-2.0 145.
INFO  Adding construction set: 90.1-2013-ASHRAE 169-2013-5C-LargeHotel--is_residentialNo
INFO  Adding construction Typical Insulated Exterior Mass Floor R-17.54 35.
INFO  Adding construction Typical Insulated Exterior Mass Wall R-11.11 14.
INFO  Adding construction Typical IEAD Roof R-31.25 77.
INFO  Adding construction Typical Insulated Metal Door R-2.0 101.
INFO  Adding construction Typical Overhead Door R-2.0 146.
INFO  Adding construction set: 90.1-2013-ASHRAE 169-2013-6A-LargeHotel--is_residentialNo
INFO  Adding construction Typical Insulated Exterior Mass Floor R-19.61 34.
INFO  Adding construction Typical Insulated Exterior Mass Wall R-12.5 10.
INFO  Adding construction Typical IEAD Roof R-31.25 78.
INFO  Adding construction Typical Insulated Metal Door R-2.0 102.
INFO  Adding construction Typical Overhead Door R-2.0 147.
INFO  Adding construction set: 90.1-2013-ASHRAE 169-2013-6B-LargeHotel--is_residentialNo
INFO  Adding construction Typical Insulated Exterior Mass Floor R-19.61 35.
INFO  Adding construction Typical Insulated Exterior Mass Wall R-12.5 11.
INFO  Adding construction Typical IEAD Roof R-31.25 79.
INFO  Adding construction Typical Insulated Metal Door R-2.0 103.
INFO  Adding construction Typical Overhead Door R-2.0 148.
INFO  Adding construction set: 90.1-2013-ASHRAE 169-2013-7A-LargeHotel--is_residentialNo
INFO  Adding construction Typical Insulated Exterior Mass Floor R-23.81 16.
INFO  Adding construction Typical Insulated Exterior Mass Wall R-14.08 12.
INFO  Adding construction Typical IEAD Roof R-35.71 36.
INFO  Adding construction Typical Insulated Metal Door R-2.0 104.
INFO  Adding construction Typical Overhead Door R-2.0 149.
INFO  Adding construction set: 90.1-2013-ASHRAE 169-2013-7B-LargeHotel--is_residentialNo
INFO  Adding construction Typical Insulated Exterior Mass Floor R-23.81 17.
INFO  Adding construction Typical Insulated Exterior Mass Wall R-14.08 13.
INFO  Adding construction Typical IEAD Roof R-35.71 37.
INFO  Adding construction Typical Insulated Metal Door R-2.0 105.
INFO  Adding construction Typical Overhead Door R-2.0 150.
INFO  Adding construction set: 90.1-2013-ASHRAE 169-2013-8A-LargeHotel--is_residentialNo
INFO  Adding construction Typical Insulated Exterior Mass Floor R-26.32 16.
INFO  Adding construction Typical Insulated Exterior Mass Wall R-20.83 8.
INFO  Adding construction Typical IEAD Roof R-35.71 38.
INFO  Adding construction Typical Insulated Metal Door R-2.0 106.
INFO  Adding construction Typical Overhead Door R-2.0 151.
INFO  Adding construction set: 90.1-2013-ASHRAE 169-2013-8B-LargeHotel--is_residentialNo
INFO  Adding construction Typical Insulated Exterior Mass Floor R-26.32 17.
INFO  Adding construction Typical Insulated Exterior Mass Wall R-20.83 9.
INFO  Adding construction Typical IEAD Roof R-35.71 39.
INFO  Adding construction Typical Insulated Metal Door R-2.0 107.
INFO  Adding construction Typical Overhead Door R-2.0 152.
INFO  Adding construction set: 90.1-2013-ASHRAE 169-2013-1A-LargeOffice--is_residentialNo
INFO  Adding construction Typical Insulated Exterior Mass Floor R-3.11 18.
INFO  Adding construction Typical Insulated Exterior Mass Wall R-2.39 6.
INFO  Adding construction Typical IEAD Roof - Highly Reflective R-20.83 16.
INFO  Adding construction Typical Insulated Metal Door R-1.43 63.
INFO  Adding construction Typical Overhead Door R-0.86 18.
INFO  Adding construction set: 90.1-2013-ASHRAE 169-2013-1B-LargeOffice--is_residentialNo
INFO  Adding construction Typical Insulated Exterior Mass Floor R-3.11 19.
INFO  Adding construction Typical Insulated Exterior Mass Wall R-2.39 7.
INFO  Adding construction Typical IEAD Roof - Highly Reflective R-20.83 17.
INFO  Adding construction Typical Insulated Metal Door R-1.43 64.
INFO  Adding construction Typical Overhead Door R-0.86 19.
INFO  Adding construction set: 90.1-2013-ASHRAE 169-2013-2A-LargeOffice--is_residentialNo
INFO  Adding construction Typical Insulated Exterior Mass Floor R-9.35 12.
INFO  Adding construction Typical Insulated Exterior Mass Wall R-6.62 10.
INFO  Adding construction Typical IEAD Roof - Highly Reflective R-25.64 54.
INFO  Adding construction Typical Insulated Metal Door R-1.43 65.
INFO  Adding construction Typical Overhead Door R-2.0 153.
INFO  Adding construction set: 90.1-2013-ASHRAE 169-2013-2B-LargeOffice--is_residentialNo
INFO  Adding construction Typical Insulated Exterior Mass Floor R-9.35 13.
INFO  Adding construction Typical Insulated Exterior Mass Wall R-6.62 11.
INFO  Adding construction Typical IEAD Roof - Highly Reflective R-25.64 55.
INFO  Adding construction Typical Insulated Metal Door R-1.43 66.
INFO  Adding construction Typical Overhead Door R-2.0 154.
INFO  Adding construction set: 90.1-2013-ASHRAE 169-2013-3A-LargeOffice--is_residentialNo
INFO  Adding construction Typical Insulated Exterior Mass Floor R-13.51 27.
INFO  Adding construction Typical Insulated Exterior Mass Wall R-8.13 13.
INFO  Adding construction Typical IEAD Roof - Highly Reflective R-25.64 56.
INFO  Adding construction Typical Insulated Metal Door R-1.43 67.
INFO  Adding construction Typical Overhead Door R-2.0 155.
INFO  Adding construction set: 90.1-2013-ASHRAE 169-2013-3B-LargeOffice--is_residentialNo
INFO  Adding construction Typical Insulated Exterior Mass Floor R-13.51 28.
INFO  Adding construction Typical Insulated Exterior Mass Wall R-8.13 14.
INFO  Adding construction Typical IEAD Roof - Highly Reflective R-25.64 57.
INFO  Adding construction Typical Insulated Metal Door R-1.43 68.
INFO  Adding construction Typical Overhead Door R-2.0 156.
INFO  Adding construction set: 90.1-2013-ASHRAE 169-2013-3C-LargeOffice--is_residentialNo
INFO  Adding construction Typical Insulated Exterior Mass Floor R-13.51 29.
INFO  Adding construction Typical Insulated Exterior Mass Wall R-8.13 15.
INFO  Adding construction Typical IEAD Roof - Highly Reflective R-25.64 58.
INFO  Adding construction Typical Insulated Metal Door R-1.43 69.
INFO  Adding construction Typical Overhead Door R-2.0 157.
INFO  Adding construction set: 90.1-2013-ASHRAE 169-2013-4A-LargeOffice--is_residentialNo
INFO  Adding construction Typical Insulated Exterior Mass Floor R-17.54 36.
INFO  Adding construction Typical Insulated Exterior Mass Wall R-9.62 15.
INFO  Adding construction Typical IEAD Roof R-31.25 80.
INFO  Adding construction Typical Insulated Metal Door R-2.0 108.
INFO  Adding construction Typical Overhead Door R-2.0 158.
INFO  Adding construction set: 90.1-2013-ASHRAE 169-2013-4B-LargeOffice--is_residentialNo
INFO  Adding construction Typical Insulated Exterior Mass Floor R-17.54 37.
INFO  Adding construction Typical Insulated Exterior Mass Wall R-9.62 16.
INFO  Adding construction Typical IEAD Roof R-31.25 81.
INFO  Adding construction Typical Insulated Metal Door R-2.0 109.
INFO  Adding construction Typical Overhead Door R-2.0 159.
INFO  Adding construction set: 90.1-2013-ASHRAE 169-2013-4C-LargeOffice--is_residentialNo
INFO  Adding construction Typical Insulated Exterior Mass Floor R-17.54 38.
INFO  Adding construction Typical Insulated Exterior Mass Wall R-9.62 17.
INFO  Adding construction Typical IEAD Roof R-31.25 82.
INFO  Adding construction Typical Insulated Metal Door R-2.0 110.
INFO  Adding construction Typical Overhead Door R-2.0 160.
INFO  Adding construction set: 90.1-2013-ASHRAE 169-2013-5A-LargeOffice--is_residentialNo
INFO  Adding construction Typical Insulated Exterior Mass Floor R-17.54 39.
INFO  Adding construction Typical Insulated Exterior Mass Wall R-11.11 15.
INFO  Adding construction Typical IEAD Roof R-31.25 83.
INFO  Adding construction Typical Insulated Metal Door R-2.0 111.
INFO  Adding construction Typical Overhead Door R-2.0 161.
INFO  Adding construction set: 90.1-2013-ASHRAE 169-2013-5B-LargeOffice--is_residentialNo
INFO  Adding construction Typical Insulated Exterior Mass Floor R-17.54 40.
INFO  Adding construction Typical Insulated Exterior Mass Wall R-11.11 16.
INFO  Adding construction Typical IEAD Roof R-31.25 84.
INFO  Adding construction Typical Insulated Metal Door R-2.0 112.
INFO  Adding construction Typical Overhead Door R-2.0 162.
INFO  Adding construction set: 90.1-2013-ASHRAE 169-2013-5C-LargeOffice--is_residentialNo
INFO  Adding construction Typical Insulated Exterior Mass Floor R-17.54 41.
INFO  Adding construction Typical Insulated Exterior Mass Wall R-11.11 17.
INFO  Adding construction Typical IEAD Roof R-31.25 85.
INFO  Adding construction Typical Insulated Metal Door R-2.0 113.
INFO  Adding construction Typical Overhead Door R-2.0 163.
INFO  Adding construction set: 90.1-2013-ASHRAE 169-2013-6A-LargeOffice--is_residentialNo
INFO  Adding construction Typical Insulated Exterior Mass Floor R-19.61 36.
INFO  Adding construction Typical Insulated Exterior Mass Wall R-12.5 12.
INFO  Adding construction Typical IEAD Roof R-31.25 86.
INFO  Adding construction Typical Insulated Metal Door R-2.0 114.
INFO  Adding construction Typical Overhead Door R-2.0 164.
INFO  Adding construction set: 90.1-2013-ASHRAE 169-2013-6B-LargeOffice--is_residentialNo
INFO  Adding construction Typical Insulated Exterior Mass Floor R-19.61 37.
INFO  Adding construction Typical Insulated Exterior Mass Wall R-12.5 13.
INFO  Adding construction Typical IEAD Roof R-31.25 87.
INFO  Adding construction Typical Insulated Metal Door R-2.0 115.
INFO  Adding construction Typical Overhead Door R-2.0 165.
INFO  Adding construction set: 90.1-2013-ASHRAE 169-2013-7A-LargeOffice--is_residentialNo
INFO  Adding construction Typical Insulated Exterior Mass Floor R-23.81 18.
INFO  Adding construction Typical Insulated Exterior Mass Wall R-14.08 14.
INFO  Adding construction Typical IEAD Roof R-35.71 40.
INFO  Adding construction Typical Insulated Metal Door R-2.0 116.
INFO  Adding construction Typical Overhead Door R-2.0 166.
INFO  Adding construction set: 90.1-2013-ASHRAE 169-2013-7B-LargeOffice--is_residentialNo
INFO  Adding construction Typical Insulated Exterior Mass Floor R-23.81 19.
INFO  Adding construction Typical Insulated Exterior Mass Wall R-14.08 15.
INFO  Adding construction Typical IEAD Roof R-35.71 41.
INFO  Adding construction Typical Insulated Metal Door R-2.0 117.
INFO  Adding construction Typical Overhead Door R-2.0 167.
INFO  Adding construction set: 90.1-2013-ASHRAE 169-2013-8A-LargeOffice--is_residentialNo
INFO  Adding construction Typical Insulated Exterior Mass Floor R-26.32 18.
INFO  Adding construction Typical Insulated Exterior Mass Wall R-20.83 10.
INFO  Adding construction Typical IEAD Roof R-35.71 42.
INFO  Adding construction Typical Insulated Metal Door R-2.0 118.
INFO  Adding construction Typical Overhead Door R-2.0 168.
INFO  Adding construction set: 90.1-2013-ASHRAE 169-2013-8B-LargeOffice--is_residentialNo
INFO  Adding construction Typical Insulated Exterior Mass Floor R-26.32 19.
INFO  Adding construction Typical Insulated Exterior Mass Wall R-20.83 11.
INFO  Adding construction Typical IEAD Roof R-35.71 43.
INFO  Adding construction Typical Insulated Metal Door R-2.0 119.
INFO  Adding construction Typical Overhead Door R-2.0 169.
INFO  Adding construction set: 90.1-2013-ASHRAE 169-2013-1A-LargeOfficeDetailed--is_residentialNo
INFO  Adding construction Typical Insulated Exterior Mass Floor R-3.11 20.
INFO  Adding construction Typical Insulated Exterior Mass Wall R-2.39 8.
INFO  Adding construction Typical IEAD Roof - Highly Reflective R-20.83 18.
INFO  Adding construction Typical Insulated Metal Door R-1.43 70.
INFO  Adding construction Typical Overhead Door R-0.86 20.
INFO  Adding construction set: 90.1-2013-ASHRAE 169-2013-1B-LargeOfficeDetailed--is_residentialNo
INFO  Adding construction Typical Insulated Exterior Mass Floor R-3.11 21.
INFO  Adding construction Typical Insulated Exterior Mass Wall R-2.39 9.
INFO  Adding construction Typical IEAD Roof - Highly Reflective R-20.83 19.
INFO  Adding construction Typical Insulated Metal Door R-1.43 71.
INFO  Adding construction Typical Overhead Door R-0.86 21.
INFO  Adding construction set: 90.1-2013-ASHRAE 169-2013-2A-LargeOfficeDetailed--is_residentialNo
INFO  Adding construction Typical Insulated Exterior Mass Floor R-9.35 14.
INFO  Adding construction Typical Insulated Exterior Mass Wall R-6.62 12.
INFO  Adding construction Typical IEAD Roof - Highly Reflective R-25.64 59.
INFO  Adding construction Typical Insulated Metal Door R-1.43 72.
INFO  Adding construction Typical Overhead Door R-2.0 170.
INFO  Adding construction set: 90.1-2013-ASHRAE 169-2013-2B-LargeOfficeDetailed--is_residentialNo
INFO  Adding construction Typical Insulated Exterior Mass Floor R-9.35 15.
INFO  Adding construction Typical Insulated Exterior Mass Wall R-6.62 13.
INFO  Adding construction Typical IEAD Roof - Highly Reflective R-25.64 60.
INFO  Adding construction Typical Insulated Metal Door R-1.43 73.
INFO  Adding construction Typical Overhead Door R-2.0 171.
INFO  Adding construction set: 90.1-2013-ASHRAE 169-2013-3A-LargeOfficeDetailed--is_residentialNo
INFO  Adding construction Typical Insulated Exterior Mass Floor R-13.51 30.
INFO  Adding construction Typical Insulated Exterior Mass Wall R-8.13 16.
INFO  Adding construction Typical IEAD Roof - Highly Reflective R-25.64 61.
INFO  Adding construction Typical Insulated Metal Door R-1.43 74.
INFO  Adding construction Typical Overhead Door R-2.0 172.
INFO  Adding construction set: 90.1-2013-ASHRAE 169-2013-3B-LargeOfficeDetailed--is_residentialNo
INFO  Adding construction Typical Insulated Exterior Mass Floor R-13.51 31.
INFO  Adding construction Typical Insulated Exterior Mass Wall R-8.13 17.
INFO  Adding construction Typical IEAD Roof - Highly Reflective R-25.64 62.
INFO  Adding construction Typical Insulated Metal Door R-1.43 75.
INFO  Adding construction Typical Overhead Door R-2.0 173.
INFO  Adding construction set: 90.1-2013-ASHRAE 169-2013-3C-LargeOfficeDetailed--is_residentialNo
INFO  Adding construction Typical Insulated Exterior Mass Floor R-13.51 32.
INFO  Adding construction Typical Insulated Exterior Mass Wall R-8.13 18.
INFO  Adding construction Typical IEAD Roof - Highly Reflective R-25.64 63.
INFO  Adding construction Typical Insulated Metal Door R-1.43 76.
INFO  Adding construction Typical Overhead Door R-2.0 174.
INFO  Adding construction set: 90.1-2013-ASHRAE 169-2013-4A-LargeOfficeDetailed--is_residentialNo
INFO  Adding construction Typical Insulated Exterior Mass Floor R-17.54 42.
INFO  Adding construction Typical Insulated Exterior Mass Wall R-9.62 18.
INFO  Adding construction Typical IEAD Roof R-31.25 88.
INFO  Adding construction Typical Insulated Metal Door R-2.0 120.
INFO  Adding construction Typical Overhead Door R-2.0 175.
INFO  Adding construction set: 90.1-2013-ASHRAE 169-2013-4B-LargeOfficeDetailed--is_residentialNo
INFO  Adding construction Typical Insulated Exterior Mass Floor R-17.54 43.
INFO  Adding construction Typical Insulated Exterior Mass Wall R-9.62 19.
INFO  Adding construction Typical IEAD Roof R-31.25 89.
INFO  Adding construction Typical Insulated Metal Door R-2.0 121.
INFO  Adding construction Typical Overhead Door R-2.0 176.
INFO  Adding construction set: 90.1-2013-ASHRAE 169-2013-4C-LargeOfficeDetailed--is_residentialNo
INFO  Adding construction Typical Insulated Exterior Mass Floor R-17.54 44.
INFO  Adding construction Typical Insulated Exterior Mass Wall R-9.62 20.
INFO  Adding construction Typical IEAD Roof R-31.25 90.
INFO  Adding construction Typical Insulated Metal Door R-2.0 122.
INFO  Adding construction Typical Overhead Door R-2.0 177.
INFO  Adding construction set: 90.1-2013-ASHRAE 169-2013-5A-LargeOfficeDetailed--is_residentialNo
INFO  Adding construction Typical Insulated Exterior Mass Floor R-17.54 45.
INFO  Adding construction Typical Insulated Exterior Mass Wall R-11.11 18.
INFO  Adding construction Typical IEAD Roof R-31.25 91.
INFO  Adding construction Typical Insulated Metal Door R-2.0 123.
INFO  Adding construction Typical Overhead Door R-2.0 178.
INFO  Adding construction set: 90.1-2013-ASHRAE 169-2013-5B-LargeOfficeDetailed--is_residentialNo
INFO  Adding construction Typical Insulated Exterior Mass Floor R-17.54 46.
INFO  Adding construction Typical Insulated Exterior Mass Wall R-11.11 19.
INFO  Adding construction Typical IEAD Roof R-31.25 92.
INFO  Adding construction Typical Insulated Metal Door R-2.0 124.
INFO  Adding construction Typical Overhead Door R-2.0 179.
INFO  Adding construction set: 90.1-2013-ASHRAE 169-2013-5C-LargeOfficeDetailed--is_residentialNo
INFO  Adding construction Typical Insulated Exterior Mass Floor R-17.54 47.
INFO  Adding construction Typical Insulated Exterior Mass Wall R-11.11 20.
INFO  Adding construction Typical IEAD Roof R-31.25 93.
INFO  Adding construction Typical Insulated Metal Door R-2.0 125.
INFO  Adding construction Typical Overhead Door R-2.0 180.
INFO  Adding construction set: 90.1-2013-ASHRAE 169-2013-6A-LargeOfficeDetailed--is_residentialNo
INFO  Adding construction Typical Insulated Exterior Mass Floor R-19.61 38.
INFO  Adding construction Typical Insulated Exterior Mass Wall R-12.5 14.
INFO  Adding construction Typical IEAD Roof R-31.25 94.
INFO  Adding construction Typical Insulated Metal Door R-2.0 126.
INFO  Adding construction Typical Overhead Door R-2.0 181.
INFO  Adding construction set: 90.1-2013-ASHRAE 169-2013-6B-LargeOfficeDetailed--is_residentialNo
INFO  Adding construction Typical Insulated Exterior Mass Floor R-19.61 39.
INFO  Adding construction Typical Insulated Exterior Mass Wall R-12.5 15.
INFO  Adding construction Typical IEAD Roof R-31.25 95.
INFO  Adding construction Typical Insulated Metal Door R-2.0 127.
INFO  Adding construction Typical Overhead Door R-2.0 182.
INFO  Adding construction set: 90.1-2013-ASHRAE 169-2013-7A-LargeOfficeDetailed--is_residentialNo
INFO  Adding construction Typical Insulated Exterior Mass Floor R-23.81 20.
INFO  Adding construction Typical Insulated Exterior Mass Wall R-14.08 16.
INFO  Adding construction Typical IEAD Roof R-35.71 44.
INFO  Adding construction Typical Insulated Metal Door R-2.0 128.
INFO  Adding construction Typical Overhead Door R-2.0 183.
INFO  Adding construction set: 90.1-2013-ASHRAE 169-2013-7B-LargeOfficeDetailed--is_residentialNo
INFO  Adding construction Typical Insulated Exterior Mass Floor R-23.81 21.
INFO  Adding construction Typical Insulated Exterior Mass Wall R-14.08 17.
INFO  Adding construction Typical IEAD Roof R-35.71 45.
INFO  Adding construction Typical Insulated Metal Door R-2.0 129.
INFO  Adding construction Typical Overhead Door R-2.0 184.
INFO  Adding construction set: 90.1-2013-ASHRAE 169-2013-8A-LargeOfficeDetailed--is_residentialNo
INFO  Adding construction Typical Insulated Exterior Mass Floor R-26.32 20.
INFO  Adding construction Typical Insulated Exterior Mass Wall R-20.83 12.
INFO  Adding construction Typical IEAD Roof R-35.71 46.
INFO  Adding construction Typical Insulated Metal Door R-2.0 130.
INFO  Adding construction Typical Overhead Door R-2.0 185.
INFO  Adding construction set: 90.1-2013-ASHRAE 169-2013-8B-LargeOfficeDetailed--is_residentialNo
INFO  Adding construction Typical Insulated Exterior Mass Floor R-26.32 21.
INFO  Adding construction Typical Insulated Exterior Mass Wall R-20.83 13.
INFO  Adding construction Typical IEAD Roof R-35.71 47.
INFO  Adding construction Typical Insulated Metal Door R-2.0 131.
INFO  Adding construction Typical Overhead Door R-2.0 186.
INFO  Adding construction set: 90.1-2013-ASHRAE 169-2013-1A-MediumOffice--is_residentialNo
INFO  Adding construction Typical Insulated Exterior Mass Floor R-3.11 22.
INFO  Adding construction Typical Insulated Steel Framed Exterior Wall R-8.06 12.
INFO  Adding construction Typical IEAD Roof - Highly Reflective R-20.83 20.
INFO  Adding construction Typical Insulated Metal Door R-1.43 77.
INFO  Adding construction Typical Overhead Door R-0.86 22.
INFO  Adding construction set: 90.1-2013-ASHRAE 169-2013-1B-MediumOffice--is_residentialNo
INFO  Adding construction Typical Insulated Exterior Mass Floor R-3.11 23.
INFO  Adding construction Typical Insulated Steel Framed Exterior Wall R-8.06 13.
INFO  Adding construction Typical IEAD Roof - Highly Reflective R-20.83 21.
INFO  Adding construction Typical Insulated Metal Door R-1.43 78.
INFO  Adding construction Typical Overhead Door R-0.86 23.
INFO  Adding construction set: 90.1-2013-ASHRAE 169-2013-2A-MediumOffice--is_residentialNo
INFO  Adding construction Typical Insulated Exterior Mass Floor R-9.35 16.
INFO  Adding construction Typical Insulated Steel Framed Exterior Wall R-11.9 10.
INFO  Adding construction Typical IEAD Roof - Highly Reflective R-25.64 64.
INFO  Adding construction Typical Insulated Metal Door R-1.43 79.
INFO  Adding construction Typical Overhead Door R-2.0 187.
INFO  Adding construction set: 90.1-2013-ASHRAE 169-2013-2B-MediumOffice--is_residentialNo
INFO  Adding construction Typical Insulated Exterior Mass Floor R-9.35 17.
INFO  Adding construction Typical Insulated Steel Framed Exterior Wall R-11.9 11.
INFO  Adding construction Typical IEAD Roof - Highly Reflective R-25.64 65.
INFO  Adding construction Typical Insulated Metal Door R-1.43 80.
INFO  Adding construction Typical Overhead Door R-2.0 188.
INFO  Adding construction set: 90.1-2013-ASHRAE 169-2013-3A-MediumOffice--is_residentialNo
INFO  Adding construction Typical Insulated Exterior Mass Floor R-13.51 33.
INFO  Adding construction Typical Insulated Steel Framed Exterior Wall R-12.99 15.
INFO  Adding construction Typical IEAD Roof - Highly Reflective R-25.64 66.
INFO  Adding construction Typical Insulated Metal Door R-1.43 81.
INFO  Adding construction Typical Overhead Door R-2.0 189.
INFO  Adding construction set: 90.1-2013-ASHRAE 169-2013-3B-MediumOffice--is_residentialNo
INFO  Adding construction Typical Insulated Exterior Mass Floor R-13.51 34.
INFO  Adding construction Typical Insulated Steel Framed Exterior Wall R-12.99 16.
INFO  Adding construction Typical IEAD Roof - Highly Reflective R-25.64 67.
INFO  Adding construction Typical Insulated Metal Door R-1.43 82.
INFO  Adding construction Typical Overhead Door R-2.0 190.
INFO  Adding construction set: 90.1-2013-ASHRAE 169-2013-3C-MediumOffice--is_residentialNo
INFO  Adding construction Typical Insulated Exterior Mass Floor R-13.51 35.
INFO  Adding construction Typical Insulated Steel Framed Exterior Wall R-12.99 17.
INFO  Adding construction Typical IEAD Roof - Highly Reflective R-25.64 68.
INFO  Adding construction Typical Insulated Metal Door R-1.43 83.
INFO  Adding construction Typical Overhead Door R-2.0 191.
INFO  Adding construction set: 90.1-2013-ASHRAE 169-2013-4A-MediumOffice--is_residentialNo
INFO  Adding construction Typical Insulated Exterior Mass Floor R-17.54 48.
INFO  Adding construction Typical Insulated Steel Framed Exterior Wall R-15.63 23.
INFO  Adding construction Typical IEAD Roof R-31.25 96.
INFO  Adding construction Typical Insulated Metal Door R-2.0 132.
INFO  Adding construction Typical Overhead Door R-2.0 192.
INFO  Adding construction set: 90.1-2013-ASHRAE 169-2013-4B-MediumOffice--is_residentialNo
INFO  Adding construction Typical Insulated Exterior Mass Floor R-17.54 49.
INFO  Adding construction Typical Insulated Steel Framed Exterior Wall R-15.63 24.
INFO  Adding construction Typical IEAD Roof R-31.25 97.
INFO  Adding construction Typical Insulated Metal Door R-2.0 133.
INFO  Adding construction Typical Overhead Door R-2.0 193.
INFO  Adding construction set: 90.1-2013-ASHRAE 169-2013-4C-MediumOffice--is_residentialNo
INFO  Adding construction Typical Insulated Exterior Mass Floor R-17.54 50.
INFO  Adding construction Typical Insulated Steel Framed Exterior Wall R-15.63 25.
INFO  Adding construction Typical IEAD Roof R-31.25 98.
INFO  Adding construction Typical Insulated Metal Door R-2.0 134.
INFO  Adding construction Typical Overhead Door R-2.0 194.
INFO  Adding construction set: 90.1-2013-ASHRAE 169-2013-5A-MediumOffice--is_residentialNo
INFO  Adding construction Typical Insulated Exterior Mass Floor R-17.54 51.
INFO  Adding construction Typical Insulated Steel Framed Exterior Wall R-18.18 18.
INFO  Adding construction Typical IEAD Roof R-31.25 99.
INFO  Adding construction Typical Insulated Metal Door R-2.0 135.
INFO  Adding construction Typical Overhead Door R-2.0 195.
INFO  Adding construction set: 90.1-2013-ASHRAE 169-2013-5B-MediumOffice--is_residentialNo
INFO  Adding construction Typical Insulated Exterior Mass Floor R-17.54 52.
INFO  Adding construction Typical Insulated Steel Framed Exterior Wall R-18.18 19.
INFO  Adding construction Typical IEAD Roof R-31.25 100.
INFO  Adding construction Typical Insulated Metal Door R-2.0 136.
INFO  Adding construction Typical Overhead Door R-2.0 196.
INFO  Adding construction set: 90.1-2013-ASHRAE 169-2013-5C-MediumOffice--is_residentialNo
INFO  Adding construction Typical Insulated Exterior Mass Floor R-17.54 53.
INFO  Adding construction Typical Insulated Steel Framed Exterior Wall R-18.18 20.
INFO  Adding construction Typical IEAD Roof R-31.25 101.
INFO  Adding construction Typical Insulated Metal Door R-2.0 137.
INFO  Adding construction Typical Overhead Door R-2.0 197.
INFO  Adding construction set: 90.1-2013-ASHRAE 169-2013-6A-MediumOffice--is_residentialNo
INFO  Adding construction Typical Insulated Exterior Mass Floor R-19.61 40.
INFO  Adding construction Typical Insulated Steel Framed Exterior Wall R-20.41 22.
INFO  Adding construction Typical IEAD Roof R-31.25 102.
INFO  Adding construction Typical Insulated Metal Door R-2.0 138.
INFO  Adding construction Typical Overhead Door R-2.0 198.
INFO  Adding construction set: 90.1-2013-ASHRAE 169-2013-6B-MediumOffice--is_residentialNo
INFO  Adding construction Typical Insulated Exterior Mass Floor R-19.61 41.
INFO  Adding construction Typical Insulated Steel Framed Exterior Wall R-20.41 23.
INFO  Adding construction Typical IEAD Roof R-31.25 103.
INFO  Adding construction Typical Insulated Metal Door R-2.0 139.
INFO  Adding construction Typical Overhead Door R-2.0 199.
INFO  Adding construction set: 90.1-2013-ASHRAE 169-2013-7A-MediumOffice--is_residentialNo
INFO  Adding construction Typical Insulated Exterior Mass Floor R-23.81 22.
INFO  Adding construction Typical Insulated Steel Framed Exterior Wall R-20.41 24.
INFO  Adding construction Typical IEAD Roof R-35.71 48.
INFO  Adding construction Typical Insulated Metal Door R-2.0 140.
INFO  Adding construction Typical Overhead Door R-2.0 200.
INFO  Adding construction set: 90.1-2013-ASHRAE 169-2013-7B-MediumOffice--is_residentialNo
INFO  Adding construction Typical Insulated Exterior Mass Floor R-23.81 23.
INFO  Adding construction Typical Insulated Steel Framed Exterior Wall R-20.41 25.
INFO  Adding construction Typical IEAD Roof R-35.71 49.
INFO  Adding construction Typical Insulated Metal Door R-2.0 141.
INFO  Adding construction Typical Overhead Door R-2.0 201.
INFO  Adding construction set: 90.1-2013-ASHRAE 169-2013-8A-MediumOffice--is_residentialNo
INFO  Adding construction Typical Insulated Exterior Mass Floor R-26.32 22.
INFO  Adding construction Typical Insulated Steel Framed Exterior Wall R-27.03 12.
INFO  Adding construction Typical IEAD Roof R-35.71 50.
INFO  Adding construction Typical Insulated Metal Door R-2.0 142.
INFO  Adding construction Typical Overhead Door R-2.0 202.
INFO  Adding construction set: 90.1-2013-ASHRAE 169-2013-8B-MediumOffice--is_residentialNo
INFO  Adding construction Typical Insulated Exterior Mass Floor R-26.32 23.
INFO  Adding construction Typical Insulated Steel Framed Exterior Wall R-27.03 13.
INFO  Adding construction Typical IEAD Roof R-35.71 51.
INFO  Adding construction Typical Insulated Metal Door R-2.0 143.
INFO  Adding construction Typical Overhead Door R-2.0 203.
INFO  Adding construction set: 90.1-2013-ASHRAE 169-2013-1A-MediumOfficeDetailed--is_residentialNo
INFO  Adding construction Typical Insulated Exterior Mass Floor R-3.11 24.
INFO  Adding construction Typical Insulated Steel Framed Exterior Wall R-8.06 14.
INFO  Adding construction Typical IEAD Roof - Highly Reflective R-20.83 22.
INFO  Adding construction Typical Insulated Metal Door R-1.43 84.
INFO  Adding construction Typical Overhead Door R-0.86 24.
INFO  Adding construction set: 90.1-2013-ASHRAE 169-2013-1B-MediumOfficeDetailed--is_residentialNo
INFO  Adding construction Typical Insulated Exterior Mass Floor R-3.11 25.
INFO  Adding construction Typical Insulated Steel Framed Exterior Wall R-8.06 15.
INFO  Adding construction Typical IEAD Roof - Highly Reflective R-20.83 23.
INFO  Adding construction Typical Insulated Metal Door R-1.43 85.
INFO  Adding construction Typical Overhead Door R-0.86 25.
INFO  Adding construction set: 90.1-2013-ASHRAE 169-2013-2A-MediumOfficeDetailed--is_residentialNo
INFO  Adding construction Typical Insulated Exterior Mass Floor R-9.35 18.
INFO  Adding construction Typical Insulated Steel Framed Exterior Wall R-11.9 12.
INFO  Adding construction Typical IEAD Roof - Highly Reflective R-25.64 69.
INFO  Adding construction Typical Insulated Metal Door R-1.43 86.
INFO  Adding construction Typical Overhead Door R-2.0 204.
INFO  Adding construction set: 90.1-2013-ASHRAE 169-2013-2B-MediumOfficeDetailed--is_residentialNo
INFO  Adding construction Typical Insulated Exterior Mass Floor R-9.35 19.
INFO  Adding construction Typical Insulated Steel Framed Exterior Wall R-11.9 13.
INFO  Adding construction Typical IEAD Roof - Highly Reflective R-25.64 70.
INFO  Adding construction Typical Insulated Metal Door R-1.43 87.
INFO  Adding construction Typical Overhead Door R-2.0 205.
INFO  Adding construction set: 90.1-2013-ASHRAE 169-2013-3A-MediumOfficeDetailed--is_residentialNo
INFO  Adding construction Typical Insulated Exterior Mass Floor R-13.51 36.
INFO  Adding construction Typical Insulated Steel Framed Exterior Wall R-12.99 18.
INFO  Adding construction Typical IEAD Roof - Highly Reflective R-25.64 71.
INFO  Adding construction Typical Insulated Metal Door R-1.43 88.
INFO  Adding construction Typical Overhead Door R-2.0 206.
INFO  Adding construction set: 90.1-2013-ASHRAE 169-2013-3B-MediumOfficeDetailed--is_residentialNo
INFO  Adding construction Typical Insulated Exterior Mass Floor R-13.51 37.
INFO  Adding construction Typical Insulated Steel Framed Exterior Wall R-12.99 19.
INFO  Adding construction Typical IEAD Roof - Highly Reflective R-25.64 72.
INFO  Adding construction Typical Insulated Metal Door R-1.43 89.
INFO  Adding construction Typical Overhead Door R-2.0 207.
INFO  Adding construction set: 90.1-2013-ASHRAE 169-2013-3C-MediumOfficeDetailed--is_residentialNo
INFO  Adding construction Typical Insulated Exterior Mass Floor R-13.51 38.
INFO  Adding construction Typical Insulated Steel Framed Exterior Wall R-12.99 20.
INFO  Adding construction Typical IEAD Roof - Highly Reflective R-25.64 73.
INFO  Adding construction Typical Insulated Metal Door R-1.43 90.
INFO  Adding construction Typical Overhead Door R-2.0 208.
INFO  Adding construction set: 90.1-2013-ASHRAE 169-2013-4A-MediumOfficeDetailed--is_residentialNo
INFO  Adding construction Typical Insulated Exterior Mass Floor R-17.54 54.
INFO  Adding construction Typical Insulated Steel Framed Exterior Wall R-15.63 26.
INFO  Adding construction Typical IEAD Roof R-31.25 104.
INFO  Adding construction Typical Insulated Metal Door R-2.0 144.
INFO  Adding construction Typical Overhead Door R-2.0 209.
INFO  Adding construction set: 90.1-2013-ASHRAE 169-2013-4B-MediumOfficeDetailed--is_residentialNo
INFO  Adding construction Typical Insulated Exterior Mass Floor R-17.54 55.
INFO  Adding construction Typical Insulated Steel Framed Exterior Wall R-15.63 27.
INFO  Adding construction Typical IEAD Roof R-31.25 105.
INFO  Adding construction Typical Insulated Metal Door R-2.0 145.
INFO  Adding construction Typical Overhead Door R-2.0 210.
INFO  Adding construction set: 90.1-2013-ASHRAE 169-2013-4C-MediumOfficeDetailed--is_residentialNo
INFO  Adding construction Typical Insulated Exterior Mass Floor R-17.54 56.
INFO  Adding construction Typical Insulated Steel Framed Exterior Wall R-15.63 28.
INFO  Adding construction Typical IEAD Roof R-31.25 106.
INFO  Adding construction Typical Insulated Metal Door R-2.0 146.
INFO  Adding construction Typical Overhead Door R-2.0 211.
INFO  Adding construction set: 90.1-2013-ASHRAE 169-2013-5A-MediumOfficeDetailed--is_residentialNo
INFO  Adding construction Typical Insulated Exterior Mass Floor R-17.54 57.
INFO  Adding construction Typical Insulated Steel Framed Exterior Wall R-18.18 21.
INFO  Adding construction Typical IEAD Roof R-31.25 107.
INFO  Adding construction Typical Insulated Metal Door R-2.0 147.
INFO  Adding construction Typical Overhead Door R-2.0 212.
INFO  Adding construction set: 90.1-2013-ASHRAE 169-2013-5B-MediumOfficeDetailed--is_residentialNo
INFO  Adding construction Typical Insulated Exterior Mass Floor R-17.54 58.
INFO  Adding construction Typical Insulated Steel Framed Exterior Wall R-18.18 22.
INFO  Adding construction Typical IEAD Roof R-31.25 108.
INFO  Adding construction Typical Insulated Metal Door R-2.0 148.
INFO  Adding construction Typical Overhead Door R-2.0 213.
INFO  Adding construction set: 90.1-2013-ASHRAE 169-2013-5C-MediumOfficeDetailed--is_residentialNo
INFO  Adding construction Typical Insulated Exterior Mass Floor R-17.54 59.
INFO  Adding construction Typical Insulated Steel Framed Exterior Wall R-18.18 23.
INFO  Adding construction Typical IEAD Roof R-31.25 109.
INFO  Adding construction Typical Insulated Metal Door R-2.0 149.
INFO  Adding construction Typical Overhead Door R-2.0 214.
INFO  Adding construction set: 90.1-2013-ASHRAE 169-2013-6A-MediumOfficeDetailed--is_residentialNo
INFO  Adding construction Typical Insulated Exterior Mass Floor R-19.61 42.
INFO  Adding construction Typical Insulated Steel Framed Exterior Wall R-20.41 26.
INFO  Adding construction Typical IEAD Roof R-31.25 110.
INFO  Adding construction Typical Insulated Metal Door R-2.0 150.
INFO  Adding construction Typical Overhead Door R-2.0 215.
INFO  Adding construction set: 90.1-2013-ASHRAE 169-2013-6B-MediumOfficeDetailed--is_residentialNo
INFO  Adding construction Typical Insulated Exterior Mass Floor R-19.61 43.
INFO  Adding construction Typical Insulated Steel Framed Exterior Wall R-20.41 27.
INFO  Adding construction Typical IEAD Roof R-31.25 111.
INFO  Adding construction Typical Insulated Metal Door R-2.0 151.
INFO  Adding construction Typical Overhead Door R-2.0 216.
INFO  Adding construction set: 90.1-2013-ASHRAE 169-2013-7A-MediumOfficeDetailed--is_residentialNo
INFO  Adding construction Typical Insulated Exterior Mass Floor R-23.81 24.
INFO  Adding construction Typical Insulated Steel Framed Exterior Wall R-20.41 28.
INFO  Adding construction Typical IEAD Roof R-35.71 52.
INFO  Adding construction Typical Insulated Metal Door R-2.0 152.
INFO  Adding construction Typical Overhead Door R-2.0 217.
INFO  Adding construction set: 90.1-2013-ASHRAE 169-2013-7B-MediumOfficeDetailed--is_residentialNo
INFO  Adding construction Typical Insulated Exterior Mass Floor R-23.81 25.
INFO  Adding construction Typical Insulated Steel Framed Exterior Wall R-20.41 29.
INFO  Adding construction Typical IEAD Roof R-35.71 53.
INFO  Adding construction Typical Insulated Metal Door R-2.0 153.
INFO  Adding construction Typical Overhead Door R-2.0 218.
INFO  Adding construction set: 90.1-2013-ASHRAE 169-2013-8A-MediumOfficeDetailed--is_residentialNo
INFO  Adding construction Typical Insulated Exterior Mass Floor R-26.32 24.
INFO  Adding construction Typical Insulated Steel Framed Exterior Wall R-27.03 14.
INFO  Adding construction Typical IEAD Roof R-35.71 54.
INFO  Adding construction Typical Insulated Metal Door R-2.0 154.
INFO  Adding construction Typical Overhead Door R-2.0 219.
INFO  Adding construction set: 90.1-2013-ASHRAE 169-2013-8B-MediumOfficeDetailed--is_residentialNo
INFO  Adding construction Typical Insulated Exterior Mass Floor R-26.32 25.
INFO  Adding construction Typical Insulated Steel Framed Exterior Wall R-27.03 15.
INFO  Adding construction Typical IEAD Roof R-35.71 55.
INFO  Adding construction Typical Insulated Metal Door R-2.0 155.
INFO  Adding construction Typical Overhead Door R-2.0 220.
INFO  Adding construction set: 90.1-2013-ASHRAE 169-2013-1A-MidriseApartment--is_residentialNo
INFO  Adding construction Typical Insulated Exterior Mass Floor R-3.11 26.
INFO  Adding construction Typical Insulated Steel Framed Exterior Wall R-8.06 16.
INFO  Adding construction Typical IEAD Roof - Highly Reflective R-20.83 24.
INFO  Adding construction Typical Insulated Metal Door R-1.43 91.
INFO  Adding construction Typical Overhead Door R-0.86 26.
INFO  Adding construction set: 90.1-2013-ASHRAE 169-2013-1B-MidriseApartment--is_residentialNo
INFO  Adding construction Typical Insulated Exterior Mass Floor R-3.11 27.
INFO  Adding construction Typical Insulated Steel Framed Exterior Wall R-8.06 17.
INFO  Adding construction Typical IEAD Roof - Highly Reflective R-20.83 25.
INFO  Adding construction Typical Insulated Metal Door R-1.43 92.
INFO  Adding construction Typical Overhead Door R-0.86 27.
INFO  Adding construction set: 90.1-2013-ASHRAE 169-2013-2A-MidriseApartment--is_residentialNo
INFO  Adding construction Typical Insulated Exterior Mass Floor R-11.49 6.
INFO  Adding construction Typical Insulated Steel Framed Exterior Wall R-15.63 29.
INFO  Adding construction Typical IEAD Roof - Highly Reflective R-25.64 74.
INFO  Adding construction Typical Insulated Metal Door R-1.43 93.
INFO  Adding construction Typical Overhead Door R-2.0 221.
INFO  Adding construction set: 90.1-2013-ASHRAE 169-2013-2B-MidriseApartment--is_residentialNo
INFO  Adding construction Typical Insulated Exterior Mass Floor R-11.49 7.
INFO  Adding construction Typical Insulated Steel Framed Exterior Wall R-15.63 30.
INFO  Adding construction Typical IEAD Roof - Highly Reflective R-25.64 75.
INFO  Adding construction Typical Insulated Metal Door R-1.43 94.
INFO  Adding construction Typical Overhead Door R-2.0 222.
INFO  Adding construction set: 90.1-2013-ASHRAE 169-2013-3A-MidriseApartment--is_residentialNo
INFO  Adding construction Typical Insulated Exterior Mass Floor R-13.51 39.
INFO  Adding construction Typical Insulated Steel Framed Exterior Wall R-15.63 31.
INFO  Adding construction Typical IEAD Roof - Highly Reflective R-25.64 76.
INFO  Adding construction Typical Insulated Metal Door R-1.43 95.
INFO  Adding construction Typical Overhead Door R-2.0 223.
INFO  Adding construction set: 90.1-2013-ASHRAE 169-2013-3B-MidriseApartment--is_residentialNo
INFO  Adding construction Typical Insulated Exterior Mass Floor R-13.51 40.
INFO  Adding construction Typical Insulated Steel Framed Exterior Wall R-15.63 32.
INFO  Adding construction Typical IEAD Roof - Highly Reflective R-25.64 77.
INFO  Adding construction Typical Insulated Metal Door R-1.43 96.
INFO  Adding construction Typical Overhead Door R-2.0 224.
INFO  Adding construction set: 90.1-2013-ASHRAE 169-2013-3C-MidriseApartment--is_residentialNo
INFO  Adding construction Typical Insulated Exterior Mass Floor R-13.51 41.
INFO  Adding construction Typical Insulated Steel Framed Exterior Wall R-15.63 33.
INFO  Adding construction Typical IEAD Roof - Highly Reflective R-25.64 78.
INFO  Adding construction Typical Insulated Metal Door R-1.43 97.
INFO  Adding construction Typical Overhead Door R-2.0 225.
INFO  Adding construction set: 90.1-2013-ASHRAE 169-2013-4A-MidriseApartment--is_residentialNo
INFO  Adding construction Typical Insulated Exterior Mass Floor R-19.61 44.
INFO  Adding construction Typical Insulated Steel Framed Exterior Wall R-15.63 34.
INFO  Adding construction Typical IEAD Roof R-31.25 112.
INFO  Adding construction Typical Insulated Metal Door R-2.0 156.
INFO  Adding construction Typical Overhead Door R-2.0 226.
INFO  Adding construction set: 90.1-2013-ASHRAE 169-2013-4B-MidriseApartment--is_residentialNo
INFO  Adding construction Typical Insulated Exterior Mass Floor R-19.61 45.
INFO  Adding construction Typical Insulated Steel Framed Exterior Wall R-15.63 35.
INFO  Adding construction Typical IEAD Roof R-31.25 113.
INFO  Adding construction Typical Insulated Metal Door R-2.0 157.
INFO  Adding construction Typical Overhead Door R-2.0 227.
INFO  Adding construction set: 90.1-2013-ASHRAE 169-2013-4C-MidriseApartment--is_residentialNo
INFO  Adding construction Typical Insulated Exterior Mass Floor R-19.61 46.
INFO  Adding construction Typical Insulated Steel Framed Exterior Wall R-15.63 36.
INFO  Adding construction Typical IEAD Roof R-31.25 114.
INFO  Adding construction Typical Insulated Metal Door R-2.0 158.
INFO  Adding construction Typical Overhead Door R-2.0 228.
INFO  Adding construction set: 90.1-2013-ASHRAE 169-2013-5A-MidriseApartment--is_residentialNo
INFO  Adding construction Typical Insulated Exterior Mass Floor R-19.61 47.
INFO  Adding construction Typical Insulated Steel Framed Exterior Wall R-18.18 24.
INFO  Adding construction Typical IEAD Roof R-31.25 115.
INFO  Adding construction Typical Insulated Metal Door R-2.0 159.
INFO  Adding construction Typical Overhead Door R-2.0 229.
INFO  Adding construction set: 90.1-2013-ASHRAE 169-2013-5B-MidriseApartment--is_residentialNo
INFO  Adding construction Typical Insulated Exterior Mass Floor R-19.61 48.
INFO  Adding construction Typical Insulated Steel Framed Exterior Wall R-18.18 25.
INFO  Adding construction Typical IEAD Roof R-31.25 116.
INFO  Adding construction Typical Insulated Metal Door R-2.0 160.
INFO  Adding construction Typical Overhead Door R-2.0 230.
INFO  Adding construction set: 90.1-2013-ASHRAE 169-2013-5C-MidriseApartment--is_residentialNo
INFO  Adding construction Typical Insulated Exterior Mass Floor R-19.61 49.
INFO  Adding construction Typical Insulated Steel Framed Exterior Wall R-18.18 26.
INFO  Adding construction Typical IEAD Roof R-31.25 117.
INFO  Adding construction Typical Insulated Metal Door R-2.0 161.
INFO  Adding construction Typical Overhead Door R-2.0 231.
INFO  Adding construction set: 90.1-2013-ASHRAE 169-2013-6A-MidriseApartment--is_residentialNo
INFO  Adding construction Typical Insulated Exterior Mass Floor R-19.61 50.
INFO  Adding construction Typical Insulated Steel Framed Exterior Wall R-20.41 30.
INFO  Adding construction Typical IEAD Roof R-31.25 118.
INFO  Adding construction Typical Insulated Metal Door R-2.0 162.
INFO  Adding construction Typical Overhead Door R-2.0 232.
INFO  Adding construction set: 90.1-2013-ASHRAE 169-2013-6B-MidriseApartment--is_residentialNo
INFO  Adding construction Typical Insulated Exterior Mass Floor R-19.61 51.
INFO  Adding construction Typical Insulated Steel Framed Exterior Wall R-20.41 31.
INFO  Adding construction Typical IEAD Roof R-31.25 119.
INFO  Adding construction Typical Insulated Metal Door R-2.0 163.
INFO  Adding construction Typical Overhead Door R-2.0 233.
INFO  Adding construction set: 90.1-2013-ASHRAE 169-2013-7A-MidriseApartment--is_residentialNo
INFO  Adding construction Typical Insulated Exterior Mass Floor R-23.81 26.
INFO  Adding construction Typical Insulated Steel Framed Exterior Wall R-23.81 2.
INFO  Adding construction Typical IEAD Roof R-35.71 56.
INFO  Adding construction Typical Insulated Metal Door R-2.0 164.
INFO  Adding construction Typical Overhead Door R-2.0 234.
INFO  Adding construction set: 90.1-2013-ASHRAE 169-2013-7B-MidriseApartment--is_residentialNo
INFO  Adding construction Typical Insulated Exterior Mass Floor R-23.81 27.
INFO  Adding construction Typical Insulated Steel Framed Exterior Wall R-23.81 3.
INFO  Adding construction Typical IEAD Roof R-35.71 57.
INFO  Adding construction Typical Insulated Metal Door R-2.0 165.
INFO  Adding construction Typical Overhead Door R-2.0 235.
INFO  Adding construction set: 90.1-2013-ASHRAE 169-2013-8A-MidriseApartment--is_residentialNo
INFO  Adding construction Typical Insulated Exterior Mass Floor R-26.32 26.
INFO  Adding construction Typical Insulated Steel Framed Exterior Wall R-27.03 16.
INFO  Adding construction Typical IEAD Roof R-35.71 58.
INFO  Adding construction Typical Insulated Metal Door R-2.0 166.
INFO  Adding construction Typical Overhead Door R-2.0 236.
INFO  Adding construction set: 90.1-2013-ASHRAE 169-2013-8B-MidriseApartment--is_residentialNo
INFO  Adding construction Typical Insulated Exterior Mass Floor R-26.32 27.
INFO  Adding construction Typical Insulated Steel Framed Exterior Wall R-27.03 17.
INFO  Adding construction Typical IEAD Roof R-35.71 59.
INFO  Adding construction Typical Insulated Metal Door R-2.0 167.
INFO  Adding construction Typical Overhead Door R-2.0 237.
INFO  Adding construction set: 90.1-2013-ASHRAE 169-2013-1A-Office--is_residentialNo
INFO  Adding construction Typical Insulated Exterior Mass Floor R-3.11 28.
INFO  Adding construction Typical Insulated Exterior Mass Wall R-2.39 10.
INFO  Adding construction Typical IEAD Roof - Highly Reflective R-20.83 26.
INFO  Adding construction Typical Insulated Metal Door R-1.43 98.
INFO  Adding construction Typical Overhead Door R-0.86 28.
INFO  Adding construction set: 90.1-2013-ASHRAE 169-2013-1B-Office--is_residentialNo
INFO  Adding construction Typical Insulated Exterior Mass Floor R-3.11 29.
INFO  Adding construction Typical Insulated Exterior Mass Wall R-2.39 11.
INFO  Adding construction Typical IEAD Roof - Highly Reflective R-20.83 27.
INFO  Adding construction Typical Insulated Metal Door R-1.43 99.
INFO  Adding construction Typical Overhead Door R-0.86 29.
INFO  Adding construction set: 90.1-2013-ASHRAE 169-2013-2A-Office--is_residentialNo
INFO  Adding construction Typical Insulated Exterior Mass Floor R-9.35 20.
INFO  Adding construction Typical Insulated Exterior Mass Wall R-6.62 14.
INFO  Adding construction Typical IEAD Roof - Highly Reflective R-25.64 79.
INFO  Adding construction Typical Insulated Metal Door R-1.43 100.
INFO  Adding construction Typical Overhead Door R-2.0 238.
INFO  Adding construction set: 90.1-2013-ASHRAE 169-2013-2B-Office--is_residentialNo
INFO  Adding construction Typical Insulated Exterior Mass Floor R-9.35 21.
INFO  Adding construction Typical Insulated Exterior Mass Wall R-6.62 15.
INFO  Adding construction Typical IEAD Roof - Highly Reflective R-25.64 80.
INFO  Adding construction Typical Insulated Metal Door R-1.43 101.
INFO  Adding construction Typical Overhead Door R-2.0 239.
INFO  Adding construction set: 90.1-2013-ASHRAE 169-2013-3A-Office--is_residentialNo
INFO  Adding construction Typical Insulated Exterior Mass Floor R-13.51 42.
INFO  Adding construction Typical Insulated Exterior Mass Wall R-8.13 19.
INFO  Adding construction Typical IEAD Roof - Highly Reflective R-25.64 81.
INFO  Adding construction Typical Insulated Metal Door R-1.43 102.
INFO  Adding construction Typical Overhead Door R-2.0 240.
INFO  Adding construction set: 90.1-2013-ASHRAE 169-2013-3B-Office--is_residentialNo
INFO  Adding construction Typical Insulated Exterior Mass Floor R-13.51 43.
INFO  Adding construction Typical Insulated Exterior Mass Wall R-8.13 20.
INFO  Adding construction Typical IEAD Roof - Highly Reflective R-25.64 82.
INFO  Adding construction Typical Insulated Metal Door R-1.43 103.
INFO  Adding construction Typical Overhead Door R-2.0 241.
INFO  Adding construction set: 90.1-2013-ASHRAE 169-2013-3C-Office--is_residentialNo
INFO  Adding construction Typical Insulated Exterior Mass Floor R-13.51 44.
INFO  Adding construction Typical Insulated Exterior Mass Wall R-8.13 21.
INFO  Adding construction Typical IEAD Roof - Highly Reflective R-25.64 83.
INFO  Adding construction Typical Insulated Metal Door R-1.43 104.
INFO  Adding construction Typical Overhead Door R-2.0 242.
INFO  Adding construction set: 90.1-2013-ASHRAE 169-2013-4A-Office--is_residentialNo
INFO  Adding construction Typical Insulated Exterior Mass Floor R-17.54 60.
INFO  Adding construction Typical Insulated Exterior Mass Wall R-9.62 21.
INFO  Adding construction Typical IEAD Roof R-31.25 120.
INFO  Adding construction Typical Insulated Metal Door R-2.0 168.
INFO  Adding construction Typical Overhead Door R-2.0 243.
INFO  Adding construction set: 90.1-2013-ASHRAE 169-2013-4B-Office--is_residentialNo
INFO  Adding construction Typical Insulated Exterior Mass Floor R-17.54 61.
INFO  Adding construction Typical Insulated Exterior Mass Wall R-9.62 22.
INFO  Adding construction Typical IEAD Roof R-31.25 121.
INFO  Adding construction Typical Insulated Metal Door R-2.0 169.
INFO  Adding construction Typical Overhead Door R-2.0 244.
INFO  Adding construction set: 90.1-2013-ASHRAE 169-2013-4C-Office--is_residentialNo
INFO  Adding construction Typical Insulated Exterior Mass Floor R-17.54 62.
INFO  Adding construction Typical Insulated Exterior Mass Wall R-9.62 23.
INFO  Adding construction Typical IEAD Roof R-31.25 122.
INFO  Adding construction Typical Insulated Metal Door R-2.0 170.
INFO  Adding construction Typical Overhead Door R-2.0 245.
INFO  Adding construction set: 90.1-2013-ASHRAE 169-2013-5A-Office--is_residentialNo
INFO  Adding construction Typical Insulated Exterior Mass Floor R-17.54 63.
INFO  Adding construction Typical Insulated Exterior Mass Wall R-11.11 21.
INFO  Adding construction Typical IEAD Roof R-31.25 123.
INFO  Adding construction Typical Insulated Metal Door R-2.0 171.
INFO  Adding construction Typical Overhead Door R-2.0 246.
INFO  Adding construction set: 90.1-2013-ASHRAE 169-2013-5B-Office--is_residentialNo
INFO  Adding construction Typical Insulated Exterior Mass Floor R-17.54 64.
INFO  Adding construction Typical Insulated Exterior Mass Wall R-11.11 22.
INFO  Adding construction Typical IEAD Roof R-31.25 124.
INFO  Adding construction Typical Insulated Metal Door R-2.0 172.
INFO  Adding construction Typical Overhead Door R-2.0 247.
INFO  Adding construction set: 90.1-2013-ASHRAE 169-2013-5C-Office--is_residentialNo
INFO  Adding construction Typical Insulated Exterior Mass Floor R-17.54 65.
INFO  Adding construction Typical Insulated Exterior Mass Wall R-11.11 23.
INFO  Adding construction Typical IEAD Roof R-31.25 125.
INFO  Adding construction Typical Insulated Metal Door R-2.0 173.
INFO  Adding construction Typical Overhead Door R-2.0 248.
INFO  Adding construction set: 90.1-2013-ASHRAE 169-2013-6A-Office--is_residentialNo
INFO  Adding construction Typical Insulated Exterior Mass Floor R-19.61 52.
INFO  Adding construction Typical Insulated Exterior Mass Wall R-12.5 16.
INFO  Adding construction Typical IEAD Roof R-31.25 126.
INFO  Adding construction Typical Insulated Metal Door R-2.0 174.
INFO  Adding construction Typical Overhead Door R-2.0 249.
INFO  Adding construction set: 90.1-2013-ASHRAE 169-2013-6B-Office--is_residentialNo
INFO  Adding construction Typical Insulated Exterior Mass Floor R-19.61 53.
INFO  Adding construction Typical Insulated Exterior Mass Wall R-12.5 17.
INFO  Adding construction Typical IEAD Roof R-31.25 127.
INFO  Adding construction Typical Insulated Metal Door R-2.0 175.
INFO  Adding construction Typical Overhead Door R-2.0 250.
INFO  Adding construction set: 90.1-2013-ASHRAE 169-2013-7A-Office--is_residentialNo
INFO  Adding construction Typical Insulated Exterior Mass Floor R-23.81 28.
INFO  Adding construction Typical Insulated Exterior Mass Wall R-14.08 18.
INFO  Adding construction Typical IEAD Roof R-35.71 60.
INFO  Adding construction Typical Insulated Metal Door R-2.0 176.
INFO  Adding construction Typical Overhead Door R-2.0 251.
INFO  Adding construction set: 90.1-2013-ASHRAE 169-2013-7B-Office--is_residentialNo
INFO  Adding construction Typical Insulated Exterior Mass Floor R-23.81 29.
INFO  Adding construction Typical Insulated Exterior Mass Wall R-14.08 19.
INFO  Adding construction Typical IEAD Roof R-35.71 61.
INFO  Adding construction Typical Insulated Metal Door R-2.0 177.
INFO  Adding construction Typical Overhead Door R-2.0 252.
INFO  Adding construction set: 90.1-2013-ASHRAE 169-2013-8A-Office--is_residentialNo
INFO  Adding construction Typical Insulated Exterior Mass Floor R-26.32 28.
INFO  Adding construction Typical Insulated Exterior Mass Wall R-20.83 14.
INFO  Adding construction Typical IEAD Roof R-35.71 62.
INFO  Adding construction Typical Insulated Metal Door R-2.0 178.
INFO  Adding construction Typical Overhead Door R-2.0 253.
INFO  Adding construction set: 90.1-2013-ASHRAE 169-2013-8B-Office--is_residentialNo
INFO  Adding construction Typical Insulated Exterior Mass Floor R-26.32 29.
INFO  Adding construction Typical Insulated Exterior Mass Wall R-20.83 15.
INFO  Adding construction Typical IEAD Roof R-35.71 63.
INFO  Adding construction Typical Insulated Metal Door R-2.0 179.
INFO  Adding construction Typical Overhead Door R-2.0 254.
INFO  Adding construction set: 90.1-2013-ASHRAE 169-2013-1A-Outpatient--is_residentialNo
INFO  Adding construction Typical Insulated Exterior Mass Floor R-3.11 30.
INFO  Adding construction Typical Insulated Steel Framed Exterior Wall R-8.06 18.
INFO  Adding construction Typical IEAD Roof - Highly Reflective R-20.83 28.
INFO  Adding construction Typical Insulated Metal Door R-1.43 105.
INFO  Adding construction Typical Overhead Door R-0.86 30.
INFO  Adding construction set: 90.1-2013-ASHRAE 169-2013-1B-Outpatient--is_residentialNo
INFO  Adding construction Typical Insulated Exterior Mass Floor R-3.11 31.
INFO  Adding construction Typical Insulated Steel Framed Exterior Wall R-8.06 19.
INFO  Adding construction Typical IEAD Roof - Highly Reflective R-20.83 29.
INFO  Adding construction Typical Insulated Metal Door R-1.43 106.
INFO  Adding construction Typical Overhead Door R-0.86 31.
INFO  Adding construction set: 90.1-2013-ASHRAE 169-2013-2A-Outpatient--is_residentialNo
INFO  Adding construction Typical Insulated Exterior Mass Floor R-9.35 22.
INFO  Adding construction Typical Insulated Steel Framed Exterior Wall R-11.9 14.
INFO  Adding construction Typical IEAD Roof - Highly Reflective R-25.64 84.
INFO  Adding construction Typical Insulated Metal Door R-1.43 107.
INFO  Adding construction Typical Overhead Door R-2.0 255.
INFO  Adding construction set: 90.1-2013-ASHRAE 169-2013-2B-Outpatient--is_residentialNo
INFO  Adding construction Typical Insulated Exterior Mass Floor R-9.35 23.
INFO  Adding construction Typical Insulated Steel Framed Exterior Wall R-11.9 15.
INFO  Adding construction Typical IEAD Roof - Highly Reflective R-25.64 85.
INFO  Adding construction Typical Insulated Metal Door R-1.43 108.
INFO  Adding construction Typical Overhead Door R-2.0 256.
INFO  Adding construction set: 90.1-2013-ASHRAE 169-2013-3A-Outpatient--is_residentialNo
INFO  Adding construction Typical Insulated Exterior Mass Floor R-13.51 45.
INFO  Adding construction Typical Insulated Steel Framed Exterior Wall R-12.99 21.
INFO  Adding construction Typical IEAD Roof - Highly Reflective R-25.64 86.
INFO  Adding construction Typical Insulated Metal Door R-1.43 109.
INFO  Adding construction Typical Overhead Door R-2.0 257.
INFO  Adding construction set: 90.1-2013-ASHRAE 169-2013-3B-Outpatient--is_residentialNo
INFO  Adding construction Typical Insulated Exterior Mass Floor R-13.51 46.
INFO  Adding construction Typical Insulated Steel Framed Exterior Wall R-12.99 22.
INFO  Adding construction Typical IEAD Roof - Highly Reflective R-25.64 87.
INFO  Adding construction Typical Insulated Metal Door R-1.43 110.
INFO  Adding construction Typical Overhead Door R-2.0 258.
INFO  Adding construction set: 90.1-2013-ASHRAE 169-2013-3C-Outpatient--is_residentialNo
INFO  Adding construction Typical Insulated Exterior Mass Floor R-13.51 47.
INFO  Adding construction Typical Insulated Steel Framed Exterior Wall R-12.99 23.
INFO  Adding construction Typical IEAD Roof - Highly Reflective R-25.64 88.
INFO  Adding construction Typical Insulated Metal Door R-1.43 111.
INFO  Adding construction Typical Overhead Door R-2.0 259.
INFO  Adding construction set: 90.1-2013-ASHRAE 169-2013-4A-Outpatient--is_residentialNo
INFO  Adding construction Typical Insulated Exterior Mass Floor R-17.54 66.
INFO  Adding construction Typical Insulated Steel Framed Exterior Wall R-15.63 37.
INFO  Adding construction Typical IEAD Roof R-31.25 128.
INFO  Adding construction Typical Insulated Metal Door R-2.0 180.
INFO  Adding construction Typical Overhead Door R-2.0 260.
INFO  Adding construction set: 90.1-2013-ASHRAE 169-2013-4B-Outpatient--is_residentialNo
INFO  Adding construction Typical Insulated Exterior Mass Floor R-17.54 67.
INFO  Adding construction Typical Insulated Steel Framed Exterior Wall R-15.63 38.
INFO  Adding construction Typical IEAD Roof R-31.25 129.
INFO  Adding construction Typical Insulated Metal Door R-2.0 181.
INFO  Adding construction Typical Overhead Door R-2.0 261.
INFO  Adding construction set: 90.1-2013-ASHRAE 169-2013-4C-Outpatient--is_residentialNo
INFO  Adding construction Typical Insulated Exterior Mass Floor R-17.54 68.
INFO  Adding construction Typical Insulated Steel Framed Exterior Wall R-15.63 39.
INFO  Adding construction Typical IEAD Roof R-31.25 130.
INFO  Adding construction Typical Insulated Metal Door R-2.0 182.
INFO  Adding construction Typical Overhead Door R-2.0 262.
INFO  Adding construction set: 90.1-2013-ASHRAE 169-2013-5A-Outpatient--is_residentialNo
INFO  Adding construction Typical Insulated Exterior Mass Floor R-17.54 69.
INFO  Adding construction Typical Insulated Steel Framed Exterior Wall R-18.18 27.
INFO  Adding construction Typical IEAD Roof R-31.25 131.
INFO  Adding construction Typical Insulated Metal Door R-2.0 183.
INFO  Adding construction Typical Overhead Door R-2.0 263.
INFO  Adding construction set: 90.1-2013-ASHRAE 169-2013-5B-Outpatient--is_residentialNo
INFO  Adding construction Typical Insulated Exterior Mass Floor R-17.54 70.
INFO  Adding construction Typical Insulated Steel Framed Exterior Wall R-18.18 28.
INFO  Adding construction Typical IEAD Roof R-31.25 132.
INFO  Adding construction Typical Insulated Metal Door R-2.0 184.
INFO  Adding construction Typical Overhead Door R-2.0 264.
INFO  Adding construction set: 90.1-2013-ASHRAE 169-2013-5C-Outpatient--is_residentialNo
INFO  Adding construction Typical Insulated Exterior Mass Floor R-17.54 71.
INFO  Adding construction Typical Insulated Steel Framed Exterior Wall R-18.18 29.
INFO  Adding construction Typical IEAD Roof R-31.25 133.
INFO  Adding construction Typical Insulated Metal Door R-2.0 185.
INFO  Adding construction Typical Overhead Door R-2.0 265.
INFO  Adding construction set: 90.1-2013-ASHRAE 169-2013-6A-Outpatient--is_residentialNo
INFO  Adding construction Typical Insulated Exterior Mass Floor R-19.61 54.
INFO  Adding construction Typical Insulated Steel Framed Exterior Wall R-20.41 32.
INFO  Adding construction Typical IEAD Roof R-31.25 134.
INFO  Adding construction Typical Insulated Metal Door R-2.0 186.
INFO  Adding construction Typical Overhead Door R-2.0 266.
INFO  Adding construction set: 90.1-2013-ASHRAE 169-2013-6B-Outpatient--is_residentialNo
INFO  Adding construction Typical Insulated Exterior Mass Floor R-19.61 55.
INFO  Adding construction Typical Insulated Steel Framed Exterior Wall R-20.41 33.
INFO  Adding construction Typical IEAD Roof R-31.25 135.
INFO  Adding construction Typical Insulated Metal Door R-2.0 187.
INFO  Adding construction Typical Overhead Door R-2.0 267.
INFO  Adding construction set: 90.1-2013-ASHRAE 169-2013-7A-Outpatient--is_residentialNo
INFO  Adding construction Typical Insulated Exterior Mass Floor R-23.81 30.
INFO  Adding construction Typical Insulated Steel Framed Exterior Wall R-20.41 34.
INFO  Adding construction Typical IEAD Roof R-35.71 64.
INFO  Adding construction Typical Insulated Metal Door R-2.0 188.
INFO  Adding construction Typical Overhead Door R-2.0 268.
INFO  Adding construction set: 90.1-2013-ASHRAE 169-2013-7B-Outpatient--is_residentialNo
INFO  Adding construction Typical Insulated Exterior Mass Floor R-23.81 31.
INFO  Adding construction Typical Insulated Steel Framed Exterior Wall R-20.41 35.
INFO  Adding construction Typical IEAD Roof R-35.71 65.
INFO  Adding construction Typical Insulated Metal Door R-2.0 189.
INFO  Adding construction Typical Overhead Door R-2.0 269.
INFO  Adding construction set: 90.1-2013-ASHRAE 169-2013-8A-Outpatient--is_residentialNo
INFO  Adding construction Typical Insulated Exterior Mass Floor R-26.32 30.
INFO  Adding construction Typical Insulated Steel Framed Exterior Wall R-27.03 18.
INFO  Adding construction Typical IEAD Roof R-35.71 66.
INFO  Adding construction Typical Insulated Metal Door R-2.0 190.
INFO  Adding construction Typical Overhead Door R-2.0 270.
INFO  Adding construction set: 90.1-2013-ASHRAE 169-2013-8B-Outpatient--is_residentialNo
INFO  Adding construction Typical Insulated Exterior Mass Floor R-26.32 31.
INFO  Adding construction Typical Insulated Steel Framed Exterior Wall R-27.03 19.
INFO  Adding construction Typical IEAD Roof R-35.71 67.
INFO  Adding construction Typical Insulated Metal Door R-2.0 191.
INFO  Adding construction Typical Overhead Door R-2.0 271.
INFO  Adding construction set: 90.1-2013-ASHRAE 169-2013-1A-PrimarySchool--is_residentialNo
INFO  Adding construction Typical Insulated Exterior Mass Floor R-3.11 32.
INFO  Adding construction Typical Insulated Steel Framed Exterior Wall R-8.06 20.
INFO  Adding construction Typical IEAD Roof - Highly Reflective R-20.83 30.
INFO  Adding construction Typical Insulated Metal Door R-1.43 112.
INFO  Adding construction Typical Overhead Door R-0.86 32.
INFO  Adding construction set: 90.1-2013-ASHRAE 169-2013-1B-PrimarySchool--is_residentialNo
INFO  Adding construction Typical Insulated Exterior Mass Floor R-3.11 33.
INFO  Adding construction Typical Insulated Steel Framed Exterior Wall R-8.06 21.
INFO  Adding construction Typical IEAD Roof - Highly Reflective R-20.83 31.
INFO  Adding construction Typical Insulated Metal Door R-1.43 113.
INFO  Adding construction Typical Overhead Door R-0.86 33.
INFO  Adding construction set: 90.1-2013-ASHRAE 169-2013-2A-PrimarySchool--is_residentialNo
INFO  Adding construction Typical Insulated Exterior Mass Floor R-9.35 24.
INFO  Adding construction Typical Insulated Steel Framed Exterior Wall R-11.9 16.
INFO  Adding construction Typical IEAD Roof - Highly Reflective R-25.64 89.
INFO  Adding construction Typical Insulated Metal Door R-1.43 114.
INFO  Adding construction Typical Overhead Door R-2.0 272.
INFO  Adding construction set: 90.1-2013-ASHRAE 169-2013-2B-PrimarySchool--is_residentialNo
INFO  Adding construction Typical Insulated Exterior Mass Floor R-9.35 25.
INFO  Adding construction Typical Insulated Steel Framed Exterior Wall R-11.9 17.
INFO  Adding construction Typical IEAD Roof - Highly Reflective R-25.64 90.
INFO  Adding construction Typical Insulated Metal Door R-1.43 115.
INFO  Adding construction Typical Overhead Door R-2.0 273.
INFO  Adding construction set: 90.1-2013-ASHRAE 169-2013-3A-PrimarySchool--is_residentialNo
INFO  Adding construction Typical Insulated Exterior Mass Floor R-13.51 48.
INFO  Adding construction Typical Insulated Steel Framed Exterior Wall R-12.99 24.
INFO  Adding construction Typical IEAD Roof - Highly Reflective R-25.64 91.
INFO  Adding construction Typical Insulated Metal Door R-1.43 116.
INFO  Adding construction Typical Overhead Door R-2.0 274.
INFO  Adding construction set: 90.1-2013-ASHRAE 169-2013-3B-PrimarySchool--is_residentialNo
INFO  Adding construction Typical Insulated Exterior Mass Floor R-13.51 49.
INFO  Adding construction Typical Insulated Steel Framed Exterior Wall R-12.99 25.
INFO  Adding construction Typical IEAD Roof - Highly Reflective R-25.64 92.
INFO  Adding construction Typical Insulated Metal Door R-1.43 117.
INFO  Adding construction Typical Overhead Door R-2.0 275.
INFO  Adding construction set: 90.1-2013-ASHRAE 169-2013-3C-PrimarySchool--is_residentialNo
INFO  Adding construction Typical Insulated Exterior Mass Floor R-13.51 50.
INFO  Adding construction Typical Insulated Steel Framed Exterior Wall R-12.99 26.
INFO  Adding construction Typical IEAD Roof - Highly Reflective R-25.64 93.
INFO  Adding construction Typical Insulated Metal Door R-1.43 118.
INFO  Adding construction Typical Overhead Door R-2.0 276.
INFO  Adding construction set: 90.1-2013-ASHRAE 169-2013-4A-PrimarySchool--is_residentialNo
INFO  Adding construction Typical Insulated Exterior Mass Floor R-17.54 72.
INFO  Adding construction Typical Insulated Steel Framed Exterior Wall R-15.63 40.
INFO  Adding construction Typical IEAD Roof R-31.25 136.
INFO  Adding construction Typical Insulated Metal Door R-2.0 192.
INFO  Adding construction Typical Overhead Door R-2.0 277.
INFO  Adding construction set: 90.1-2013-ASHRAE 169-2013-4B-PrimarySchool--is_residentialNo
INFO  Adding construction Typical Insulated Exterior Mass Floor R-17.54 73.
INFO  Adding construction Typical Insulated Steel Framed Exterior Wall R-15.63 41.
INFO  Adding construction Typical IEAD Roof R-31.25 137.
INFO  Adding construction Typical Insulated Metal Door R-2.0 193.
INFO  Adding construction Typical Overhead Door R-2.0 278.
INFO  Adding construction set: 90.1-2013-ASHRAE 169-2013-4C-PrimarySchool--is_residentialNo
INFO  Adding construction Typical Insulated Exterior Mass Floor R-17.54 74.
INFO  Adding construction Typical Insulated Steel Framed Exterior Wall R-15.63 42.
INFO  Adding construction Typical IEAD Roof R-31.25 138.
INFO  Adding construction Typical Insulated Metal Door R-2.0 194.
INFO  Adding construction Typical Overhead Door R-2.0 279.
INFO  Adding construction set: 90.1-2013-ASHRAE 169-2013-5A-PrimarySchool--is_residentialNo
INFO  Adding construction Typical Insulated Exterior Mass Floor R-17.54 75.
INFO  Adding construction Typical Insulated Steel Framed Exterior Wall R-18.18 30.
INFO  Adding construction Typical IEAD Roof R-31.25 139.
INFO  Adding construction Typical Insulated Metal Door R-2.0 195.
INFO  Adding construction Typical Overhead Door R-2.0 280.
INFO  Adding construction set: 90.1-2013-ASHRAE 169-2013-5B-PrimarySchool--is_residentialNo
INFO  Adding construction Typical Insulated Exterior Mass Floor R-17.54 76.
INFO  Adding construction Typical Insulated Steel Framed Exterior Wall R-18.18 31.
INFO  Adding construction Typical IEAD Roof R-31.25 140.
INFO  Adding construction Typical Insulated Metal Door R-2.0 196.
INFO  Adding construction Typical Overhead Door R-2.0 281.
INFO  Adding construction set: 90.1-2013-ASHRAE 169-2013-5C-PrimarySchool--is_residentialNo
INFO  Adding construction Typical Insulated Exterior Mass Floor R-17.54 77.
INFO  Adding construction Typical Insulated Steel Framed Exterior Wall R-18.18 32.
INFO  Adding construction Typical IEAD Roof R-31.25 141.
INFO  Adding construction Typical Insulated Metal Door R-2.0 197.
INFO  Adding construction Typical Overhead Door R-2.0 282.
INFO  Adding construction set: 90.1-2013-ASHRAE 169-2013-6A-PrimarySchool--is_residentialNo
INFO  Adding construction Typical Insulated Exterior Mass Floor R-19.61 56.
INFO  Adding construction Typical Insulated Steel Framed Exterior Wall R-20.41 36.
INFO  Adding construction Typical IEAD Roof R-31.25 142.
INFO  Adding construction Typical Insulated Metal Door R-2.0 198.
INFO  Adding construction Typical Overhead Door R-2.0 283.
INFO  Adding construction set: 90.1-2013-ASHRAE 169-2013-6B-PrimarySchool--is_residentialNo
INFO  Adding construction Typical Insulated Exterior Mass Floor R-19.61 57.
INFO  Adding construction Typical Insulated Steel Framed Exterior Wall R-20.41 37.
INFO  Adding construction Typical IEAD Roof R-31.25 143.
INFO  Adding construction Typical Insulated Metal Door R-2.0 199.
INFO  Adding construction Typical Overhead Door R-2.0 284.
INFO  Adding construction set: 90.1-2013-ASHRAE 169-2013-7A-PrimarySchool--is_residentialNo
INFO  Adding construction Typical Insulated Exterior Mass Floor R-23.81 32.
INFO  Adding construction Typical Insulated Steel Framed Exterior Wall R-20.41 38.
INFO  Adding construction Typical IEAD Roof R-35.71 68.
INFO  Adding construction Typical Insulated Metal Door R-2.0 200.
INFO  Adding construction Typical Overhead Door R-2.0 285.
INFO  Adding construction set: 90.1-2013-ASHRAE 169-2013-7B-PrimarySchool--is_residentialNo
INFO  Adding construction Typical Insulated Exterior Mass Floor R-23.81 33.
INFO  Adding construction Typical Insulated Steel Framed Exterior Wall R-20.41 39.
INFO  Adding construction Typical IEAD Roof R-35.71 69.
INFO  Adding construction Typical Insulated Metal Door R-2.0 201.
INFO  Adding construction Typical Overhead Door R-2.0 286.
INFO  Adding construction set: 90.1-2013-ASHRAE 169-2013-8A-PrimarySchool--is_residentialNo
INFO  Adding construction Typical Insulated Exterior Mass Floor R-26.32 32.
INFO  Adding construction Typical Insulated Steel Framed Exterior Wall R-27.03 20.
INFO  Adding construction Typical IEAD Roof R-35.71 70.
INFO  Adding construction Typical Insulated Metal Door R-2.0 202.
INFO  Adding construction Typical Overhead Door R-2.0 287.
INFO  Adding construction set: 90.1-2013-ASHRAE 169-2013-8B-PrimarySchool--is_residentialNo
INFO  Adding construction Typical Insulated Exterior Mass Floor R-26.32 33.
INFO  Adding construction Typical Insulated Steel Framed Exterior Wall R-27.03 21.
INFO  Adding construction Typical IEAD Roof R-35.71 71.
INFO  Adding construction Typical Insulated Metal Door R-2.0 203.
INFO  Adding construction Typical Overhead Door R-2.0 288.
INFO  Adding construction set: 90.1-2013-ASHRAE 169-2013-1A-QuickServiceRestaurant--is_residentialNo
INFO  Adding construction Typical Insulated Exterior Mass Floor R-3.11 34.
INFO  Adding construction Typical Insulated Wood Framed Exterior Wall R-11.24.
INFO  Adding construction Typical Wood Joist Attic Floor R-37.04 14.
INFO  Adding construction Typical Insulated Metal Door R-1.43 119.
INFO  Adding construction Typical Overhead Door R-0.86 34.
INFO  Adding construction set: 90.1-2013-ASHRAE 169-2013-1B-QuickServiceRestaurant--is_residentialNo
INFO  Adding construction Typical Insulated Exterior Mass Floor R-3.11 35.
INFO  Adding construction Typical Insulated Wood Framed Exterior Wall R-11.24 1.
INFO  Adding construction Typical Wood Joist Attic Floor R-37.04 15.
INFO  Adding construction Typical Insulated Metal Door R-1.43 120.
INFO  Adding construction Typical Overhead Door R-0.86 35.
INFO  Adding construction set: 90.1-2013-ASHRAE 169-2013-2A-QuickServiceRestaurant--is_residentialNo
INFO  Adding construction Typical Insulated Exterior Mass Floor R-9.35 26.
INFO  Adding construction Typical Insulated Wood Framed Exterior Wall R-11.24 2.
INFO  Adding construction Typical Wood Joist Attic Floor R-37.04 16.
INFO  Adding construction Typical Insulated Metal Door R-1.43 121.
INFO  Adding construction Typical Overhead Door R-2.0 289.
INFO  Adding construction set: 90.1-2013-ASHRAE 169-2013-2B-QuickServiceRestaurant--is_residentialNo
INFO  Adding construction Typical Insulated Exterior Mass Floor R-9.35 27.
INFO  Adding construction Typical Insulated Wood Framed Exterior Wall R-11.24 3.
INFO  Adding construction Typical Wood Joist Attic Floor R-37.04 17.
INFO  Adding construction Typical Insulated Metal Door R-1.43 122.
INFO  Adding construction Typical Overhead Door R-2.0 290.
INFO  Adding construction set: 90.1-2013-ASHRAE 169-2013-3A-QuickServiceRestaurant--is_residentialNo
INFO  Adding construction Typical Insulated Exterior Mass Floor R-13.51 51.
INFO  Adding construction Typical Insulated Wood Framed Exterior Wall R-11.24 4.
INFO  Adding construction Typical Wood Joist Attic Floor R-37.04 18.
INFO  Adding construction Typical Insulated Metal Door R-1.43 123.
INFO  Adding construction Typical Overhead Door R-2.0 291.
INFO  Adding construction set: 90.1-2013-ASHRAE 169-2013-3B-QuickServiceRestaurant--is_residentialNo
INFO  Adding construction Typical Insulated Exterior Mass Floor R-13.51 52.
INFO  Adding construction Typical Insulated Wood Framed Exterior Wall R-11.24 5.
INFO  Adding construction Typical Wood Joist Attic Floor R-37.04 19.
INFO  Adding construction Typical Insulated Metal Door R-1.43 124.
INFO  Adding construction Typical Overhead Door R-2.0 292.
INFO  Adding construction set: 90.1-2013-ASHRAE 169-2013-3C-QuickServiceRestaurant--is_residentialNo
INFO  Adding construction Typical Insulated Exterior Mass Floor R-13.51 53.
INFO  Adding construction Typical Insulated Wood Framed Exterior Wall R-11.24 6.
INFO  Adding construction Typical Wood Joist Attic Floor R-37.04 20.
INFO  Adding construction Typical Insulated Metal Door R-1.43 125.
INFO  Adding construction Typical Overhead Door R-2.0 293.
INFO  Adding construction set: 90.1-2013-ASHRAE 169-2013-4A-QuickServiceRestaurant--is_residentialNo
INFO  Adding construction Typical Insulated Exterior Mass Floor R-17.54 78.
INFO  Adding construction Typical Insulated Wood Framed Exterior Wall R-15.63.
INFO  Adding construction Typical Wood Joist Attic Floor R-47.62 16.
INFO  Adding construction Typical Insulated Metal Door R-2.0 204.
INFO  Adding construction Typical Overhead Door R-2.0 294.
INFO  Adding construction set: 90.1-2013-ASHRAE 169-2013-4B-QuickServiceRestaurant--is_residentialNo
INFO  Adding construction Typical Insulated Exterior Mass Floor R-17.54 79.
INFO  Adding construction Typical Insulated Wood Framed Exterior Wall R-15.63 1.
INFO  Adding construction Typical Wood Joist Attic Floor R-47.62 17.
INFO  Adding construction Typical Insulated Metal Door R-2.0 205.
INFO  Adding construction Typical Overhead Door R-2.0 295.
INFO  Adding construction set: 90.1-2013-ASHRAE 169-2013-4C-QuickServiceRestaurant--is_residentialNo
INFO  Adding construction Typical Insulated Exterior Mass Floor R-17.54 80.
INFO  Adding construction Typical Insulated Wood Framed Exterior Wall R-15.63 2.
INFO  Adding construction Typical Wood Joist Attic Floor R-47.62 18.
INFO  Adding construction Typical Insulated Metal Door R-2.0 206.
INFO  Adding construction Typical Overhead Door R-2.0 296.
INFO  Adding construction set: 90.1-2013-ASHRAE 169-2013-5A-QuickServiceRestaurant--is_residentialNo
INFO  Adding construction Typical Insulated Exterior Mass Floor R-17.54 81.
INFO  Adding construction Typical Insulated Wood Framed Exterior Wall R-19.61.
INFO  Adding construction Typical Wood Joist Attic Floor R-47.62 19.
INFO  Adding construction Typical Insulated Metal Door R-2.0 207.
INFO  Adding construction Typical Overhead Door R-2.0 297.
INFO  Adding construction set: 90.1-2013-ASHRAE 169-2013-5B-QuickServiceRestaurant--is_residentialNo
INFO  Adding construction Typical Insulated Exterior Mass Floor R-17.54 82.
INFO  Adding construction Typical Insulated Wood Framed Exterior Wall R-19.61 1.
INFO  Adding construction Typical Wood Joist Attic Floor R-47.62 20.
INFO  Adding construction Typical Insulated Metal Door R-2.0 208.
INFO  Adding construction Typical Overhead Door R-2.0 298.
INFO  Adding construction set: 90.1-2013-ASHRAE 169-2013-5C-QuickServiceRestaurant--is_residentialNo
INFO  Adding construction Typical Insulated Exterior Mass Floor R-17.54 83.
INFO  Adding construction Typical Insulated Wood Framed Exterior Wall R-19.61 2.
INFO  Adding construction Typical Wood Joist Attic Floor R-47.62 21.
INFO  Adding construction Typical Insulated Metal Door R-2.0 209.
INFO  Adding construction Typical Overhead Door R-2.0 299.
INFO  Adding construction set: 90.1-2013-ASHRAE 169-2013-6A-QuickServiceRestaurant--is_residentialNo
INFO  Adding construction Typical Insulated Exterior Mass Floor R-19.61 58.
INFO  Adding construction Typical Insulated Wood Framed Exterior Wall R-19.61 3.
INFO  Adding construction Typical Wood Joist Attic Floor R-47.62 22.
INFO  Adding construction Typical Insulated Metal Door R-2.0 210.
INFO  Adding construction Typical Overhead Door R-2.0 300.
INFO  Adding construction set: 90.1-2013-ASHRAE 169-2013-6B-QuickServiceRestaurant--is_residentialNo
INFO  Adding construction Typical Insulated Exterior Mass Floor R-19.61 59.
INFO  Adding construction Typical Insulated Wood Framed Exterior Wall R-19.61 4.
INFO  Adding construction Typical Wood Joist Attic Floor R-47.62 23.
INFO  Adding construction Typical Insulated Metal Door R-2.0 211.
INFO  Adding construction Typical Overhead Door R-2.0 301.
INFO  Adding construction set: 90.1-2013-ASHRAE 169-2013-7A-QuickServiceRestaurant--is_residentialNo
INFO  Adding construction Typical Insulated Exterior Mass Floor R-23.81 34.
INFO  Adding construction Typical Insulated Wood Framed Exterior Wall R-19.61 5.
INFO  Adding construction Typical Wood Joist Attic Floor R-58.82 8.
INFO  Adding construction Typical Insulated Metal Door R-2.0 212.
INFO  Adding construction Typical Overhead Door R-2.0 302.
INFO  Adding construction set: 90.1-2013-ASHRAE 169-2013-7B-QuickServiceRestaurant--is_residentialNo
INFO  Adding construction Typical Insulated Exterior Mass Floor R-23.81 35.
INFO  Adding construction Typical Insulated Wood Framed Exterior Wall R-19.61 6.
INFO  Adding construction Typical Wood Joist Attic Floor R-58.82 9.
INFO  Adding construction Typical Insulated Metal Door R-2.0 213.
INFO  Adding construction Typical Overhead Door R-2.0 303.
INFO  Adding construction set: 90.1-2013-ASHRAE 169-2013-8A-QuickServiceRestaurant--is_residentialNo
INFO  Adding construction Typical Insulated Exterior Mass Floor R-26.32 34.
INFO  Adding construction Typical Insulated Wood Framed Exterior Wall R-31.25.
INFO  Adding construction Typical Wood Joist Attic Floor R-58.82 10.
INFO  Adding construction Typical Insulated Metal Door R-2.0 214.
INFO  Adding construction Typical Overhead Door R-2.0 304.
INFO  Adding construction set: 90.1-2013-ASHRAE 169-2013-8B-QuickServiceRestaurant--is_residentialNo
INFO  Adding construction Typical Insulated Exterior Mass Floor R-26.32 35.
INFO  Adding construction Typical Insulated Wood Framed Exterior Wall R-31.25 1.
INFO  Adding construction Typical Wood Joist Attic Floor R-58.82 11.
INFO  Adding construction Typical Insulated Metal Door R-2.0 215.
INFO  Adding construction Typical Overhead Door R-2.0 305.
INFO  Adding construction set: 90.1-2013-ASHRAE 169-2013-1A-Retail--is_residentialNo
INFO  Adding construction Typical Insulated Exterior Mass Floor R-3.11 36.
INFO  Adding construction Typical Insulated Exterior Mass Wall R-2.39 12.
INFO  Adding construction Typical IEAD Roof - Highly Reflective R-20.83 32.
INFO  Adding construction Typical Insulated Metal Door R-1.43 126.
INFO  Adding construction Typical Overhead Door R-0.86 36.
INFO  Adding construction set: 90.1-2013-ASHRAE 169-2013-1B-Retail--is_residentialNo
INFO  Adding construction Typical Insulated Exterior Mass Floor R-3.11 37.
INFO  Adding construction Typical Insulated Exterior Mass Wall R-2.39 13.
INFO  Adding construction Typical IEAD Roof - Highly Reflective R-20.83 33.
INFO  Adding construction Typical Insulated Metal Door R-1.43 127.
INFO  Adding construction Typical Overhead Door R-0.86 37.
INFO  Adding construction set: 90.1-2013-ASHRAE 169-2013-2A-Retail--is_residentialNo
INFO  Adding construction Typical Insulated Exterior Mass Floor R-9.35 28.
INFO  Adding construction Typical Insulated Exterior Mass Wall R-6.62 16.
INFO  Adding construction Typical IEAD Roof - Highly Reflective R-25.64 94.
INFO  Adding construction Typical Insulated Metal Door R-1.43 128.
INFO  Adding construction Typical Overhead Door R-2.0 306.
INFO  Adding construction set: 90.1-2013-ASHRAE 169-2013-2B-Retail--is_residentialNo
INFO  Adding construction Typical Insulated Exterior Mass Floor R-9.35 29.
INFO  Adding construction Typical Insulated Exterior Mass Wall R-6.62 17.
INFO  Adding construction Typical IEAD Roof - Highly Reflective R-25.64 95.
INFO  Adding construction Typical Insulated Metal Door R-1.43 129.
INFO  Adding construction Typical Overhead Door R-2.0 307.
INFO  Adding construction set: 90.1-2013-ASHRAE 169-2013-3A-Retail--is_residentialNo
INFO  Adding construction Typical Insulated Exterior Mass Floor R-13.51 54.
INFO  Adding construction Typical Insulated Exterior Mass Wall R-8.13 22.
INFO  Adding construction Typical IEAD Roof - Highly Reflective R-25.64 96.
INFO  Adding construction Typical Insulated Metal Door R-1.43 130.
INFO  Adding construction Typical Overhead Door R-2.0 308.
INFO  Adding construction set: 90.1-2013-ASHRAE 169-2013-3B-Retail--is_residentialNo
INFO  Adding construction Typical Insulated Exterior Mass Floor R-13.51 55.
INFO  Adding construction Typical Insulated Exterior Mass Wall R-8.13 23.
INFO  Adding construction Typical IEAD Roof - Highly Reflective R-25.64 97.
INFO  Adding construction Typical Insulated Metal Door R-1.43 131.
INFO  Adding construction Typical Overhead Door R-2.0 309.
INFO  Adding construction set: 90.1-2013-ASHRAE 169-2013-3C-Retail--is_residentialNo
INFO  Adding construction Typical Insulated Exterior Mass Floor R-13.51 56.
INFO  Adding construction Typical Insulated Exterior Mass Wall R-8.13 24.
INFO  Adding construction Typical IEAD Roof - Highly Reflective R-25.64 98.
INFO  Adding construction Typical Insulated Metal Door R-1.43 132.
INFO  Adding construction Typical Overhead Door R-2.0 310.
INFO  Adding construction set: 90.1-2013-ASHRAE 169-2013-4A-Retail--is_residentialNo
INFO  Adding construction Typical Insulated Exterior Mass Floor R-17.54 84.
INFO  Adding construction Typical Insulated Exterior Mass Wall R-9.62 24.
INFO  Adding construction Typical IEAD Roof R-31.25 144.
INFO  Adding construction Typical Insulated Metal Door R-2.0 216.
INFO  Adding construction Typical Overhead Door R-2.0 311.
INFO  Adding construction set: 90.1-2013-ASHRAE 169-2013-4B-Retail--is_residentialNo
INFO  Adding construction Typical Insulated Exterior Mass Floor R-17.54 85.
INFO  Adding construction Typical Insulated Exterior Mass Wall R-9.62 25.
INFO  Adding construction Typical IEAD Roof R-31.25 145.
INFO  Adding construction Typical Insulated Metal Door R-2.0 217.
INFO  Adding construction Typical Overhead Door R-2.0 312.
INFO  Adding construction set: 90.1-2013-ASHRAE 169-2013-4C-Retail--is_residentialNo
INFO  Adding construction Typical Insulated Exterior Mass Floor R-17.54 86.
INFO  Adding construction Typical Insulated Exterior Mass Wall R-9.62 26.
INFO  Adding construction Typical IEAD Roof R-31.25 146.
INFO  Adding construction Typical Insulated Metal Door R-2.0 218.
INFO  Adding construction Typical Overhead Door R-2.0 313.
INFO  Adding construction set: 90.1-2013-ASHRAE 169-2013-5A-Retail--is_residentialNo
INFO  Adding construction Typical Insulated Exterior Mass Floor R-17.54 87.
INFO  Adding construction Typical Insulated Exterior Mass Wall R-11.11 24.
INFO  Adding construction Typical IEAD Roof R-31.25 147.
INFO  Adding construction Typical Insulated Metal Door R-2.0 219.
INFO  Adding construction Typical Overhead Door R-2.0 314.
INFO  Adding construction set: 90.1-2013-ASHRAE 169-2013-5B-Retail--is_residentialNo
INFO  Adding construction Typical Insulated Exterior Mass Floor R-17.54 88.
INFO  Adding construction Typical Insulated Exterior Mass Wall R-11.11 25.
INFO  Adding construction Typical IEAD Roof R-31.25 148.
INFO  Adding construction Typical Insulated Metal Door R-2.0 220.
INFO  Adding construction Typical Overhead Door R-2.0 315.
INFO  Adding construction set: 90.1-2013-ASHRAE 169-2013-5C-Retail--is_residentialNo
INFO  Adding construction Typical Insulated Exterior Mass Floor R-17.54 89.
INFO  Adding construction Typical Insulated Exterior Mass Wall R-11.11 26.
INFO  Adding construction Typical IEAD Roof R-31.25 149.
INFO  Adding construction Typical Insulated Metal Door R-2.0 221.
INFO  Adding construction Typical Overhead Door R-2.0 316.
INFO  Adding construction set: 90.1-2013-ASHRAE 169-2013-6A-Retail--is_residentialNo
INFO  Adding construction Typical Insulated Exterior Mass Floor R-19.61 60.
INFO  Adding construction Typical Insulated Exterior Mass Wall R-12.5 18.
INFO  Adding construction Typical IEAD Roof R-31.25 150.
INFO  Adding construction Typical Insulated Metal Door R-2.0 222.
INFO  Adding construction Typical Overhead Door R-2.0 317.
INFO  Adding construction set: 90.1-2013-ASHRAE 169-2013-6B-Retail--is_residentialNo
INFO  Adding construction Typical Insulated Exterior Mass Floor R-19.61 61.
INFO  Adding construction Typical Insulated Exterior Mass Wall R-12.5 19.
INFO  Adding construction Typical IEAD Roof R-31.25 151.
INFO  Adding construction Typical Insulated Metal Door R-2.0 223.
INFO  Adding construction Typical Overhead Door R-2.0 318.
INFO  Adding construction set: 90.1-2013-ASHRAE 169-2013-7A-Retail--is_residentialNo
INFO  Adding construction Typical Insulated Exterior Mass Floor R-23.81 36.
INFO  Adding construction Typical Insulated Exterior Mass Wall R-14.08 20.
INFO  Adding construction Typical IEAD Roof R-35.71 72.
INFO  Adding construction Typical Insulated Metal Door R-2.0 224.
INFO  Adding construction Typical Overhead Door R-2.0 319.
INFO  Adding construction set: 90.1-2013-ASHRAE 169-2013-7B-Retail--is_residentialNo
INFO  Adding construction Typical Insulated Exterior Mass Floor R-23.81 37.
INFO  Adding construction Typical Insulated Exterior Mass Wall R-14.08 21.
INFO  Adding construction Typical IEAD Roof R-35.71 73.
INFO  Adding construction Typical Insulated Metal Door R-2.0 225.
INFO  Adding construction Typical Overhead Door R-2.0 320.
INFO  Adding construction set: 90.1-2013-ASHRAE 169-2013-8A-Retail--is_residentialNo
INFO  Adding construction Typical Insulated Exterior Mass Floor R-26.32 36.
INFO  Adding construction Typical Insulated Exterior Mass Wall R-20.83 16.
INFO  Adding construction Typical IEAD Roof R-35.71 74.
INFO  Adding construction Typical Insulated Metal Door R-2.0 226.
INFO  Adding construction Typical Overhead Door R-2.0 321.
INFO  Adding construction set: 90.1-2013-ASHRAE 169-2013-8B-Retail--is_residentialNo
INFO  Adding construction Typical Insulated Exterior Mass Floor R-26.32 37.
INFO  Adding construction Typical Insulated Exterior Mass Wall R-20.83 17.
INFO  Adding construction Typical IEAD Roof R-35.71 75.
INFO  Adding construction Typical Insulated Metal Door R-2.0 227.
INFO  Adding construction Typical Overhead Door R-2.0 322.
INFO  Adding construction set: 90.1-2013-ASHRAE 169-2013-1A-SecondarySchool--is_residentialNo
INFO  Adding construction Typical Insulated Exterior Mass Floor R-3.11 38.
INFO  Adding construction Typical Insulated Steel Framed Exterior Wall R-8.06 22.
INFO  Adding construction Typical IEAD Roof - Highly Reflective R-20.83 34.
INFO  Adding construction Typical Insulated Metal Door R-1.43 133.
INFO  Adding construction Typical Overhead Door R-0.86 38.
INFO  Adding construction set: 90.1-2013-ASHRAE 169-2013-1B-SecondarySchool--is_residentialNo
INFO  Adding construction Typical Insulated Exterior Mass Floor R-3.11 39.
INFO  Adding construction Typical Insulated Steel Framed Exterior Wall R-8.06 23.
INFO  Adding construction Typical IEAD Roof - Highly Reflective R-20.83 35.
INFO  Adding construction Typical Insulated Metal Door R-1.43 134.
INFO  Adding construction Typical Overhead Door R-0.86 39.
INFO  Adding construction set: 90.1-2013-ASHRAE 169-2013-2A-SecondarySchool--is_residentialNo
INFO  Adding construction Typical Insulated Exterior Mass Floor R-9.35 30.
INFO  Adding construction Typical Insulated Steel Framed Exterior Wall R-11.9 18.
INFO  Adding construction Typical IEAD Roof - Highly Reflective R-25.64 99.
INFO  Adding construction Typical Insulated Metal Door R-1.43 135.
INFO  Adding construction Typical Overhead Door R-2.0 323.
INFO  Adding construction set: 90.1-2013-ASHRAE 169-2013-2B-SecondarySchool--is_residentialNo
INFO  Adding construction Typical Insulated Exterior Mass Floor R-9.35 31.
INFO  Adding construction Typical Insulated Steel Framed Exterior Wall R-11.9 19.
INFO  Adding construction Typical IEAD Roof - Highly Reflective R-25.64 100.
INFO  Adding construction Typical Insulated Metal Door R-1.43 136.
INFO  Adding construction Typical Overhead Door R-2.0 324.
INFO  Adding construction set: 90.1-2013-ASHRAE 169-2013-3A-SecondarySchool--is_residentialNo
INFO  Adding construction Typical Insulated Exterior Mass Floor R-13.51 57.
INFO  Adding construction Typical Insulated Steel Framed Exterior Wall R-12.99 27.
INFO  Adding construction Typical IEAD Roof - Highly Reflective R-25.64 101.
INFO  Adding construction Typical Insulated Metal Door R-1.43 137.
INFO  Adding construction Typical Overhead Door R-2.0 325.
INFO  Adding construction set: 90.1-2013-ASHRAE 169-2013-3B-SecondarySchool--is_residentialNo
INFO  Adding construction Typical Insulated Exterior Mass Floor R-13.51 58.
INFO  Adding construction Typical Insulated Steel Framed Exterior Wall R-12.99 28.
INFO  Adding construction Typical IEAD Roof - Highly Reflective R-25.64 102.
INFO  Adding construction Typical Insulated Metal Door R-1.43 138.
INFO  Adding construction Typical Overhead Door R-2.0 326.
INFO  Adding construction set: 90.1-2013-ASHRAE 169-2013-3C-SecondarySchool--is_residentialNo
INFO  Adding construction Typical Insulated Exterior Mass Floor R-13.51 59.
INFO  Adding construction Typical Insulated Steel Framed Exterior Wall R-12.99 29.
INFO  Adding construction Typical IEAD Roof - Highly Reflective R-25.64 103.
INFO  Adding construction Typical Insulated Metal Door R-1.43 139.
INFO  Adding construction Typical Overhead Door R-2.0 327.
INFO  Adding construction set: 90.1-2013-ASHRAE 169-2013-4A-SecondarySchool--is_residentialNo
INFO  Adding construction Typical Insulated Exterior Mass Floor R-17.54 90.
INFO  Adding construction Typical Insulated Steel Framed Exterior Wall R-15.63 43.
INFO  Adding construction Typical IEAD Roof R-31.25 152.
INFO  Adding construction Typical Insulated Metal Door R-2.0 228.
INFO  Adding construction Typical Overhead Door R-2.0 328.
INFO  Adding construction set: 90.1-2013-ASHRAE 169-2013-4B-SecondarySchool--is_residentialNo
INFO  Adding construction Typical Insulated Exterior Mass Floor R-17.54 91.
INFO  Adding construction Typical Insulated Steel Framed Exterior Wall R-15.63 44.
INFO  Adding construction Typical IEAD Roof R-31.25 153.
INFO  Adding construction Typical Insulated Metal Door R-2.0 229.
INFO  Adding construction Typical Overhead Door R-2.0 329.
INFO  Adding construction set: 90.1-2013-ASHRAE 169-2013-4C-SecondarySchool--is_residentialNo
INFO  Adding construction Typical Insulated Exterior Mass Floor R-17.54 92.
INFO  Adding construction Typical Insulated Steel Framed Exterior Wall R-15.63 45.
INFO  Adding construction Typical IEAD Roof R-31.25 154.
INFO  Adding construction Typical Insulated Metal Door R-2.0 230.
INFO  Adding construction Typical Overhead Door R-2.0 330.
INFO  Adding construction set: 90.1-2013-ASHRAE 169-2013-5A-SecondarySchool--is_residentialNo
INFO  Adding construction Typical Insulated Exterior Mass Floor R-17.54 93.
INFO  Adding construction Typical Insulated Steel Framed Exterior Wall R-18.18 33.
INFO  Adding construction Typical IEAD Roof R-31.25 155.
INFO  Adding construction Typical Insulated Metal Door R-2.0 231.
INFO  Adding construction Typical Overhead Door R-2.0 331.
INFO  Adding construction set: 90.1-2013-ASHRAE 169-2013-5B-SecondarySchool--is_residentialNo
INFO  Adding construction Typical Insulated Exterior Mass Floor R-17.54 94.
INFO  Adding construction Typical Insulated Steel Framed Exterior Wall R-18.18 34.
INFO  Adding construction Typical IEAD Roof R-31.25 156.
INFO  Adding construction Typical Insulated Metal Door R-2.0 232.
INFO  Adding construction Typical Overhead Door R-2.0 332.
INFO  Adding construction set: 90.1-2013-ASHRAE 169-2013-5C-SecondarySchool--is_residentialNo
INFO  Adding construction Typical Insulated Exterior Mass Floor R-17.54 95.
INFO  Adding construction Typical Insulated Steel Framed Exterior Wall R-18.18 35.
INFO  Adding construction Typical IEAD Roof R-31.25 157.
INFO  Adding construction Typical Insulated Metal Door R-2.0 233.
INFO  Adding construction Typical Overhead Door R-2.0 333.
INFO  Adding construction set: 90.1-2013-ASHRAE 169-2013-6A-SecondarySchool--is_residentialNo
INFO  Adding construction Typical Insulated Exterior Mass Floor R-19.61 62.
INFO  Adding construction Typical Insulated Steel Framed Exterior Wall R-20.41 40.
INFO  Adding construction Typical IEAD Roof R-31.25 158.
INFO  Adding construction Typical Insulated Metal Door R-2.0 234.
INFO  Adding construction Typical Overhead Door R-2.0 334.
INFO  Adding construction set: 90.1-2013-ASHRAE 169-2013-6B-SecondarySchool--is_residentialNo
INFO  Adding construction Typical Insulated Exterior Mass Floor R-19.61 63.
INFO  Adding construction Typical Insulated Steel Framed Exterior Wall R-20.41 41.
INFO  Adding construction Typical IEAD Roof R-31.25 159.
INFO  Adding construction Typical Insulated Metal Door R-2.0 235.
INFO  Adding construction Typical Overhead Door R-2.0 335.
INFO  Adding construction set: 90.1-2013-ASHRAE 169-2013-7A-SecondarySchool--is_residentialNo
INFO  Adding construction Typical Insulated Exterior Mass Floor R-23.81 38.
INFO  Adding construction Typical Insulated Steel Framed Exterior Wall R-20.41 42.
INFO  Adding construction Typical IEAD Roof R-35.71 76.
INFO  Adding construction Typical Insulated Metal Door R-2.0 236.
INFO  Adding construction Typical Overhead Door R-2.0 336.
INFO  Adding construction set: 90.1-2013-ASHRAE 169-2013-7B-SecondarySchool--is_residentialNo
INFO  Adding construction Typical Insulated Exterior Mass Floor R-23.81 39.
INFO  Adding construction Typical Insulated Steel Framed Exterior Wall R-20.41 43.
INFO  Adding construction Typical IEAD Roof R-35.71 77.
INFO  Adding construction Typical Insulated Metal Door R-2.0 237.
INFO  Adding construction Typical Overhead Door R-2.0 337.
INFO  Adding construction set: 90.1-2013-ASHRAE 169-2013-8A-SecondarySchool--is_residentialNo
INFO  Adding construction Typical Insulated Exterior Mass Floor R-26.32 38.
INFO  Adding construction Typical Insulated Steel Framed Exterior Wall R-27.03 22.
INFO  Adding construction Typical IEAD Roof R-35.71 78.
INFO  Adding construction Typical Insulated Metal Door R-2.0 238.
INFO  Adding construction Typical Overhead Door R-2.0 338.
INFO  Adding construction set: 90.1-2013-ASHRAE 169-2013-8B-SecondarySchool--is_residentialNo
INFO  Adding construction Typical Insulated Exterior Mass Floor R-26.32 39.
INFO  Adding construction Typical Insulated Steel Framed Exterior Wall R-27.03 23.
INFO  Adding construction Typical IEAD Roof R-35.71 79.
INFO  Adding construction Typical Insulated Metal Door R-2.0 239.
INFO  Adding construction Typical Overhead Door R-2.0 339.
INFO  Adding construction set: 90.1-2013-ASHRAE 169-2013-1A-SmallDataCenterHighITE--is_residentialNo
INFO  Adding construction Adiabatic ExteriorFloor.
INFO  Adding construction Adiabatic Wall.
INFO  Adding construction Adiabatic Roof.
INFO  Adding construction Adiabatic GroundContactFloor.
INFO  Adding construction set: 90.1-2013-ASHRAE 169-2013-1B-SmallDataCenterHighITE--is_residentialNo
INFO  Adding construction set: 90.1-2013-ASHRAE 169-2013-2A-SmallDataCenterHighITE--is_residentialNo
INFO  Adding construction set: 90.1-2013-ASHRAE 169-2013-2B-SmallDataCenterHighITE--is_residentialNo
INFO  Adding construction set: 90.1-2013-ASHRAE 169-2013-3A-SmallDataCenterHighITE--is_residentialNo
INFO  Adding construction set: 90.1-2013-ASHRAE 169-2013-3B-SmallDataCenterHighITE--is_residentialNo
INFO  Adding construction set: 90.1-2013-ASHRAE 169-2013-3C-SmallDataCenterHighITE--is_residentialNo
INFO  Adding construction set: 90.1-2013-ASHRAE 169-2013-4A-SmallDataCenterHighITE--is_residentialNo
INFO  Adding construction set: 90.1-2013-ASHRAE 169-2013-4B-SmallDataCenterHighITE--is_residentialNo
INFO  Adding construction set: 90.1-2013-ASHRAE 169-2013-4C-SmallDataCenterHighITE--is_residentialNo
INFO  Adding construction set: 90.1-2013-ASHRAE 169-2013-5A-SmallDataCenterHighITE--is_residentialNo
INFO  Adding construction set: 90.1-2013-ASHRAE 169-2013-5B-SmallDataCenterHighITE--is_residentialNo
INFO  Adding construction set: 90.1-2013-ASHRAE 169-2013-5C-SmallDataCenterHighITE--is_residentialNo
INFO  Adding construction set: 90.1-2013-ASHRAE 169-2013-6A-SmallDataCenterHighITE--is_residentialNo
INFO  Adding construction set: 90.1-2013-ASHRAE 169-2013-6B-SmallDataCenterHighITE--is_residentialNo
INFO  Adding construction set: 90.1-2013-ASHRAE 169-2013-7A-SmallDataCenterHighITE--is_residentialNo
INFO  Adding construction set: 90.1-2013-ASHRAE 169-2013-7B-SmallDataCenterHighITE--is_residentialNo
INFO  Adding construction set: 90.1-2013-ASHRAE 169-2013-8A-SmallDataCenterHighITE--is_residentialNo
INFO  Adding construction set: 90.1-2013-ASHRAE 169-2013-8B-SmallDataCenterHighITE--is_residentialNo
INFO  Adding construction set: 90.1-2013-ASHRAE 169-2013-1A-SmallDataCenterLowITE--is_residentialNo
INFO  Adding construction set: 90.1-2013-ASHRAE 169-2013-1B-SmallDataCenterLowITE--is_residentialNo
INFO  Adding construction set: 90.1-2013-ASHRAE 169-2013-2A-SmallDataCenterLowITE--is_residentialNo
INFO  Adding construction set: 90.1-2013-ASHRAE 169-2013-2B-SmallDataCenterLowITE--is_residentialNo
INFO  Adding construction set: 90.1-2013-ASHRAE 169-2013-3A-SmallDataCenterLowITE--is_residentialNo
INFO  Adding construction set: 90.1-2013-ASHRAE 169-2013-3B-SmallDataCenterLowITE--is_residentialNo
INFO  Adding construction set: 90.1-2013-ASHRAE 169-2013-3C-SmallDataCenterLowITE--is_residentialNo
INFO  Adding construction set: 90.1-2013-ASHRAE 169-2013-4A-SmallDataCenterLowITE--is_residentialNo
INFO  Adding construction set: 90.1-2013-ASHRAE 169-2013-4B-SmallDataCenterLowITE--is_residentialNo
INFO  Adding construction set: 90.1-2013-ASHRAE 169-2013-4C-SmallDataCenterLowITE--is_residentialNo
INFO  Adding construction set: 90.1-2013-ASHRAE 169-2013-5A-SmallDataCenterLowITE--is_residentialNo
INFO  Adding construction set: 90.1-2013-ASHRAE 169-2013-5B-SmallDataCenterLowITE--is_residentialNo
INFO  Adding construction set: 90.1-2013-ASHRAE 169-2013-5C-SmallDataCenterLowITE--is_residentialNo
INFO  Adding construction set: 90.1-2013-ASHRAE 169-2013-6A-SmallDataCenterLowITE--is_residentialNo
INFO  Adding construction set: 90.1-2013-ASHRAE 169-2013-6B-SmallDataCenterLowITE--is_residentialNo
INFO  Adding construction set: 90.1-2013-ASHRAE 169-2013-7A-SmallDataCenterLowITE--is_residentialNo
INFO  Adding construction set: 90.1-2013-ASHRAE 169-2013-7B-SmallDataCenterLowITE--is_residentialNo
INFO  Adding construction set: 90.1-2013-ASHRAE 169-2013-8A-SmallDataCenterLowITE--is_residentialNo
INFO  Adding construction set: 90.1-2013-ASHRAE 169-2013-8B-SmallDataCenterLowITE--is_residentialNo
INFO  Adding construction set: 90.1-2013-ASHRAE 169-2013-1A-SmallHotel--is_residentialNo
INFO  Adding construction Typical Insulated Exterior Mass Floor R-3.11 40.
INFO  Adding construction Typical Insulated Steel Framed Exterior Wall R-8.06 24.
INFO  Adding construction Typical IEAD Roof - Highly Reflective R-20.83 36.
INFO  Adding construction int_slab_floor_smallhotel.
INFO  Adding construction int_wall_smallhotel.
INFO  Adding construction int_slab_ceiling_smallhotel.
INFO  Adding construction Typical Insulated Metal Door R-1.43 140.
INFO  Adding construction Typical Overhead Door R-0.86 40.
INFO  Adding construction set: 90.1-2013-ASHRAE 169-2013-1B-SmallHotel--is_residentialNo
INFO  Adding construction Typical Insulated Exterior Mass Floor R-3.11 41.
INFO  Adding construction Typical Insulated Steel Framed Exterior Wall R-8.06 25.
INFO  Adding construction Typical IEAD Roof - Highly Reflective R-20.83 37.
INFO  Adding construction Typical Insulated Metal Door R-1.43 141.
INFO  Adding construction Typical Overhead Door R-0.86 41.
INFO  Adding construction set: 90.1-2013-ASHRAE 169-2013-2A-SmallHotel--is_residentialNo
INFO  Adding construction Typical Insulated Exterior Mass Floor R-9.35 32.
INFO  Adding construction Typical Insulated Steel Framed Exterior Wall R-11.9 20.
INFO  Adding construction Typical IEAD Roof - Highly Reflective R-25.64 104.
INFO  Adding construction Typical Insulated Metal Door R-1.43 142.
INFO  Adding construction Typical Overhead Door R-2.0 340.
INFO  Adding construction set: 90.1-2013-ASHRAE 169-2013-2B-SmallHotel--is_residentialNo
INFO  Adding construction Typical Insulated Exterior Mass Floor R-9.35 33.
INFO  Adding construction Typical Insulated Steel Framed Exterior Wall R-11.9 21.
INFO  Adding construction Typical IEAD Roof - Highly Reflective R-25.64 105.
INFO  Adding construction Typical Insulated Metal Door R-1.43 143.
INFO  Adding construction Typical Overhead Door R-2.0 341.
INFO  Adding construction set: 90.1-2013-ASHRAE 169-2013-3A-SmallHotel--is_residentialNo
INFO  Adding construction Typical Insulated Exterior Mass Floor R-13.51 60.
INFO  Adding construction Typical Insulated Steel Framed Exterior Wall R-12.99 30.
INFO  Adding construction Typical IEAD Roof - Highly Reflective R-25.64 106.
INFO  Adding construction Typical Insulated Metal Door R-1.43 144.
INFO  Adding construction Typical Overhead Door R-2.0 342.
INFO  Adding construction set: 90.1-2013-ASHRAE 169-2013-3B-SmallHotel--is_residentialNo
INFO  Adding construction Typical Insulated Exterior Mass Floor R-13.51 61.
INFO  Adding construction Typical Insulated Steel Framed Exterior Wall R-12.99 31.
INFO  Adding construction Typical IEAD Roof - Highly Reflective R-25.64 107.
INFO  Adding construction Typical Insulated Metal Door R-1.43 145.
INFO  Adding construction Typical Overhead Door R-2.0 343.
INFO  Adding construction set: 90.1-2013-ASHRAE 169-2013-3C-SmallHotel--is_residentialNo
INFO  Adding construction Typical Insulated Exterior Mass Floor R-13.51 62.
INFO  Adding construction Typical Insulated Steel Framed Exterior Wall R-12.99 32.
INFO  Adding construction Typical IEAD Roof - Highly Reflective R-25.64 108.
INFO  Adding construction Typical Insulated Metal Door R-1.43 146.
INFO  Adding construction Typical Overhead Door R-2.0 344.
INFO  Adding construction set: 90.1-2013-ASHRAE 169-2013-4A-SmallHotel--is_residentialNo
INFO  Adding construction Typical Insulated Exterior Mass Floor R-17.54 96.
INFO  Adding construction Typical Insulated Steel Framed Exterior Wall R-15.63 46.
INFO  Adding construction Typical IEAD Roof R-31.25 160.
INFO  Adding construction Typical Insulated Metal Door R-2.0 240.
INFO  Adding construction Typical Overhead Door R-2.0 345.
INFO  Adding construction set: 90.1-2013-ASHRAE 169-2013-4B-SmallHotel--is_residentialNo
INFO  Adding construction Typical Insulated Exterior Mass Floor R-17.54 97.
INFO  Adding construction Typical Insulated Steel Framed Exterior Wall R-15.63 47.
INFO  Adding construction Typical IEAD Roof R-31.25 161.
INFO  Adding construction Typical Insulated Metal Door R-2.0 241.
INFO  Adding construction Typical Overhead Door R-2.0 346.
INFO  Adding construction set: 90.1-2013-ASHRAE 169-2013-4C-SmallHotel--is_residentialNo
INFO  Adding construction Typical Insulated Exterior Mass Floor R-17.54 98.
INFO  Adding construction Typical Insulated Steel Framed Exterior Wall R-15.63 48.
INFO  Adding construction Typical IEAD Roof R-31.25 162.
INFO  Adding construction Typical Insulated Metal Door R-2.0 242.
INFO  Adding construction Typical Overhead Door R-2.0 347.
INFO  Adding construction set: 90.1-2013-ASHRAE 169-2013-5A-SmallHotel--is_residentialNo
INFO  Adding construction Typical Insulated Exterior Mass Floor R-17.54 99.
INFO  Adding construction Typical Insulated Steel Framed Exterior Wall R-18.18 36.
INFO  Adding construction Typical IEAD Roof R-31.25 163.
INFO  Adding construction Typical Insulated Metal Door R-2.0 243.
INFO  Adding construction Typical Overhead Door R-2.0 348.
INFO  Adding construction set: 90.1-2013-ASHRAE 169-2013-5B-SmallHotel--is_residentialNo
INFO  Adding construction Typical Insulated Exterior Mass Floor R-17.54 100.
INFO  Adding construction Typical Insulated Steel Framed Exterior Wall R-18.18 37.
INFO  Adding construction Typical IEAD Roof R-31.25 164.
INFO  Adding construction Typical Insulated Metal Door R-2.0 244.
INFO  Adding construction Typical Overhead Door R-2.0 349.
INFO  Adding construction set: 90.1-2013-ASHRAE 169-2013-5C-SmallHotel--is_residentialNo
INFO  Adding construction Typical Insulated Exterior Mass Floor R-17.54 101.
INFO  Adding construction Typical Insulated Steel Framed Exterior Wall R-18.18 38.
INFO  Adding construction Typical IEAD Roof R-31.25 165.
INFO  Adding construction Typical Insulated Metal Door R-2.0 245.
INFO  Adding construction Typical Overhead Door R-2.0 350.
INFO  Adding construction set: 90.1-2013-ASHRAE 169-2013-6A-SmallHotel--is_residentialNo
INFO  Adding construction Typical Insulated Exterior Mass Floor R-19.61 64.
INFO  Adding construction Typical Insulated Steel Framed Exterior Wall R-20.41 44.
INFO  Adding construction Typical IEAD Roof R-31.25 166.
INFO  Adding construction Typical Insulated Metal Door R-2.0 246.
INFO  Adding construction Typical Overhead Door R-2.0 351.
INFO  Adding construction set: 90.1-2013-ASHRAE 169-2013-6B-SmallHotel--is_residentialNo
INFO  Adding construction Typical Insulated Exterior Mass Floor R-19.61 65.
INFO  Adding construction Typical Insulated Steel Framed Exterior Wall R-20.41 45.
INFO  Adding construction Typical IEAD Roof R-31.25 167.
INFO  Adding construction Typical Insulated Metal Door R-2.0 247.
INFO  Adding construction Typical Overhead Door R-2.0 352.
INFO  Adding construction set: 90.1-2013-ASHRAE 169-2013-7A-SmallHotel--is_residentialNo
INFO  Adding construction Typical Insulated Exterior Mass Floor R-23.81 40.
INFO  Adding construction Typical Insulated Steel Framed Exterior Wall R-20.41 46.
INFO  Adding construction Typical IEAD Roof R-35.71 80.
INFO  Adding construction Typical Insulated Metal Door R-2.0 248.
INFO  Adding construction Typical Overhead Door R-2.0 353.
INFO  Adding construction set: 90.1-2013-ASHRAE 169-2013-7B-SmallHotel--is_residentialNo
INFO  Adding construction Typical Insulated Exterior Mass Floor R-23.81 41.
INFO  Adding construction Typical Insulated Steel Framed Exterior Wall R-20.41 47.
INFO  Adding construction Typical IEAD Roof R-35.71 81.
INFO  Adding construction Typical Insulated Metal Door R-2.0 249.
INFO  Adding construction Typical Overhead Door R-2.0 354.
INFO  Adding construction set: 90.1-2013-ASHRAE 169-2013-8A-SmallHotel--is_residentialNo
INFO  Adding construction Typical Insulated Exterior Mass Floor R-26.32 40.
INFO  Adding construction Typical Insulated Steel Framed Exterior Wall R-27.03 24.
INFO  Adding construction Typical IEAD Roof R-35.71 82.
INFO  Adding construction Typical Insulated Metal Door R-2.0 250.
INFO  Adding construction Typical Overhead Door R-2.0 355.
INFO  Adding construction set: 90.1-2013-ASHRAE 169-2013-8B-SmallHotel--is_residentialNo
INFO  Adding construction Typical Insulated Exterior Mass Floor R-26.32 41.
INFO  Adding construction Typical Insulated Steel Framed Exterior Wall R-27.03 25.
INFO  Adding construction Typical IEAD Roof R-35.71 83.
INFO  Adding construction Typical Insulated Metal Door R-2.0 251.
INFO  Adding construction Typical Overhead Door R-2.0 356.
INFO  Adding construction set: 90.1-2013-ASHRAE 169-2013-1A-SmallHotel--is_residentialYes
INFO  Adding construction Typical Insulated Exterior Mass Floor R-3.11 42.
INFO  Adding construction Typical Insulated Steel Framed Exterior Wall R-8.06 26.
INFO  Adding construction Typical IEAD Roof - Highly Reflective R-25.64 109.
INFO  Adding construction Typical Insulated Metal Door R-2.0 252.
INFO  Adding construction Typical Overhead Door R-2.0 357.
INFO  Adding construction set: 90.1-2013-ASHRAE 169-2013-1B-SmallHotel--is_residentialYes
INFO  Adding construction Typical Insulated Exterior Mass Floor R-3.11 43.
INFO  Adding construction Typical Insulated Steel Framed Exterior Wall R-8.06 27.
INFO  Adding construction Typical IEAD Roof - Highly Reflective R-25.64 110.
INFO  Adding construction Typical Insulated Metal Door R-2.0 253.
INFO  Adding construction Typical Overhead Door R-2.0 358.
INFO  Adding construction set: 90.1-2013-ASHRAE 169-2013-2A-SmallHotel--is_residentialYes
INFO  Adding construction Typical Insulated Exterior Mass Floor R-11.49 8.
INFO  Adding construction Typical Insulated Steel Framed Exterior Wall R-15.63 49.
INFO  Adding construction Typical IEAD Roof - Highly Reflective R-25.64 111.
INFO  Adding construction Typical Insulated Metal Door R-2.0 254.
INFO  Adding construction Typical Overhead Door R-2.0 359.
INFO  Adding construction set: 90.1-2013-ASHRAE 169-2013-2B-SmallHotel--is_residentialYes
INFO  Adding construction Typical Insulated Exterior Mass Floor R-11.49 9.
INFO  Adding construction Typical Insulated Steel Framed Exterior Wall R-15.63 50.
INFO  Adding construction Typical IEAD Roof - Highly Reflective R-25.64 112.
INFO  Adding construction Typical Insulated Metal Door R-2.0 255.
INFO  Adding construction Typical Overhead Door R-2.0 360.
INFO  Adding construction set: 90.1-2013-ASHRAE 169-2013-3A-SmallHotel--is_residentialYes
INFO  Adding construction Typical Insulated Exterior Mass Floor R-13.51 63.
INFO  Adding construction Typical Insulated Steel Framed Exterior Wall R-15.63 51.
INFO  Adding construction Typical IEAD Roof - Highly Reflective R-25.64 113.
INFO  Adding construction Typical Insulated Metal Door R-2.0 256.
INFO  Adding construction Typical Overhead Door R-2.0 361.
INFO  Adding construction set: 90.1-2013-ASHRAE 169-2013-3B-SmallHotel--is_residentialYes
INFO  Adding construction Typical Insulated Exterior Mass Floor R-13.51 64.
INFO  Adding construction Typical Insulated Steel Framed Exterior Wall R-15.63 52.
INFO  Adding construction Typical IEAD Roof - Highly Reflective R-25.64 114.
INFO  Adding construction Typical Insulated Metal Door R-2.0 257.
INFO  Adding construction Typical Overhead Door R-2.0 362.
INFO  Adding construction set: 90.1-2013-ASHRAE 169-2013-3C-SmallHotel--is_residentialYes
INFO  Adding construction Typical Insulated Exterior Mass Floor R-13.51 65.
INFO  Adding construction Typical Insulated Steel Framed Exterior Wall R-15.63 53.
INFO  Adding construction Typical IEAD Roof - Highly Reflective R-25.64 115.
INFO  Adding construction Typical Insulated Metal Door R-2.0 258.
INFO  Adding construction Typical Overhead Door R-2.0 363.
INFO  Adding construction set: 90.1-2013-ASHRAE 169-2013-4A-SmallHotel--is_residentialYes
INFO  Adding construction Typical Insulated Exterior Mass Floor R-19.61 66.
INFO  Adding construction Typical Insulated Steel Framed Exterior Wall R-15.63 54.
INFO  Adding construction Typical IEAD Roof R-31.25 168.
INFO  Adding construction Typical Insulated Metal Door R-2.0 259.
INFO  Adding construction Typical Overhead Door R-2.0 364.
INFO  Adding construction set: 90.1-2013-ASHRAE 169-2013-4B-SmallHotel--is_residentialYes
INFO  Adding construction Typical Insulated Exterior Mass Floor R-19.61 67.
INFO  Adding construction Typical Insulated Steel Framed Exterior Wall R-15.63 55.
INFO  Adding construction Typical IEAD Roof R-31.25 169.
INFO  Adding construction Typical Insulated Metal Door R-2.0 260.
INFO  Adding construction Typical Overhead Door R-2.0 365.
INFO  Adding construction set: 90.1-2013-ASHRAE 169-2013-4C-SmallHotel--is_residentialYes
INFO  Adding construction Typical Insulated Exterior Mass Floor R-19.61 68.
INFO  Adding construction Typical Insulated Steel Framed Exterior Wall R-15.63 56.
INFO  Adding construction Typical IEAD Roof R-31.25 170.
INFO  Adding construction Typical Insulated Metal Door R-2.0 261.
INFO  Adding construction Typical Overhead Door R-2.0 366.
INFO  Adding construction set: 90.1-2013-ASHRAE 169-2013-5A-SmallHotel--is_residentialYes
INFO  Adding construction Typical Insulated Exterior Mass Floor R-19.61 69.
INFO  Adding construction Typical Insulated Steel Framed Exterior Wall R-18.18 39.
INFO  Adding construction Typical IEAD Roof R-31.25 171.
INFO  Adding construction Typical Insulated Metal Door R-2.0 262.
INFO  Adding construction Typical Overhead Door R-2.0 367.
INFO  Adding construction set: 90.1-2013-ASHRAE 169-2013-5B-SmallHotel--is_residentialYes
INFO  Adding construction Typical Insulated Exterior Mass Floor R-19.61 70.
INFO  Adding construction Typical Insulated Steel Framed Exterior Wall R-18.18 40.
INFO  Adding construction Typical IEAD Roof R-31.25 172.
INFO  Adding construction Typical Insulated Metal Door R-2.0 263.
INFO  Adding construction Typical Overhead Door R-2.0 368.
INFO  Adding construction set: 90.1-2013-ASHRAE 169-2013-5C-SmallHotel--is_residentialYes
INFO  Adding construction Typical Insulated Exterior Mass Floor R-19.61 71.
INFO  Adding construction Typical Insulated Steel Framed Exterior Wall R-18.18 41.
INFO  Adding construction Typical IEAD Roof R-31.25 173.
INFO  Adding construction Typical Insulated Metal Door R-2.0 264.
INFO  Adding construction Typical Overhead Door R-2.0 369.
INFO  Adding construction set: 90.1-2013-ASHRAE 169-2013-6A-SmallHotel--is_residentialYes
INFO  Adding construction Typical Insulated Exterior Mass Floor R-19.61 72.
INFO  Adding construction Typical Insulated Steel Framed Exterior Wall R-20.41 48.
INFO  Adding construction Typical IEAD Roof R-31.25 174.
INFO  Adding construction Typical Insulated Metal Door R-2.0 265.
INFO  Adding construction Typical Overhead Door R-2.0 370.
INFO  Adding construction set: 90.1-2013-ASHRAE 169-2013-6B-SmallHotel--is_residentialYes
INFO  Adding construction Typical Insulated Exterior Mass Floor R-19.61 73.
INFO  Adding construction Typical Insulated Steel Framed Exterior Wall R-20.41 49.
INFO  Adding construction Typical IEAD Roof R-31.25 175.
INFO  Adding construction Typical Insulated Metal Door R-2.0 266.
INFO  Adding construction Typical Overhead Door R-2.0 371.
INFO  Adding construction set: 90.1-2013-ASHRAE 169-2013-7A-SmallHotel--is_residentialYes
INFO  Adding construction Typical Insulated Exterior Mass Floor R-23.81 42.
INFO  Adding construction Typical Insulated Steel Framed Exterior Wall R-23.81 4.
INFO  Adding construction Typical IEAD Roof R-35.71 84.
INFO  Adding construction Typical Insulated Metal Door R-2.0 267.
INFO  Adding construction Typical Overhead Door R-2.0 372.
INFO  Adding construction set: 90.1-2013-ASHRAE 169-2013-7B-SmallHotel--is_residentialYes
INFO  Adding construction Typical Insulated Exterior Mass Floor R-23.81 43.
INFO  Adding construction Typical Insulated Steel Framed Exterior Wall R-23.81 5.
INFO  Adding construction Typical IEAD Roof R-35.71 85.
INFO  Adding construction Typical Insulated Metal Door R-2.0 268.
INFO  Adding construction Typical Overhead Door R-2.0 373.
INFO  Adding construction set: 90.1-2013-ASHRAE 169-2013-8A-SmallHotel--is_residentialYes
INFO  Adding construction Typical Insulated Exterior Mass Floor R-26.32 42.
INFO  Adding construction Typical Insulated Steel Framed Exterior Wall R-27.03 26.
INFO  Adding construction Typical IEAD Roof R-35.71 86.
INFO  Adding construction Typical Insulated Metal Door R-2.0 269.
INFO  Adding construction Typical Overhead Door R-2.0 374.
INFO  Adding construction set: 90.1-2013-ASHRAE 169-2013-8B-SmallHotel--is_residentialYes
INFO  Adding construction Typical Insulated Exterior Mass Floor R-26.32 43.
INFO  Adding construction Typical Insulated Steel Framed Exterior Wall R-27.03 27.
INFO  Adding construction Typical IEAD Roof R-35.71 87.
INFO  Adding construction Typical Insulated Metal Door R-2.0 270.
INFO  Adding construction Typical Overhead Door R-2.0 375.
INFO  Adding construction set: 90.1-2013-ASHRAE 169-2013-1A-SmallOffice--is_residentialNo
INFO  Adding construction Typical Insulated Exterior Mass Floor R-3.11 44.
INFO  Adding construction Typical Insulated Wood Framed Exterior Wall R-11.24 7.
INFO  Adding construction Typical Wood Joist Attic Floor R-37.04 21.
INFO  Adding construction Typical Insulated Metal Door R-1.43 147.
INFO  Adding construction Typical Overhead Door R-0.86 42.
INFO  Adding construction set: 90.1-2013-ASHRAE 169-2013-1B-SmallOffice--is_residentialNo
INFO  Adding construction Typical Insulated Exterior Mass Floor R-3.11 45.
INFO  Adding construction Typical Insulated Wood Framed Exterior Wall R-11.24 8.
INFO  Adding construction Typical Wood Joist Attic Floor R-37.04 22.
INFO  Adding construction Typical Insulated Metal Door R-1.43 148.
INFO  Adding construction Typical Overhead Door R-0.86 43.
INFO  Adding construction set: 90.1-2013-ASHRAE 169-2013-2A-SmallOffice--is_residentialNo
INFO  Adding construction Typical Insulated Exterior Mass Floor R-9.35 34.
INFO  Adding construction Typical Insulated Wood Framed Exterior Wall R-11.24 9.
INFO  Adding construction Typical Wood Joist Attic Floor R-37.04 23.
INFO  Adding construction Typical Insulated Metal Door R-1.43 149.
INFO  Adding construction Typical Overhead Door R-2.0 376.
INFO  Adding construction set: 90.1-2013-ASHRAE 169-2013-2B-SmallOffice--is_residentialNo
INFO  Adding construction Typical Insulated Exterior Mass Floor R-9.35 35.
INFO  Adding construction Typical Insulated Wood Framed Exterior Wall R-11.24 10.
INFO  Adding construction Typical Wood Joist Attic Floor R-37.04 24.
INFO  Adding construction Typical Insulated Metal Door R-1.43 150.
INFO  Adding construction Typical Overhead Door R-2.0 377.
INFO  Adding construction set: 90.1-2013-ASHRAE 169-2013-3A-SmallOffice--is_residentialNo
INFO  Adding construction Typical Insulated Exterior Mass Floor R-13.51 66.
INFO  Adding construction Typical Insulated Wood Framed Exterior Wall R-11.24 11.
INFO  Adding construction Typical Wood Joist Attic Floor R-37.04 25.
INFO  Adding construction Typical Insulated Metal Door R-1.43 151.
INFO  Adding construction Typical Overhead Door R-2.0 378.
INFO  Adding construction set: 90.1-2013-ASHRAE 169-2013-3B-SmallOffice--is_residentialNo
INFO  Adding construction Typical Insulated Exterior Mass Floor R-13.51 67.
INFO  Adding construction Typical Insulated Wood Framed Exterior Wall R-11.24 12.
INFO  Adding construction Typical Wood Joist Attic Floor R-37.04 26.
INFO  Adding construction Typical Insulated Metal Door R-1.43 152.
INFO  Adding construction Typical Overhead Door R-2.0 379.
INFO  Adding construction set: 90.1-2013-ASHRAE 169-2013-3C-SmallOffice--is_residentialNo
INFO  Adding construction Typical Insulated Exterior Mass Floor R-13.51 68.
INFO  Adding construction Typical Insulated Wood Framed Exterior Wall R-11.24 13.
INFO  Adding construction Typical Wood Joist Attic Floor R-37.04 27.
INFO  Adding construction Typical Insulated Metal Door R-1.43 153.
INFO  Adding construction Typical Overhead Door R-2.0 380.
INFO  Adding construction set: 90.1-2013-ASHRAE 169-2013-4A-SmallOffice--is_residentialNo
INFO  Adding construction Typical Insulated Exterior Mass Floor R-17.54 102.
INFO  Adding construction Typical Insulated Wood Framed Exterior Wall R-15.63 3.
INFO  Adding construction Typical Wood Joist Attic Floor R-47.62 24.
INFO  Adding construction Typical Insulated Metal Door R-2.0 271.
INFO  Adding construction Typical Overhead Door R-2.0 381.
INFO  Adding construction set: 90.1-2013-ASHRAE 169-2013-4B-SmallOffice--is_residentialNo
INFO  Adding construction Typical Insulated Exterior Mass Floor R-17.54 103.
INFO  Adding construction Typical Insulated Wood Framed Exterior Wall R-15.63 4.
INFO  Adding construction Typical Wood Joist Attic Floor R-47.62 25.
INFO  Adding construction Typical Insulated Metal Door R-2.0 272.
INFO  Adding construction Typical Overhead Door R-2.0 382.
INFO  Adding construction set: 90.1-2013-ASHRAE 169-2013-4C-SmallOffice--is_residentialNo
INFO  Adding construction Typical Insulated Exterior Mass Floor R-17.54 104.
INFO  Adding construction Typical Insulated Wood Framed Exterior Wall R-15.63 5.
INFO  Adding construction Typical Wood Joist Attic Floor R-47.62 26.
INFO  Adding construction Typical Insulated Metal Door R-2.0 273.
INFO  Adding construction Typical Overhead Door R-2.0 383.
INFO  Adding construction set: 90.1-2013-ASHRAE 169-2013-5A-SmallOffice--is_residentialNo
INFO  Adding construction Typical Insulated Exterior Mass Floor R-17.54 105.
INFO  Adding construction Typical Insulated Wood Framed Exterior Wall R-19.61 7.
INFO  Adding construction Typical Wood Joist Attic Floor R-47.62 27.
INFO  Adding construction Typical Insulated Metal Door R-2.0 274.
INFO  Adding construction Typical Overhead Door R-2.0 384.
INFO  Adding construction set: 90.1-2013-ASHRAE 169-2013-5B-SmallOffice--is_residentialNo
INFO  Adding construction Typical Insulated Exterior Mass Floor R-17.54 106.
INFO  Adding construction Typical Insulated Wood Framed Exterior Wall R-19.61 8.
INFO  Adding construction Typical Wood Joist Attic Floor R-47.62 28.
INFO  Adding construction Typical Insulated Metal Door R-2.0 275.
INFO  Adding construction Typical Overhead Door R-2.0 385.
INFO  Adding construction set: 90.1-2013-ASHRAE 169-2013-5C-SmallOffice--is_residentialNo
INFO  Adding construction Typical Insulated Exterior Mass Floor R-17.54 107.
INFO  Adding construction Typical Insulated Wood Framed Exterior Wall R-19.61 9.
INFO  Adding construction Typical Wood Joist Attic Floor R-47.62 29.
INFO  Adding construction Typical Insulated Metal Door R-2.0 276.
INFO  Adding construction Typical Overhead Door R-2.0 386.
INFO  Adding construction set: 90.1-2013-ASHRAE 169-2013-6A-SmallOffice--is_residentialNo
INFO  Adding construction Typical Insulated Exterior Mass Floor R-19.61 74.
INFO  Adding construction Typical Insulated Wood Framed Exterior Wall R-19.61 10.
INFO  Adding construction Typical Wood Joist Attic Floor R-47.62 30.
INFO  Adding construction Typical Insulated Metal Door R-2.0 277.
INFO  Adding construction Typical Overhead Door R-2.0 387.
INFO  Adding construction set: 90.1-2013-ASHRAE 169-2013-6B-SmallOffice--is_residentialNo
INFO  Adding construction Typical Insulated Exterior Mass Floor R-19.61 75.
INFO  Adding construction Typical Insulated Wood Framed Exterior Wall R-19.61 11.
INFO  Adding construction Typical Wood Joist Attic Floor R-47.62 31.
INFO  Adding construction Typical Insulated Metal Door R-2.0 278.
INFO  Adding construction Typical Overhead Door R-2.0 388.
INFO  Adding construction set: 90.1-2013-ASHRAE 169-2013-7A-SmallOffice--is_residentialNo
INFO  Adding construction Typical Insulated Exterior Mass Floor R-23.81 44.
INFO  Adding construction Typical Insulated Wood Framed Exterior Wall R-19.61 12.
INFO  Adding construction Typical Wood Joist Attic Floor R-58.82 12.
INFO  Adding construction Typical Insulated Metal Door R-2.0 279.
INFO  Adding construction Typical Overhead Door R-2.0 389.
INFO  Adding construction set: 90.1-2013-ASHRAE 169-2013-7B-SmallOffice--is_residentialNo
INFO  Adding construction Typical Insulated Exterior Mass Floor R-23.81 45.
INFO  Adding construction Typical Insulated Wood Framed Exterior Wall R-19.61 13.
INFO  Adding construction Typical Wood Joist Attic Floor R-58.82 13.
INFO  Adding construction Typical Insulated Metal Door R-2.0 280.
INFO  Adding construction Typical Overhead Door R-2.0 390.
INFO  Adding construction set: 90.1-2013-ASHRAE 169-2013-8A-SmallOffice--is_residentialNo
INFO  Adding construction Typical Insulated Exterior Mass Floor R-26.32 44.
INFO  Adding construction Typical Insulated Wood Framed Exterior Wall R-31.25 2.
INFO  Adding construction Typical Wood Joist Attic Floor R-58.82 14.
INFO  Adding construction Typical Insulated Metal Door R-2.0 281.
INFO  Adding construction Typical Overhead Door R-2.0 391.
INFO  Adding construction set: 90.1-2013-ASHRAE 169-2013-8B-SmallOffice--is_residentialNo
INFO  Adding construction Typical Insulated Exterior Mass Floor R-26.32 45.
INFO  Adding construction Typical Insulated Wood Framed Exterior Wall R-31.25 3.
INFO  Adding construction Typical Wood Joist Attic Floor R-58.82 15.
INFO  Adding construction Typical Insulated Metal Door R-2.0 282.
INFO  Adding construction Typical Overhead Door R-2.0 392.
INFO  Adding construction set: 90.1-2013-ASHRAE 169-2013-1A-SmallOfficeDetailed--is_residentialNo
INFO  Adding construction Typical Insulated Exterior Mass Floor R-3.11 46.
INFO  Adding construction Typical Insulated Wood Framed Exterior Wall R-11.24 14.
INFO  Adding construction Typical Wood Joist Attic Floor R-37.04 28.
INFO  Adding construction Typical Insulated Metal Door R-1.43 154.
INFO  Adding construction Typical Overhead Door R-0.86 44.
INFO  Adding construction set: 90.1-2013-ASHRAE 169-2013-1B-SmallOfficeDetailed--is_residentialNo
INFO  Adding construction Typical Insulated Exterior Mass Floor R-3.11 47.
INFO  Adding construction Typical Insulated Wood Framed Exterior Wall R-11.24 15.
INFO  Adding construction Typical Wood Joist Attic Floor R-37.04 29.
INFO  Adding construction Typical Insulated Metal Door R-1.43 155.
INFO  Adding construction Typical Overhead Door R-0.86 45.
INFO  Adding construction set: 90.1-2013-ASHRAE 169-2013-2A-SmallOfficeDetailed--is_residentialNo
INFO  Adding construction Typical Insulated Exterior Mass Floor R-9.35 36.
INFO  Adding construction Typical Insulated Wood Framed Exterior Wall R-11.24 16.
INFO  Adding construction Typical Wood Joist Attic Floor R-37.04 30.
INFO  Adding construction Typical Insulated Metal Door R-1.43 156.
INFO  Adding construction Typical Overhead Door R-2.0 393.
INFO  Adding construction set: 90.1-2013-ASHRAE 169-2013-2B-SmallOfficeDetailed--is_residentialNo
INFO  Adding construction Typical Insulated Exterior Mass Floor R-9.35 37.
INFO  Adding construction Typical Insulated Wood Framed Exterior Wall R-11.24 17.
INFO  Adding construction Typical Wood Joist Attic Floor R-37.04 31.
INFO  Adding construction Typical Insulated Metal Door R-1.43 157.
INFO  Adding construction Typical Overhead Door R-2.0 394.
INFO  Adding construction set: 90.1-2013-ASHRAE 169-2013-3A-SmallOfficeDetailed--is_residentialNo
INFO  Adding construction Typical Insulated Exterior Mass Floor R-13.51 69.
INFO  Adding construction Typical Insulated Wood Framed Exterior Wall R-11.24 18.
INFO  Adding construction Typical Wood Joist Attic Floor R-37.04 32.
INFO  Adding construction Typical Insulated Metal Door R-1.43 158.
INFO  Adding construction Typical Overhead Door R-2.0 395.
INFO  Adding construction set: 90.1-2013-ASHRAE 169-2013-3B-SmallOfficeDetailed--is_residentialNo
INFO  Adding construction Typical Insulated Exterior Mass Floor R-13.51 70.
INFO  Adding construction Typical Insulated Wood Framed Exterior Wall R-11.24 19.
INFO  Adding construction Typical Wood Joist Attic Floor R-37.04 33.
INFO  Adding construction Typical Insulated Metal Door R-1.43 159.
INFO  Adding construction Typical Overhead Door R-2.0 396.
INFO  Adding construction set: 90.1-2013-ASHRAE 169-2013-3C-SmallOfficeDetailed--is_residentialNo
INFO  Adding construction Typical Insulated Exterior Mass Floor R-13.51 71.
INFO  Adding construction Typical Insulated Wood Framed Exterior Wall R-11.24 20.
INFO  Adding construction Typical Wood Joist Attic Floor R-37.04 34.
INFO  Adding construction Typical Insulated Metal Door R-1.43 160.
INFO  Adding construction Typical Overhead Door R-2.0 397.
INFO  Adding construction set: 90.1-2013-ASHRAE 169-2013-4A-SmallOfficeDetailed--is_residentialNo
INFO  Adding construction Typical Insulated Exterior Mass Floor R-17.54 108.
INFO  Adding construction Typical Insulated Wood Framed Exterior Wall R-15.63 6.
INFO  Adding construction Typical Wood Joist Attic Floor R-47.62 32.
INFO  Adding construction Typical Insulated Metal Door R-2.0 283.
INFO  Adding construction Typical Overhead Door R-2.0 398.
INFO  Adding construction set: 90.1-2013-ASHRAE 169-2013-4B-SmallOfficeDetailed--is_residentialNo
INFO  Adding construction Typical Insulated Exterior Mass Floor R-17.54 109.
INFO  Adding construction Typical Insulated Wood Framed Exterior Wall R-15.63 7.
INFO  Adding construction Typical Wood Joist Attic Floor R-47.62 33.
INFO  Adding construction Typical Insulated Metal Door R-2.0 284.
INFO  Adding construction Typical Overhead Door R-2.0 399.
INFO  Adding construction set: 90.1-2013-ASHRAE 169-2013-4C-SmallOfficeDetailed--is_residentialNo
INFO  Adding construction Typical Insulated Exterior Mass Floor R-17.54 110.
INFO  Adding construction Typical Insulated Wood Framed Exterior Wall R-15.63 8.
INFO  Adding construction Typical Wood Joist Attic Floor R-47.62 34.
INFO  Adding construction Typical Insulated Metal Door R-2.0 285.
INFO  Adding construction Typical Overhead Door R-2.0 400.
INFO  Adding construction set: 90.1-2013-ASHRAE 169-2013-5A-SmallOfficeDetailed--is_residentialNo
INFO  Adding construction Typical Insulated Exterior Mass Floor R-17.54 111.
INFO  Adding construction Typical Insulated Wood Framed Exterior Wall R-19.61 14.
INFO  Adding construction Typical Wood Joist Attic Floor R-47.62 35.
INFO  Adding construction Typical Insulated Metal Door R-2.0 286.
INFO  Adding construction Typical Overhead Door R-2.0 401.
INFO  Adding construction set: 90.1-2013-ASHRAE 169-2013-5B-SmallOfficeDetailed--is_residentialNo
INFO  Adding construction Typical Insulated Exterior Mass Floor R-17.54 112.
INFO  Adding construction Typical Insulated Wood Framed Exterior Wall R-19.61 15.
INFO  Adding construction Typical Wood Joist Attic Floor R-47.62 36.
INFO  Adding construction Typical Insulated Metal Door R-2.0 287.
INFO  Adding construction Typical Overhead Door R-2.0 402.
INFO  Adding construction set: 90.1-2013-ASHRAE 169-2013-5C-SmallOfficeDetailed--is_residentialNo
INFO  Adding construction Typical Insulated Exterior Mass Floor R-17.54 113.
INFO  Adding construction Typical Insulated Wood Framed Exterior Wall R-19.61 16.
INFO  Adding construction Typical Wood Joist Attic Floor R-47.62 37.
INFO  Adding construction Typical Insulated Metal Door R-2.0 288.
INFO  Adding construction Typical Overhead Door R-2.0 403.
INFO  Adding construction set: 90.1-2013-ASHRAE 169-2013-6A-SmallOfficeDetailed--is_residentialNo
INFO  Adding construction Typical Insulated Exterior Mass Floor R-19.61 76.
INFO  Adding construction Typical Insulated Wood Framed Exterior Wall R-19.61 17.
INFO  Adding construction Typical Wood Joist Attic Floor R-47.62 38.
INFO  Adding construction Typical Insulated Metal Door R-2.0 289.
INFO  Adding construction Typical Overhead Door R-2.0 404.
INFO  Adding construction set: 90.1-2013-ASHRAE 169-2013-6B-SmallOfficeDetailed--is_residentialNo
INFO  Adding construction Typical Insulated Exterior Mass Floor R-19.61 77.
INFO  Adding construction Typical Insulated Wood Framed Exterior Wall R-19.61 18.
INFO  Adding construction Typical Wood Joist Attic Floor R-47.62 39.
INFO  Adding construction Typical Insulated Metal Door R-2.0 290.
INFO  Adding construction Typical Overhead Door R-2.0 405.
INFO  Adding construction set: 90.1-2013-ASHRAE 169-2013-7A-SmallOfficeDetailed--is_residentialNo
INFO  Adding construction Typical Insulated Exterior Mass Floor R-23.81 46.
INFO  Adding construction Typical Insulated Wood Framed Exterior Wall R-19.61 19.
INFO  Adding construction Typical Wood Joist Attic Floor R-58.82 16.
INFO  Adding construction Typical Insulated Metal Door R-2.0 291.
INFO  Adding construction Typical Overhead Door R-2.0 406.
INFO  Adding construction set: 90.1-2013-ASHRAE 169-2013-7B-SmallOfficeDetailed--is_residentialNo
INFO  Adding construction Typical Insulated Exterior Mass Floor R-23.81 47.
INFO  Adding construction Typical Insulated Wood Framed Exterior Wall R-19.61 20.
INFO  Adding construction Typical Wood Joist Attic Floor R-58.82 17.
INFO  Adding construction Typical Insulated Metal Door R-2.0 292.
INFO  Adding construction Typical Overhead Door R-2.0 407.
INFO  Adding construction set: 90.1-2013-ASHRAE 169-2013-8A-SmallOfficeDetailed--is_residentialNo
INFO  Adding construction Typical Insulated Exterior Mass Floor R-26.32 46.
INFO  Adding construction Typical Insulated Wood Framed Exterior Wall R-31.25 4.
INFO  Adding construction Typical Wood Joist Attic Floor R-58.82 18.
INFO  Adding construction Typical Insulated Metal Door R-2.0 293.
INFO  Adding construction Typical Overhead Door R-2.0 408.
INFO  Adding construction set: 90.1-2013-ASHRAE 169-2013-8B-SmallOfficeDetailed--is_residentialNo
INFO  Adding construction Typical Insulated Exterior Mass Floor R-26.32 47.
INFO  Adding construction Typical Insulated Wood Framed Exterior Wall R-31.25 5.
INFO  Adding construction Typical Wood Joist Attic Floor R-58.82 19.
INFO  Adding construction Typical Insulated Metal Door R-2.0 294.
INFO  Adding construction Typical Overhead Door R-2.0 409.
INFO  Adding construction set: 90.1-2013-ASHRAE 169-2013-1A-StripMall--is_residentialNo
INFO  Adding construction Typical Insulated Exterior Mass Floor R-3.11 48.
INFO  Adding construction Typical Insulated Steel Framed Exterior Wall R-8.06 28.
INFO  Adding construction Typical IEAD Roof - Highly Reflective R-20.83 38.
INFO  Adding construction Typical Insulated Metal Door R-1.43 161.
INFO  Adding construction Typical Overhead Door R-0.86 46.
INFO  Adding construction set: 90.1-2013-ASHRAE 169-2013-1B-StripMall--is_residentialNo
INFO  Adding construction Typical Insulated Exterior Mass Floor R-3.11 49.
INFO  Adding construction Typical Insulated Steel Framed Exterior Wall R-8.06 29.
INFO  Adding construction Typical IEAD Roof - Highly Reflective R-20.83 39.
INFO  Adding construction Typical Insulated Metal Door R-1.43 162.
INFO  Adding construction Typical Overhead Door R-0.86 47.
INFO  Adding construction set: 90.1-2013-ASHRAE 169-2013-2A-StripMall--is_residentialNo
INFO  Adding construction Typical Insulated Exterior Mass Floor R-9.35 38.
INFO  Adding construction Typical Insulated Steel Framed Exterior Wall R-11.9 22.
INFO  Adding construction Typical IEAD Roof - Highly Reflective R-25.64 116.
INFO  Adding construction Typical Insulated Metal Door R-1.43 163.
INFO  Adding construction Typical Overhead Door R-2.0 410.
INFO  Adding construction set: 90.1-2013-ASHRAE 169-2013-2B-StripMall--is_residentialNo
INFO  Adding construction Typical Insulated Exterior Mass Floor R-9.35 39.
INFO  Adding construction Typical Insulated Steel Framed Exterior Wall R-11.9 23.
INFO  Adding construction Typical IEAD Roof - Highly Reflective R-25.64 117.
INFO  Adding construction Typical Insulated Metal Door R-1.43 164.
INFO  Adding construction Typical Overhead Door R-2.0 411.
INFO  Adding construction set: 90.1-2013-ASHRAE 169-2013-3A-StripMall--is_residentialNo
INFO  Adding construction Typical Insulated Exterior Mass Floor R-13.51 72.
INFO  Adding construction Typical Insulated Steel Framed Exterior Wall R-12.99 33.
INFO  Adding construction Typical IEAD Roof - Highly Reflective R-25.64 118.
INFO  Adding construction Typical Insulated Metal Door R-1.43 165.
INFO  Adding construction Typical Overhead Door R-2.0 412.
INFO  Adding construction set: 90.1-2013-ASHRAE 169-2013-3B-StripMall--is_residentialNo
INFO  Adding construction Typical Insulated Exterior Mass Floor R-13.51 73.
INFO  Adding construction Typical Insulated Steel Framed Exterior Wall R-12.99 34.
INFO  Adding construction Typical IEAD Roof - Highly Reflective R-25.64 119.
INFO  Adding construction Typical Insulated Metal Door R-1.43 166.
INFO  Adding construction Typical Overhead Door R-2.0 413.
INFO  Adding construction set: 90.1-2013-ASHRAE 169-2013-3C-StripMall--is_residentialNo
INFO  Adding construction Typical Insulated Exterior Mass Floor R-13.51 74.
INFO  Adding construction Typical Insulated Steel Framed Exterior Wall R-12.99 35.
INFO  Adding construction Typical IEAD Roof - Highly Reflective R-25.64 120.
INFO  Adding construction Typical Insulated Metal Door R-1.43 167.
INFO  Adding construction Typical Overhead Door R-2.0 414.
INFO  Adding construction set: 90.1-2013-ASHRAE 169-2013-4A-StripMall--is_residentialNo
INFO  Adding construction Typical Insulated Exterior Mass Floor R-17.54 114.
INFO  Adding construction Typical Insulated Steel Framed Exterior Wall R-15.63 57.
INFO  Adding construction Typical IEAD Roof R-31.25 176.
INFO  Adding construction Typical Insulated Metal Door R-2.0 295.
INFO  Adding construction Typical Overhead Door R-2.0 415.
INFO  Adding construction set: 90.1-2013-ASHRAE 169-2013-4B-StripMall--is_residentialNo
INFO  Adding construction Typical Insulated Exterior Mass Floor R-17.54 115.
INFO  Adding construction Typical Insulated Steel Framed Exterior Wall R-15.63 58.
INFO  Adding construction Typical IEAD Roof R-31.25 177.
INFO  Adding construction Typical Insulated Metal Door R-2.0 296.
INFO  Adding construction Typical Overhead Door R-2.0 416.
INFO  Adding construction set: 90.1-2013-ASHRAE 169-2013-4C-StripMall--is_residentialNo
INFO  Adding construction Typical Insulated Exterior Mass Floor R-17.54 116.
INFO  Adding construction Typical Insulated Steel Framed Exterior Wall R-15.63 59.
INFO  Adding construction Typical IEAD Roof R-31.25 178.
INFO  Adding construction Typical Insulated Metal Door R-2.0 297.
INFO  Adding construction Typical Overhead Door R-2.0 417.
INFO  Adding construction set: 90.1-2013-ASHRAE 169-2013-5A-StripMall--is_residentialNo
INFO  Adding construction Typical Insulated Exterior Mass Floor R-17.54 117.
INFO  Adding construction Typical Insulated Steel Framed Exterior Wall R-18.18 42.
INFO  Adding construction Typical IEAD Roof R-31.25 179.
INFO  Adding construction Typical Insulated Metal Door R-2.0 298.
INFO  Adding construction Typical Overhead Door R-2.0 418.
INFO  Adding construction set: 90.1-2013-ASHRAE 169-2013-5B-StripMall--is_residentialNo
INFO  Adding construction Typical Insulated Exterior Mass Floor R-17.54 118.
INFO  Adding construction Typical Insulated Steel Framed Exterior Wall R-18.18 43.
INFO  Adding construction Typical IEAD Roof R-31.25 180.
INFO  Adding construction Typical Insulated Metal Door R-2.0 299.
INFO  Adding construction Typical Overhead Door R-2.0 419.
INFO  Adding construction set: 90.1-2013-ASHRAE 169-2013-5C-StripMall--is_residentialNo
INFO  Adding construction Typical Insulated Exterior Mass Floor R-17.54 119.
INFO  Adding construction Typical Insulated Steel Framed Exterior Wall R-18.18 44.
INFO  Adding construction Typical IEAD Roof R-31.25 181.
INFO  Adding construction Typical Insulated Metal Door R-2.0 300.
INFO  Adding construction Typical Overhead Door R-2.0 420.
INFO  Adding construction set: 90.1-2013-ASHRAE 169-2013-6A-StripMall--is_residentialNo
INFO  Adding construction Typical Insulated Exterior Mass Floor R-19.61 78.
INFO  Adding construction Typical Insulated Steel Framed Exterior Wall R-20.41 50.
INFO  Adding construction Typical IEAD Roof R-31.25 182.
INFO  Adding construction Typical Insulated Metal Door R-2.0 301.
INFO  Adding construction Typical Overhead Door R-2.0 421.
INFO  Adding construction set: 90.1-2013-ASHRAE 169-2013-6B-StripMall--is_residentialNo
INFO  Adding construction Typical Insulated Exterior Mass Floor R-19.61 79.
INFO  Adding construction Typical Insulated Steel Framed Exterior Wall R-20.41 51.
INFO  Adding construction Typical IEAD Roof R-31.25 183.
INFO  Adding construction Typical Insulated Metal Door R-2.0 302.
INFO  Adding construction Typical Overhead Door R-2.0 422.
INFO  Adding construction set: 90.1-2013-ASHRAE 169-2013-7A-StripMall--is_residentialNo
INFO  Adding construction Typical Insulated Exterior Mass Floor R-23.81 48.
INFO  Adding construction Typical Insulated Steel Framed Exterior Wall R-20.41 52.
INFO  Adding construction Typical IEAD Roof R-35.71 88.
INFO  Adding construction Typical Insulated Metal Door R-2.0 303.
INFO  Adding construction Typical Overhead Door R-2.0 423.
INFO  Adding construction set: 90.1-2013-ASHRAE 169-2013-7B-StripMall--is_residentialNo
INFO  Adding construction Typical Insulated Exterior Mass Floor R-23.81 49.
INFO  Adding construction Typical Insulated Steel Framed Exterior Wall R-20.41 53.
INFO  Adding construction Typical IEAD Roof R-35.71 89.
INFO  Adding construction Typical Insulated Metal Door R-2.0 304.
INFO  Adding construction Typical Overhead Door R-2.0 424.
INFO  Adding construction set: 90.1-2013-ASHRAE 169-2013-8A-StripMall--is_residentialNo
INFO  Adding construction Typical Insulated Exterior Mass Floor R-26.32 48.
INFO  Adding construction Typical Insulated Steel Framed Exterior Wall R-27.03 28.
INFO  Adding construction Typical IEAD Roof R-35.71 90.
INFO  Adding construction Typical Insulated Metal Door R-2.0 305.
INFO  Adding construction Typical Overhead Door R-2.0 425.
INFO  Adding construction set: 90.1-2013-ASHRAE 169-2013-8B-StripMall--is_residentialNo
INFO  Adding construction Typical Insulated Exterior Mass Floor R-26.32 49.
INFO  Adding construction Typical Insulated Steel Framed Exterior Wall R-27.03 29.
INFO  Adding construction Typical IEAD Roof R-35.71 91.
INFO  Adding construction Typical Insulated Metal Door R-2.0 306.
INFO  Adding construction Typical Overhead Door R-2.0 426.
INFO  Adding construction set: 90.1-2013-ASHRAE 169-2013-1A-SuperMarket--is_residentialNo
INFO  Adding construction Typical Insulated Exterior Mass Floor R-3.11 50.
INFO  Adding construction Typical Insulated Exterior Mass Wall R-2.39 14.
INFO  Adding construction Typical IEAD Roof - Highly Reflective R-20.83 40.
INFO  Adding construction Typical Insulated Metal Door R-1.43 168.
INFO  Adding construction Typical Overhead Door R-0.86 48.
INFO  Adding construction set: 90.1-2013-ASHRAE 169-2013-1B-SuperMarket--is_residentialNo
INFO  Adding construction Typical Insulated Exterior Mass Floor R-3.11 51.
INFO  Adding construction Typical Insulated Exterior Mass Wall R-2.39 15.
INFO  Adding construction Typical IEAD Roof - Highly Reflective R-20.83 41.
INFO  Adding construction Typical Insulated Metal Door R-1.43 169.
INFO  Adding construction Typical Overhead Door R-0.86 49.
INFO  Adding construction set: 90.1-2013-ASHRAE 169-2013-2A-SuperMarket--is_residentialNo
INFO  Adding construction Typical Insulated Exterior Mass Floor R-9.35 40.
INFO  Adding construction Typical Insulated Exterior Mass Wall R-6.62 18.
INFO  Adding construction Typical IEAD Roof - Highly Reflective R-25.64 121.
INFO  Adding construction Typical Insulated Metal Door R-1.43 170.
INFO  Adding construction Typical Overhead Door R-2.0 427.
INFO  Adding construction set: 90.1-2013-ASHRAE 169-2013-2B-SuperMarket--is_residentialNo
INFO  Adding construction Typical Insulated Exterior Mass Floor R-9.35 41.
INFO  Adding construction Typical Insulated Exterior Mass Wall R-6.62 19.
INFO  Adding construction Typical IEAD Roof - Highly Reflective R-25.64 122.
INFO  Adding construction Typical Insulated Metal Door R-1.43 171.
INFO  Adding construction Typical Overhead Door R-2.0 428.
INFO  Adding construction set: 90.1-2013-ASHRAE 169-2013-3A-SuperMarket--is_residentialNo
INFO  Adding construction Typical Insulated Exterior Mass Floor R-13.51 75.
INFO  Adding construction Typical Insulated Exterior Mass Wall R-8.13 25.
INFO  Adding construction Typical IEAD Roof - Highly Reflective R-25.64 123.
INFO  Adding construction Typical Insulated Metal Door R-1.43 172.
INFO  Adding construction Typical Overhead Door R-2.0 429.
INFO  Adding construction set: 90.1-2013-ASHRAE 169-2013-3B-SuperMarket--is_residentialNo
INFO  Adding construction Typical Insulated Exterior Mass Floor R-13.51 76.
INFO  Adding construction Typical Insulated Exterior Mass Wall R-8.13 26.
INFO  Adding construction Typical IEAD Roof - Highly Reflective R-25.64 124.
INFO  Adding construction Typical Insulated Metal Door R-1.43 173.
INFO  Adding construction Typical Overhead Door R-2.0 430.
INFO  Adding construction set: 90.1-2013-ASHRAE 169-2013-3C-SuperMarket--is_residentialNo
INFO  Adding construction Typical Insulated Exterior Mass Floor R-13.51 77.
INFO  Adding construction Typical Insulated Exterior Mass Wall R-8.13 27.
INFO  Adding construction Typical IEAD Roof - Highly Reflective R-25.64 125.
INFO  Adding construction Typical Insulated Metal Door R-1.43 174.
INFO  Adding construction Typical Overhead Door R-2.0 431.
INFO  Adding construction set: 90.1-2013-ASHRAE 169-2013-4A-SuperMarket--is_residentialNo
INFO  Adding construction Typical Insulated Exterior Mass Floor R-17.54 120.
INFO  Adding construction Typical Insulated Exterior Mass Wall R-9.62 27.
INFO  Adding construction Typical IEAD Roof R-31.25 184.
INFO  Adding construction Typical Insulated Metal Door R-2.0 307.
INFO  Adding construction Typical Overhead Door R-2.0 432.
INFO  Adding construction set: 90.1-2013-ASHRAE 169-2013-4B-SuperMarket--is_residentialNo
INFO  Adding construction Typical Insulated Exterior Mass Floor R-17.54 121.
INFO  Adding construction Typical Insulated Exterior Mass Wall R-9.62 28.
INFO  Adding construction Typical IEAD Roof R-31.25 185.
INFO  Adding construction Typical Insulated Metal Door R-2.0 308.
INFO  Adding construction Typical Overhead Door R-2.0 433.
INFO  Adding construction set: 90.1-2013-ASHRAE 169-2013-4C-SuperMarket--is_residentialNo
INFO  Adding construction Typical Insulated Exterior Mass Floor R-17.54 122.
INFO  Adding construction Typical Insulated Exterior Mass Wall R-9.62 29.
INFO  Adding construction Typical IEAD Roof R-31.25 186.
INFO  Adding construction Typical Insulated Metal Door R-2.0 309.
INFO  Adding construction Typical Overhead Door R-2.0 434.
INFO  Adding construction set: 90.1-2013-ASHRAE 169-2013-5A-SuperMarket--is_residentialNo
INFO  Adding construction Typical Insulated Exterior Mass Floor R-17.54 123.
INFO  Adding construction Typical Insulated Exterior Mass Wall R-11.11 27.
INFO  Adding construction Typical IEAD Roof R-31.25 187.
INFO  Adding construction Typical Insulated Metal Door R-2.0 310.
INFO  Adding construction Typical Overhead Door R-2.0 435.
INFO  Adding construction set: 90.1-2013-ASHRAE 169-2013-5B-SuperMarket--is_residentialNo
INFO  Adding construction Typical Insulated Exterior Mass Floor R-17.54 124.
INFO  Adding construction Typical Insulated Exterior Mass Wall R-11.11 28.
INFO  Adding construction Typical IEAD Roof R-31.25 188.
INFO  Adding construction Typical Insulated Metal Door R-2.0 311.
INFO  Adding construction Typical Overhead Door R-2.0 436.
INFO  Adding construction set: 90.1-2013-ASHRAE 169-2013-5C-SuperMarket--is_residentialNo
INFO  Adding construction Typical Insulated Exterior Mass Floor R-17.54 125.
INFO  Adding construction Typical Insulated Exterior Mass Wall R-11.11 29.
INFO  Adding construction Typical IEAD Roof R-31.25 189.
INFO  Adding construction Typical Insulated Metal Door R-2.0 312.
INFO  Adding construction Typical Overhead Door R-2.0 437.
INFO  Adding construction set: 90.1-2013-ASHRAE 169-2013-6A-SuperMarket--is_residentialNo
INFO  Adding construction Typical Insulated Exterior Mass Floor R-19.61 80.
INFO  Adding construction Typical Insulated Exterior Mass Wall R-12.5 20.
INFO  Adding construction Typical IEAD Roof R-31.25 190.
INFO  Adding construction Typical Insulated Metal Door R-2.0 313.
INFO  Adding construction Typical Overhead Door R-2.0 438.
INFO  Adding construction set: 90.1-2013-ASHRAE 169-2013-6B-SuperMarket--is_residentialNo
INFO  Adding construction Typical Insulated Exterior Mass Floor R-19.61 81.
INFO  Adding construction Typical Insulated Exterior Mass Wall R-12.5 21.
INFO  Adding construction Typical IEAD Roof R-31.25 191.
INFO  Adding construction Typical Insulated Metal Door R-2.0 314.
INFO  Adding construction Typical Overhead Door R-2.0 439.
INFO  Adding construction set: 90.1-2013-ASHRAE 169-2013-7A-SuperMarket--is_residentialNo
INFO  Adding construction Typical Insulated Exterior Mass Floor R-23.81 50.
INFO  Adding construction Typical Insulated Exterior Mass Wall R-14.08 22.
INFO  Adding construction Typical IEAD Roof R-35.71 92.
INFO  Adding construction Typical Insulated Metal Door R-2.0 315.
INFO  Adding construction Typical Overhead Door R-2.0 440.
INFO  Adding construction set: 90.1-2013-ASHRAE 169-2013-7B-SuperMarket--is_residentialNo
INFO  Adding construction Typical Insulated Exterior Mass Floor R-23.81 51.
INFO  Adding construction Typical Insulated Exterior Mass Wall R-14.08 23.
INFO  Adding construction Typical IEAD Roof R-35.71 93.
INFO  Adding construction Typical Insulated Metal Door R-2.0 316.
INFO  Adding construction Typical Overhead Door R-2.0 441.
INFO  Adding construction set: 90.1-2013-ASHRAE 169-2013-8A-SuperMarket--is_residentialNo
INFO  Adding construction Typical Insulated Exterior Mass Floor R-26.32 50.
INFO  Adding construction Typical Insulated Exterior Mass Wall R-20.83 18.
INFO  Adding construction Typical IEAD Roof R-35.71 94.
INFO  Adding construction Typical Insulated Metal Door R-2.0 317.
INFO  Adding construction Typical Overhead Door R-2.0 442.
INFO  Adding construction set: 90.1-2013-ASHRAE 169-2013-8B-SuperMarket--is_residentialNo
INFO  Adding construction Typical Insulated Exterior Mass Floor R-26.32 51.
INFO  Adding construction Typical Insulated Exterior Mass Wall R-20.83 19.
INFO  Adding construction Typical IEAD Roof R-35.71 95.
INFO  Adding construction Typical Insulated Metal Door R-2.0 318.
INFO  Adding construction Typical Overhead Door R-2.0 443.
INFO  Adding construction set: 90.1-2013-ASHRAE 169-2013-1A-SuperTallBuilding--is_residentialNo
INFO  Adding construction Typical Insulated Exterior Mass Floor R-3.11 52.
INFO  Adding construction Typical Insulated Steel Framed Exterior Wall R-8.06 30.
INFO  Adding construction Typical IEAD Roof - Highly Reflective R-20.83 42.
INFO  Adding construction Typical Insulated Metal Door R-1.43 175.
INFO  Adding construction Typical Overhead Door R-0.86 50.
INFO  Adding construction set: 90.1-2013-ASHRAE 169-2013-1B-SuperTallBuilding--is_residentialNo
INFO  Adding construction Typical Insulated Exterior Mass Floor R-3.11 53.
INFO  Adding construction Typical Insulated Steel Framed Exterior Wall R-8.06 31.
INFO  Adding construction Typical IEAD Roof - Highly Reflective R-20.83 43.
INFO  Adding construction Typical Insulated Metal Door R-1.43 176.
INFO  Adding construction Typical Overhead Door R-0.86 51.
INFO  Adding construction set: 90.1-2013-ASHRAE 169-2013-2A-SuperTallBuilding--is_residentialNo
INFO  Adding construction Typical Insulated Exterior Mass Floor R-9.35 42.
INFO  Adding construction Typical Insulated Steel Framed Exterior Wall R-11.9 24.
INFO  Adding construction Typical IEAD Roof - Highly Reflective R-25.64 126.
INFO  Adding construction Typical Insulated Metal Door R-1.43 177.
INFO  Adding construction Typical Overhead Door R-2.0 444.
INFO  Adding construction set: 90.1-2013-ASHRAE 169-2013-2B-SuperTallBuilding--is_residentialNo
INFO  Adding construction Typical Insulated Exterior Mass Floor R-9.35 43.
INFO  Adding construction Typical Insulated Steel Framed Exterior Wall R-11.9 25.
INFO  Adding construction Typical IEAD Roof - Highly Reflective R-25.64 127.
INFO  Adding construction Typical Insulated Metal Door R-1.43 178.
INFO  Adding construction Typical Overhead Door R-2.0 445.
INFO  Adding construction set: 90.1-2013-ASHRAE 169-2013-3A-SuperTallBuilding--is_residentialNo
INFO  Adding construction Typical Insulated Exterior Mass Floor R-13.51 78.
INFO  Adding construction Typical Insulated Steel Framed Exterior Wall R-12.99 36.
INFO  Adding construction Typical IEAD Roof - Highly Reflective R-25.64 128.
INFO  Adding construction Typical Insulated Metal Door R-1.43 179.
INFO  Adding construction Typical Overhead Door R-2.0 446.
INFO  Adding construction set: 90.1-2013-ASHRAE 169-2013-3B-SuperTallBuilding--is_residentialNo
INFO  Adding construction Typical Insulated Exterior Mass Floor R-13.51 79.
INFO  Adding construction Typical Insulated Steel Framed Exterior Wall R-12.99 37.
INFO  Adding construction Typical IEAD Roof - Highly Reflective R-25.64 129.
INFO  Adding construction Typical Insulated Metal Door R-1.43 180.
INFO  Adding construction Typical Overhead Door R-2.0 447.
INFO  Adding construction set: 90.1-2013-ASHRAE 169-2013-3C-SuperTallBuilding--is_residentialNo
INFO  Adding construction Typical Insulated Exterior Mass Floor R-13.51 80.
INFO  Adding construction Typical Insulated Steel Framed Exterior Wall R-12.99 38.
INFO  Adding construction Typical IEAD Roof - Highly Reflective R-25.64 130.
INFO  Adding construction Typical Insulated Metal Door R-1.43 181.
INFO  Adding construction Typical Overhead Door R-2.0 448.
INFO  Adding construction set: 90.1-2013-ASHRAE 169-2013-4A-SuperTallBuilding--is_residentialNo
INFO  Adding construction Typical Insulated Exterior Mass Floor R-17.54 126.
INFO  Adding construction Typical Insulated Steel Framed Exterior Wall R-15.63 60.
INFO  Adding construction Typical IEAD Roof R-31.25 192.
INFO  Adding construction Typical Insulated Metal Door R-2.0 319.
INFO  Adding construction Typical Overhead Door R-2.0 449.
INFO  Adding construction set: 90.1-2013-ASHRAE 169-2013-4B-SuperTallBuilding--is_residentialNo
INFO  Adding construction Typical Insulated Exterior Mass Floor R-17.54 127.
INFO  Adding construction Typical Insulated Steel Framed Exterior Wall R-15.63 61.
INFO  Adding construction Typical IEAD Roof R-31.25 193.
INFO  Adding construction Typical Insulated Metal Door R-2.0 320.
INFO  Adding construction Typical Overhead Door R-2.0 450.
INFO  Adding construction set: 90.1-2013-ASHRAE 169-2013-4C-SuperTallBuilding--is_residentialNo
INFO  Adding construction Typical Insulated Exterior Mass Floor R-17.54 128.
INFO  Adding construction Typical Insulated Steel Framed Exterior Wall R-15.63 62.
INFO  Adding construction Typical IEAD Roof R-31.25 194.
INFO  Adding construction Typical Insulated Metal Door R-2.0 321.
INFO  Adding construction Typical Overhead Door R-2.0 451.
INFO  Adding construction set: 90.1-2013-ASHRAE 169-2013-5A-SuperTallBuilding--is_residentialNo
INFO  Adding construction Typical Insulated Exterior Mass Floor R-17.54 129.
INFO  Adding construction Typical Insulated Steel Framed Exterior Wall R-18.18 45.
INFO  Adding construction Typical IEAD Roof R-31.25 195.
INFO  Adding construction Typical Insulated Metal Door R-2.0 322.
INFO  Adding construction Typical Overhead Door R-2.0 452.
INFO  Adding construction set: 90.1-2013-ASHRAE 169-2013-5B-SuperTallBuilding--is_residentialNo
INFO  Adding construction Typical Insulated Exterior Mass Floor R-17.54 130.
INFO  Adding construction Typical Insulated Steel Framed Exterior Wall R-18.18 46.
INFO  Adding construction Typical IEAD Roof R-31.25 196.
INFO  Adding construction Typical Insulated Metal Door R-2.0 323.
INFO  Adding construction Typical Overhead Door R-2.0 453.
INFO  Adding construction set: 90.1-2013-ASHRAE 169-2013-5C-SuperTallBuilding--is_residentialNo
INFO  Adding construction Typical Insulated Exterior Mass Floor R-17.54 131.
INFO  Adding construction Typical Insulated Steel Framed Exterior Wall R-18.18 47.
INFO  Adding construction Typical IEAD Roof R-31.25 197.
INFO  Adding construction Typical Insulated Metal Door R-2.0 324.
INFO  Adding construction Typical Overhead Door R-2.0 454.
INFO  Adding construction set: 90.1-2013-ASHRAE 169-2013-6A-SuperTallBuilding--is_residentialNo
INFO  Adding construction Typical Insulated Exterior Mass Floor R-19.61 82.
INFO  Adding construction Typical Insulated Steel Framed Exterior Wall R-20.41 54.
INFO  Adding construction Typical IEAD Roof R-31.25 198.
INFO  Adding construction Typical Insulated Metal Door R-2.0 325.
INFO  Adding construction Typical Overhead Door R-2.0 455.
INFO  Adding construction set: 90.1-2013-ASHRAE 169-2013-6B-SuperTallBuilding--is_residentialNo
INFO  Adding construction Typical Insulated Exterior Mass Floor R-19.61 83.
INFO  Adding construction Typical Insulated Steel Framed Exterior Wall R-20.41 55.
INFO  Adding construction Typical IEAD Roof R-31.25 199.
INFO  Adding construction Typical Insulated Metal Door R-2.0 326.
INFO  Adding construction Typical Overhead Door R-2.0 456.
INFO  Adding construction set: 90.1-2013-ASHRAE 169-2013-7A-SuperTallBuilding--is_residentialNo
INFO  Adding construction Typical Insulated Exterior Mass Floor R-23.81 52.
INFO  Adding construction Typical Insulated Steel Framed Exterior Wall R-20.41 56.
INFO  Adding construction Typical IEAD Roof R-35.71 96.
INFO  Adding construction Typical Insulated Metal Door R-2.0 327.
INFO  Adding construction Typical Overhead Door R-2.0 457.
INFO  Adding construction set: 90.1-2013-ASHRAE 169-2013-7B-SuperTallBuilding--is_residentialNo
INFO  Adding construction Typical Insulated Exterior Mass Floor R-23.81 53.
INFO  Adding construction Typical Insulated Steel Framed Exterior Wall R-20.41 57.
INFO  Adding construction Typical IEAD Roof R-35.71 97.
INFO  Adding construction Typical Insulated Metal Door R-2.0 328.
INFO  Adding construction Typical Overhead Door R-2.0 458.
INFO  Adding construction set: 90.1-2013-ASHRAE 169-2013-8A-SuperTallBuilding--is_residentialNo
INFO  Adding construction Typical Insulated Exterior Mass Floor R-26.32 52.
INFO  Adding construction Typical Insulated Steel Framed Exterior Wall R-27.03 30.
INFO  Adding construction Typical IEAD Roof R-35.71 98.
INFO  Adding construction Typical Insulated Metal Door R-2.0 329.
INFO  Adding construction Typical Overhead Door R-2.0 459.
INFO  Adding construction set: 90.1-2013-ASHRAE 169-2013-8B-SuperTallBuilding--is_residentialNo
INFO  Adding construction Typical Insulated Exterior Mass Floor R-26.32 53.
INFO  Adding construction Typical Insulated Steel Framed Exterior Wall R-27.03 31.
INFO  Adding construction Typical IEAD Roof R-35.71 99.
INFO  Adding construction Typical Insulated Metal Door R-2.0 330.
INFO  Adding construction Typical Overhead Door R-2.0 460.
INFO  Adding construction set: 90.1-2013-ASHRAE 169-2013-1A-TallBuilding--is_residentialNo
INFO  Adding construction Typical Insulated Exterior Mass Floor R-3.11 54.
INFO  Adding construction Typical Insulated Steel Framed Exterior Wall R-8.06 32.
INFO  Adding construction Typical IEAD Roof - Highly Reflective R-20.83 44.
INFO  Adding construction Typical Insulated Metal Door R-1.43 182.
INFO  Adding construction Typical Overhead Door R-0.86 52.
INFO  Adding construction set: 90.1-2013-ASHRAE 169-2013-1B-TallBuilding--is_residentialNo
INFO  Adding construction Typical Insulated Exterior Mass Floor R-3.11 55.
INFO  Adding construction Typical Insulated Steel Framed Exterior Wall R-8.06 33.
INFO  Adding construction Typical IEAD Roof - Highly Reflective R-20.83 45.
INFO  Adding construction Typical Insulated Metal Door R-1.43 183.
INFO  Adding construction Typical Overhead Door R-0.86 53.
INFO  Adding construction set: 90.1-2013-ASHRAE 169-2013-2A-TallBuilding--is_residentialNo
INFO  Adding construction Typical Insulated Exterior Mass Floor R-9.35 44.
INFO  Adding construction Typical Insulated Steel Framed Exterior Wall R-11.9 26.
INFO  Adding construction Typical IEAD Roof - Highly Reflective R-25.64 131.
INFO  Adding construction Typical Insulated Metal Door R-1.43 184.
INFO  Adding construction Typical Overhead Door R-2.0 461.
INFO  Adding construction set: 90.1-2013-ASHRAE 169-2013-2B-TallBuilding--is_residentialNo
INFO  Adding construction Typical Insulated Exterior Mass Floor R-9.35 45.
INFO  Adding construction Typical Insulated Steel Framed Exterior Wall R-11.9 27.
INFO  Adding construction Typical IEAD Roof - Highly Reflective R-25.64 132.
INFO  Adding construction Typical Insulated Metal Door R-1.43 185.
INFO  Adding construction Typical Overhead Door R-2.0 462.
INFO  Adding construction set: 90.1-2013-ASHRAE 169-2013-3A-TallBuilding--is_residentialNo
INFO  Adding construction Typical Insulated Exterior Mass Floor R-13.51 81.
INFO  Adding construction Typical Insulated Steel Framed Exterior Wall R-12.99 39.
INFO  Adding construction Typical IEAD Roof - Highly Reflective R-25.64 133.
INFO  Adding construction Typical Insulated Metal Door R-1.43 186.
INFO  Adding construction Typical Overhead Door R-2.0 463.
INFO  Adding construction set: 90.1-2013-ASHRAE 169-2013-3B-TallBuilding--is_residentialNo
INFO  Adding construction Typical Insulated Exterior Mass Floor R-13.51 82.
INFO  Adding construction Typical Insulated Steel Framed Exterior Wall R-12.99 40.
INFO  Adding construction Typical IEAD Roof - Highly Reflective R-25.64 134.
INFO  Adding construction Typical Insulated Metal Door R-1.43 187.
INFO  Adding construction Typical Overhead Door R-2.0 464.
INFO  Adding construction set: 90.1-2013-ASHRAE 169-2013-3C-TallBuilding--is_residentialNo
INFO  Adding construction Typical Insulated Exterior Mass Floor R-13.51 83.
INFO  Adding construction Typical Insulated Steel Framed Exterior Wall R-12.99 41.
INFO  Adding construction Typical IEAD Roof - Highly Reflective R-25.64 135.
INFO  Adding construction Typical Insulated Metal Door R-1.43 188.
INFO  Adding construction Typical Overhead Door R-2.0 465.
INFO  Adding construction set: 90.1-2013-ASHRAE 169-2013-4A-TallBuilding--is_residentialNo
INFO  Adding construction Typical Insulated Exterior Mass Floor R-17.54 132.
INFO  Adding construction Typical Insulated Steel Framed Exterior Wall R-15.63 63.
INFO  Adding construction Typical IEAD Roof R-31.25 200.
INFO  Adding construction Typical Insulated Metal Door R-2.0 331.
INFO  Adding construction Typical Overhead Door R-2.0 466.
INFO  Adding construction set: 90.1-2013-ASHRAE 169-2013-4B-TallBuilding--is_residentialNo
INFO  Adding construction Typical Insulated Exterior Mass Floor R-17.54 133.
INFO  Adding construction Typical Insulated Steel Framed Exterior Wall R-15.63 64.
INFO  Adding construction Typical IEAD Roof R-31.25 201.
INFO  Adding construction Typical Insulated Metal Door R-2.0 332.
INFO  Adding construction Typical Overhead Door R-2.0 467.
INFO  Adding construction set: 90.1-2013-ASHRAE 169-2013-4C-TallBuilding--is_residentialNo
INFO  Adding construction Typical Insulated Exterior Mass Floor R-17.54 134.
INFO  Adding construction Typical Insulated Steel Framed Exterior Wall R-15.63 65.
INFO  Adding construction Typical IEAD Roof R-31.25 202.
INFO  Adding construction Typical Insulated Metal Door R-2.0 333.
INFO  Adding construction Typical Overhead Door R-2.0 468.
INFO  Adding construction set: 90.1-2013-ASHRAE 169-2013-5A-TallBuilding--is_residentialNo
INFO  Adding construction Typical Insulated Exterior Mass Floor R-17.54 135.
INFO  Adding construction Typical Insulated Steel Framed Exterior Wall R-18.18 48.
INFO  Adding construction Typical IEAD Roof R-31.25 203.
INFO  Adding construction Typical Insulated Metal Door R-2.0 334.
INFO  Adding construction Typical Overhead Door R-2.0 469.
INFO  Adding construction set: 90.1-2013-ASHRAE 169-2013-5B-TallBuilding--is_residentialNo
INFO  Adding construction Typical Insulated Exterior Mass Floor R-17.54 136.
INFO  Adding construction Typical Insulated Steel Framed Exterior Wall R-18.18 49.
INFO  Adding construction Typical IEAD Roof R-31.25 204.
INFO  Adding construction Typical Insulated Metal Door R-2.0 335.
INFO  Adding construction Typical Overhead Door R-2.0 470.
INFO  Adding construction set: 90.1-2013-ASHRAE 169-2013-5C-TallBuilding--is_residentialNo
INFO  Adding construction Typical Insulated Exterior Mass Floor R-17.54 137.
INFO  Adding construction Typical Insulated Steel Framed Exterior Wall R-18.18 50.
INFO  Adding construction Typical IEAD Roof R-31.25 205.
INFO  Adding construction Typical Insulated Metal Door R-2.0 336.
INFO  Adding construction Typical Overhead Door R-2.0 471.
INFO  Adding construction set: 90.1-2013-ASHRAE 169-2013-6A-TallBuilding--is_residentialNo
INFO  Adding construction Typical Insulated Exterior Mass Floor R-19.61 84.
INFO  Adding construction Typical Insulated Steel Framed Exterior Wall R-20.41 58.
INFO  Adding construction Typical IEAD Roof R-31.25 206.
INFO  Adding construction Typical Insulated Metal Door R-2.0 337.
INFO  Adding construction Typical Overhead Door R-2.0 472.
INFO  Adding construction set: 90.1-2013-ASHRAE 169-2013-6B-TallBuilding--is_residentialNo
INFO  Adding construction Typical Insulated Exterior Mass Floor R-19.61 85.
INFO  Adding construction Typical Insulated Steel Framed Exterior Wall R-20.41 59.
INFO  Adding construction Typical IEAD Roof R-31.25 207.
INFO  Adding construction Typical Insulated Metal Door R-2.0 338.
INFO  Adding construction Typical Overhead Door R-2.0 473.
INFO  Adding construction set: 90.1-2013-ASHRAE 169-2013-7A-TallBuilding--is_residentialNo
INFO  Adding construction Typical Insulated Exterior Mass Floor R-23.81 54.
INFO  Adding construction Typical Insulated Steel Framed Exterior Wall R-20.41 60.
INFO  Adding construction Typical IEAD Roof R-35.71 100.
INFO  Adding construction Typical Insulated Metal Door R-2.0 339.
INFO  Adding construction Typical Overhead Door R-2.0 474.
INFO  Adding construction set: 90.1-2013-ASHRAE 169-2013-7B-TallBuilding--is_residentialNo
INFO  Adding construction Typical Insulated Exterior Mass Floor R-23.81 55.
INFO  Adding construction Typical Insulated Steel Framed Exterior Wall R-20.41 61.
INFO  Adding construction Typical IEAD Roof R-35.71 101.
INFO  Adding construction Typical Insulated Metal Door R-2.0 340.
INFO  Adding construction Typical Overhead Door R-2.0 475.
INFO  Adding construction set: 90.1-2013-ASHRAE 169-2013-8A-TallBuilding--is_residentialNo
INFO  Adding construction Typical Insulated Exterior Mass Floor R-26.32 54.
INFO  Adding construction Typical Insulated Steel Framed Exterior Wall R-27.03 32.
INFO  Adding construction Typical IEAD Roof R-35.71 102.
INFO  Adding construction Typical Insulated Metal Door R-2.0 341.
INFO  Adding construction Typical Overhead Door R-2.0 476.
INFO  Adding construction set: 90.1-2013-ASHRAE 169-2013-8B-TallBuilding--is_residentialNo
INFO  Adding construction Typical Insulated Exterior Mass Floor R-26.32 55.
INFO  Adding construction Typical Insulated Steel Framed Exterior Wall R-27.03 33.
INFO  Adding construction Typical IEAD Roof R-35.71 103.
INFO  Adding construction Typical Insulated Metal Door R-2.0 342.
INFO  Adding construction Typical Overhead Door R-2.0 477.
INFO  Adding construction set: 90.1-2013-ASHRAE 169-2013-1A-Warehouse-Bulk-is_residentialNo
INFO  Adding construction Typical Insulated Exterior Mass Floor R-3.11 56.
INFO  Adding construction Typical Insulated Metal Building Wall R-2.84.
INFO  Adding construction Typical Insulated Metal Building Roof R-8.7.
INFO  Adding construction Typical Insulated Metal Door R-1.43 189.
INFO  Adding construction Typical Overhead Door R-0.86 54.
INFO  Adding construction set: 90.1-2013-ASHRAE 169-2013-1B-Warehouse-Bulk-is_residentialNo
INFO  Adding construction Typical Insulated Exterior Mass Floor R-3.11 57.
INFO  Adding construction Typical Insulated Metal Building Wall R-2.84 1.
INFO  Adding construction Typical Insulated Metal Building Roof R-8.7 1.
INFO  Adding construction Typical Insulated Metal Door R-1.43 190.
INFO  Adding construction Typical Overhead Door R-0.86 55.
INFO  Adding construction set: 90.1-2013-ASHRAE 169-2013-2A-Warehouse-Bulk-is_residentialNo
INFO  Adding construction Typical Insulated Exterior Mass Floor R-9.35 46.
INFO  Adding construction Typical Insulated Metal Building Wall R-6.17.
INFO  Adding construction Typical Insulated Metal Building Roof R-10.42.
INFO  Adding construction Typical Insulated Metal Door R-1.43 191.
INFO  Adding construction Typical Overhead Door R-0.86 56.
INFO  Adding construction set: 90.1-2013-ASHRAE 169-2013-2B-Warehouse-Bulk-is_residentialNo
INFO  Adding construction Typical Insulated Exterior Mass Floor R-9.35 47.
INFO  Adding construction Typical Insulated Metal Building Wall R-6.17 1.
INFO  Adding construction Typical Insulated Metal Building Roof R-10.42 1.
INFO  Adding construction Typical Insulated Metal Door R-1.43 192.
INFO  Adding construction Typical Overhead Door R-0.86 57.
INFO  Adding construction set: 90.1-2013-ASHRAE 169-2013-3A-Warehouse-Bulk-is_residentialNo
INFO  Adding construction Typical Insulated Exterior Mass Floor R-13.51 84.
INFO  Adding construction Typical Insulated Metal Building Wall R-6.17 2.
INFO  Adding construction Typical Insulated Metal Building Roof R-10.42 2.
INFO  Adding construction Typical Insulated Metal Door R-1.43 193.
INFO  Adding construction Typical Overhead Door R-0.86 58.
INFO  Adding construction set: 90.1-2013-ASHRAE 169-2013-3B-Warehouse-Bulk-is_residentialNo
INFO  Adding construction Typical Insulated Exterior Mass Floor R-13.51 85.
INFO  Adding construction Typical Insulated Metal Building Wall R-6.17 3.
INFO  Adding construction Typical Insulated Metal Building Roof R-10.42 3.
INFO  Adding construction Typical Insulated Metal Door R-1.43 194.
INFO  Adding construction Typical Overhead Door R-0.86 59.
INFO  Adding construction set: 90.1-2013-ASHRAE 169-2013-3C-Warehouse-Bulk-is_residentialNo
INFO  Adding construction Typical Insulated Exterior Mass Floor R-13.51 86.
INFO  Adding construction Typical Insulated Metal Building Wall R-6.17 4.
INFO  Adding construction Typical Insulated Metal Building Roof R-10.42 4.
INFO  Adding construction Typical Insulated Metal Door R-1.43 195.
INFO  Adding construction Typical Overhead Door R-0.86 60.
INFO  Adding construction set: 90.1-2013-ASHRAE 169-2013-4A-Warehouse-Bulk-is_residentialNo
INFO  Adding construction Typical Insulated Exterior Mass Floor R-17.54 138.
INFO  Adding construction Typical Insulated Metal Building Wall R-6.17 5.
INFO  Adding construction Typical Insulated Metal Building Roof R-12.2.
INFO  Adding construction Typical Insulated Metal Door R-1.43 196.
INFO  Adding construction Typical Overhead Door R-0.86 61.
INFO  Adding construction set: 90.1-2013-ASHRAE 169-2013-4B-Warehouse-Bulk-is_residentialNo
INFO  Adding construction Typical Insulated Exterior Mass Floor R-17.54 139.
INFO  Adding construction Typical Insulated Metal Building Wall R-6.17 6.
INFO  Adding construction Typical Insulated Metal Building Roof R-12.2 1.
INFO  Adding construction Typical Insulated Metal Door R-1.43 197.
INFO  Adding construction Typical Overhead Door R-0.86 62.
INFO  Adding construction set: 90.1-2013-ASHRAE 169-2013-4C-Warehouse-Bulk-is_residentialNo
INFO  Adding construction Typical Insulated Exterior Mass Floor R-17.54 140.
INFO  Adding construction Typical Insulated Metal Building Wall R-6.17 7.
INFO  Adding construction Typical Insulated Metal Building Roof R-12.2 2.
INFO  Adding construction Typical Insulated Metal Door R-1.43 198.
INFO  Adding construction Typical Overhead Door R-0.86 63.
INFO  Adding construction set: 90.1-2013-ASHRAE 169-2013-5A-Warehouse-Bulk-is_residentialNo
INFO  Adding construction Typical Insulated Exterior Mass Floor R-17.54 141.
INFO  Adding construction Typical Insulated Metal Building Wall R-10.64.
INFO  Adding construction Typical Insulated Metal Building Roof R-12.2 3.
INFO  Adding construction Typical Insulated Metal Door R-1.43 199.
INFO  Adding construction Typical Overhead Door R-0.86 64.
INFO  Adding construction set: 90.1-2013-ASHRAE 169-2013-5B-Warehouse-Bulk-is_residentialNo
INFO  Adding construction Typical Insulated Exterior Mass Floor R-17.54 142.
INFO  Adding construction Typical Insulated Metal Building Wall R-10.64 1.
INFO  Adding construction Typical Insulated Metal Building Roof R-12.2 4.
INFO  Adding construction Typical Insulated Metal Door R-1.43 200.
INFO  Adding construction Typical Overhead Door R-0.86 65.
INFO  Adding construction set: 90.1-2013-ASHRAE 169-2013-5C-Warehouse-Bulk-is_residentialNo
INFO  Adding construction Typical Insulated Exterior Mass Floor R-17.54 143.
INFO  Adding construction Typical Insulated Metal Building Wall R-10.64 2.
INFO  Adding construction Typical Insulated Metal Building Roof R-12.2 5.
INFO  Adding construction Typical Insulated Metal Door R-1.43 201.
INFO  Adding construction Typical Overhead Door R-0.86 66.
INFO  Adding construction set: 90.1-2013-ASHRAE 169-2013-6A-Warehouse-Bulk-is_residentialNo
INFO  Adding construction Typical Insulated Exterior Mass Floor R-19.61 86.
INFO  Adding construction Typical Insulated Metal Building Wall R-10.64 3.
INFO  Adding construction Typical Insulated Metal Building Roof R-16.67.
INFO  Adding construction Typical Insulated Metal Door R-1.43 202.
INFO  Adding construction Typical Overhead Door R-2.0 478.
INFO  Adding construction set: 90.1-2013-ASHRAE 169-2013-6B-Warehouse-Bulk-is_residentialNo
INFO  Adding construction Typical Insulated Exterior Mass Floor R-19.61 87.
INFO  Adding construction Typical Insulated Metal Building Wall R-10.64 4.
INFO  Adding construction Typical Insulated Metal Building Roof R-16.67 1.
INFO  Adding construction Typical Insulated Metal Door R-1.43 203.
INFO  Adding construction Typical Overhead Door R-2.0 479.
INFO  Adding construction set: 90.1-2013-ASHRAE 169-2013-7A-Warehouse-Bulk-is_residentialNo
INFO  Adding construction Typical Insulated Exterior Mass Floor R-23.81 56.
INFO  Adding construction Typical Insulated Metal Building Wall R-13.89.
INFO  Adding construction Typical Insulated Metal Building Roof R-27.03.
INFO  Adding construction Typical Insulated Metal Door R-1.43 204.
INFO  Adding construction Typical Overhead Door R-2.0 480.
INFO  Adding construction set: 90.1-2013-ASHRAE 169-2013-7B-Warehouse-Bulk-is_residentialNo
INFO  Adding construction Typical Insulated Exterior Mass Floor R-23.81 57.
INFO  Adding construction Typical Insulated Metal Building Wall R-13.89 1.
INFO  Adding construction Typical Insulated Metal Building Roof R-27.03 1.
INFO  Adding construction Typical Insulated Metal Door R-1.43 205.
INFO  Adding construction Typical Overhead Door R-2.0 481.
INFO  Adding construction set: 90.1-2013-ASHRAE 169-2013-8A-Warehouse-Bulk-is_residentialNo
INFO  Adding construction Typical Insulated Exterior Mass Floor R-26.32 56.
INFO  Adding construction Typical Insulated Metal Building Wall R-16.67.
INFO  Adding construction Typical Insulated Metal Building Roof R-27.03 2.
INFO  Adding construction Typical Insulated Metal Door R-2.0 343.
INFO  Adding construction Typical Overhead Door R-2.0 482.
INFO  Adding construction set: 90.1-2013-ASHRAE 169-2013-8B-Warehouse-Bulk-is_residentialNo
INFO  Adding construction Typical Insulated Exterior Mass Floor R-26.32 57.
INFO  Adding construction Typical Insulated Metal Building Wall R-16.67 1.
INFO  Adding construction Typical Insulated Metal Building Roof R-27.03 3.
INFO  Adding construction Typical Insulated Metal Door R-2.0 344.
INFO  Adding construction Typical Overhead Door R-2.0 483.
INFO  Adding construction set: 90.1-2013-ASHRAE 169-2013-1A-Warehouse-Fine-is_residentialNo
INFO  Adding construction Typical Insulated Exterior Mass Floor R-3.11 58.
INFO  Adding construction Typical Insulated Metal Building Wall R-10.64 5.
INFO  Adding construction Typical Insulated Metal Building Roof - Highly Reflective R-24.39.
INFO  Adding construction Typical Insulated Metal Door R-1.43 206.
INFO  Adding construction Typical Overhead Door R-0.86 67.
INFO  Adding construction set: 90.1-2013-ASHRAE 169-2013-1B-Warehouse-Fine-is_residentialNo
INFO  Adding construction Typical Insulated Exterior Mass Floor R-3.11 59.
INFO  Adding construction Typical Insulated Metal Building Wall R-10.64 6.
INFO  Adding construction Typical Insulated Metal Building Roof - Highly Reflective R-24.39 1.
INFO  Adding construction Typical Insulated Metal Door R-1.43 207.
INFO  Adding construction Typical Overhead Door R-0.86 68.
INFO  Adding construction set: 90.1-2013-ASHRAE 169-2013-2A-Warehouse-Fine-is_residentialNo
INFO  Adding construction Typical Insulated Exterior Mass Floor R-9.35 48.
INFO  Adding construction Typical Insulated Metal Building Wall R-10.64 7.
INFO  Adding construction Typical Insulated Metal Building Roof R-24.39.
INFO  Adding construction Typical Insulated Metal Door R-1.43 208.
INFO  Adding construction Typical Overhead Door R-0.86 69.
INFO  Adding construction set: 90.1-2013-ASHRAE 169-2013-2B-Warehouse-Fine-is_residentialNo
INFO  Adding construction Typical Insulated Exterior Mass Floor R-9.35 49.
INFO  Adding construction Typical Insulated Metal Building Wall R-10.64 8.
INFO  Adding construction Typical Insulated Metal Building Roof R-24.39 1.
INFO  Adding construction Typical Insulated Metal Door R-1.43 209.
INFO  Adding construction Typical Overhead Door R-0.86 70.
INFO  Adding construction set: 90.1-2013-ASHRAE 169-2013-3A-Warehouse-Fine-is_residentialNo
INFO  Adding construction Typical Insulated Exterior Mass Floor R-13.51 87.
INFO  Adding construction Typical Insulated Metal Building Wall R-10.64 9.
INFO  Adding construction Typical Insulated Metal Building Roof R-24.39 2.
INFO  Adding construction Typical Insulated Metal Door R-1.43 210.
INFO  Adding construction Typical Overhead Door R-0.86 71.
INFO  Adding construction set: 90.1-2013-ASHRAE 169-2013-3B-Warehouse-Fine-is_residentialNo
INFO  Adding construction Typical Insulated Exterior Mass Floor R-13.51 88.
INFO  Adding construction Typical Insulated Metal Building Wall R-10.64 10.
INFO  Adding construction Typical Insulated Metal Building Roof R-24.39 3.
INFO  Adding construction Typical Insulated Metal Door R-1.43 211.
INFO  Adding construction Typical Overhead Door R-0.86 72.
INFO  Adding construction set: 90.1-2013-ASHRAE 169-2013-3C-Warehouse-Fine-is_residentialNo
INFO  Adding construction Typical Insulated Exterior Mass Floor R-13.51 89.
INFO  Adding construction Typical Insulated Metal Building Wall R-10.64 11.
INFO  Adding construction Typical Insulated Metal Building Roof R-24.39 4.
INFO  Adding construction Typical Insulated Metal Door R-1.43 212.
INFO  Adding construction Typical Overhead Door R-0.86 73.
INFO  Adding construction set: 90.1-2013-ASHRAE 169-2013-4A-Warehouse-Fine-is_residentialNo
INFO  Adding construction Typical Insulated Exterior Mass Floor R-17.54 144.
INFO  Adding construction Typical Insulated Metal Building Wall R-16.67 2.
INFO  Adding construction Typical Insulated Metal Building Roof R-27.03 4.
INFO  Adding construction Typical Insulated Metal Door R-1.43 213.
INFO  Adding construction Typical Overhead Door R-0.86 74.
INFO  Adding construction set: 90.1-2013-ASHRAE 169-2013-4B-Warehouse-Fine-is_residentialNo
INFO  Adding construction Typical Insulated Exterior Mass Floor R-17.54 145.
INFO  Adding construction Typical Insulated Metal Building Wall R-16.67 3.
INFO  Adding construction Typical Insulated Metal Building Roof R-27.03 5.
INFO  Adding construction Typical Insulated Metal Door R-1.43 214.
INFO  Adding construction Typical Overhead Door R-0.86 75.
INFO  Adding construction set: 90.1-2013-ASHRAE 169-2013-4C-Warehouse-Fine-is_residentialNo
INFO  Adding construction Typical Insulated Exterior Mass Floor R-17.54 146.
INFO  Adding construction Typical Insulated Metal Building Wall R-16.67 4.
INFO  Adding construction Typical Insulated Metal Building Roof R-27.03 6.
INFO  Adding construction Typical Insulated Metal Door R-1.43 215.
INFO  Adding construction Typical Overhead Door R-0.86 76.
INFO  Adding construction set: 90.1-2013-ASHRAE 169-2013-5A-Warehouse-Fine-is_residentialNo
INFO  Adding construction Typical Insulated Exterior Mass Floor R-17.54 147.
INFO  Adding construction Typical Insulated Metal Building Wall R-20.0.
INFO  Adding construction Typical Insulated Metal Building Roof R-27.03 7.
INFO  Adding construction Typical Insulated Metal Door R-1.43 216.
INFO  Adding construction Typical Overhead Door R-0.86 77.
INFO  Adding construction set: 90.1-2013-ASHRAE 169-2013-5B-Warehouse-Fine-is_residentialNo
INFO  Adding construction Typical Insulated Exterior Mass Floor R-17.54 148.
INFO  Adding construction Typical Insulated Metal Building Wall R-20.0 1.
INFO  Adding construction Typical Insulated Metal Building Roof R-27.03 8.
INFO  Adding construction Typical Insulated Metal Door R-1.43 217.
INFO  Adding construction Typical Overhead Door R-0.86 78.
INFO  Adding construction set: 90.1-2013-ASHRAE 169-2013-5C-Warehouse-Fine-is_residentialNo
INFO  Adding construction Typical Insulated Exterior Mass Floor R-17.54 149.
INFO  Adding construction Typical Insulated Metal Building Wall R-20.0 2.
INFO  Adding construction Typical Insulated Metal Building Roof R-27.03 9.
INFO  Adding construction Typical Insulated Metal Door R-1.43 218.
INFO  Adding construction Typical Overhead Door R-0.86 79.
INFO  Adding construction set: 90.1-2013-ASHRAE 169-2013-6A-Warehouse-Fine-is_residentialNo
INFO  Adding construction Typical Insulated Exterior Mass Floor R-19.61 88.
INFO  Adding construction Typical Insulated Metal Building Wall R-20.0 3.
INFO  Adding construction Typical Insulated Metal Building Roof R-32.26.
INFO  Adding construction Typical Insulated Metal Door R-1.43 219.
INFO  Adding construction Typical Overhead Door R-2.0 484.
INFO  Adding construction set: 90.1-2013-ASHRAE 169-2013-6B-Warehouse-Fine-is_residentialNo
INFO  Adding construction Typical Insulated Exterior Mass Floor R-19.61 89.
INFO  Adding construction Typical Insulated Metal Building Wall R-20.0 4.
INFO  Adding construction Typical Insulated Metal Building Roof R-32.26 1.
INFO  Adding construction Typical Insulated Metal Door R-1.43 220.
INFO  Adding construction Typical Overhead Door R-2.0 485.
INFO  Adding construction set: 90.1-2013-ASHRAE 169-2013-7A-Warehouse-Fine-is_residentialNo
INFO  Adding construction Typical Insulated Exterior Mass Floor R-23.81 58.
INFO  Adding construction Typical Insulated Metal Building Wall R-22.73.
INFO  Adding construction Typical Insulated Metal Building Roof R-34.48.
INFO  Adding construction Typical Insulated Metal Door R-1.43 221.
INFO  Adding construction Typical Overhead Door R-2.0 486.
INFO  Adding construction set: 90.1-2013-ASHRAE 169-2013-7B-Warehouse-Fine-is_residentialNo
INFO  Adding construction Typical Insulated Exterior Mass Floor R-23.81 59.
INFO  Adding construction Typical Insulated Metal Building Wall R-22.73 1.
INFO  Adding construction Typical Insulated Metal Building Roof R-34.48 1.
INFO  Adding construction Typical Insulated Metal Door R-1.43 222.
INFO  Adding construction Typical Overhead Door R-2.0 487.
INFO  Adding construction set: 90.1-2013-ASHRAE 169-2013-8A-Warehouse-Fine-is_residentialNo
INFO  Adding construction Typical Insulated Exterior Mass Floor R-26.32 58.
INFO  Adding construction Typical Insulated Metal Building Wall R-25.64.
INFO  Adding construction Typical Insulated Metal Building Roof R-38.46.
INFO  Adding construction Typical Insulated Metal Door R-2.0 345.
INFO  Adding construction Typical Overhead Door R-2.0 488.
INFO  Adding construction set: 90.1-2013-ASHRAE 169-2013-8B-Warehouse-Fine-is_residentialNo
INFO  Adding construction Typical Insulated Exterior Mass Floor R-26.32 59.
INFO  Adding construction Typical Insulated Metal Building Wall R-25.64 1.
INFO  Adding construction Typical Insulated Metal Building Roof R-38.46 1.
INFO  Adding construction Typical Insulated Metal Door R-2.0 346.
INFO  Adding construction Typical Overhead Door R-2.0 489.
INFO  Adding construction set: 90.1-2013-ASHRAE 169-2013-1A-Warehouse-Office-is_residentialNo
INFO  Adding construction Typical Insulated Exterior Mass Floor R-3.11 60.
INFO  Adding construction Typical Insulated Metal Building Wall R-10.64 12.
INFO  Adding construction Typical Insulated Metal Building Roof - Highly Reflective R-24.39 2.
INFO  Adding construction Typical Insulated Metal Door R-1.43 223.
INFO  Adding construction Typical Overhead Door R-0.86 80.
INFO  Adding construction set: 90.1-2013-ASHRAE 169-2013-1B-Warehouse-Office-is_residentialNo
INFO  Adding construction Typical Insulated Exterior Mass Floor R-3.11 61.
INFO  Adding construction Typical Insulated Metal Building Wall R-10.64 13.
INFO  Adding construction Typical Insulated Metal Building Roof - Highly Reflective R-24.39 3.
INFO  Adding construction Typical Insulated Metal Door R-1.43 224.
INFO  Adding construction Typical Overhead Door R-0.86 81.
INFO  Adding construction set: 90.1-2013-ASHRAE 169-2013-2A-Warehouse-Office-is_residentialNo
INFO  Adding construction Typical Insulated Exterior Mass Floor R-9.35 50.
INFO  Adding construction Typical Insulated Metal Building Wall R-10.64 14.
INFO  Adding construction Typical Insulated Metal Building Roof R-24.39 5.
INFO  Adding construction Typical Insulated Metal Door R-1.43 225.
INFO  Adding construction Typical Overhead Door R-0.86 82.
INFO  Adding construction set: 90.1-2013-ASHRAE 169-2013-2B-Warehouse-Office-is_residentialNo
INFO  Adding construction Typical Insulated Exterior Mass Floor R-9.35 51.
INFO  Adding construction Typical Insulated Metal Building Wall R-10.64 15.
INFO  Adding construction Typical Insulated Metal Building Roof R-24.39 6.
INFO  Adding construction Typical Insulated Metal Door R-1.43 226.
INFO  Adding construction Typical Overhead Door R-0.86 83.
INFO  Adding construction set: 90.1-2013-ASHRAE 169-2013-3A-Warehouse-Office-is_residentialNo
INFO  Adding construction Typical Insulated Exterior Mass Floor R-13.51 90.
INFO  Adding construction Typical Insulated Metal Building Wall R-10.64 16.
INFO  Adding construction Typical Insulated Metal Building Roof R-24.39 7.
INFO  Adding construction Typical Insulated Metal Door R-1.43 227.
INFO  Adding construction Typical Overhead Door R-0.86 84.
INFO  Adding construction set: 90.1-2013-ASHRAE 169-2013-3B-Warehouse-Office-is_residentialNo
INFO  Adding construction Typical Insulated Exterior Mass Floor R-13.51 91.
INFO  Adding construction Typical Insulated Metal Building Wall R-10.64 17.
INFO  Adding construction Typical Insulated Metal Building Roof R-24.39 8.
INFO  Adding construction Typical Insulated Metal Door R-1.43 228.
INFO  Adding construction Typical Overhead Door R-0.86 85.
INFO  Adding construction set: 90.1-2013-ASHRAE 169-2013-3C-Warehouse-Office-is_residentialNo
INFO  Adding construction Typical Insulated Exterior Mass Floor R-13.51 92.
INFO  Adding construction Typical Insulated Metal Building Wall R-10.64 18.
INFO  Adding construction Typical Insulated Metal Building Roof R-24.39 9.
INFO  Adding construction Typical Insulated Metal Door R-1.43 229.
INFO  Adding construction Typical Overhead Door R-0.86 86.
INFO  Adding construction set: 90.1-2013-ASHRAE 169-2013-4A-Warehouse-Office-is_residentialNo
INFO  Adding construction Typical Insulated Exterior Mass Floor R-17.54 150.
INFO  Adding construction Typical Insulated Metal Building Wall R-16.67 5.
INFO  Adding construction Typical Insulated Metal Building Roof R-27.03 10.
INFO  Adding construction Typical Insulated Metal Door R-1.43 230.
INFO  Adding construction Typical Overhead Door R-0.86 87.
INFO  Adding construction set: 90.1-2013-ASHRAE 169-2013-4B-Warehouse-Office-is_residentialNo
INFO  Adding construction Typical Insulated Exterior Mass Floor R-17.54 151.
INFO  Adding construction Typical Insulated Metal Building Wall R-16.67 6.
INFO  Adding construction Typical Insulated Metal Building Roof R-27.03 11.
INFO  Adding construction Typical Insulated Metal Door R-1.43 231.
INFO  Adding construction Typical Overhead Door R-0.86 88.
INFO  Adding construction set: 90.1-2013-ASHRAE 169-2013-4C-Warehouse-Office-is_residentialNo
INFO  Adding construction Typical Insulated Exterior Mass Floor R-17.54 152.
INFO  Adding construction Typical Insulated Metal Building Wall R-16.67 7.
INFO  Adding construction Typical Insulated Metal Building Roof R-27.03 12.
INFO  Adding construction Typical Insulated Metal Door R-1.43 232.
INFO  Adding construction Typical Overhead Door R-0.86 89.
INFO  Adding construction set: 90.1-2013-ASHRAE 169-2013-5A-Warehouse-Office-is_residentialNo
INFO  Adding construction Typical Insulated Exterior Mass Floor R-17.54 153.
INFO  Adding construction Typical Insulated Metal Building Wall R-20.0 5.
INFO  Adding construction Typical Insulated Metal Building Roof R-27.03 13.
INFO  Adding construction Typical Insulated Metal Door R-1.43 233.
INFO  Adding construction Typical Overhead Door R-0.86 90.
INFO  Adding construction set: 90.1-2013-ASHRAE 169-2013-5B-Warehouse-Office-is_residentialNo
INFO  Adding construction Typical Insulated Exterior Mass Floor R-17.54 154.
INFO  Adding construction Typical Insulated Metal Building Wall R-20.0 6.
INFO  Adding construction Typical Insulated Metal Building Roof R-27.03 14.
INFO  Adding construction Typical Insulated Metal Door R-1.43 234.
INFO  Adding construction Typical Overhead Door R-0.86 91.
INFO  Adding construction set: 90.1-2013-ASHRAE 169-2013-5C-Warehouse-Office-is_residentialNo
INFO  Adding construction Typical Insulated Exterior Mass Floor R-17.54 155.
INFO  Adding construction Typical Insulated Metal Building Wall R-20.0 7.
INFO  Adding construction Typical Insulated Metal Building Roof R-27.03 15.
INFO  Adding construction Typical Insulated Metal Door R-1.43 235.
INFO  Adding construction Typical Overhead Door R-0.86 92.
INFO  Adding construction set: 90.1-2013-ASHRAE 169-2013-6A-Warehouse-Office-is_residentialNo
INFO  Adding construction Typical Insulated Exterior Mass Floor R-19.61 90.
INFO  Adding construction Typical Insulated Metal Building Wall R-20.0 8.
INFO  Adding construction Typical Insulated Metal Building Roof R-32.26 2.
INFO  Adding construction Typical Insulated Metal Door R-1.43 236.
INFO  Adding construction Typical Overhead Door R-2.0 490.
INFO  Adding construction set: 90.1-2013-ASHRAE 169-2013-6B-Warehouse-Office-is_residentialNo
INFO  Adding construction Typical Insulated Exterior Mass Floor R-19.61 91.
INFO  Adding construction Typical Insulated Metal Building Wall R-20.0 9.
INFO  Adding construction Typical Insulated Metal Building Roof R-32.26 3.
INFO  Adding construction Typical Insulated Metal Door R-1.43 237.
INFO  Adding construction Typical Overhead Door R-2.0 491.
INFO  Adding construction set: 90.1-2013-ASHRAE 169-2013-7A-Warehouse-Office-is_residentialNo
INFO  Adding construction Typical Insulated Exterior Mass Floor R-23.81 60.
INFO  Adding construction Typical Insulated Metal Building Wall R-22.73 2.
INFO  Adding construction Typical Insulated Metal Building Roof R-34.48 2.
INFO  Adding construction Typical Insulated Metal Door R-1.43 238.
INFO  Adding construction Typical Overhead Door R-2.0 492.
INFO  Adding construction set: 90.1-2013-ASHRAE 169-2013-7B-Warehouse-Office-is_residentialNo
INFO  Adding construction Typical Insulated Exterior Mass Floor R-23.81 61.
INFO  Adding construction Typical Insulated Metal Building Wall R-22.73 3.
INFO  Adding construction Typical Insulated Metal Building Roof R-34.48 3.
INFO  Adding construction Typical Insulated Metal Door R-1.43 239.
INFO  Adding construction Typical Overhead Door R-2.0 493.
INFO  Adding construction set: 90.1-2013-ASHRAE 169-2013-8A-Warehouse-Office-is_residentialNo
INFO  Adding construction Typical Insulated Exterior Mass Floor R-26.32 60.
INFO  Adding construction Typical Insulated Metal Building Wall R-25.64 2.
INFO  Adding construction Typical Insulated Metal Building Roof R-38.46 2.
INFO  Adding construction Typical Insulated Metal Door R-2.0 347.
INFO  Adding construction Typical Overhead Door R-2.0 494.
INFO  Adding construction set: 90.1-2013-ASHRAE 169-2013-8B-Warehouse-Office-is_residentialNo
INFO  Adding construction Typical Insulated Exterior Mass Floor R-26.32 61.
INFO  Adding construction Typical Insulated Metal Building Wall R-25.64 3.
INFO  Adding construction Typical Insulated Metal Building Roof R-38.46 3.
INFO  Adding construction Typical Insulated Metal Door R-2.0 348.
INFO  Adding construction Typical Overhead Door R-2.0 495.
INFO  Adding construction set: 90.1-2013-ASHRAE 169-2013-1A-Warehouse--is_residentialNo
INFO  Adding construction Typical Insulated Exterior Mass Floor R-3.11 62.
INFO  Adding construction Typical Insulated Metal Building Wall R-2.84 2.
INFO  Adding construction Typical Insulated Metal Building Roof R-8.7 2.
INFO  Adding construction Typical Insulated Metal Door R-1.43 240.
INFO  Adding construction Typical Overhead Door R-0.86 93.
INFO  Adding construction set: 90.1-2013-ASHRAE 169-2013-1B-Warehouse--is_residentialNo
INFO  Adding construction Typical Insulated Exterior Mass Floor R-3.11 63.
INFO  Adding construction Typical Insulated Metal Building Wall R-2.84 3.
INFO  Adding construction Typical Insulated Metal Building Roof R-8.7 3.
INFO  Adding construction Typical Insulated Metal Door R-1.43 241.
INFO  Adding construction Typical Overhead Door R-0.86 94.
INFO  Adding construction set: 90.1-2013-ASHRAE 169-2013-2A-Warehouse--is_residentialNo
INFO  Adding construction Typical Insulated Exterior Mass Floor R-9.35 52.
INFO  Adding construction Typical Insulated Metal Building Wall R-6.17 8.
INFO  Adding construction Typical Insulated Metal Building Roof R-10.42 5.
INFO  Adding construction Typical Insulated Metal Door R-1.43 242.
INFO  Adding construction Typical Overhead Door R-0.86 95.
INFO  Adding construction set: 90.1-2013-ASHRAE 169-2013-2B-Warehouse--is_residentialNo
INFO  Adding construction Typical Insulated Exterior Mass Floor R-9.35 53.
INFO  Adding construction Typical Insulated Metal Building Wall R-6.17 9.
INFO  Adding construction Typical Insulated Metal Building Roof R-10.42 6.
INFO  Adding construction Typical Insulated Metal Door R-1.43 243.
INFO  Adding construction Typical Overhead Door R-0.86 96.
INFO  Adding construction set: 90.1-2013-ASHRAE 169-2013-3A-Warehouse--is_residentialNo
INFO  Adding construction Typical Insulated Exterior Mass Floor R-13.51 93.
INFO  Adding construction Typical Insulated Metal Building Wall R-6.17 10.
INFO  Adding construction Typical Insulated Metal Building Roof R-10.42 7.
INFO  Adding construction Typical Insulated Metal Door R-1.43 244.
INFO  Adding construction Typical Overhead Door R-0.86 97.
INFO  Adding construction set: 90.1-2013-ASHRAE 169-2013-3B-Warehouse--is_residentialNo
INFO  Adding construction Typical Insulated Exterior Mass Floor R-13.51 94.
INFO  Adding construction Typical Insulated Metal Building Wall R-6.17 11.
INFO  Adding construction Typical Insulated Metal Building Roof R-10.42 8.
INFO  Adding construction Typical Insulated Metal Door R-1.43 245.
INFO  Adding construction Typical Overhead Door R-0.86 98.
INFO  Adding construction set: 90.1-2013-ASHRAE 169-2013-3C-Warehouse--is_residentialNo
INFO  Adding construction Typical Insulated Exterior Mass Floor R-13.51 95.
INFO  Adding construction Typical Insulated Metal Building Wall R-6.17 12.
INFO  Adding construction Typical Insulated Metal Building Roof R-10.42 9.
INFO  Adding construction Typical Insulated Metal Door R-1.43 246.
INFO  Adding construction Typical Overhead Door R-0.86 99.
INFO  Adding construction set: 90.1-2013-ASHRAE 169-2013-4A-Warehouse--is_residentialNo
INFO  Adding construction Typical Insulated Exterior Mass Floor R-17.54 156.
INFO  Adding construction Typical Insulated Metal Building Wall R-6.17 13.
INFO  Adding construction Typical Insulated Metal Building Roof R-12.2 6.
INFO  Adding construction Typical Insulated Metal Door R-1.43 247.
INFO  Adding construction Typical Overhead Door R-0.86 100.
INFO  Adding construction set: 90.1-2013-ASHRAE 169-2013-4B-Warehouse--is_residentialNo
INFO  Adding construction Typical Insulated Exterior Mass Floor R-17.54 157.
INFO  Adding construction Typical Insulated Metal Building Wall R-6.17 14.
INFO  Adding construction Typical Insulated Metal Building Roof R-12.2 7.
INFO  Adding construction Typical Insulated Metal Door R-1.43 248.
INFO  Adding construction Typical Overhead Door R-0.86 101.
INFO  Adding construction set: 90.1-2013-ASHRAE 169-2013-4C-Warehouse--is_residentialNo
INFO  Adding construction Typical Insulated Exterior Mass Floor R-17.54 158.
INFO  Adding construction Typical Insulated Metal Building Wall R-6.17 15.
INFO  Adding construction Typical Insulated Metal Building Roof R-12.2 8.
INFO  Adding construction Typical Insulated Metal Door R-1.43 249.
INFO  Adding construction Typical Overhead Door R-0.86 102.
INFO  Adding construction set: 90.1-2013-ASHRAE 169-2013-5A-Warehouse--is_residentialNo
INFO  Adding construction Typical Insulated Exterior Mass Floor R-17.54 159.
INFO  Adding construction Typical Insulated Metal Building Wall R-10.64 19.
INFO  Adding construction Typical Insulated Metal Building Roof R-12.2 9.
INFO  Adding construction Typical Insulated Metal Door R-1.43 250.
INFO  Adding construction Typical Overhead Door R-0.86 103.
INFO  Adding construction set: 90.1-2013-ASHRAE 169-2013-5B-Warehouse--is_residentialNo
INFO  Adding construction Typical Insulated Exterior Mass Floor R-17.54 160.
INFO  Adding construction Typical Insulated Metal Building Wall R-10.64 20.
INFO  Adding construction Typical Insulated Metal Building Roof R-12.2 10.
INFO  Adding construction Typical Insulated Metal Door R-1.43 251.
INFO  Adding construction Typical Overhead Door R-0.86 104.
INFO  Adding construction set: 90.1-2013-ASHRAE 169-2013-5C-Warehouse--is_residentialNo
INFO  Adding construction Typical Insulated Exterior Mass Floor R-17.54 161.
INFO  Adding construction Typical Insulated Metal Building Wall R-10.64 21.
INFO  Adding construction Typical Insulated Metal Building Roof R-12.2 11.
INFO  Adding construction Typical Insulated Metal Door R-1.43 252.
INFO  Adding construction Typical Overhead Door R-0.86 105.
INFO  Adding construction set: 90.1-2013-ASHRAE 169-2013-6A-Warehouse--is_residentialNo
INFO  Adding construction Typical Insulated Exterior Mass Floor R-19.61 92.
INFO  Adding construction Typical Insulated Metal Building Wall R-10.64 22.
INFO  Adding construction Typical Insulated Metal Building Roof R-16.67 2.
INFO  Adding construction Typical Insulated Metal Door R-1.43 253.
INFO  Adding construction Typical Overhead Door R-2.0 496.
INFO  Adding construction set: 90.1-2013-ASHRAE 169-2013-6B-Warehouse--is_residentialNo
INFO  Adding construction Typical Insulated Exterior Mass Floor R-19.61 93.
INFO  Adding construction Typical Insulated Metal Building Wall R-10.64 23.
INFO  Adding construction Typical Insulated Metal Building Roof R-16.67 3.
INFO  Adding construction Typical Insulated Metal Door R-1.43 254.
INFO  Adding construction Typical Overhead Door R-2.0 497.
INFO  Adding construction set: 90.1-2013-ASHRAE 169-2013-7A-Warehouse--is_residentialNo
INFO  Adding construction Typical Insulated Exterior Mass Floor R-23.81 62.
INFO  Adding construction Typical Insulated Metal Building Wall R-13.89 2.
INFO  Adding construction Typical Insulated Metal Building Roof R-27.03 16.
INFO  Adding construction Typical Insulated Metal Door R-1.43 255.
INFO  Adding construction Typical Overhead Door R-2.0 498.
INFO  Adding construction set: 90.1-2013-ASHRAE 169-2013-7B-Warehouse--is_residentialNo
INFO  Adding construction Typical Insulated Exterior Mass Floor R-23.81 63.
INFO  Adding construction Typical Insulated Metal Building Wall R-13.89 3.
INFO  Adding construction Typical Insulated Metal Building Roof R-27.03 17.
INFO  Adding construction Typical Insulated Metal Door R-1.43 256.
INFO  Adding construction Typical Overhead Door R-2.0 499.
INFO  Adding construction set: 90.1-2013-ASHRAE 169-2013-8A-Warehouse--is_residentialNo
INFO  Adding construction Typical Insulated Exterior Mass Floor R-26.32 62.
INFO  Adding construction Typical Insulated Metal Building Wall R-16.67 8.
INFO  Adding construction Typical Insulated Metal Building Roof R-27.03 18.
INFO  Adding construction Typical Insulated Metal Door R-2.0 349.
INFO  Adding construction Typical Overhead Door R-2.0 500.
INFO  Adding construction set: 90.1-2013-ASHRAE 169-2013-8B-Warehouse--is_residentialNo
INFO  Adding construction Typical Insulated Exterior Mass Floor R-26.32 63.
INFO  Adding construction Typical Insulated Metal Building Wall R-16.67 9.
INFO  Adding construction Typical Insulated Metal Building Roof R-27.03 19.
INFO  Adding construction Typical Insulated Metal Door R-2.0 350.
INFO  Adding construction Typical Overhead Door R-2.0 501.
