Context,English,Old ES,New ES,Old FR,New FR,ES Changed,FR Changed
CalendarSegmentItem,Double click to cut segment,Doble clic para cortar segmento,Hacer doble clic para cortar el segmento,Double-cliquez pour couper le segment,Double-cliquez pour découper le segment,Y,Y
InspectorDialog,Add new object,Agregar nuevo objeto,Agregar nuevo objeto,Ajouter un nouvel objet,Ajouter un nouvel objet,,
InspectorDialog,Copy selected object,Copiar objeto seleccionado,Copiar objeto seleccionado,Copier les objets sélectionnés,Copier l'objet sélectionné,,Y
InspectorDialog,OpenStudio Inspector,Inspector de OpenStudio,Inspector de OpenStudio,OpenStudio Inspector,Inspecteur OpenStudio,,Y
InspectorDialog,Remove selected objects,Remover objetos seleccionados,Eliminar objetos seleccionados,Supprimer les objets selectionnés,Supprimer les objets sélectionnés,Y,Y
InspectorGadget,Add/Remove Extensible Groups,Añadir/Remover Grupos Extendibles,Agregar/Eliminar Grupos Extensibles,Ajouter / Supprimer des groupes extensibles,Ajouter/Supprimer des groupes extensibles,Y,Y
InspectorGadget,Autocalculate,Auto Calcular,Calcular automáticamente,Autocalculé,Calcul automatique,Y,Y
InspectorGadget,Autosized,Auto Dimensionado,Tamaño automático,Auto dimensionné,Dimensionné automatiquement,Y,Y
InspectorGadget,Hard Sized,Dimensionamiento Fijo,Tamaño Fijo,Dimensionné manuellement,Dimensionné manuellement,Y,
LocationView,Import Design Days,Importar Días de Diseño,Importar Días de Diseño,Importer des jours de dimensionnement,Importer les jours de conception,,Y
ModelObjectSelectorDialog,Cancel,Cancelar,Cancelar,Annuler,Annuler,,
ModelObjectSelectorDialog,OK,OK,Aceptar,OK,OK,Y,
ModelObjectSelectorDialog,Select Model Object,Seleccional Objecto Modelo,Seleccionar Objeto del Modelo,Selectionner un Model Object,Sélectionner un objet du modèle,Y,Y
ScheduleOthersView,Schedule Compact,Horario compacto,Horario Compacto,Calendrier Compact,Calendrier Compact,Y,
ScheduleOthersView,Schedule Constant,Horario constante,Horario Constante,Calendrier Constant,Calendrier Constant,Y,
ScheduleOthersView,Schedule File,Archivo de horario,Archivo de Horario,Fichier d'horaire,Fichier de Calendrier,Y,Y
ScheduleTypeLimitItem,Schedule Type Limit,Límite de tipo de horario,Límite de Tipo de Programación,Limite du Type de Calendrier,Limite de Type de Calendrier,Y,Y
TaxonomyCategories,Cases and Walkins,Vitrinas y Cámaras,Vitrinas y Cámaras,Vitrines et Chambres froides,Vitrines et Chambres Froides,,Y
TaxonomyCategories,Characteristics,Características,Características,Caractéristiques,Caractéristiques,,
TaxonomyCategories,Compressors,Compresores,Compresores,Compresseurs,Compresseurs,,
TaxonomyCategories,Condensers,Condensadores,Condensadores,Condenseurs,Condenseurs,,
TaxonomyCategories,Construction Sets,Conjuntos de Construcción,Conjuntos de Construcción,Ensembles de construction,Ensembles de construction,,
TaxonomyCategories,Cooling,Enfriamiento,Refrigeración,Refroidissement,Refroidissement,Y,
TaxonomyCategories,Daylighting,Luz Natural,Iluminación natural,Éclairage naturel,Éclairage naturel,Y,
TaxonomyCategories,Distribution,Distribución,Distribución,Distribution,Distribution,,
TaxonomyCategories,Economics,Economía,Economía,Économie,Économie,,
TaxonomyCategories,Electric Equipment,Equipo Eléctrico,Equipo Eléctrico,Équipement Électrique,Équipements Électriques,,Y
TaxonomyCategories,Electric Lighting,Iluminación Eléctrica,Iluminación Eléctrica,Éclairage électrique,Éclairage électrique,,
TaxonomyCategories,Electric Lighting Controls,Controles de Iluminación Eléctrica,Controles de Iluminación Eléctrica,Contrôles d'éclairage électrique,Commandes d'éclairage électrique,,Y
TaxonomyCategories,Energy Recovery,Recuperación de Energía,Recuperación de Energía,Récupération d'énergie,Récupération d'énergie,,
TaxonomyCategories,Envelope,Envolvente,Envolvente,Enveloppe,Enveloppe,,
TaxonomyCategories,Equipment,Equipo,Equipos,Équipement,Équipements,Y,Y
TaxonomyCategories,Equipment Controls,Controles de Equipo,Controles de Equipos,Contrôles des équipements,Contrôles des équipements,Y,
TaxonomyCategories,Fenestration,Fenestración,Acristalamiento,Vitrages,Fenêtres,Y,Y
TaxonomyCategories,Form,Forma,Tipo,Formulaire,Forme,Y,Y
TaxonomyCategories,Gas Equipment,Equipo de Gas,Equipos de Gas,Équipement à gaz,Équipements à gaz,Y,Y
TaxonomyCategories,Heat Reclaim,Recuperación de Calor Residual,Recuperación de Calor,Récupération de chaleur,Récupération de chaleur,Y,
TaxonomyCategories,Heat Rejection,Rechazo de Calor,Rechazo de Calor,Rejet de chaleur,Rejet de chaleur,,
TaxonomyCategories,Heating,Calefacción,Calefacción,Chauffage,Chauffage,,
TaxonomyCategories,HVAC,HVAC,HVAC,HVAC,HVAC,,
TaxonomyCategories,HVAC Controls,Controles de HVAC,Controles HVAC,Contrôles HVAC,Contrôles HVAC,Y,
TaxonomyCategories,Infiltration,Infiltración,Infiltración,Infiltration,Infiltration,,
TaxonomyCategories,Life Cycle Cost Analysis,Análisis de Costo de Ciclo de Vida,Análisis de Costo del Ciclo de Vida,Analyse du coût du cycle de vie,Analyse du Coût du Cycle de Vie,Y,Y
TaxonomyCategories,Lighting Equipment,Equipo de Iluminación,Equipos de Iluminación,Équipement d'éclairage,Équipements d'éclairage,Y,Y
TaxonomyCategories,Measures,Medidas,Medidas,Mesures,Mesures,,
TaxonomyCategories,Onsite Power Generation,Generación de Energía en Sitio,Generación de Energía en el Sitio,Génération d'électricité sur site,Génération d'électricité sur site,Y,
TaxonomyCategories,Opaque,Opaco,Opaco,Opaque,Opaque,,
TaxonomyCategories,People,Personas,Personas,Personnes,Occupants,,Y
TaxonomyCategories,People Schedules,Horarios de Personas,Horarios de Ocupantes,Calendriers d'occupation,Calendriers d'Occupation,Y,Y
TaxonomyCategories,Photovoltaic,Fotovoltaico,Fotovoltaico,Photovoltaïque,Photovoltaïque,,
TaxonomyCategories,QAQC,QAQC,QAQC,QAQC,QAQC,,
TaxonomyCategories,Refrigeration,Refrigeración,Refrigeración,Réfrigération,Réfrigération,,
TaxonomyCategories,Refrigeration Controls,Controles de Refrigeración,Controles de Refrigeración,Commandes de Réfrigération,Contrôles de Réfrigération,,Y
TaxonomyCategories,Reporting,Informes,Informes,Rapports,Rapports,,
TaxonomyCategories,Service Water Heating,Calentamiento de Agua Sanitaria,Calentamiento de Agua de Servicio,Chauffage de l'Eau Chaude Sanitaire,Chauffage de l'eau de service,Y,Y
TaxonomyCategories,Space Types,Tipos de Espacio,Tipos de Espacios,Types d'espaces,Types d'espaces,Y,
TaxonomyCategories,Troubleshooting,Solución de Problemas,Solución de problemas,Dépannage,Dépannage,Y,
TaxonomyCategories,Ventilation,Ventilación,Ventilación,Ventilation,Ventilation,,
TaxonomyCategories,Water Heating,Calentamiento de Agua,Calentamiento de Agua,Chauffage de l'eau,Chauffage de l'eau,,
TaxonomyCategories,Water Use,Uso de Agua,Uso de Agua,Utilisation de l'eau,Utilisation de l'eau,,
TaxonomyCategories,Whole Building,Edificio Completo,Edificio Completo,Bâtiment complet,Bâtiment complet,,
TaxonomyCategories,Whole Building Schedules,Horarios del Edificio Completo,Calendarios del Edificio Completo,Calendriers du Bâtiment Entier,Calendriers de l'ensemble du bâtiment,Y,Y
TaxonomyCategories,Whole System,Sistema Completo,Sistema Completo,Système complet,Système complet,,
UtilityBillsView,Diesel Utility Bill,Factura de Servicios de Diésel,Factura de Servicios Diesel,Facture de carburant diesel,Facture de Consommation de Diesel,Y,Y
UtilityBillsView,District Cooling Utility Bill,Factura de Servicios de Enfriamiento Centralizado,Factura de Servicios de Refrigeración Centralizada,Facture de service de refroidissement urbain,Facture de Services de Refroidissement Urbain,Y,Y
UtilityBillsView,District Heating Utility Bill,Factura de Servicios de Calefacción por Red de Distribución,Factura de Servicios de Calefacción Centralizada,Facture de Chauffage Urbain,Facture de services de chauffage urbain,Y,Y
UtilityBillsView,Electric Utility Bill,Factura de Servicios Eléctricos,Factura de Servicios Eléctricos,Facture d'électricité,Facture d'électricité de l'entreprise de distribution,,Y
UtilityBillsView,Energy Transfer Utility Bill,Factura de Servicios de Transferencia de Energía,Factura de Servicios de Transferencia de Energía,Facture d'énergie transférée,Facture de service public de transfert énergétique,,Y
UtilityBillsView,Fuel Oil #1 Utility Bill,Factura de Servicios de Combustible Diesel #1,Factura de Servicios - Combustible #1,Facture de fioul domestique #1,Facture de service - Fioul domestique #1,Y,Y
UtilityBillsView,Fuel Oil #2 Utility Bill,Factura de Servicios de Combustible #2,Factura de Servicios de Combustible #2,Facture de fioul domestique n°2,Facture de Service Public - Fioul #2,,Y
UtilityBillsView,Gas Utility Bill,Factura de Servicios de Gas,Factura de Servicios de Gas,Facture de Gaz Naturel,Facture de gaz naturel,,Y
UtilityBillsView,Gasoline Utility Bill,Factura de Servicios de Gasolina,Factura de Servicios de Gasolina,Facture d'essence,Facture de Carburant,,Y
UtilityBillsView,Propane Utility Bill,Factura de Servicios de Propano,Factura de Servicios de Propano,Facture de services de Propane,Facture de Gaz Propane,,Y
UtilityBillsView,Steam Utility Bill,Factura de Servicio de Vapor,Factura de Servicios de Vapor,Facture de services de vapeur,Facture de Services Généraux – Vapeur,Y,Y
UtilityBillsView,Water Utility Bill,Factura de Servicio de Agua,Factura de Servicios de Agua,Facture d'eau,Facture d'eau,Y,
VCalendarSegmentItem,Double click to delete segment,Doble clic para eliminar segmento,Haz doble clic para eliminar el segmento,Double-cliquez pour supprimer le segment,Double cliquez pour supprimer le segment,Y,Y
openstudio::AirLoopHVACUnitaryHeatPumpAirToAirControlView,Control Zone,Zona de Control,Zona de Control,Zone de contrôle,Zone de contrôle,,
openstudio::AirLoopHVACUnitaryHeatPumpAirToAirControlView,"Supply air temperature is managed by the ""AirLoopHVACUnitaryHeatPumpAirToAir"" component.","La temperatura del aire de suministro es gestionada por el componente ""AirLoopHVACUnitaryHeatPumpAirToAir"".","La temperatura del aire de suministro es controlada por el componente ""AirLoopHVACUnitaryHeatPumpAirToAir"".",La température de l'air soufflé est gérée par le composant « AirLoopHVACUnitaryHeatPumpAirToAir ».,La température de l'air soufflé est gérée par le composant « AirLoopHVACUnitaryHeatPumpAirToAir ».,Y,
openstudio::ApplyMeasureNowDialog,Accept Changes,Aceptar cambios,Aceptar cambios,Accepter les modifications,Accepter les modifications,,
openstudio::ApplyMeasureNowDialog,Advanced Output,Salida avanzada,Salida Avanzada,Sortie avancée,Sortie avancée,Y,
openstudio::ApplyMeasureNowDialog,Apply Measure,Aplicar medida,Aplicar Medida,Appliquer la mesure,Appliquer la Mesure,Y,Y
openstudio::ApplyMeasureNowDialog,Apply Measure Now,Aplicar medida ahora,Aplicar Medida Ahora,Appliquer la mesure maintenant,Appliquer la Mesure maintenant,Y,Y
openstudio::ApplyMeasureNowDialog,Measure Output,Resultado de la medida,Salida de Medida,Résultat de la mesure,Résultats de la Mesure,Y,Y
openstudio::ApplyMeasureNowDialog,No advanced output.,Sin salida avanzada.,Sin salida avanzada.,Pas de sortie avancée.,Pas de sortie avancée.,,
openstudio::ApplyMeasureNowDialog,Running Measure,Ejecutando medida,Ejecutando Medida,Mesure en cours,Exécution de la mesure,Y,Y
openstudio::BuildingComponentDialog,Categories,Categorías,Categorías,Catégories,Catégories,,
openstudio::BuildingComponentDialog,Click to add a search term to the selected category,Haga clic para agregar un término de búsqueda a la categoría seleccionada,Haga clic para añadir un término de búsqueda a la categoría seleccionada,Cliquez pour ajouter un terme de recherche à la catégorie sélectionnée,Cliquez pour ajouter un terme de recherche à la catégorie sélectionnée,Y,
openstudio::BuildingComponentDialog,Local Library,Biblioteca local,Biblioteca Local,Bibliothèque locale,Bibliothèque Locale,Y,Y
openstudio::BuildingComponentDialog,Online BCL,BCL en Linea,BCL en línea,Online BCL,BCL en ligne,Y,Y
openstudio::BuildingComponentDialog,Searching BCL...,Buscando en BCL...,Buscando en BCL...,Recherche dans BCL...,Recherche dans la BCL en cours...,,Y
openstudio::BuildingComponentDialogCentralWidget,Check All,Seleccionar todo,Seleccionar Todo,Tout sélectionner,Cocher tout,Y,Y
openstudio::BuildingComponentDialogCentralWidget,Download,Descargar,Descargar,Télécharger,Télécharger,,
openstudio::BuildingComponentDialogCentralWidget,Sort by:,Ordenar por:,Ordenar por:,Trier par :,Trier par :,,
openstudio::BuildingInspectorView,CAD Object Id:,Id de Objeto CAD:,ID de Objeto CAD:,ID Objet CAO :,Identifiant d'objet CAO :,Y,Y
openstudio::BuildingInspectorView,Default Construction Set:,Conjunto de Construcción por Defecto:,Conjunto de Construcción Predeterminado:,Ensemble de construction par défaut :,Ensemble de constructions par défaut :,Y,Y
openstudio::BuildingInspectorView,Default Schedule Set:,Conjunto de Horarios por Defecto:,Conjunto de Horarios Predefinido:,Ensemble de calendriers par défaut :,Ensemble de plannings par défaut :,Y,Y
openstudio::BuildingInspectorView,Display Name:,Nombre de Visualización:,Nombre de Visualización:,Nom d'affichage :,Nom d'affichage :,,
openstudio::BuildingInspectorView,Measure Tags (Optional):,Etiquetas de Medida (Opcional):,Etiquetas de Medidas (Opcional):,Tags de Mesures (Optionnel) :,Étiquettes de Mesure (Optionnel) :,Y,Y
openstudio::BuildingInspectorView,Name:,Nombre:,Nombre:,Nom :,Nom :,,
openstudio::BuildingInspectorView,Nominal Floor to Ceiling Height:,Altura Nominal de Suelo a Techo:,Altura Nominal de Piso a Techo:,Hauteur nominale du sol au plafond :,Hauteur nominale sol-plafond :,Y,Y
openstudio::BuildingInspectorView,Nominal Floor to Floor Height:,Altura Nominal de Suelo a Suelo:,Altura Nominal entre Pisos:,Hauteur nominale entre étages :,Hauteur nominale étage à étage :,Y,Y
openstudio::BuildingInspectorView,North Axis:,Eje Norte:,Eje Norte:,Axe Nord :,Axe Nord :,,
openstudio::BuildingInspectorView,Relocatable:,Reubicable:,Reubicable:,Déplaçable :,Déplaçable :,,
openstudio::BuildingInspectorView,Space Type:,Tipo de Espacio:,Tipo de Espacio:,Type d'espace :,Type d'espace :,,
openstudio::BuildingInspectorView,Standards Building Type:,Tipo de Edificio según Normas:,Tipo de Edificio de Normas:,Type de bâtiment normalisé :,Type de bâtiment selon les normes :,Y,Y
openstudio::BuildingInspectorView,Standards Number of Above Ground Stories:,Número de Plantas sobre Rasante:,Estándares Número de Historias Sobre el Nivel del Terreno:,Nombre d'étages au-dessus du sol selon les normes :,Normes - Nombre d'étages au-dessus du sol :,Y,Y
openstudio::BuildingInspectorView,Standards Number of Living Units:,Número de Unidades Habitables:,Norma Número de Unidades de Vivienda:,Nombre d'unités d'habitation selon les normes :,Nombre de logements selon les normes :,Y,Y
openstudio::BuildingInspectorView,Standards Number of Stories:,Número de Plantas según Normas:,Número de Pisos de Normas:,Nombre d'étages selon les normes :,Nombre d'étages selon les normes :,Y,
openstudio::BuildingInspectorView,Standards Template:,Plantilla de Normas:,Plantilla de Estándares:,Modèle de normes :,Modèle de normes :,Y,
openstudio::Component,An update is available for this component,Hay una actualización disponible para este componente,Una actualización está disponible para este componente,Une mise à jour est disponible pour ce composant,Une mise à jour est disponible pour ce composant,Y,
openstudio::Component,An update is available for this measure,Hay una actualización disponible para esta medida,Una actualización está disponible para esta medida,Une mise à jour est disponible pour cette mesure,Une mise à jour est disponible pour cette mesure,Y,
openstudio::Component,Arguments,Argumentos,Argumentos,Arguments,Paramètres,,Y
openstudio::Component,Attributes,Atributos,Atributos,Attributs,Propriétés,,Y
openstudio::Component,Author,Autor,Autor,Auteur,Auteur,,
openstudio::Component,Comment,Comentario,Comentario,Commentaire,Commentaire,,
openstudio::Component,Date & time,Fecha y hora,Fecha y hora,Date et heure,Date et heure,,
openstudio::Component,Description,Descripción,Descripción,Description,Description,,
openstudio::Component,Errors,Errores,Errores,Erreurs,Erreurs,,
openstudio::Component,Files,Archivos,Archivos,Fichiers,Fichiers,,
openstudio::Component,Modeler Description,Descripción del modelador,Descripción del Modelador,Description du modélisateur,Description du modélisateur,Y,
openstudio::Component,Organization,Organización,Organización,Organisation,Organisation,,
openstudio::Component,Release Tag,Etiqueta de versión,Etiqueta de Versión,Tag de version,Étiquette de version,Y,Y
openstudio::Component,Repository,Repositorio,Repositorio,Dépôt,Dépôt,,
openstudio::Component,Sources,Fuentes,Fuentes,Sources,Sources,,
openstudio::Component,Tags,Etiquetas,Etiquetas,Balises,Étiquettes,,Y
openstudio::Component,This measure cannot be updated because it has an error,Esta medida no puede actualizarse porque tiene un error,Esta medida no puede actualizarse porque tiene un error,Cette mesure ne peut pas être mise à jour car elle contient une erreur,Cette mesure ne peut pas être mise à jour car elle contient une erreur,,
openstudio::Component,This measure is not compatible with the current version of OpenStudio,Esta medida no es compatible con la versión actual de OpenStudio,Esta medida no es compatible con la versión actual de OpenStudio,Cette mesure n'est pas compatible avec la version actuelle d'OpenStudio,Cette mesure n'est pas compatible avec la version actuelle d'OpenStudio,,
openstudio::Component,UID,UID,UID,UID,UID,,
openstudio::Component,Version,Versión,Versión,Version,Version,,
openstudio::Component,Version ID,ID de versión,ID de Versión,ID de version,Identifiant de version,Y,Y
openstudio::Component,Version Modified,Versión modificada,Versión Modificada,Version modifiée,Version Modifiée,Y,Y
openstudio::ConstructionAirBoundaryInspectorView,Air Exchange Method:,Método de intercambio de aire:,Método de Intercambio de Aire:,Méthode d'échange d'air :,Méthode d'échange d'air :,Y,
openstudio::ConstructionAirBoundaryInspectorView,Name:,Nombre:,Nombre:,Nom :,Nom :,,
openstudio::ConstructionAirBoundaryInspectorView,Simple Mixing Air Changes per Hour:,Cambios de aire por hora (mezcla simple):,Cambios de Aire Simple por Hora:,Changements d'air par heure de mélange simple :,Taux de renouvellement d'air du mélange simple (en changements d'air par heure) :,Y,Y
openstudio::ConstructionCfactorUndergroundWallInspectorView,C-Factor:,Factor C:,Factor C:,C-Factor :,Facteur C :,,Y
openstudio::ConstructionCfactorUndergroundWallInspectorView,Height:,Altura:,Altura:,Hauteur :,Profondeur :,,Y
openstudio::ConstructionCfactorUndergroundWallInspectorView,Name:,Nombre:,Nombre:,Nom :,Nom :,,
openstudio::ConstructionFfactorGroundFloorInspectorView,Area:,Área:,Área:,Surface :,Superficie :,,Y
openstudio::ConstructionFfactorGroundFloorInspectorView,F-Factor:,Factor F:,Factor F:,F-Factor :,Facteur F :,,Y
openstudio::ConstructionFfactorGroundFloorInspectorView,Name:,Nombre:,Nombre:,Nom :,Nom :,,
openstudio::ConstructionFfactorGroundFloorInspectorView,Perimeter Exposed:,Perímetro expuesto:,Perímetro Expuesto:,Périmètre exposé :,Périmètre exposé :,Y,
openstudio::ConstructionInspectorView,Drag From Library,Arrastrar desde la biblioteca,Arrastrar desde la Biblioteca,Glisser depuis la bibliothèque,Glisser depuis la bibliothèque,Y,
openstudio::ConstructionInspectorView,Inside,Interior,Interior,Intérieur,Intérieur,,
openstudio::ConstructionInspectorView,Layer:,Capa:,Capa:,Couche :,Couche :,,
openstudio::ConstructionInspectorView,Name:,Nombre:,Nombre:,Nom :,Nom :,,
openstudio::ConstructionInspectorView,Outside,Exterior,Exterior,Extérieur,Extérieur,,
openstudio::ConstructionInternalSourceInspectorView,Dimensions for the CTF Calculation:,Dimensiones para el cálculo CTF:,Dimensiones para el Cálculo de la Función de Transferencia de Conducción:,Dimensions pour le calcul CTF:,Dimensions pour le calcul de la Fonction de Transfert par Conduction :,Y,Y
openstudio::ConstructionInternalSourceInspectorView,Drag From Library,Arrastrar desde la biblioteca,Arrastrar desde la Biblioteca,Glisser-déposer depuis la bibliothèque,Glisser depuis la bibliothèque,Y,Y
openstudio::ConstructionInternalSourceInspectorView,Inside,Interior,Interior,Intérieur,Intérieur,,
openstudio::ConstructionInternalSourceInspectorView,Layer:,Capa:,Capa:,Couche :,Couche :,,
openstudio::ConstructionInternalSourceInspectorView,Name:,Nombre:,Nombre:,Nom :,Nom :,,
openstudio::ConstructionInternalSourceInspectorView,Outside,Exterior,Exterior,Extérieur,Extérieur,,
openstudio::ConstructionInternalSourceInspectorView,Source Present After Layer:,Fuente presente después de la capa:,Fuente Presente Después de la Capa:,Source Present After Layer:,Source présente après la couche :,Y,Y
openstudio::ConstructionInternalSourceInspectorView,Temperature Calculation Requested After Layer Number:,Cálculo de temperatura solicitado después del número de capa:,Cálculo de Temperatura Solicitado Después de la Capa Número:,Calcul de température demandé après le numéro de couche :,Calcul de température demandé après la couche numéro :,Y,Y
openstudio::ConstructionInternalSourceInspectorView,Tube Spacing:,Separación de tubos:,Espaciado de Tubos:,Espacement des tubes :,Espacement des tubes :,Y,
openstudio::ConstructionsTabController,Construction Sets,Conjuntos de construcción,Conjuntos de Construcción,Ensembles de construction,Ensembles de construction,Y,
openstudio::ConstructionsTabController,Constructions,Construcciones,Construcciones,Constructions,Constructions,,
openstudio::ConstructionsTabController,Materials,Materiales,Materiales,Matériaux,Matériaux,,
openstudio::ConstructionsView,Air Boundary Constructions,Construcciones de límite de aire,Construcciones de Límite de Aire,Constructions de Limite d'Air,Constructions de limite d'air,Y,Y
openstudio::ConstructionsView,C-factor Underground Wall Constructions,Construcciones de muro subterráneo (factor C),Construcciones de Muros Subterráneos por Factor C,Constructions de murs souterrains avec facteur C,Constructions de Murs Souterrains à Facteur C,Y,Y
openstudio::ConstructionsView,Constructions,Construcciones,Construcciones,Constructions,Constructions,,
openstudio::ConstructionsView,F-factor Ground Floor Constructions,Construcciones de planta baja (factor F),Construcciones de Piso de Planta Baja con Factor F,Constructions pour plancher bas avec facteur F,Constructions de Plancher Inférieur avec Facteur F,Y,Y
openstudio::ConstructionsView,Internal Source Constructions,Construcciones de fuente interna,Construcciones con Fuentes Internas,Constructions Source Interne,Constructions à source interne,Y,Y
openstudio::DataPointJobHeaderView,%1 Error,%1 error,%1 Error,%1 erreur,%1 Erreur,Y,Y
openstudio::DataPointJobHeaderView,%1 Errors,%1 errores,%1 Errores,%1 erreurs,%1 Erreurs,Y,Y
openstudio::DataPointJobHeaderView,%1 Warning,%1 advertencia,%1 Advertencia,%1 avertissement,%1 Avertissement,Y,Y
openstudio::DataPointJobHeaderView,%1 Warnings,%1 advertencias,%1 Advertencias,%1 avertissements,%1 Avertissements,Y,Y
openstudio::DataPointJobHeaderView,Canceled,Cancelado,Cancelado,Annulé,Annulé,,
openstudio::DataPointJobHeaderView,Not Started,No iniciado,No iniciado,Non démarré,Non démarré,,
openstudio::DaySchedulePlotArea,Drag vertical line to adjust,Arrastrar línea vertical para ajustar,Arrastre la línea vertical para ajustar,Faites glisser la ligne verticale pour ajuster,Faites glisser la ligne verticale pour ajuster,Y,
openstudio::DaySchedulePlotArea,Mouse over horizontal line to set value,Pasar el ratón sobre la línea horizontal para establecer valor,Pase el ratón sobre la línea horizontal para establecer el valor,Survolez la ligne horizontale pour définir la valeur,Survolez la ligne horizontale pour définir la valeur,Y,
openstudio::DefaultConstructionSetInspectorView,Adiabatic Surfaces,Superficies adiabáticas,Superficies Adiabáticas,Surfaces Adiabatiques,Surfaces Adiabatiques,Y,
openstudio::DefaultConstructionSetInspectorView,Building Shading,Sombreado de edificio,Sombreado de Edificio,Masquage du bâtiment,Masquage du bâtiment,Y,
openstudio::DefaultConstructionSetInspectorView,Ceilings,Cielos rasos,Cielos Rasos,Plafonds,Plafonds,Y,
openstudio::DefaultConstructionSetInspectorView,Doors,Puertas,Puertas,Portes,Portes,,
openstudio::DefaultConstructionSetInspectorView,Exterior Sub Surface Constructions,Construcciones de subsuperficies exteriores,Construcciones de Superficies Exteriores Secundarias,Constructions des Sous-Surfaces Extérieures,Constructions des sous-surfaces extérieures,Y,Y
openstudio::DefaultConstructionSetInspectorView,Exterior Surface Constructions,Construcciones de superficies exteriores,Construcciones de Superficies Exteriores,Constructions de Surfaces Extérieures,Constructions de surfaces extérieures,Y,Y
openstudio::DefaultConstructionSetInspectorView,Fixed Windows,Ventanas fijas,Ventanas Fijas,Fenêtres fixes,Fenêtres fixes,Y,
openstudio::DefaultConstructionSetInspectorView,Floors,Pisos,Pisos,Étages,Planchers,,Y
openstudio::DefaultConstructionSetInspectorView,Glass Doors,Puertas de vidrio,Puertas de Vidrio,Portes en Verre,Portes Vitrées,Y,Y
openstudio::DefaultConstructionSetInspectorView,Ground Contact Surface Constructions,Construcciones de superficies en contacto con el suelo,Construcciones de Superficies en Contacto con el Terreno,Constructions de Surfaces en Contact avec le Sol,Constructions de Surface en Contact avec le Sol,Y,Y
openstudio::DefaultConstructionSetInspectorView,Interior Partitions,Particiones interiores,Particiones Interiores,Cloisons intérieures,Cloisons intérieures,Y,
openstudio::DefaultConstructionSetInspectorView,Interior Sub Surface Constructions,Construcciones de subsuperficies interiores,Construcciones de Subsuperficies Interiores,Constructions de sous-surfaces intérieures,Constructions de sous-surfaces intérieures,Y,
openstudio::DefaultConstructionSetInspectorView,Interior Surface Constructions,Construcciones de superficies interiores,Construcciones de Superficies Interiores,Constructions de Surfaces Intérieures,Constructions des Surfaces Intérieures,Y,Y
openstudio::DefaultConstructionSetInspectorView,Name,Nombre,Nombre,Nom,Nom,,
openstudio::DefaultConstructionSetInspectorView,Operable Windows,Ventanas operables,Ventanas Operables,Fenêtres opérables,Fenêtres Ouvrables,Y,Y
openstudio::DefaultConstructionSetInspectorView,Other Constructions,Otras construcciones,Otras Construcciones,Autres Constructions,Autres constructions,Y,Y
openstudio::DefaultConstructionSetInspectorView,Overhead Doors,Puertas de garaje,Puertas de Garaje,Portes de garage,Portes Sectionnelles,Y,Y
openstudio::DefaultConstructionSetInspectorView,Roofs,Techos,Techos,Toits,Toitures,,Y
openstudio::DefaultConstructionSetInspectorView,Site Shading,Sombreado de sitio,Sombreado del Sitio,Masque de site,Masquage du site,Y,Y
openstudio::DefaultConstructionSetInspectorView,Skylights,Lucernarios,Tragaluces,Puits de lumière,Lucarnes,Y,Y
openstudio::DefaultConstructionSetInspectorView,Space Shading,Sombreado de espacio,Sombreado de Espacio,Ombrage d'espace,Ombrage d'Espace,Y,Y
openstudio::DefaultConstructionSetInspectorView,Tubular Daylight Diffusers,Difusores de luz tubular,Difusores de Luz Natural Tubulares,Diffuseurs de Lumière Naturelle Tubulaires,Diffuseurs de lumière du jour tubulaires,Y,Y
openstudio::DefaultConstructionSetInspectorView,Tubular Daylight Domes,Domos de luz tubular,Domos Tubulares de Luz Natural,Dômes de lumière du jour tubulaires,Dômes de Lumière Naturelle Tubulaires,Y,Y
openstudio::DefaultConstructionSetInspectorView,Walls,Muros,Muros,Murs,Murs,,
openstudio::DefaultScheduleDayView,Default day profile.,Perfil del día predeterminado.,Perfil de día predeterminado.,Profil de jour par défaut.,Profil de jour par défaut.,Y,
openstudio::DesignDayGridController,Check to enable daylight saving time indicator.,Marque para habilitar el indicador de horario de verano.,Marque para habilitar el indicador de horario de verano.,Cocher pour activer l'indicateur d'heure d'été.,Cochez cette case pour activer l'indicateur d'heure d'été.,,Y
openstudio::DesignDayGridController,Check to enable rain indicator.,Marcar para habilitar el indicador de lluvia.,Marque para habilitar el indicador de lluvia.,Cocher pour activer l'indicateur de pluie.,Cocher pour activer l'indicateur de pluie.,Y,
openstudio::DesignDayGridController,Check to enable snow indicator.,Marque para habilitar el indicador de nieve.,Marque para activar el indicador de nieve.,Cocher pour activer l'indicateur de neige.,Cocher pour activer l'indicateur de neige.,Y,
openstudio::DesignDayGridController,Check to select all rows,Marca para seleccionar todos los renglones,Marcar para seleccionar todas las filas,Cocher pour sélectionner toutes les lignes,Cochez pour sélectionner toutes les lignes,Y,Y
openstudio::DesignDayGridController,Check to select this row,Marcar para seleccionar esta fila,Marque para seleccionar esta fila,Cocher pour sélectionner cette ligne,Cochez pour sélectionner cette ligne,Y,Y
openstudio::DesignDayGridController,Date,Fecha,Fecha,Date,Date,,
openstudio::DesignDayGridController,Humidity,Humedad,Humedad,Humidité,Humidité,,
openstudio::DesignDayGridController,"Pressure
Wind
Precipitation","Presión
Viento
Precipitación","Presión
Viento
Precipitación","Pression
Vent
Précipitation","Pression
Vent
Précipitations",,Y
openstudio::DesignDayGridController,Solar,Solar,Solar,Solaire,Solaire,,
openstudio::DesignDayGridController,Temperature,Temperatura,Temperatura,Température,Température,,
openstudio::DesignDayGridView,All,Todos,Todos,Tous,Tous,,
openstudio::DesignDayGridView,ASHRAE Taub,Taub de ASHRAE,ASHRAE Taub,ASHRAE Taub,ASHRAE Taub,Y,
openstudio::DesignDayGridView,ASHRAE Taud,Taud de ASHRAE,ASHRAE Taud,ASHRAE Taud,Tau ASHRAE,Y,Y
openstudio::DesignDayGridView,Barometric Pressure,Presión Barométrica,Presión Barométrica,Pression atmosphérique,Pression barométrique,,Y
openstudio::DesignDayGridView,Beam Solar Day Schedule,Programa de Rayo del Dia Solar,Horario Solar Directo del Día de Diseño,Calendrier journalier du faisceau solaire (Beam),Horaire Solaire Direct de Jour de Conception,Y,Y
openstudio::DesignDayGridView,Daily Dry Bulb Temperature Range,Rango Diario de Temperatura de Bulbo Seco,Rango Diario de Temperatura de Bulbo Seco,Plage quotidienne de température sèche,Plage de température de bulbe sec journalière,,Y
openstudio::DesignDayGridView,Daily Wet Bulb Temperature Range,Rango de Temperatura Diario de Bulbo Húmedo,Rango Diario de Temperatura de Bulbo Húmedo,Plage quotidienne de température humide,Plage quotidienne de température à bulbe humide,Y,Y
openstudio::DesignDayGridView,Day Of Month,Dia del Mes,Día del Mes,Jour du Mois,Jour du mois,Y,Y
openstudio::DesignDayGridView,Day Type,Tipo de Dia,Tipo de Día,Type de jour,Type de jour,Y,
openstudio::DesignDayGridView,Daylight Saving Time Indicator,Indicador de Horario de Verano,Indicador de Horario de Verano,Indicateur d'heure d'été,Indicateur d'heure d'été,,
openstudio::DesignDayGridView,Design Day Name,Nombre del Dia de Diseño,Nombre del Día de Diseño,Jour de dimensionnement,Nom de la Journée de Conception,Y,Y
openstudio::DesignDayGridView,Design Days,Dias de Diseño,Días de Diseño,Jours de dimensionnement,Jours de dimensionnement,Y,
openstudio::DesignDayGridView,Diffuse Solar Day Schedule,Programa de Difusión del Dia Solar,Cronograma de Radiación Solar Difusa del Día de Diseño,Calendrier journalier du rayonnement diffuss (Beam),Calendrier de Rayonnement Solaire Diffus du Jour de Conception,Y,Y
openstudio::DesignDayGridView,"Drop
Zone","Suelta
aquí",Zona de depósito,"Zone de
dépôt",Zone de dépôt,Y,Y
openstudio::DesignDayGridView,Dry Bulb Temperature Range Modifier Schedule,Programa del Modificador del Rango de Temperatura de Bulbo Seco,Horario Modificador del Rango de Temperatura de Bulbo Seco,Calendrier modificateur de la plage quotidienne de température sèche,Calendrier de Modification de la Plage de Température Sèche,Y,Y
openstudio::DesignDayGridView,Dry Bulb Temperature Range Modifier Type,Tipo de Modificador del Rango de Temperatura de Bulbo Seco,Tipo de Modificador del Rango de Temperatura de Bulbo Seco,Type de modificateur de la plage quotidienne de température sèche,Type de Modificateur de Plage de Température à Thermomètre Sec,,Y
openstudio::DesignDayGridView,Humidity Indicating Conditions At Maximum Dry Bulb,Condiciones Indicadoras de Humedad para La Temperatura Máxima de Bulbo Seco,Condiciones de Humedad en la Temperatura de Bulbo Seco Máxima,Conditions de l'indicateur d'humidité au maximum de la température sèche,Conditions d'humidité à la température sèche maximale,Y,Y
openstudio::DesignDayGridView,Humidity Indicating Day Schedule,Programa Diario del Indicador de Humedad,Calendario de Día de Diseño Indicador de Humedad,Calendrier journalier d'indicateur d'humidité,Calendrier de jour de conception indiquant l'humidité,Y,Y
openstudio::DesignDayGridView,Humidity Indicating Type,Tipo de Indicador de Humedad,Tipo de Indicador de Humedad,Type d'indicateur d'humidité,Type d'indication d'humidité,,Y
openstudio::DesignDayGridView,Maximum Dry Bulb Temperature,Temperatura de Bulbo Seco Máxima,Temperatura de Bulbo Seco Máxima,Température sèche maximale,Température de bulbe sec maximale,,Y
openstudio::DesignDayGridView,Month,Mes,Mes,Mois,Mois,,
openstudio::DesignDayGridView,Rain Indicator,Indicador de Lluvia,Indicador de Lluvia,Indicateur de pluie,Indicateur de pluie,,
openstudio::DesignDayGridView,Sky Clearness,Claridad del Cielo,Claridad del Cielo,Clarté du ciel,Clarté du ciel,,
openstudio::DesignDayGridView,Snow Indicator,Indicador de Nieve,Indicador de Nieve,Indicateur de neige,Indicateur de Neige,,Y
openstudio::DesignDayGridView,Solar Model Indicator,Indicador del Modelo Solar,Indicador de Modelo Solar,Modèle solaire,Indicateur de modèle solaire,Y,Y
openstudio::DesignDayGridView,Wind Direction,Dirección de Viento,Dirección del Viento,Direction du vent,Direction du vent,Y,
openstudio::DesignDayGridView,Wind Speed,Velocidad de Viento,Velocidad del Viento,Vitesse du vent,Vitesse du vent,Y,
openstudio::EditController,Select a Measure to Apply,Seleccione una medida para aplicar,Seleccionar una Medida para Aplicar,Sélectionnez une mesure à appliquer,Sélectionner une Mesure à appliquer,Y,Y
openstudio::EditRubyMeasureView,Description,Descripción,Descripción,Description,Description,,
openstudio::EditRubyMeasureView,Inputs,Entradas,Entradas,Entrées,Entrées,,
openstudio::EditRubyMeasureView,Modeler Description,Descripción del modelador,Descripción del Modelador,Description du modélisateur,Description du modélisateur,Y,
openstudio::EditRubyMeasureView,Name,Nombre,Nombre,Nom,Nom,,
openstudio::EditorWebView,Changing unit system for existing floorplan is not currently supported.  Reload tab to change units.,Cambiar el sistema de unidades para un plano de planta existente no está actualmente soportado. Recargue la pestaña para cambiar las unidades.,Cambiar el sistema de unidades para un plano de planta existente no es compatible actualmente. Recargue la pestaña para cambiar unidades.,La modification du système d'unités pour un plan d'étage existant n'est pas actuellement supportée. Rechargez l'onglet pour changer les unités.,La modification du système d'unités pour un plan existant n'est pas actuellement prise en charge. Rechargez l'onglet pour changer les unités.,Y,Y
openstudio::EditorWebView,Debug,Depurar,Depuración,Débogage,Débogage,Y,
openstudio::EditorWebView,FloorspaceJS,FloorspaceJS,FloorspaceJS,FloorspaceJS,FloorspaceJS,,
openstudio::EditorWebView,gbXML,gbXML,gbXML,gbXML,gbXML,,
openstudio::EditorWebView,gbXML (*.xml *.gbxml),gbXML (*.xml *.gbxml),gbXML (*.xml *.gbxml),gbXML (*.xml *.gbxml),gbXML (*.xml *.gbxml),,
openstudio::EditorWebView,Geometry Preview,Vista Previa de Geometría,Previsualización de Geometría,Aperçu de la géométrie,Aperçu de la géométrie,Y,
openstudio::EditorWebView,Geometry Type,Tipo de Geometría,Tipo de Geometría,Type de géométrie,Type de géométrie,,
openstudio::EditorWebView,IDF,IDF,IDF,IDF,IDF,,
openstudio::EditorWebView,IDF (*.idf),IDF (*.idf),IDF (*.idf),IDF (*.idf),IDF (*.idf),,
openstudio::EditorWebView,Import,Importar,Importar,Importer,Importer,,
openstudio::EditorWebView,Merge with Current OSM,Combinar con OSM Actual,Combinar con OSM Actual,Fusionner avec l'OSM actuel,Fusionner avec l'OSM actuel,,
openstudio::EditorWebView,Merging Models,Combinando Modelos,Combinando Modelos,Fusion de modèles,Fusion des modèles,,Y
openstudio::EditorWebView,Models Merged,Modelos Combinados,Modelos Fusionados,Modèles fusionnés,Modèles fusionnés,Y,
openstudio::EditorWebView,New,Nuevo,Nuevo,Nouveau,Nouveau,,
openstudio::EditorWebView,Open File,Abrir Archivo,Abrir archivo,Ouvrir un fichier,Ouvrir un fichier,Y,
openstudio::EditorWebView,OSM,OSM,OSM,OSM,OSM,,
openstudio::EditorWebView,OSM (*.osm),OSM (*.osm),OSM (*.osm),OSM (*.osm),OSM (*.osm),,
openstudio::EditorWebView,Preview OSM,Vista Previa OSM,Vista previa de OSM,Aperçu OSM,Aperçu OSM,Y,
openstudio::EditorWebView,Refresh,Actualizar,Actualizar,Actualiser,Actualiser,,
openstudio::EditorWebView,Units Change,Cambio de Unidades,Cambio de Unidades,Changement d'unités,Changement d'unités,,
openstudio::EditorWebView,Unmerged Changes,Cambios sin Combinar,Cambios sin fusionar,Modifications non fusionnées,Modifications non fusionnées,Y,
openstudio::EditorWebView,Your geometry may include unmerged changes.  Merge with Current OSM now?  Choose Ignore to skip this message in the future.,Es posible que su geometría incluya cambios sin combinar. ¿Combinar con OSM Actual ahora? Elija Ignorar para omitir este mensaje en el futuro.,Su geometría puede incluir cambios sin fusionar. ¿Desea fusionar con el OSM actual ahora? Seleccione Ignorar para omitir este mensaje en el futuro.,Votre géométrie peut inclure des modifications non fusionnées. Fusionner avec l'OSM actuel maintenant ? Choisissez Ignorer pour ignorer ce message à l'avenir.,Votre géométrie peut contenir des modifications non fusionnées. Fusionner avec le modèle OSM actuel maintenant ? Choisissez Ignorer pour ignorer ce message à l'avenir.,Y,Y
openstudio::ElectricEquipmentDefinitionInspectorView,Design Level:,Nivel de diseño:,Nivel de Diseño:,Niveau de conception :,Niveau de conception :,Y,
openstudio::ElectricEquipmentDefinitionInspectorView,Fraction Latent:,Fracción latente:,Fracción Latente:,Fraction Latente :,Fraction Latente :,Y,
openstudio::ElectricEquipmentDefinitionInspectorView,Fraction Lost:,Fracción perdida:,Fracción Perdida:,Fraction perdue :,Fraction perdue :,Y,
openstudio::ElectricEquipmentDefinitionInspectorView,Fraction Radiant:,Fracción radiante:,Fracción Radiante:,Fraction Rayonnante :,Fraction Rayonnée :,Y,Y
openstudio::ElectricEquipmentDefinitionInspectorView,Name:,Nombre:,Nombre:,Nom :,Nom :,,
openstudio::ElectricEquipmentDefinitionInspectorView,Watts Per Person:,Vatios por persona:,Vatios Por Persona:,Watts Par Personne :,Watts par personne :,Y,Y
openstudio::ElectricEquipmentDefinitionInspectorView,Watts Per Space Floor Area:,Vatios por área de piso del espacio:,Vatios Por Área De Piso Del Espacio:,Watts Par Surface Au Sol De L'Espace:,Watts Par Mètre Carré De Plancher De L'Espace :,Y,Y
openstudio::ExternalToolsDialog,Change,Cambiar,Cambiar,Modifier,Modifier,,
openstudio::ExternalToolsDialog,Change External Tools,Cambiar herramientas externas,Cambiar Herramientas Externas,Modifier les outils externes,Modifier les outils externes,Y,
openstudio::ExternalToolsDialog,Path to DView,Ruta a DView,Ruta a DView,Chemin vers DView,Chemin vers DView,,
openstudio::ExternalToolsDialog,Select Path to,Seleccionar Ruta a,Seleccionar ruta a,Selectionner le chemin vers,Sélectionner le chemin vers,Y,Y
openstudio::FacilityExteriorEquipmentGridController,All,Todos,Todos,Tous,Tous,,
openstudio::FacilityExteriorEquipmentGridController,CAD Object ID,Id de Objeto CAD,ID de Objeto CAD,ID d'objet CAD,ID Objet CAD,Y,Y
openstudio::FacilityExteriorEquipmentGridController,Check to select all rows,Marcar para seleccionar todas las filas,Marcar para seleccionar todas las filas,Cocher pour sélectionner toutes les lignes,Cochez pour sélectionner toutes les lignes,,Y
openstudio::FacilityExteriorEquipmentGridController,Check to select this row,Marcar para seleccionar esta fila,Marque para seleccionar esta fila,Cocher pour sélectionner cette ligne,Cochez pour sélectionner cette ligne,Y,Y
openstudio::FacilityExteriorEquipmentGridController,Control Option,Opción de Control,Opción de Control,Option de commande,Option de contrôle,,Y
openstudio::FacilityExteriorEquipmentGridController,Display Name,Nombre de Visualización,Nombre para Mostrar,Nom d'affichage,Nom d'affichage,Y,
openstudio::FacilityExteriorEquipmentGridController,End Use Subcategory,Subcategoría de Uso Final,Subcategoría de Uso Final,Sous-catégorie d'utilisation finale,Sous-catégorie de fin d'utilisation,,Y
openstudio::FacilityExteriorEquipmentGridController,Exterior Fuel Equipment,Equipos de Combustible Exterior,Equipo de Combustible Exterior,Équipements de Combustible Extérieurs,Équipement Combustible Extérieur,Y,Y
openstudio::FacilityExteriorEquipmentGridController,Exterior Fuel Equipment Definition,Definición de Equipo de Combustible Exterior,Definición de Equipo Combustible Exterior,Définition d'équipement de carburant extérieur,Définition d'équipement de combustible extérieur,Y,Y
openstudio::FacilityExteriorEquipmentGridController,Exterior Lights,Luminarias Exteriores,Luces Exteriores,Éclairage extérieur,Éclairage Extérieur,Y,Y
openstudio::FacilityExteriorEquipmentGridController,Exterior Lights Definition,Definición de Luminarias Exteriores,Definición de Iluminación Exterior,Définition de l'éclairage extérieur,Définition d'éclairage extérieur,Y,Y
openstudio::FacilityExteriorEquipmentGridController,Exterior Water Equipment,Equipos de Agua Exterior,Equipo de Agua Exterior,Équipement Hydraulique Extérieur,Équipement hydrique extérieur,Y,Y
openstudio::FacilityExteriorEquipmentGridController,Exterior Water Equipment Definition,Definición de Equipo de Agua Exterior,Definición de Equipo de Agua Exterior,Définition de l'équipement hydraulique extérieur,Définition d'équipement d'eau extérieure,,Y
openstudio::FacilityExteriorEquipmentGridController,Fuel Type,Tipo de Combustible,Tipo de Combustible,Type de combustible,Type de combustible,,
openstudio::FacilityExteriorEquipmentGridController,Multiplier,Multiplicador,Multiplicador,Multiplicateur,Multiplicateur,,
openstudio::FacilityExteriorEquipmentGridController,Name,Nombre,Nombre,Nom,Nom,,
openstudio::FacilityExteriorEquipmentGridController,Schedule,Horario,Horario,Calendrier,Planning,,Y
openstudio::FacilityExteriorEquipmentGridView,"Drop
Exterior Equipment","Soltar
Equipos Exteriores","Soltar
Equipos Exteriores","Déposer
Équipement extérieur","Déposer
Équipement Extérieur",,Y
openstudio::FacilityExteriorEquipmentGridView,Exterior Equipment,Equipos Exteriores,Equipo Exterior,Équipements extérieurs,Équipements Extérieurs,Y,Y
openstudio::FacilityShadingGridController,All,Todos,Todos,Tous,Tous,,
openstudio::FacilityShadingGridController,CAD Object ID,Id de Objeto CAD,ID de Objeto CAD,ID d'objet CAO,ID Objet CAD,Y,Y
openstudio::FacilityShadingGridController,Check to select all rows,Marcar para seleccionar todas las filas,Marcar para seleccionar todas las filas,Cocher pour sélectionner toutes les lignes,Cochez pour sélectionner toutes les lignes,,Y
openstudio::FacilityShadingGridController,Check to select this row,Marcar para seleccionar esta fila,Marque para seleccionar esta fila,Cocher pour sélectionner cette ligne,Cochez pour sélectionner cette ligne,Y,Y
openstudio::FacilityShadingGridController,Construction Name,Nombre de Construcción,Nombre de la Construcción,Nom de la construction,Nom de la construction,Y,
openstudio::FacilityShadingGridController,Degrees Orientation <,Grados de Orientación <,Grados de Orientación,Orientation en degrés <,Orientation en degrés <,Y,
openstudio::FacilityShadingGridController,Degrees Orientation >,Grados de Orientación >,Orientación en Grados >,Degrés Orientation >,Orientation en Degrés >,Y,Y
openstudio::FacilityShadingGridController,Degrees Tilt <,Grados de Inclinación <,Grados de Inclinación <,Degrés d'inclinaison <,Degrés d'inclinaison <,,
openstudio::FacilityShadingGridController,Degrees Tilt >,Grados de Inclinación >,Grados de Inclinación >,Degrés d'inclinaison >,Degrés d'inclinaison >,,
openstudio::FacilityShadingGridController,Display Name,Nombre de Visualización,Nombre para Mostrar,Nom d'affichage,Nom d'affichage,Y,
openstudio::FacilityShadingGridController,General,General,General,Général,Général,,
openstudio::FacilityShadingGridController,Shading Surface Group Name,Nombre de Grupo de Superficies de Sombreado,Nombre del Grupo de Superficies de Sombreado,Nom du groupe de surface d'ombrage,Nom du groupe de surfaces d'ombrage,Y,Y
openstudio::FacilityShadingGridController,Shading Surface Name,Nombre de Superficie de Sombreado,Nombre de Superficie de Sombreado,Nom de la surface d'ombrage,Nom de la Surface d'Ombrage,,Y
openstudio::FacilityShadingGridController,Shading Surface Type,Tipo de Superficie de Sombreado,Tipo de Superficie de Sombreado,Type de Surface d'Ombrage,Type de surface d'ombrage,,Y
openstudio::FacilityShadingGridController,Transmittance Schedule Name,Nombre de Horario de Transmitancia,Nombre de Programación de Transmitancia,Nom du calendrier de transmittance,Nom de la planification de la transmittance,Y,Y
openstudio::FacilityShadingGridController,Type,Tipo,Tipo,Type,Type,,
openstudio::FacilityShadingGridView,All,Todos,Todos,Tous,Tous,,
openstudio::FacilityShadingGridView,Building,Edificio,Edificio,Bâtiment,Bâtiment,,
openstudio::FacilityShadingGridView,Degrees Orientation <,Grados de Orientación <,Grados de Orientación,Orientation en degrés <,Orientation en degrés <,Y,
openstudio::FacilityShadingGridView,Degrees Orientation >,Grados de Orientación >,Orientación en Grados >,Degrés Orientation >,Orientation en Degrés >,Y,Y
openstudio::FacilityShadingGridView,Degrees Tilt <,Grados de Inclinación <,Grados de Inclinación <,Degrés d'inclinaison <,Degrés d'inclinaison <,,
openstudio::FacilityShadingGridView,Degrees Tilt >,Grados de Inclinación >,Grados de Inclinación >,Degrés d'inclinaison >,Degrés d'inclinaison >,,
openstudio::FacilityShadingGridView,"Drop Shading
Surface Group","Soltar Grupo
de Sombreado","Soltar Grupo de
Superficie de Sombreado","Ombre de pare-soleil
Groupe de surface","Déposer le groupe
de surface d'ombrage",Y,Y
openstudio::FacilityShadingGridView,Filters:,Filtros:,Filtros:,Filtres :,Filtres :,,
openstudio::FacilityShadingGridView,Shading Surface Group,Grupo de Superficies de Sombreado,Grupo de Superficies de Sombreado,Groupe de Surface d'Ombrage,Groupe de surfaces d'ombrage,,Y
openstudio::FacilityShadingGridView,Shading Surface Name,Nombre de Superficie de Sombreado,Nombre de Superficie de Sombreado,Nom de la surface d'ombrage,Nom de la Surface d'Ombrage,,Y
openstudio::FacilityShadingGridView,Shading Surface Type,Tipo de Superficie de Sombreado,Tipo de Superficie de Sombreado,Type de Surface d'Ombrage,Type de surface d'ombrage,,Y
openstudio::FacilityShadingGridView,Site,Sitio,Sitio,Site,Site,,
openstudio::FacilityStoriesGridController,All,Todos,Todos,Tous,Tous,,
openstudio::FacilityStoriesGridController,CAD Object ID,Id de Objeto CAD,ID de Objeto CAD,ID d'objet CAD,ID Objet CAD,Y,Y
openstudio::FacilityStoriesGridController,Check to select all rows,Marcar para seleccionar todas las filas,Marcar para seleccionar todas las filas,Cocher pour sélectionner toutes les lignes,Cochez pour sélectionner toutes les lignes,,Y
openstudio::FacilityStoriesGridController,Check to select this row,Marcar para seleccionar esta fila,Marque para seleccionar esta fila,Cocher pour sélectionner cette ligne,Cochez pour sélectionner cette ligne,Y,Y
openstudio::FacilityStoriesGridController,Default Construction Set Name,Nombre Conjunto de Construcción,Nombre del Conjunto de Construcción Predeterminado,Nom du jeu de constructions par défaut,Nom de l'ensemble de construction par défaut,Y,Y
openstudio::FacilityStoriesGridController,Default Schedule Set Name,Nombre Conjunto de Horarios,Nombre del Conjunto de Calendarios Predeterminado,Nom du jeu de calendriers par défaut,Nom de l'ensemble de calendriers par défaut,Y,Y
openstudio::FacilityStoriesGridController,Display Name,Nombre de Visualización,Nombre para Mostrar,Nom d'affichage,Nom d'affichage,Y,
openstudio::FacilityStoriesGridController,General,General,General,Général,Général,,
openstudio::FacilityStoriesGridController,Group Rendering Name,Nombre de Renderizado de Grupo,Nombre de Representación del Grupo,Nom de rendu du groupe,Nom du groupe de rendu,Y,Y
openstudio::FacilityStoriesGridController,Nominal Floor to Ceiling Height,Altura Nominal Suelo a Techo,Altura Nominal Piso a Techo,Hauteur nominale entre le sol et le plafond,Hauteur nominale sol-plafond,Y,Y
openstudio::FacilityStoriesGridController,Nominal Floor to Floor Height,Altura Nominal Suelo a Suelo,Altura Nominal Entre Pisos,Hauteur nominale d'étage à étage,Hauteur nominale d'étage,Y,Y
openstudio::FacilityStoriesGridController,Nominal Z Coordinate,Coordenada Z Nominal,Coordenada Z nominal,Coordonnée Z nominale,Coordonnée Z nominale,Y,
openstudio::FacilityStoriesGridController,Nominal Z Coordinate <,Coordenada Z Nominal <,Coordenada Z Nominal <,Coordonnée Z nominale <,Coordonnée Z nominale <,,
openstudio::FacilityStoriesGridController,Nominal Z Coordinate >,Coordenada Z Nominal >,Coordenada Z Nominal >,Coordonnée Z nominale >,Coordonnée Z nominale >,,
openstudio::FacilityStoriesGridController,Story Name,Nombre de Planta,Nombre de la Historia,Nom de l'étage,Nom d'étage,Y,Y
openstudio::FacilityStoriesGridView,Building Stories,Plantas del Edificio,Historias del Edificio,Étages du Bâtiment,Étages du Bâtiment,Y,
openstudio::FacilityStoriesGridView,"Drop
Story","Soltar
Planta","Soltar
Story","Chute
Étage","Déposer
Étage",Y,Y
openstudio::FacilityStoriesGridView,Filters:,Filtros:,Filtros:,Filtres :,Filtres :,,
openstudio::FacilityStoriesGridView,Nominal Z Coordinate <,Coordenada Z Nominal <,Coordenada Z Nominal <,Coordonnée Z nominale <,Coordonnée Z nominale <,,
openstudio::FacilityStoriesGridView,Nominal Z Coordinate >,Coordenada Z Nominal >,Coordenada Z Nominal >,Coordonnée Z nominale >,Coordonnée Z nominale >,,
openstudio::FacilityTabController,Building,Edificio,Edificio,Bâtiment,Bâtiment,,
openstudio::FacilityTabController,Exterior Equipment,Equipos Exteriores,Equipo Exterior,Équipement extérieur,Équipements Extérieurs,Y,Y
openstudio::FacilityTabController,Shading,Sombreado,Sombreado,Masquage,Masque solaire,,Y
openstudio::FacilityTabController,Stories,Plantas,Plantas,Étages,Niveaux,,Y
openstudio::FacilityTabView,Facility,Instalación,Instalación,Établissement,Bâtiment,,Y
openstudio::GasEquipmentDefinitionInspectorView,Carbon Dioxide Generation Rate:,Tasa de generación de dióxido de carbono:,Tasa de Generación de Dióxido de Carbono:,Taux de génération de dioxyde de carbone :,Taux de génération de dioxyde de carbone :,Y,
openstudio::GasEquipmentDefinitionInspectorView,Design Level:,Nivel de diseño:,Nivel de Diseño:,Niveau de conception :,Niveau de conception :,Y,
openstudio::GasEquipmentDefinitionInspectorView,Fraction Latent:,Fracción latente:,Fracción Latente:,Fraction Sensible :,Fraction Latente :,Y,Y
openstudio::GasEquipmentDefinitionInspectorView,Fraction Lost:,Fracción perdida:,Fracción Perdida:,Fraction Perdue :,Fraction perdue :,Y,Y
openstudio::GasEquipmentDefinitionInspectorView,Fraction Radiant:,Fracción radiante:,Fracción Radiante:,Fraction Rayonnante :,Fraction Rayonnée :,Y,Y
openstudio::GasEquipmentDefinitionInspectorView,Name:,Nombre:,Nombre:,Nom :,Nom :,,
openstudio::GasEquipmentDefinitionInspectorView,Power Per Person:,Potencia por persona:,Potencia Por Persona:,Puissance par personne :,Puissance par personne :,Y,
openstudio::GasEquipmentDefinitionInspectorView,Power Per Space Floor Area:,Potencia por área de piso del espacio:,Potencia Por Área De Piso Del Espacio:,Puissance par surface de plancher d'espace:,Puissance par unité de surface au sol :,Y,Y
openstudio::GeometryTabController,3D View,Vista 3D,Vista 3D,Vue 3D,Vue 3D,,
openstudio::GeometryTabController,Editor,Editor,Editor,Éditeur,Éditeur,,
openstudio::GeometryTabController,Geometry,Geometría,Geometría,Géométrie,Géométrie,,
openstudio::GridItem,Demand Equipment,Equipos de Demanda,Equipo de Demanda,Équipements de consommation,Équipement de Demande,Y,Y
openstudio::GridItem,Drag From Library,Arrastrar desde Biblioteca,Arrastrar desde la Biblioteca,Glisser depuis la Bibliothèque,Glisser depuis la bibliothèque,Y,Y
openstudio::GridItem,Drag Water Use Connections from Library,Arrastrar Conexiones de Uso de Agua desde la Biblioteca,Arrastre Conexiones de Uso de Agua desde la Biblioteca,Faire glisser les connexions d'utilisation d'eau à partir de la bibliothèque,Glissez les connexions d'utilisation d'eau depuis la bibliothèque,Y,Y
openstudio::GridItem,Drag Water Use Equipment from Library,Arrastrar Equipo de Uso de Agua desde la Biblioteca,Arrastre Equipo de Uso de Agua desde la Biblioteca,Glisser l'équipement de consommation d'eau de la bibliothèque,Faites glisser Équipement d'utilisation d'eau depuis la bibliothèque,Y,Y
openstudio::GridItem,Supply Equipment,Equipos de Suministro,Equipos de Distribución,Équipement d'alimentation,Équipement de distribution,Y,Y
openstudio::GroundTemperatureListView,Building Surface Ground Temperatures,Temperaturas de Tierra de Superficies de Edificios,Temperaturas del Suelo en Superficies del Edificio,Températures du sol des surfaces du bâtiment,Températures du sol des surfaces du bâtiment,Y,
openstudio::GroundTemperatureListView,Deep Ground Temperatures,Temperaturas del Terreno Profundo,Temperaturas Profundas del Terreno,Températures profondes du sol,Températures Profondes du Sol,Y,Y
openstudio::GroundTemperatureListView,FCfactorMethod Ground Temperatures,Temperaturas del Suelo del Método FCfactor,Temperaturas del Terreno - Método de Factor FC,FCfactorMethod Ground Temperatures,Températures du sol avec la méthode des facteurs F,Y,Y
openstudio::GroundTemperatureListView,Shallow Ground Temperatures,Temperaturas Superficiales del Terreno,Temperaturas Superficiales del Terreno,Températures peu profondes du sol,Températures superficielles du sol,,Y
openstudio::GroundTemperatureListView,Water Mains Temperature,Temperatura del Agua de Red,Temperatura del Agua de Red,Température de l'eau du réseau,Température de l'eau de réseau,,Y
openstudio::GroundTemperatureNotPresentView,<p>The <b>%1</b> Unique ModelObject is not present in this model.</p><p>Click Add to instantiate it.</p>,El objeto del modelo único %1 no está presente en este modelo.Haz clic en Agregar para instanciarlo.,El objeto único del modelo %1 no está presente en este modelo.Haga clic en Añadir para crearlo.,L'objet de modèle unique <b>%1</b> n'est pas présent dans ce modèle.</p><p>Cliquez sur Ajouter pour l'instancier.</p>,L'objet ModelObject unique %1 n'est pas présent dans ce modèle.Cliquez sur Ajouter pour l'instancier.,Y,Y
openstudio::GroundTemperatureNotPresentView,Add,Añadir,Añadir,Ajouter,Ajouter,,
openstudio::GroundTemperatureNotPresentView,Import from EPW,Importar desde EPW,Importar desde EPW,Importer depuis EPW,Importer depuis EPW,,
openstudio::GroundTemperatureNotPresentView,"No weather file is associated with the model, so the object will be added with default values.","No hay archivo de clima asociado al modelo, por lo que el objeto se añadirá con valores predeterminados.","No hay ningún archivo de clima asociado con el modelo, por lo que el objeto se añadirá con valores predeterminados.","Aucun fichier météorologique n'est associé au modèle, l'objet sera donc ajouté avec des valeurs par défaut.","Aucun fichier météorologique n'est associé au modèle, l'objet sera donc ajouté avec les valeurs par défaut.",Y,Y
openstudio::GroundTemperatureNotPresentView,"The weather file contains ground temperature data at a depth of <b><span style=""color: #1C7BBF;"">%1 m</span></b>, so you can choose to import those values or add the object with default values.","El archivo climático contiene datos de temperatura del terreno a una profundidad de <b><span style=""color: #1C7BBF;"">%1 m</span></b>, por lo que puede elegir importar esos valores o añadir el objeto con valores predeterminados.","El archivo climático contiene datos de temperatura del terreno a una profundidad de %1 m, por lo que puede elegir importar esos valores o agregar el objeto con valores predeterminados.","Le fichier météorologique contient des données de température du sol à une profondeur de <b><span style=""color: #1C7BBF;"">%1 m</span></b>, vous pouvez donc choisir d'importer ces valeurs ou d'ajouter l'objet avec les valeurs par défaut.","Le fichier météorologique contient des données de température du sol à une profondeur de %1 m, vous pouvez donc choisir d'importer ces valeurs ou d'ajouter l'objet avec des valeurs par défaut.",Y,Y
openstudio::GroundTemperatureNotPresentView,"The weather file does not contain any ground temperature data, so the object will be added with default values.","El archivo de clima no contiene datos de temperatura del terreno, por lo que el objeto se añadirá con valores predeterminados.","El archivo de clima no contiene datos de temperatura del terreno, por lo que el objeto se agregará con valores predeterminados.","Le fichier météorologique ne contient pas de données de température du sol, donc l'objet sera ajouté avec les valeurs par défaut.","Le fichier météorologique ne contient pas de données de température du sol, l'objet sera donc ajouté avec des valeurs par défaut.",Y,Y
openstudio::GroundTemperatureNotPresentView,"The weather file does not contain ground temperature data at the expected depth of %1 m, so the object will be added with default values.","El archivo de clima no contiene datos de temperatura del terreno a la profundidad esperada de %1 m, por lo que el objeto se agregará con valores predeterminados.","El archivo de clima no contiene datos de temperatura del terreno a la profundidad esperada de %1 m, por lo que el objeto se añadirá con valores predeterminados.","Le fichier météorologique ne contient pas de données de température du sol à la profondeur attendue de %1 m, l'objet sera donc ajouté avec des valeurs par défaut.","Le fichier météorologique ne contient pas de données de température du sol à la profondeur attendue de %1 m, l'objet sera donc ajouté avec des valeurs par défaut.",Y,
openstudio::GroundTemperatureNotPresentView,"While a weather file is associated with the model, could not locate the underlying EpwFile, so the object will be added with default values.","Aunque hay un archivo de clima asociado con el modelo, no se pudo localizar el EpwFile subyacente, por lo que el objeto se agregará con valores por defecto.","Aunque un archivo de clima está asociado al modelo, no se pudo localizar el archivo EPW subyacente, por lo que el objeto se añadirá con valores predeterminados.","Bien qu'un fichier météorologique soit associé au modèle, le fichier EpwFile sous-jacent est introuvable, l'objet sera donc ajouté avec les valeurs par défaut.","Bien qu'un fichier météorologique soit associé au modèle, le fichier EpwFile sous-jacent n'a pas pu être localisé, l'objet sera donc ajouté avec les valeurs par défaut.",Y,Y
openstudio::HVACAirLoopControlsView,Availability Managers,Gestores de Disponibilidad,Gestores de Disponibilidad,Gestionnaires de disponibilité,Gestionnaires de disponibilité,,
openstudio::HVACAirLoopControlsView,Availability Managers from highest precedence to lowest,Gestores de Disponibilidad de mayor a menor prioridad,Gestores de Disponibilidad de mayor a menor precedencia,Gestionnaires de disponibilité du plus haut au plus bas niveau de priorité,Gestionnaires de disponibilité du plus haute à la plus basse priorité,Y,Y
openstudio::HVACAirLoopControlsView,Cooling Type:,Tipo de Enfriamiento:,Tipo de Enfriamiento:,Type de refroidissement :,Type de refroidissement :,,
openstudio::HVACAirLoopControlsView,Cycle on Full System if Heating or Cooling Required,Ciclo en Sistema Completo si se Requiere Calefacción o Enfriamiento,Ciclo en Sistema Completo si se Requiere Calefacción o Refrigeración,Cycle sur le système complet si chauffage ou refroidissement requis,Cycle du système complet si chauffage ou refroidissement requis,Y,Y
openstudio::HVACAirLoopControlsView,Cycle on Zone Terminal Units if Heating or Cooling Required,Ciclo en Unidades Terminales de Zona si se Requiere Calefacción o Enfriamiento,Ciclar en Unidades Terminales de Zona si se Requiere Calefacción o Refrigeración,Cycle on Zone Terminal Units if Heating or Cooling Required,Cycle sur les unités terminales de zone si chauffage ou refroidissement requis,Y,Y
openstudio::HVACAirLoopControlsView,Follow the HVAC Operation Schedule,Seguir el Horario de Operación HVAC,Seguir la Programación de Operación HVAC,Suivre le calendrier de fonctionnement du CVCA,Suivre le calendrier d'exploitation HVAC,Y,Y
openstudio::HVACAirLoopControlsView,Heating Type:,Tipo de Calefacción:,Tipo de Calefacción:,Type de chauffage :,Type de chauffage :,,
openstudio::HVACAirLoopControlsView,HVAC Operation Schedule,Horario de Operación HVAC,Horario de Operación HVAC,Calendrier d'exploitation HVAC,Horaire de Fonctionnement du Système HVAC,,Y
openstudio::HVACAirLoopControlsView,Mechanical Ventilation,Ventilación Mecánica,Ventilación Mecánica,Ventilation Mécanique,Ventilation Mécanique,,
openstudio::HVACAirLoopControlsView,Supply Air Temperature,Temperatura del Aire de Suministro,Temperatura del Aire de Suministro,Température de l'air soufflé,Température de l'air soufflé,,
openstudio::HVACAirLoopControlsView,Time of Operation,Horario de Operación,Horario de Operación,Heures de fonctionnement,Horaire de Fonctionnement,,Y
openstudio::HVACAirLoopControlsView,Use Night Cycle,Usar Ciclo Nocturno,Usar Ciclo Nocturno,Utiliser le cycle nocturne,Utiliser cycle nocturne,,Y
openstudio::HVACControlsController,Air Source Heat Pump,Bomba de Calor Fuente de Aire,Bomba de Calor de Fuente de Aire,Pompe à chaleur air-air,Pompe à chaleur air-air,Y,
openstudio::HVACControlsController,Both,Ambos,Ambos,Les deux,Les deux,,
openstudio::HVACControlsController,Chilled Water,Agua Fría,Agua Enfriada,Eau Glacée,Eau Glacée,Y,
openstudio::HVACControlsController,Cooling,Enfriamiento,Refrigeración,Refroidissement,Refroidissement,Y,
openstudio::HVACControlsController,Drag From Library,Arrastrar desde la Biblioteca,Arrastrar desde la Biblioteca,Glisser à partir de la bibliothèque,Glisser depuis la bibliothèque,,Y
openstudio::HVACControlsController,DX Cooling,Enfriamiento DX,Enfriamiento por Expansión Directa,Refroidissement par compression (DX),Refroidissement par expansion directe,Y,Y
openstudio::HVACControlsController,Electric Heating,Calefacción Eléctrica,Calefacción Eléctrica,Chauffage Électrique,Chauffage électrique,,Y
openstudio::HVACControlsController,Gas Heating,Calefacción a Gas,Calefacción de Gas,Chauffage au gaz,Chauffage au gaz,Y,
openstudio::HVACControlsController,Heating,Calefacción,Calefacción,Chauffage,Chauffage,,
openstudio::HVACControlsController,Hot Water,Agua Caliente,Agua Caliente,Eau chaude,Eau chaude,,
openstudio::HVACControlsController,None,Ninguno,Ninguno,Aucun,Aucun,,
openstudio::HVACControlsController,Unclassified Cooling Type,Tipo de Enfriamiento No Clasificado,Tipo de Enfriamiento sin Clasificar,Type de refroidissement non classifié,Type de refroidissement non classifié,Y,
openstudio::HVACControlsController,Unclassified Heating Type,Tipo de Calefacción No Clasificado,Tipo de Calefacción No Clasificado,Type de Chauffage Non Classifié,Type de Chauffage Non Classifié,,
openstudio::HVACPlantLoopControlsView,Availability Managers,Gestores de Disponibilidad,Gestores de Disponibilidad,Gestionnaires de disponibilité,Gestionnaires de disponibilité,,
openstudio::HVACPlantLoopControlsView,Availability Managers from highest precedence to lowest,Gestores de Disponibilidad de mayor a menor prioridad,Gestores de Disponibilidad de mayor a menor precedencia,Gestionnaires de disponibilité du plus haute priorité au plus basse,Gestionnaires de disponibilité du plus haute à la plus basse priorité,Y,Y
openstudio::HVACPlantLoopControlsView,Cooling Components:,Componentes de Enfriamiento:,Componentes de Enfriamiento:,Composants de refroidissement :,Composants de refroidissement :,,
openstudio::HVACPlantLoopControlsView,Heating Components:,Componentes de Calefacción:,Componentes de Calefacción:,Composants de chauffage :,Composants de chauffage :,,
openstudio::HVACPlantLoopControlsView,HVAC System,Sistema HVAC,Sistema HVAC,Système HVAC,Système HVAC,,
openstudio::HVACPlantLoopControlsView,Plant Equipment Operation Schemes,Esquemas de Operación de Equipos de Planta,Esquemas de Operación de Equipos de Planta,Schémas d'exploitation des équipements du circuit,Schémas de fonctionnement des équipements de boucle,,Y
openstudio::HVACPlantLoopControlsView,Plant Loop Type:,Tipo de Bucle de Planta:,Tipo de Circuito Hidráulico:,Type de boucle de circuit :,Type de boucle de fluide caloporteur :,Y,Y
openstudio::HVACPlantLoopControlsView,Setpoint Components:,Componentes de Punto de Ajuste:,Componentes de Punto de Consigna:,Composants de consigne :,Composants de Consigne :,Y,Y
openstudio::HVACPlantLoopControlsView,Supply Water Temperature,Temperatura del Agua de Suministro,Temperatura del Agua de Suministro,Température de l'eau fournie,Température de l'eau de départ,,Y
openstudio::HVACPlantLoopControlsView,Uncontrolled Components:,Componentes Sin Control:,Componentes Sin Control:,Composants Non Contrôlés :,Composants non contrôlés :,,Y
openstudio::HVACSystemsController,Air Source Heat Pump,Bomba de Calor Fuente de Aire,Bomba de Calor de Fuente de Aire,Pompe à chaleur air-air,Pompe à chaleur air-air,Y,
openstudio::HVACSystemsController,Chilled Water,Agua Fría,Agua Enfriada,Eau Glacée,Eau Glacée,Y,
openstudio::HVACSystemsController,DX Cooling,Enfriamiento DX,Enfriamiento por Expansión Directa,Refroidissement par compression (DX),Refroidissement par expansion directe,Y,Y
openstudio::HVACSystemsController,Electric Heating,Calefacción Eléctrica,Calefacción Eléctrica,Chauffage Électrique,Chauffage électrique,,Y
openstudio::HVACSystemsController,Gas Heating,Calefacción a Gas,Calefacción de Gas,Chauffage au gaz,Chauffage au gaz,Y,
openstudio::HVACSystemsController,Hot Water,Agua Caliente,Agua Caliente,Eau chaude,Eau chaude,,
openstudio::HVACSystemsController,Refrigeration,Refrigeración,Refrigeración,Réfrigération,Réfrigération,,
openstudio::HVACSystemsController,Service Hot Water,Agua Caliente Sanitaria,Agua Caliente Sanitaria,Eau Chaude Sanitaire,Eau Chaude Sanitaire,,
openstudio::HVACSystemsController,Unclassified Cooling Type,Tipo de Enfriamiento No Clasificado,Tipo de Enfriamiento sin Clasificar,Type de refroidissement non classifié,Type de refroidissement non classifié,Y,
openstudio::HVACSystemsController,Unclassified Heating Type,Tipo de Calefacción No Clasificado,Tipo de Calefacción No Clasificado,Type de Chauffage Non Classifié,Type de Chauffage Non Classifié,,
openstudio::HVACSystemsController,VRF,VRF,VRF,VRF,VRF,,
openstudio::HVACSystemsTabView,HVAC Systems,Sistemas HVAC,Sistemas HVAC,Systèmes CVC,Systèmes HVAC,,Y
openstudio::HVACToolbarView,Control,Control,Control,Contrôle,Contrôle,,
openstudio::HVACToolbarView,Grid,Cuadrícula,Cuadrícula,Grille,Grille,,
openstudio::HVACToolbarView,Layout,Diseño,Diseño,Disposition,Disposition,,
openstudio::HorizontalBranchItem,Drag From Library,Arrastrar desde la biblioteca,Arrastrar desde la Biblioteca,Glisser-déposer depuis la bibliothèque,Glisser depuis la bibliothèque,Y,Y
openstudio::HorizontalHeaderWidget,Apply to Selected,Aplicar a Seleccionados,Aplicar a Seleccionados,Appliquer à la sélection,Appliquer à la sélection,,
openstudio::HorizontalHeaderWidget,"Check to add this column to ""Custom""","Marque para agregar esta columna a ""Personalizado""","Marque para agregar esta columna a ""Personalizado""","Cocher pour ajouter cette colonne à ""Personnalisé""",Cochez cette case pour ajouter cette colonne à « Personnalisé »,,Y
openstudio::HotWaterEquipmentDefinitionInspectorView,Design Level:,Nivel de diseño:,Nivel de Diseño:,Niveau de conception :,Niveau de conception :,Y,
openstudio::HotWaterEquipmentDefinitionInspectorView,Fraction Latent:,Fracción latente:,Fracción Latente:,Fraction latente :,Fraction Latente :,Y,Y
openstudio::HotWaterEquipmentDefinitionInspectorView,Fraction Lost:,Fracción perdida:,Fracción Perdida:,Fraction Perdue :,Fraction perdue :,Y,Y
openstudio::HotWaterEquipmentDefinitionInspectorView,Fraction Radiant:,Fracción radiante:,Fracción Radiante:,Fraction Rayonnante :,Fraction Rayonnée :,Y,Y
openstudio::HotWaterEquipmentDefinitionInspectorView,Name:,Nombre:,Nombre:,Nom :,Nom :,,
openstudio::HotWaterEquipmentDefinitionInspectorView,Watts Per Person:,Vatios por persona:,Vatios Por Persona:,Watts Par Personne :,Watts par personne :,Y,Y
openstudio::HotWaterEquipmentDefinitionInspectorView,Watts Per Space Floor Area:,Vatios por área de piso del espacio:,Vatios Por Área De Piso Del Espacio:,Watts par surface de plancher d'espace:,Watts Par Mètre Carré De Plancher De L'Espace :,Y,Y
openstudio::HotWaterSupplyItem,Go back to hot water supply system,Volver al sistema de suministro de agua caliente,Volver al sistema de suministro de agua caliente,Revenir au système d'alimentation en eau chaude,Revenir au système d'alimentation en eau chaude,,
openstudio::InternalMassDefinitionInspectorView,Construction:,Construcción:,Construcción:,Construction :,Construction :,,
openstudio::InternalMassDefinitionInspectorView,Name:,Nombre:,Nombre:,Nom :,Nom :,,
openstudio::InternalMassDefinitionInspectorView,Surface Area Per Person:,Área de superficie por persona:,Área de Superficie por Persona:,Surface par Personne :,Surface Area Per Person:,Y,Y
openstudio::InternalMassDefinitionInspectorView,Surface Area Per Space Floor Area:,Área de superficie por área de piso del espacio:,Área de Superficie por Área de Piso del Espacio:,Surface Area Per Space Floor Area:,Surface de masse interne par unité de surface de plancher :,Y,Y
openstudio::InternalMassDefinitionInspectorView,Surface Area:,Área de superficie:,Área de Superficie:,Superficie :,Aire de surface :,Y,Y
openstudio::LibraryDialog,Add,Agregar,Añadir,Ajouter,Ajouter,Y,
openstudio::LibraryDialog,Change Default Libraries,Cambiar bibliotecas predeterminadas,Cambiar Librerías Predeterminadas,Modifier les bibliothèques par défaut,Modifier les bibliothèques par défaut,Y,
openstudio::LibraryDialog,OpenStudio Files (*.osm),Archivos de OpenStudio (*.osm),Archivos OpenStudio (*.osm),OpenStudio Files (*.osm),Fichiers OpenStudio (*.osm),Y,Y
openstudio::LibraryDialog,Remove,Eliminar,Eliminar,Supprimer,Supprimer,,
openstudio::LibraryDialog,Restore Defaults,Restaurar predeterminados,Restaurar valores predeterminados,Restaurer les valeurs par défaut,Restaurer les paramètres par défaut,Y,Y
openstudio::LibraryDialog,Select OpenStudio Library,Seleccionar Libreria de OpenStudio,Seleccionar Biblioteca de OpenStudio,Selectionner la Bibliothèque OpenStudio,Sélectionner une bibliothèque OpenStudio,Y,Y
openstudio::LibraryItemDelegate,"Python Measures are not supported in the Classic CLI.
You can change CLI version using 'Preferences->Use Classic CLI'.","Las medidas de Python no son compatibles con la CLI clásica.
Puede cambiar la versión de la CLI en 'Preferencias->Usar CLI clásica'.","Las Medidas de Python no son compatibles con la CLI clásica.
Puede cambiar la versión de CLI usando 'Preferencias->Usar CLI clásica'.","Les mesures Python ne sont pas prises en charge dans la CLI classique.
Vous pouvez modifier la version de la CLI dans 'Préférences->Utiliser la CLI classique'.","Les Mesures Python ne sont pas supportées dans l'interface CLI classique.
Vous pouvez changer la version CLI en utilisant « Préférences->Utiliser CLI classique ».",Y,Y
openstudio::LibraryItemView,Measure,Medida,Medida,Mesure,Mesure,,
openstudio::LifeCycleCostsView,Analysis Length (Years),Duración del Análisis (Años),Duración del Análisis (Años),Durée d'analyse (années),Durée d'analyse (années),,
openstudio::LifeCycleCostsView,Analysis Type,Término Constante de Potencia Auxiliar,Tipo de Análisis,Type d'analyse,Type d'analyse,Y,
openstudio::LifeCycleCostsView,Coal (fraction),Carbón (fracción),Carbón (fracción),Charbon (fraction),Charbon (fraction),,
openstudio::LifeCycleCostsView,Custom,Personalizado,Personalizado,Personnalisé,Personnalisé,,
openstudio::LifeCycleCostsView,Diesel (fraction),Diésel (fracción),Diésel (fracción),Diesel (fraction),Diesel (fraction),,
openstudio::LifeCycleCostsView,Electricity (fraction),Electricidad (fracción),Electricidad (fracción),Électricité (fraction),Électricité (fraction),,
openstudio::LifeCycleCostsView,Federal Energy Management Program (FEMP),Federal Energy Management Program (FEMP),Programa Federal de Gestión de Energía (FEMP),Federal Energy Management Program (FEMP),Programme fédéral de gestion de l'énergie (FEMP),Y,Y
openstudio::LifeCycleCostsView,Fuel Oil #1 (fraction),Combustible Diésel #1 (fracción),Fuel Oil #1 (fracción),Mazout #1 (fraction),Fioul domestique n°1 (fraction),Y,Y
openstudio::LifeCycleCostsView,Fuel Oil #2 (fraction),Combustible Diésel #2 (fracción),Combustible (fracción),Fioul domestique n°2 (fraction),Fioul domestique n°2 (fraction),Y,
openstudio::LifeCycleCostsView,Gasoline (fraction),Gasolina (fracción),Gasolina (fracción),Essence (fraction),Essence (fraction),,
openstudio::LifeCycleCostsView,Inflation Rates (Relative to general inflation),Tasas de Inflación (Relativas a la inflación general),Tasas de Inflación (Relativas a la inflación general),Taux d'inflation (Relatifs à l'inflation générale),Taux d'inflation (Relatifs à l'inflation générale),,
openstudio::LifeCycleCostsView,Life Cycle Cost Parameters,Parámetros de Costo del Ciclo de Vida,Parámetros de Costo del Ciclo de Vida,Paramètres de coût du cycle de vie,Paramètres de Coût du Cycle de Vie,,Y
openstudio::LifeCycleCostsView,Natural Gas (fraction),Gas Natural (fracción),Gas Natural (fracción),Gaz naturel (fraction),Gaz naturel (fraction),,
openstudio::LifeCycleCostsView,NIST Region,Coeficiente de Pérdida Adicional del Nodo 1,Región NIST,Région NIST,Région NIST,Y,
openstudio::LifeCycleCostsView,NIST Sector,Nombre del Nodo 1,Sector NIST,Secteur NIST,Secteur NIST,Y,
openstudio::LifeCycleCostsView,No,No,No,Non,Non,,
openstudio::LifeCycleCostsView,"Performed using constant dollar methodology.  The base date and service date are assumed to be January 1, 2012.",Realizado utilizando metodología de dólares constantes. Se asume que la fecha base y la fecha de servicio son el 1 de enero de 2012.,Realizado utilizando metodología de dólares constantes. Se asume que la fecha base y la fecha de servicio son el 1 de enero de 2012.,Réalisée selon la méthodologie du dollar constant. La date de base et la date de service sont supposées être le 1er janvier 2012.,Effectuée selon la méthodologie du dollar constant. La date de base et la date de service sont supposées être le 1er janvier 2012.,,Y
openstudio::LifeCycleCostsView,Propane (fraction),Propano (fracción),Propano (fracción),Propane (fraction),Propane (fraction),,
openstudio::LifeCycleCostsView,Real Discount Rate (fraction),Tasa de Descuento Real (fracción),Tasa de Descuento Real (fracción),Taux d'actualisation réel (fraction),Taux d'actualisation réel (fraction),,
openstudio::LifeCycleCostsView,Steam (fraction),Vapor (fracción),Vapor (fracción),Vapeur (fraction),Vapeur (fraction),,
openstudio::LifeCycleCostsView,Use National Institute of Standards and Technology (NIST) Fuel Escalation Rates,Usar las Tasas de Escalación de Combustible del National Institute of Standards and Technology (NIST),Usar tasas de escalación de combustibles del Instituto Nacional de Estándares y Tecnología (NIST),Utiliser les taux d'escalade des carburants du National Institute of Standards and Technology (NIST),Utiliser les taux d'escalade des carburants du National Institute of Standards and Technology (NIST),Y,
openstudio::LifeCycleCostsView,Water (fraction),Agua (fracción),Agua (fracción),Eau (fraction),Eau (fraction),,
openstudio::LifeCycleCostsView,Yes,Sí,Sí,Oui,Oui,,
openstudio::LightsDefinitionInspectorView,Fraction Radiant:,Fracción radiante:,Fracción Radiante:,Fraction Rayonnante :,Fraction Rayonnée :,Y,Y
openstudio::LightsDefinitionInspectorView,Fraction Visible:,Fracción visible:,Fracción Visible:,Fraction Visible:,"Fraction Visible / Visible:

Fraction Visible:",Y,Y
openstudio::LightsDefinitionInspectorView,Lighting Power:,Potencia de iluminación:,Potencia de Iluminación:,Puissance d'éclairage :,Puissance d'éclairage :,Y,
openstudio::LightsDefinitionInspectorView,Name:,Nombre:,Nombre:,Nom :,Nom :,,
openstudio::LightsDefinitionInspectorView,Return Air Fraction:,Fracción de aire de retorno:,Fracción de Aire de Retorno:,Fraction d'air de retour :,Fraction d'air de retour :,Y,
openstudio::LightsDefinitionInspectorView,Watts Per Person:,Vatios por persona:,Vatios Por Persona:,Watts Par Personne :,Watts par personne :,Y,Y
openstudio::LightsDefinitionInspectorView,Watts Per Space Floor Area:,Vatios por área de piso del espacio:,Vatios Por Área De Piso Del Espacio:,Watts Par Unité de Surface:,Watts Par Mètre Carré De Plancher De L'Espace :,Y,Y
openstudio::LoadsView,Electric Equipment Definitions,Definiciones de equipos eléctricos,Definiciones de Equipos Eléctricos,Définitions des équipements électriques,Définitions des Équipements Électriques,Y,Y
openstudio::LoadsView,Gas Equipment Definitions,Definiciones de equipos de gas,Definiciones de Equipos de Gas,Définitions des équipements à gaz,Définitions d'équipement gaz,Y,Y
openstudio::LoadsView,Hot Water Equipment Definitions,Definiciones de equipos de agua caliente,Definiciones de Equipos de Agua Caliente,Définitions des équipements d'eau chaude,Définitions d'équipements d'eau chaude sanitaire,Y,Y
openstudio::LoadsView,Internal Mass Definitions,Definiciones de masa interna,Definiciones de Masa Interna,Définitions de masse interne,Définitions de Masse Thermique Interne,Y,Y
openstudio::LoadsView,Lights Definitions,Definiciones de iluminación,Definiciones de Iluminación,Définitions d'éclairage,Définitions d'éclairage,Y,
openstudio::LoadsView,Luminaire Definitions,Definiciones de luminarias,Definiciones de Luminarias,Définitions des luminaires,Définitions de luminaires,Y,Y
openstudio::LoadsView,Other Equipment Definitions,Definiciones de otros equipos,Definiciones de Otros Equipos,Définitions des Autres Équipements,Définitions d'autres équipements,Y,Y
openstudio::LoadsView,People Definitions,Definiciones de personas,Definiciones de Ocupación,Définitions des personnes,Définitions de personnes,Y,Y
openstudio::LoadsView,Steam Equipment Definitions,Definiciones de equipos de vapor,Definiciones de Equipos de Vapor,Définitions des équipements à vapeur,Définitions d'équipements vapeur,Y,Y
openstudio::LoadsView,Water Use Equipment Definitions,Definiciones de equipos de uso de agua,Definiciones de Equipos de Consumo de Agua,Définitions des équipements d'utilisation d'eau,Définitions des équipements de consommation d'eau,Y,Y
openstudio::LocalLibraryView,Connect to Online BCL to Download New Measures and Update Existing Measures to Library,Conectar a BCL en Línea para Descargar Nuevas Medidas y Actualizar las Medidas Existentes en la Biblioteca,Conectar a BCL en línea para descargar nuevas medidas y actualizar medidas existentes en la biblioteca,Connecter à la BCL en ligne pour télécharger de nouvelles mesures et mettre à jour les mesures existantes dans la bibliothèque,Se connecter à la BCL en ligne pour télécharger de nouvelles Mesures et mettre à jour les Mesures existantes dans la bibliothèque,Y,Y
openstudio::LocalLibraryView,Copy Selected Measure and Add to My Measures,Copiar la Medida Seleccionada y Agregar a Mis Medidas,Copiar Medida Seleccionada y Agregar a Mis Medidas,Copier la mesure sélectionnée et l'ajouter à Mes mesures,Copier la Mesure sélectionnée et l'ajouter à Mes Mesures,Y,Y
openstudio::LocalLibraryView,Create a Measure from Template and add to My Measures,Crear una Medida desde Plantilla y Agregarla a Mis Medidas,Crear una Medida desde una Plantilla y añadir a Mis Medidas,Créer une Mesure à partir d'un modèle et l'ajouter à Mes Mesures,Créer une Mesure à partir d'un modèle et l'ajouter à Mes Mesures,Y,
openstudio::LocalLibraryView,Find Measures on BCL,Buscar Medidas en BCL,Buscar Medidas en BCL,Trouver des mesures sur BCL,Trouver des Mesures sur BCL,,Y
openstudio::LocalLibraryView,Look for BCL measure updates online,Buscar Actualizaciones de Medidas de BCL en Línea,Buscar actualizaciones de medidas del BCL en línea,Chercher les mises à jour des mesures BCL en ligne,Rechercher les mises à jour des mesures BCL en ligne,Y,Y
openstudio::LocalLibraryView,Open the My Measures Directory,Abrir el Directorio Mis Medidas,Abrir el Directorio Mis Medidas,Ouvrir le répertoire Mes mesures,Ouvrir le répertoire Mes Mesures,,Y
openstudio::LocationTabController,Ground Temperatures,Temperaturas del Suelo,Temperaturas del Terreno,Températures du sol,Températures du sol,Y,
openstudio::LocationTabController,Life Cycle Costs,Costos de Ciclo de Vida,Costos del Ciclo de Vida,Coûts du cycle de vie,Coûts du Cycle de Vie,Y,Y
openstudio::LocationTabController,Utility Bills,Facturas de Servicios,Facturas de Servicios,Factures,Factures de Consommation,,Y
openstudio::LocationTabController,Weather File && Design Days,Archivo de Clima y Dias de Diseño,Archivo de Clima && Días de &Diseño,Fichiers météos && Jours de dimensionnement,Fichier Météorologique && Jours de Conception,Y,Y
openstudio::LocationTabView,Site,Sitio,Sitio,Site,Site,,
openstudio::LocationView,", %1 of which are unknown type",", %1 de los cuales son de tipo desconocido",%1 de los cuales son de tipo desconocido,", dont %1 de type inconnu",%1 d'entre eux sont de type inconnu,Y,Y
openstudio::LocationView,ASHRAE Climate Zone,Zona Climática de ASHRAE,Zona Climática ASHRAE,Zone Climate ASHRAE,Zone climatique ASHRAE,Y,Y
openstudio::LocationView,Cancel,Cancelar,Cancelar,Annuler,Annuler,,
openstudio::LocationView,CEC Climate Zone,Zona Climática de CEC,Zona Climática CEC,Zone Climatique CEC,Zone climatique CEC,Y,Y
openstudio::LocationView,Change Weather File,Cambiar Archivo de Clima,Cambiar Archivo Climático,Changer fichier météo,Changer le fichier météorologique,Y,Y
openstudio::LocationView,Cooling,Enfriamiento,Refrigeración,Refroidissement,Refroidissement,Y,
openstudio::LocationView,Design Days,Dias de Diseño,Días de Diseño,Jours de dimensionnement,Jours de dimensionnement,Y,
openstudio::LocationView,"Download weather files at <a href=""http://www.energyplus.net/weather"">www.energyplus.net/weather</a>","Descarga Archivos de Clima en<a href=""http://www.energyplus.net/weather"">www.energyplus.net/weather</a>",Descargar archivos de clima en www.energyplus.net/weather,"Fichiers météo téléchargeables sur <a href=""http://www.energyplus.net/weather"">www.energyplus.net/weather</a>",Télécharger les fichiers météorologiques sur www.energyplus.net/weather,Y,Y
openstudio::LocationView,"Elevation affects the wind speed at the site, and is defaulted to the Weather File's elevation",Modo de Entrada,"La elevación afecta la velocidad del viento en el sitio, y se establece por defecto a la elevación del archivo meteorológico",L'altitude affecte la vitesse du vent sur le site et est définie par défaut à l'altitude du fichier météorologique,L'élévation affecte la vitesse du vent sur le site et est définie par défaut à l'élévation du fichier météorologique,Y,Y
openstudio::LocationView,Elevation:,Elevación:,Elevación:,Elévation :,Altitude :,,Y
openstudio::LocationView,EPW Files (*.epw);; All Files (*.*),Archivos EPW (*.epw);; Todos los Archivos (*.*),EPW Files (*.epw);; All Files (*.*),Fichiers EPW (*.epw);; Tous (*.*),Fichiers EPW (*.epw);; Tous les fichiers (*.*)</,Y,Y
openstudio::LocationView,Failed To Set Weather File,Error al Especificar el Archivo de Clima,Error al Establecer el Archivo Climático,Impossible d'attribuer le fichier météo,Impossible de définir le fichier météorologique,Y,Y
openstudio::LocationView,Failed To Set Weather File To,Error al Especificar el Archivo de Clima a,No se pudo establecer el archivo de clima en,Impossible d'attribuer le fichier météo suivant :,Impossible de définir le fichier météorologique pour,Y,Y
openstudio::LocationView,Heating,Calefacción,Calefacción,Chauffage,Chauffage,,
openstudio::LocationView,"If enabled, this will write the Site:Location object that will keep the Elevation change for example.",Modo de Entrada,"Si se habilita, se escribirá el objeto Site:Location que mantendrá el cambio de Elevación, por ejemplo.","Si activé, cela écrira l'objet Site:Location qui conservera par exemple le changement d'Élévation.","Si activé, cela écrira l'objet Site:Location qui conservera le changement d'Élévation par exemple.",Y,Y
openstudio::LocationView,Import all,Importar todo,Importar todo,Importer tous,Importer tous,,
openstudio::LocationView,Import From DDY,Importar de DDY,Importar Desde DDY,Importer depuis fichier DDY,Importer depuis DDY,Y,Y
openstudio::LocationView,Keep Site Location Information,Modo de Entrada,Mantener la información de ubicación del sitio,Conserver les informations d'emplacement du site,Conserver les informations de localisation du site,Y,Y
openstudio::LocationView,Latitude:,Latitud:,Latitud:,Latitude :,Latitude :,,
openstudio::LocationView,Longitude:,Longitud:,Longitud:,Longitude :,Longitude :,,
openstudio::LocationView,Measure Tags (Optional):,Etiquetas de Medida (Opcional):,Etiquetas de Medidas (Opcional):,Tags de Mesures (Optionnel) :,Étiquettes de Mesure (Optionnel) :,Y,Y
openstudio::LocationView,Name:,Nombre:,Nombre:,Nom :,Nom :,,
openstudio::LocationView,No Design Days in DDY File,No hay Dias de Diseño en el Archivo DDY,No hay días de diseño en el archivo DDY,Aucun jours de dimensionnement dans le fichier DDY,Aucun jour de conception dans le fichier DDY,Y,Y
openstudio::LocationView,OK,OK,Aceptar,OK,OK,Y,
openstudio::LocationView,Open DDY File,Abrir Archivo DDY,Abrir archivo DDY,Ouvrir fichier DDY,Ouvrir un fichier DDY,Y,Y
openstudio::LocationView,Open Weather File,Abrir Archivo de Clima,Abrir Archivo de Clima,Ouvrir fichier météo,Ouvrir le fichier météorologique,,Y
openstudio::LocationView,Set Weather File,Especificar Archivo de Clima,Establecer Archivo Climático,Attributer fichier météo,Définir le fichier météorologique,Y,Y
openstudio::LocationView,Site Information:,100% Aire Exterior en Enfriamiento,Información del Sitio:,Informations sur le site :,Informations de site :,Y,Y
openstudio::LocationView,Terrain,Terreno,Terreno,Terrain,Terrain,,
openstudio::LocationView,Terrain affects the wind speed at the site.,El terreno afecta la velocidad del viento en el sitio.,El terreno afecta la velocidad del viento en el sitio.,Le terrain affecte la vitesse du vent sur le site.,Le terrain affecte la vitesse du vent au site.,,Y
openstudio::LocationView,"There are <span style=""font-weight:bold;"">%1</span> Design Days available for import","Hay <span style=""font-weight:bold;"">%1</span> Días de Diseño disponibles para importar",Hay %1 Días de Diseño disponibles para importar,"Il y a <span style=""font-weight:bold;"">%1</span> Jours de dimensionnement importables",Il y a %1 Design Days disponibles pour l'importation,Y,Y
openstudio::LocationView,This DDY file does not contain any valid design days.  Check the DDY file itself for errors or omissions.,Este Archivo DDY no contiene dias de diseño válidos.  Revise el Archivo DDY en busca de errores u omisiones.,Este archivo DDY no contiene ningún día de diseño válido. Verifique el archivo DDY en busca de errores u omisiones.,Ce fichier DDY ne contient aucun jours de dimensionnement valides. Vérifiez le fichier DDY.,Ce fichier DDY ne contient aucun jour de conception valide. Vérifiez le fichier DDY lui-même pour détecter des erreurs ou des omissions.,Y,Y
openstudio::LocationView,Time Zone:,Zona Horaria:,Zona Horaria:,Fuseau horaire :,Fuseau horaire :,,
openstudio::LocationView,Weather File,Archivo de Clima,Archivo de Clima,Fichier météo,Fichier Météorologique,,Y
openstudio::LoopItemView,Add to Model,Agregar al Modelo,Agregar al Modelo,Ajouter au modèle,Ajouter au modèle,,
openstudio::LoopLibraryDialog,Add HVAC System,Agregar Sistema HVAC,Añadir Sistema HVAC,Ajouter un système HVAC,Ajouter un système HVAC,Y,
openstudio::LoopLibraryDialog,Dual Duct Air Loop,Bucle de Aire Doble Conducto,Circuito de Aire Dual Conducto,Boucle d'air à double conduit,Boucle d'air à conduits jumelés,Y,Y
openstudio::LoopLibraryDialog,Empty Air Loop,Bucle de Aire Vacío,Circuito de Aire Vacío,Boucle d'air vide,Boucle d'air vide,Y,
openstudio::LoopLibraryDialog,Empty Plant Loop,Bucle de Planta Vacío,Bucle de Planta Vacío,Boucle de circuit primaire vide,Boucle de Distribution Vide,,Y
openstudio::LoopLibraryDialog,HVAC Systems,Sistemas HVAC,Sistemas HVAC,Systèmes HVAC,Systèmes HVAC,,
openstudio::LoopLibraryDialog,Packaged DX Rooftop VAV with Reheat,Unidad Compacta DX en Azotea VAV con Recalentamiento,Unidad Compacta DX en Azotea con VAV y Recalentamiento,Unité de Toit Toute Faite DX VAV avec Réchauffage,Unité toiture compacte DX avec VAV et réchauffage,Y,Y
openstudio::LoopLibraryDialog,Packaged Rooftop Heat Pump,Bomba de Calor Empacada en Techo,Bomba de Calor en Techo Compacta,Pompe à chaleur sur toit packagée,Pompe à chaleur de toiture préfabriquée,Y,Y
openstudio::LoopLibraryDialog,Packaged Rooftop Unit,Unidad Empacada en Techo,Unidad de Cubierta Empaquetada,Unité de Toiture Intégrée,Unité Toiture Intégrée,Y,Y
openstudio::LoopLibraryDialog,Packaged Rooftop VAV with Parallel Fan Power Boxes and reheat,Unidad Empaquetada de Techo VAV con Cajas de Potencia de Ventilador en Paralelo y Recalentamiento,Unidad de Techo Empaquetada VAV con Cajas de Ventilador en Paralelo y recalentamiento,Toit-Terrasse Emballé VAV avec Boîtes de Puissance à Ventilateur Parallèle et Réchauffage,Centrale de toiture compacte VAV avec boîtes de puissance à ventilateur parallèle et réchauffage,Y,Y
openstudio::LoopLibraryDialog,Packaged Rooftop VAV with Reheat,Unidad Empaquetada de Techo VAV con Recalentamiento,Unidad Manejadora de Aire en Azotea Empaquetada VAV con Recalentamiento,Toiture Packagée VAV avec Réchauffage,Groupe Climatiseur de Toiture Packagé VAV avec Réchauffage,Y,Y
openstudio::LoopLibraryDialog,Service Hot Water Plant Loop,Bucle de Planta Agua Caliente Sanitaria,Bucle de Planta de Agua Caliente Sanitaria,Boucle de Chauffage Eau Chaude Sanitaire,Boucle de Production d'Eau Chaude Sanitaire,Y,Y
openstudio::LoopLibraryDialog,VAV with Parallel Fan-Powered Boxes and Reheat,VAV con Unidades Acondicionadoras Paralelas con Ventilador y Recalentamiento,VAV con Cajas Paralelas con Ventilador y Recalentamiento,VAV avec Boîtes à Ventilateurs en Parallèle et Réchauffage,VAV avec Boîtes Terminales à Ventilateurs Parallèles et Réchauffage,Y,Y
openstudio::LoopLibraryDialog,Warm Air Furnace Electric,Calefactor de Aire Caliente Eléctrico,Horno de Aire Caliente Eléctrico,Fournaise à Air Chaud Électrique,Chaudière électrique à air chaud,Y,Y
openstudio::LoopLibraryDialog,Warm Air Furnace Gas Fired,Horno de Aire Caliente Combustible a Gas,Calefactor de Aire Caliente a Gas,Foyer à air chaud Alimenté au gaz,Foyer de Chauffage à Air Chaud Gaz,Y,Y
openstudio::LostCloudConnectionDialog,accepted,Aceptado,aceptado,accepté,accepté,Y,
openstudio::LostCloudConnectionDialog,Cloud Connection:,Conexión a la Nube:,Conexión a la Nube:,Connexion Cloud :,Connexion cloud :,,Y
openstudio::LostCloudConnectionDialog,Cloud Log-in:,Credenciales de Nube:,Inicio de sesión en la nube:,Connexion au Cloud :,Authentification cloud :,Y,Y
openstudio::LostCloudConnectionDialog,denied,denegado,denegado,refusé,refusé,,
openstudio::LostCloudConnectionDialog,Disconnect from cloud.  This option will make the failed cloud session unavailable to Pat.  Any data that has not been downloaded to Pat will be lost.  Use the AWS Console to verify that the Amazon service have been completely shutdown.,Desconectar de la Nube.  Esta opción hará que la sesión fallida en la Nube no esté disponible para la PAT.  Cualquier información que no se haya descargado a la PAT se perderá.  Utilice la Consola de AWS para verificar que los servicios de Amazon se hayan apagado por completo.,Desconectar de la nube. Esta opción hará que la sesión de nube fallida no esté disponible para Pat. Se perderán todos los datos que no hayan sido descargados a Pat. Utilice la Consola de AWS para verificar que los servicios de Amazon se hayan apagado completamente.,Déconnecter du cloud. Cette option rendra la session cloud échouée indisponible pour Pat. Toute donnée qui n'a pas été téléchargée vers Pat sera perdue. Utilisez la console AWS pour vérifier que les services Amazon ont été complètement arrêtés.,Déconnecter du cloud.  Cette option rendra la session cloud défaillante indisponible pour Pat.  Toutes les données qui n'ont pas été téléchargées vers Pat seront perdues.  Utilisez la console AWS pour vérifier que les services Amazon ont été complètement arrêtés.,Y,Y
openstudio::LostCloudConnectionDialog,Internet Connection:,Conexión a Internet:,Conexión a Internet:,Connexion Internet :,Connexion Internet :,,
openstudio::LostCloudConnectionDialog,Launch AWS Console.,Lanzar Consola AWS.,Abrir consola de AWS.,Lancer la console AWS.,Lancer la console AWS.,Y,
openstudio::LostCloudConnectionDialog,no,no,No,non,non,Y,
openstudio::LostCloudConnectionDialog,Options to correct the problem:,Opciones para corregir el problema:,Opciones para corregir el problema:,Options pour corriger le problème :,Options pour corriger le problème :,,
openstudio::LostCloudConnectionDialog,Or,O,O,Ou,Ou,,
openstudio::LostCloudConnectionDialog,reconnected,reconectar,reconectado,reconnecté,reconnecté,Y,
openstudio::LostCloudConnectionDialog,Remember that cloud charges may currently be accruing.,Recuerde que puede que se estén acumulando los Cobros de la Nube.,Recuerde que los cargos en la nube pueden estar acumulándose actualmente.,Rappelez-vous que les frais cloud peuvent actuellement s'accumuler.,Rappelez-vous que les frais infonuagiques peuvent s'accumuler actuellement.,Y,Y
openstudio::LostCloudConnectionDialog,Requirements for cloud:,Requisitos para la Nube:,Requisitos para la nube:,Exigences pour le cloud :,Conditions requises pour le cloud :,Y,Y
openstudio::LostCloudConnectionDialog,Stop Cloud.,Parar la Nube.,Detener Nube.,Arrêter le Cloud.,Arrêter le cloud.,Y,Y
openstudio::LostCloudConnectionDialog,Try Again Later.,Intente de Nuevo Después.,Reintentar Más Tarde.,Réessayez plus tard.,Réessayer plus tard.,Y,Y
openstudio::LostCloudConnectionDialog,unable to reconnect.,no se puede establecer la conexión.,imposible reconectar.,impossible de se reconnecter.,impossible de se reconnecter.,Y,
openstudio::LostCloudConnectionDialog,Use the AWS Console to diagnose Amazon services.  You may still attempt to recover the lost cloud session.,Utilice la Consola de AWS para Diagnosticar los Servicios de Amazon.  Aún puede intentar recobrar la sesión de Nube perdida.,Utilice la Consola AWS para diagnosticar los servicios de Amazon. Aún puede intentar recuperar la sesión de nube perdida.,Utilisez la console AWS pour diagnostiquer les services Amazon. Vous pouvez toujours tenter de récupérer la session cloud perdue.,Utilisez la console AWS pour diagnostiquer les services Amazon. Vous pouvez toujours tenter de récupérer la session cloud perdue.,Y,
openstudio::LostCloudConnectionDialog,"Verify your computer's internet connection then click ""Lost Cloud Connection"" to recover the lost cloud session.","Verifique la conexón a Internet de su Computadora y Después Haga Clic en ""Conexión de Nube Perdida"" Para Recuperar la Sesión de Nube.","Verifique la conexión a internet de su equipo e ingrese en ""Conexión de nube perdida"" para recuperar la sesión de nube perdida.","Vérifiez la connexion Internet de votre ordinateur, puis cliquez sur « Connexion cloud perdue » pour récupérer la session cloud perdue.","Vérifiez la connexion Internet de votre ordinateur, puis cliquez sur « Connexion Cloud perdue » pour récupérer la session cloud perdue.",Y,Y
openstudio::LostCloudConnectionDialog,yes,si,Sí,oui,Oui,Y,Y
openstudio::LuminaireDefinitionInspectorView,Fraction Radiant:,Fracción radiante:,Fracción Radiante:,Fraction Rayonnante :,Fraction Rayonnée :,Y,Y
openstudio::LuminaireDefinitionInspectorView,Fraction Visible:,Fracción visible:,Fracción Visible:,Fraction Visible:,"Fraction Visible / Visible:

Fraction Visible:",Y,Y
openstudio::LuminaireDefinitionInspectorView,Lighting Power:,Potencia de iluminación:,Potencia de Iluminación:,Puissance d'éclairage :,Puissance d'éclairage :,Y,
openstudio::LuminaireDefinitionInspectorView,Name:,Nombre:,Nombre:,Nom :,Nom :,,
openstudio::LuminaireDefinitionInspectorView,Return Air Fraction:,Fracción de aire de retorno:,Fracción de Aire de Retorno:,Fraction d'air de reprise :,Fraction d'air de retour :,Y,Y
openstudio::MainMenu,&About,&Acerca,&Acerca de,&A propos,&À propos,Y,Y
openstudio::MainMenu,&Apply Measure Now,&Aplicar Medida Ahora,&Aplicar Medida Ahora,&Appliquer une Mesure maintenant,&Appliquer la Mesure Maintenant,,Y
openstudio::MainMenu,&Change Default Libraries,&Cambiar Librerías Estándar,&Cambiar bibliotecas predeterminadas,&Changer les bibliothèques par défaut,&Modifier les bibliothèques par défaut,Y,Y
openstudio::MainMenu,&Change My Measures Directory,&Cambiar el Directorio de Mis Medidas,&Cambiar Mi Directorio de Medidas,"&Changer dossier ""My Measures""",&Modifier mon répertoire de mesures,Y,Y
openstudio::MainMenu,&Components && Measures,&Componentes y Medidas,&Componentes y Medidas,&Composants && Mesures,&Composants && Mesures,,
openstudio::MainMenu,&Configure External Tools,&Configurar Herramientas Externas,&Configurar Herramientas Externas,&Configurer les outils externes,&Configurer les outils externes,,
openstudio::MainMenu,&Configure Internet Proxy,&Configurar Proxy de Internet,&Configurar Proxy de Internet,&Configurer un proxy Internet,&Configurer le proxy Internet,,Y
openstudio::MainMenu,&Display Additional Proprerties,&Mostrar Propiedades Adicionales,&Mostrar Propiedades Adicionales,&Montrer les propriétés additionnelles,&Afficher les propriétés supplémentaires,,Y
openstudio::MainMenu,&Example Model,&Modelo de Ejemplo,&Modelo de Ejemplo,Modèle d'&Exemple,&Modèle d'exemple,,Y
openstudio::MainMenu,&Export,&Exportar,&Exportar,&Exporter,&Exporter,,
openstudio::MainMenu,&File,&Archivo,&Archivo,&Fichier,&Fichier,,
openstudio::MainMenu,&gbXML,&gbXML,&gbXML,&gbXML,&gbXML,,
openstudio::MainMenu,&Help,&Ayuda,&Ayuda,&Aide,&Aide,,
openstudio::MainMenu,&IDF,&IDF,&IDF,&IDF,&IDF,,
openstudio::MainMenu,&Import,&Importar,&Importar,&Importer,&Importer,,
openstudio::MainMenu,&Language,&Lenguaje,&Idioma,&Langue,&Langue,Y,
openstudio::MainMenu,&Load Library,&Cargar Libreria,&Cargar Biblioteca,&Charger une Bibliothèque,&Charger la bibliothèque,Y,Y
openstudio::MainMenu,&New,&Nuevo,&Nuevo,&Nouveau,&Nouveau,,
openstudio::MainMenu,&Open,&Abrir,&Abrir,&Ouvrir,&Ouvrir,,
openstudio::MainMenu,&Preferences,&Preferencias,&Preferencias,&Préférences,&Préférences,,
openstudio::MainMenu,&Revert to Saved,&Revertir a lo Guardado,&Revertir a Guardado,&Revenir à la dernière sauvegarde,&Revenir à la version enregistrée,Y,Y
openstudio::MainMenu,&Save,&Guardar,&Guardar,&Enregister,&Enregistrer,,Y
openstudio::MainMenu,&SDD,&SDD,&SDD,&SDD,&SDD,,
openstudio::MainMenu,&Units,&Unidades,&Unidades,&Unités,&Unités,,
openstudio::MainMenu,&Use Classic CLI,&Usar CLI Clásico,&Usar CLI Clásico,&Utiliser le Classic CLI,&Utiliser l'interface CLI classique,,Y
openstudio::MainMenu,Add a new language,Añadir un Nuevo Lenguaje,Añadir un nuevo idioma,Ajouter une nouvelle langue,Ajouter une nouvelle langue,Y,
openstudio::MainMenu,Adding a new language,Añadiendo un Nuevo Lenguaje,Agregar un nuevo idioma,Ajouter une nouvelle langue,Ajouter une nouvelle langue,Y,
openstudio::MainMenu,"Adding a new language requires almost no coding skill, but it does require language skills: the only thing to do is to translate each sentence/word with the help of a dedicated software.
If you would like to see the OpenStudioApplication translated in your language of choice, we would welcome your help. Send an email to osc@openstudiocoalition.org specifying which language you want to add, and we will be in touch to help you get started.","Añadir un nuevo lenguaje require muy pocas habilidades de programación, pero require habilidades de lenguas: la única cosa por hacer es traducir cada oración/palabra con la ayuda de un programa de computadora dedicado.
Si le gustaría ver la AplicaciónOpenStudio traducido a algun otro lenguaje, le agradeceríamos su ayuda. Envie un correo electrónico a osc@openstudiocoalition.org especificando que lenguaje quisiera añadir, y nos pondremos en contacto con ustedes para ayudarle a comenzar.","Agregar un nuevo idioma requiere casi ninguna habilidad de programación, pero sí requiere habilidades lingüísticas: lo único que hay que hacer es traducir cada oración/palabra con la ayuda de un software dedicado.
Si le gustaría ver OpenStudio Application traducido en su idioma de preferencia, nos encantaría contar con su ayuda. Envíe un correo electrónico a osc@openstudiocoalition.org especificando qué idioma desea agregar, y nos pondremos en contacto para ayudarle a comenzar.","Ajouter une nouvelle langue ne requiert pas de compétence en programmation informatique : la seule chose à faire est de traduire chaque phrase/mot à l'aide d'un logiciel dédié.
Si vous voulez voir l'Application OpenStudio traduite dans la langue de votre choix, nous serions ravi de votre aide. Envoyez un email à osc@openstudiocoalition.org en spécifiant quel langue vous souhaitez ajouter et nous reviendrons vers pour vous aider à démarrer.","Ajouter une nouvelle langue ne nécessite presque aucune compétence en codage, mais cela demande des compétences linguistiques : il suffit de traduire chaque phrase/mot à l'aide d'un logiciel dédié.
Si vous souhaitez voir l'Application OpenStudio traduite dans la langue de votre choix, nous serions heureux de votre aide. Envoyez un courrier électronique à osc@openstudiocoalition.org en spécifiant la langue que vous souhaitez ajouter, et nous vous contacterons pour vous aider à commencer.",Y,Y
openstudio::MainMenu,Allow Analytics,Permitir Analíticas,Permitir Análisis,Autoriser la télémétrie,Autoriser l'analyse,Y,Y
openstudio::MainMenu,Arabic,Árabe,Árabe,Arabe,Arabe,,
openstudio::MainMenu,Catalan,Catalán,Catalán,Catalan,Catalan,,
openstudio::MainMenu,Check For &Update,Buscar &Actualizaciones,Buscar &Actualizaciones,&Vérifier les mises à jour,Vérifier les &mises à jour,,Y
openstudio::MainMenu,Chinese,Chino,Chino,Chinois,Chinois,,
openstudio::MainMenu,Ctrl+M,Ctrl+M,Ctrl+M,Ctrl+M,Ctrl+M,,
openstudio::MainMenu,Ctrl+R,Ctrl+R,Ctrl+R,Ctrl+R,Ctrl+R,,
openstudio::MainMenu,Debug Webgl,Depurar WebGL,Depurar WebGL,Déboggage WebGL,Déboguer WebGL,,Y
openstudio::MainMenu,E&xamples,E&jemplos,E&jemplos,E&xemples,E&xemples,,
openstudio::MainMenu,E&xit,&Salir,&Salir,&Quitter,&Quitter,,
openstudio::MainMenu,English,Inglés,Inglés,Anglais,Anglais,,
openstudio::MainMenu,English (&I-P),Inglés (&I-P),Inglés (&I-P),&Impériales,English (&I-P),,Y
openstudio::MainMenu,Farsi,Farsi,Farsi,Farsi,Farsi,,
openstudio::MainMenu,Find &Components,Buscar &Componentes,Buscar &Componentes,Trouver un &Composant,Trouver des &composants,,Y
openstudio::MainMenu,Find &Measures,Buscar &Medidas,Buscar &Medidas,Trouver une &Mesure,Rechercher des &Mesures,,Y
openstudio::MainMenu,French,Francés,Francés,Français,Français,,
openstudio::MainMenu,German,Alemán,Alemán,Allemand,Allemand,,
openstudio::MainMenu,Greek,Griego,Griego,Grec,Grec,,
openstudio::MainMenu,Hebrew,Hebreo,Hebreo,Hébreu,Hébreu,,
openstudio::MainMenu,Hindi,Hindi,Hindi,Hindi,Hindi,,
openstudio::MainMenu,I&FC,I&FC,I&FC,I&FC,&IFC,,Y
openstudio::MainMenu,Indonesian,Indonesio,Indonesio,Indonésien,Indonésien,,
openstudio::MainMenu,Italian,Italiano,Italiano,Italien,Italien,,
openstudio::MainMenu,Japanese,Japonés,Japonés,Japonais,Japonais,,
openstudio::MainMenu,Korean,Coreano,Coreano,Coréen,Coréen,,
openstudio::MainMenu,Metric (&SI),Metrico (&SI),Métrico (&SI),&Métriques,Métrique (&SI),Y,Y
openstudio::MainMenu,OpenStudio &Help,&Ayuda de OpenStudio,OpenStudio &Ayuda,&Aide OpenStudio,OpenStudio &Aide,Y,Y
openstudio::MainMenu,Polish,Polaco,Polaco,Polonais,Polonais,,
openstudio::MainMenu,Portuguese,Portugués,Portugués,Portugais,Portugais,,
openstudio::MainMenu,Save &As,Guardar &Como,Guardar &como,Enregistrer s&ous,Enregistrer &sous,Y,Y
openstudio::MainMenu,Shoebox Model,Modelo Caja de Zapatos,Modelo de Caja Simple,Boîte à chaussure,Modèle Parallélépipédique,Y,Y
openstudio::MainMenu,Spanish,Español,Español,Espagnol,Espagnol,,
openstudio::MainMenu,Turkish,Turco,Turco,Turc,Turc,,
openstudio::MainMenu,Vietnamese,Vietnamita,Vietnamita,Vietnamien,Vietnamien,,
openstudio::MainRightColumnController,Air Boundary Constructions,Construcciones de límite de aire,Construcciones de Límite de Aire,Constructions de Limites d'Air,Constructions de limite d'air,Y,Y
openstudio::MainRightColumnController,Air Gap Materials,Materiales de cámara de aire,Materiales de Cámara de Aire,Matériaux de lame d'air,Matériaux de lames d'air,Y,Y
openstudio::MainRightColumnController,Air Loop HVAC,Bucle de Aire HVAC,Bucle de Aire HVAC,Boucle de circulation d'air HVAC,Boucle d'air HVAC,,Y
openstudio::MainRightColumnController,Air Terminal Chilled Beam,Terminal Aire Viga Fría,Terminal de Aire para Viga Fría,Terminal d'air à poutre froide,Terminal d'air pour poutre froide,Y,Y
openstudio::MainRightColumnController,Air Terminal Dual Duct Constant Volume,Terminal Aire Doble Conducto VC,Terminal de Aire Dual Duct Volumen Constante,Terminaison d'Air à Conduits Doubles Débit Constant,Terminal d'air à conduits doubles volume constant,Y,Y
openstudio::MainRightColumnController,Air Terminal Dual Duct VAV,Terminal Aire Doble Conducto VAV,Terminal de Aire Conducto Dual VAV,Terminal de soufflage double gaine à débit variable,Terminal d'air double conduit VAV,Y,Y
openstudio::MainRightColumnController,Air Terminal Dual Duct VAV Outdoor Air,Terminal Aire DD VAV Aire Exterior,Terminal de Aire Dual Conducto VAV Aire Exterior,Terminaison d'air double conduit VAV air extérieur,Terminal d'Air Dual Duct VAV Air Extérieur,Y,Y
openstudio::MainRightColumnController,Air Terminal Four Pipe Beam,Terminal Aire Viga 4 Tubos,Terminal de Aire Viga de Cuatro Tubos,Terminal d'air à quatre tuyaux pour poutre,Terminal d'air quatre tuyaux avec poutre,Y,Y
openstudio::MainRightColumnController,Air Terminal Four Pipe Induction,Terminal Aire 4 Tubos Inducción,Terminal de Aire de Inducción de Cuatro Tuberías,Terminaison d'air à induction à quatre tubes,Unité Terminale Induction Quatre Tubes,Y,Y
openstudio::MainRightColumnController,Air Terminals,Terminales de Aire,Terminales de Aire,Terminaux d'air,Terminaux d'air,,
openstudio::MainRightColumnController,AirLoopHVAC Outdoor Air System,Bucle Aire HVAC - Sist. Aire Exterior,Sistema de Aire Exterior de AirLoopHVAC,Système d'air extérieur AirLoopHVAC,Système d'air extérieur AirLoopHVAC,Y,
openstudio::MainRightColumnController,AirLoopHVAC Unitary Heat Pump AirToAir MultiSpeed,Bucle Aire HVAC - Bomba Calor Aire-Aire Multivel.,Bomba de Calor AirToAir MultiVelocidad AirLoopHVAC Unitaria,Pompe à chaleur multivitesse air-air AirLoopHVAC unitaire,Pompe à chaleur air-air multivitest pour boucle d'air AirLoopHVAC,Y,Y
openstudio::MainRightColumnController,AirLoopHVAC Unitary System,Bucle Aire HVAC - Sistema Unitario,Sistema Unitario AirLoopHVAC,Système Unitaire AirLoopHVAC,Système Unitaire AirLoopHVAC,Y,
openstudio::MainRightColumnController,AirLoopHVAC Unitary VAV Changeover Bypass,Bucle Aire HVAC - VAV Conmutación Bypass,AirLoopHVAC Unitary VAV Changeover Bypass,AirLoopHVAC Unitary VAV Changeover Bypass,Unité VAV avec Changement de Mode Bypass,Y,Y
openstudio::MainRightColumnController,AirTerminal Heat and Cool No Reheat,Terminal Aire Calef. y Enf. Sin Recalent.,Terminal de Aire Calefacción y Refrigeración sin Recalentamiento,Terminal d'air avec chauffage et refroidissement sans réchauffage,Terminal aéraulique chauffage et refroidissement sans réchauffage,Y,Y
openstudio::MainRightColumnController,AirTerminal Heat and Cool Reheat,Terminal Aire Calef. y Enf. Recalent.,"Terminal de Aire con Calefacción, Enfriamiento y Recalentamiento",Terminal d'air chauffage et refroidissement avec réchauffage,Terminal d'Air à Chauffage et Refroidissement avec Réchauffage,Y,Y
openstudio::MainRightColumnController,AirTerminal Inlet Side Mixer,Terminal Aire Mezclador Entrada,Mezclador del Lado de Entrada del Terminal de Aire,Mélangeur Côté Entrée du Terminal d'Air,Mélangeur côté amont terminal d'air,Y,Y
openstudio::MainRightColumnController,AirTerminal Single Duct Constant Volume No Reheat,Terminal Aire CD VC Sin Recalent.,Terminal de Aire Conducto Único Volumen Constante sin Recalentamiento,Terminal d'air simple conduit débit constant sans réchauffage,Terminaison d'air conduit unique débit constant sans réchauffage,Y,Y
openstudio::MainRightColumnController,AirTerminal Single Duct Constant Volume Reheat,Terminal Aire CD VC Recalentamiento,Terminal de Aire Conducto Simple Volumen Constante Recalentamiento,Terminal Monocanal à Débit Constant avec Réchauffage,Terminal d'air Conduit unique Débit constant avec Réchauffage,Y,Y
openstudio::MainRightColumnController,AirTerminal Single Duct Parallel PIU Reheat,Terminal Aire CD PIU Paralelo Recalent.,Terminal de Aire Conducto Simple Paralelo PIU Recalentamiento,Terminal Aérien Conduit Simple Parallèle PIU Avec Réchauffage,Terminal d'air simple conduit parallèle PIU avec réchauffage,Y,Y
openstudio::MainRightColumnController,AirTerminal Single Duct Series PIU Reheat,Terminal Aire CD PIU Serie Recalent.,Terminal de Aire Conducto Simple Serie PIU Recalentamiento,AirTerminal Single Duct Series PIU Reheat,Terminal d'air monotube série PIU avec réchauffage,Y,Y
openstudio::MainRightColumnController,AirTerminal Single Duct VAV NoReheat,Terminal Aire CD VAV Sin Recalent.,Terminal de Aire Conducto Único VAV sin Recalentamiento,Terminaison d'air monoconduit VAV sans réchauffage,Terminal d'air conduit simple VAV sans réchauffage,Y,Y
openstudio::MainRightColumnController,AirTerminal Single Duct VAV Reheat,Terminal Aire CD VAV Recalentamiento,Terminal de Aire Conducto Individual VAV con Recalentamiento,Terminal d'air monoconduit VAV avec réchauffage,Terminal d'air monoconduit VAV avec réchauffage,Y,
openstudio::MainRightColumnController,Availability Manager Differential Thermostat,Gestor Disp. Termostato Diferencial,Gestor de Disponibilidad Termostato Diferencial,Gestionnaire de disponibilité - Thermostat différentiel,Gestionnaire de disponibilité Thermostat différentiel,Y,Y
openstudio::MainRightColumnController,Availability Manager High Temperature Turn Off,Gestor Disp. Temp. Alta Desactivación,Gestor de Disponibilidad Desactivación por Temperatura Alta,Gestionnaire de disponibilité - Arrêt à température élevée,Gestionnaire de disponibilité - Arrêt à haute température,Y,Y
openstudio::MainRightColumnController,Availability Manager High Temperature Turn On,Gestor Disp. Temp. Alta Activación,Gestor de Disponibilidad Activación por Temperatura Alta,Gestionnaire de disponibilité Activation à haute température,Gestionnaire de disponibilité - Activation à température élevée,Y,Y
openstudio::MainRightColumnController,Availability Manager Hybrid Ventilation,Gestor Disp. Ventilación Híbrida,Gestor de Disponibilidad de Ventilación Híbrida,Gestionnaire de disponibilité - Ventilation hybride,Gestionnaire de disponibilité - Ventilation hybride,Y,
openstudio::MainRightColumnController,Availability Manager Low Temperature Turn Off,Gestor Disp. Temp. Baja Desactivación,Gestor de Disponibilidad - Desactivación a Baja Temperatura,Gestionnaire de disponibilité arrêt basse température,Gestionnaire de disponibilité - Arrêt à basse température,Y,Y
openstudio::MainRightColumnController,Availability Manager Low Temperature Turn On,Gestor Disp. Temp. Baja Activación,Gestor de Disponibilidad Activación por Temperatura Baja,Gestionnaire de disponibilité Activation à basse température,Gestionnaire de disponibilité – Activation par température basse,Y,Y
openstudio::MainRightColumnController,Availability Manager Night Cycle,Gestor Disp. Ciclo Nocturno,Gestor de Disponibilidad Ciclo Nocturno,Gestionnaire de disponibilité cycle nocturne,Gestionnaire de disponibilité - Cycle nocturne,Y,Y
openstudio::MainRightColumnController,Availability Manager Night Ventilation,Gestor Disp. Ventilación Nocturna,Gestor de Disponibilidad Ventilación Nocturna,Gestionnaire de disponibilité ventilation nocturne,Gestionnaire de disponibilité - Ventilation nocturne,Y,Y
openstudio::MainRightColumnController,Availability Manager Optimum Start,Gestor Disp. Arranque Óptimo,Gestor de Disponibilidad Inicio Óptimo,Gestionnaire de disponibilité Démarrage optimisé,Gestionnaire de disponibilité - Démarrage optimal,Y,Y
openstudio::MainRightColumnController,Availability Manager Scheduled,Gestor Disp. Programado,Gestor de Disponibilidad Programado,Gestionnaire de disponibilité programmé,Gestionnaire de Disponibilité Planifié,Y,Y
openstudio::MainRightColumnController,Availability Manager Scheduled Off,Gestor Disp. Programado Inactivo,Gestor de Disponibilidad Desactivado por Horario,Gestionnaire de disponibilité arrêt programmé,Gestionnaire de Disponibilité Arrêt Programmé,Y,Y
openstudio::MainRightColumnController,Availability Manager Scheduled On,Gestor Disp. Programado Activo,Gestor de Disponibilidad Programado Activado,Gestionnaire de Disponibilité Programmé Activé,Gestionnaire de disponibilité programmé activé,Y,Y
openstudio::MainRightColumnController,Availability Managers,Gestores de Disponibilidad,Gestores de Disponibilidad,Gestionnaires de disponibilité,Gestionnaires de disponibilité,,
openstudio::MainRightColumnController,Baseboard Convective Electric,Zócalo Convectivo Eléctrico,Convector Eléctrico de Zócalo,Convecteur électrique de plinthé,Convecteur électrique plinthe,Y,Y
openstudio::MainRightColumnController,Baseboard Convective Water,Zócalo Convectivo Agua,Convector Baseboard de Agua,Convecteur à plinthe à eau,Convecteur de plinthе à eau chaude,Y,Y
openstudio::MainRightColumnController,Baseboard Radiant Convective Electric,Zócalo Radiante-Convectivo Eléctrico,Baseboard Eléctrico Radiante Convectivo,Radiateur électrique baseboard rayonnant-convectif,Radiateur électrique plinthe rayonnant convectif,Y,Y
openstudio::MainRightColumnController,Baseboard Radiant Convective Water,Zócalo Radiante-Convectivo Agua,Agua Radiante Convectiva de Zócalo,Radiateur Plinthe Radiatif Convectif à Eau,Plinth Rayonnant Convectif Eau,Y,Y
openstudio::MainRightColumnController,Blind Window Materials,Materiales de persiana para ventanas,Materiales de Persianas para Ventanas,Matériaux de Fenêtre avec Stores,Matériaux des stores de fenêtre,Y,Y
openstudio::MainRightColumnController,Boiler Hot Water,Caldera Agua Caliente,Caldera de Agua Caliente,Eau Chaude Chaudière,Chaudière Eau Chaude,Y,Y
openstudio::MainRightColumnController,Boilers,Calderas,Calderas,Chaudières,Chaudières,,
openstudio::MainRightColumnController,Building,Edificio,Edificio,Bâtiment,Bâtiment,,
openstudio::MainRightColumnController,Building Stories,Plantas del Edificio,Historias del Edificio,Étages du bâtiment,Étages du Bâtiment,Y,Y
openstudio::MainRightColumnController,C-factor Underground Wall Constructions,Construcciones de muro subterráneo (factor C),Construcciones de Muros Subterráneos por Factor C,Constructions de parois souterraines à facteur C,Constructions de Murs Souterrains à Facteur C,Y,Y
openstudio::MainRightColumnController,Central Heat Pump System,Sistema Central Bomba de Calor,Sistema Central de Bomba de Calor,Système de pompe à chaleur centralisée,Système de pompe à chaleur centralisée,Y,
openstudio::MainRightColumnController,Central Heat Pump Systems,Sistemas Centrales Bomba de Calor,Sistemas de Bomba de Calor Centralizada,Systèmes de Pompes à Chaleur Centralisées,Systèmes de Pompes à Chaleur Centralisées,Y,
openstudio::MainRightColumnController,Chiller - Absorption,Enfriadora Absorción,Enfriador - Absorción,Refroidisseur - Absorption,Refroidisseur - Absorption,Y,
openstudio::MainRightColumnController,Chiller - Electric EIR,Enfriadora Eléctrica EIR,Enfriador - EIR Eléctrico,Refroidisseur - EIR Électrique,Refroidisseur - EIR électrique,Y,Y
openstudio::MainRightColumnController,Chiller - Indirect Absorption,Enfriadora Absorción Indirecta,Enfriadora - Absorción Indirecta,Refroidisseur - Absorption Indirecte,Refroidisseur - Absorption indirecte,Y,Y
openstudio::MainRightColumnController,Chillers,Enfriadoras,Enfriadoras,Refroidisseurs,Refroidisseurs,,
openstudio::MainRightColumnController,Coil Cooling DX SingleSpeed,Serpentín Enf. DX 1 Vel.,Serpentín de Enfriamiento DX Velocidad Única,Serpentin de refroidissement DX à vitesse unique,Serpentin de Refroidissement DX à Vitesse Unique,Y,Y
openstudio::MainRightColumnController,Coil Cooling DX TwoSpeed,Serpentín Enf. DX 2 Vel.,Serpentín Enfriamiento DX Dos Velocidades,Serpentin de refroidissement DX deux vitesses,Serpentin de Refroidissement DX Deux Vitesses,Y,Y
openstudio::MainRightColumnController,Coil Cooling DX TwoStage - Humidity Control,Serpentín Enf. DX 2 Etapas - Ctrl. Humedad,Serpentín Enfriamiento DX Dos Etapas - Control de Humedad,Serpentin de Refroidissement DX Deux Étapes - Contrôle de l'Humidité,Serpentin de Refroidissement DX Biétagé - Contrôle d'Humidité,Y,Y
openstudio::MainRightColumnController,Coil Cooling DX VariableSpeed,Serpentín Enf. DX Vel. Variable,Bobina Enfriadora DX Velocidad Variable,Bobine de refroidissement DX à vitesse variable,Serpentin de Refroidissement DX Vitesse Variable,Y,Y
openstudio::MainRightColumnController,Coil Cooling Water,Serpentín Enf. Agua,Serpentín de Enfriamiento con Agua,Serpentin de Refroidissement à Eau,Batterie de refroidissement à eau,Y,Y
openstudio::MainRightColumnController,Coil Heating DX SingleSpeed,Serpentín Calef. DX 1 Vel.,Serpentín Calefacción DX Velocidad Única,Serpentin de Chauffage DX Vitesse Unique,Serpentin de Chauffage DX Vitesse Unique,Y,
openstudio::MainRightColumnController,Coil Heating Electric,Serpentín Calef. Eléctrico,Serpentín de Calefacción Eléctrica,Serpentin de Chauffage Électrique,Serpentin de Chauffage Électrique,Y,
openstudio::MainRightColumnController,Coil Heating Gas,Serpentín Calef. Gas,Serpentín de Calefacción a Gas,Serpentin de Chauffage Gaz,Serpentin de Chauffage Gaz,Y,
openstudio::MainRightColumnController,Coil Heating Water,Serpentín Calef. Agua,Serpentín de Calefacción de Agua,Serpentin de Chauffage Eau,Batterie de Chauffage à Eau,Y,Y
openstudio::MainRightColumnController,Coils,Serpentines,Serpentines,Serpentins,Échangeurs thermiques,,Y
openstudio::MainRightColumnController,Compact Schedules,Horarios compactos,Calendarios Compactos,Plannings Compacts,Plannings Compacts,Y,
openstudio::MainRightColumnController,Constant Schedules,Horarios constantes,Calendarios Constantes,Plannings Constants,Calendriers Constants,Y,Y
openstudio::MainRightColumnController,Construction Sets,Conjuntos de construcción,Conjuntos de Construcción,Ensembles de Construction,Ensembles de construction,Y,Y
openstudio::MainRightColumnController,Constructions,Construcciones,Construcciones,Constructions,Constructions,,
openstudio::MainRightColumnController,Cooling Panel Radiant Convective Water,Panel Frío Radiante-Convectivo Agua,Panel Radiante Convectivo de Refrigeración por Agua,Panneau de refroidissement radiatif-convectif à eau,Panneau de Refroidissement Radiant-Convectif à Eau,Y,Y
openstudio::MainRightColumnController,Cooling Tower Single Speed,Torre Refrig. 1 Vel.,Torre de Enfriamiento de Velocidad Única,Tour de refroidissement vitesse unique,Tour de Refroidissement Monovitesse,Y,Y
openstudio::MainRightColumnController,Cooling Tower Two Speed,Torre Refrig. 2 Vel.,Torre de Enfriamiento Dos Velocidades,Tour de Refroidissement Deux Vitesses,Tour de refroidissement à deux vitesses,Y,Y
openstudio::MainRightColumnController,Cooling Tower Variable Speed,Torre Refrig. Vel. Variable,Torre de Enfriamiento con Velocidad Variable,Tour de refroidissement à vitesse variable,Tour de refroidissement à vitesse variable,Y,
openstudio::MainRightColumnController,Cooling Towers,Torres de Refrigeración,Torres de Enfriamiento,Tours de refroidissement,Tours de refroidissement,Y,
openstudio::MainRightColumnController,Daylight Redirection Device Window Materials,Materiales de dispositivo de redireccionamiento de luz diurna,Materiales de Ventana de Dispositivos de Redirección de Luz Natural,Matériaux des fenêtres avec dispositif de redirection de la lumière du jour,Matériaux de fenêtre des dispositifs de redirection de lumière naturelle,Y,Y
openstudio::MainRightColumnController,Daylighting,Iluminación Natural,Iluminación natural,Éclairage naturel,Éclairage naturel,Y,
openstudio::MainRightColumnController,DaylightingDevice Shelf,Repisa de Iluminación Natural,Repisa de Iluminación Natural,DaylightingDevice Shelf,Étagère de Éclairage Naturel,,Y
openstudio::MainRightColumnController,Defaults,Predeterminados,Valores predeterminados,Valeurs par défaut,Valeurs par défaut,Y,
openstudio::MainRightColumnController,Definitions,Definiciones,Definiciones,Définitions,Définitions,,
openstudio::MainRightColumnController,Dehumidifier - DX,Deshumidificador - DX,Deshumidificador - DX,Déshumidificateur - DX,Déshumidificateur - DX,,
openstudio::MainRightColumnController,Design Specification Outdoor Air,Especificación de diseño de aire exterior,Especificación de Diseño de Aire Exterior,Spécification de conception de l'air extérieur,Spécification de conception de l'air extérieur,Y,
openstudio::MainRightColumnController,District Cooling,Refrigeración Distrital,Refrigeración por Distrito,Refroidissement urbain,Refroidissement urbain,Y,
openstudio::MainRightColumnController,District Heating,Calefacción Distrital,Calefacción Centralizada,Chauffage urbain,Chauffage Urbain,Y,Y
openstudio::MainRightColumnController,District Heating Water,Calefacción Distrital Agua,Agua de Calefacción Distrital,Eau de Chauffage Urbain,Eau de Chauffage Urbain,Y,
openstudio::MainRightColumnController,Duct,Conducto,Conducto,Conduit,Conduit,,
openstudio::MainRightColumnController,Ducts,Conductos,Conductos,Conduits,Conduits,,
openstudio::MainRightColumnController,Edit,Editar,Editar,Modifier,Modifier,,
openstudio::MainRightColumnController,Electric Equipment Definitions,Definiciones de equipos eléctricos,Definiciones de Equipos Eléctricos,Définitions de l'équipement électrique,Définitions des Équipements Électriques,Y,Y
openstudio::MainRightColumnController,ERV,VRC,ERV,ERV,ERV,Y,
openstudio::MainRightColumnController,Evaporative Cooler Direct Research Special,Enfriador Evap. Directo Especial,Enfriador Evaporativo Directo Investigación Especial,Refroidisseur Évaporatif Direct Recherche Spéciale,Refroidisseur Évaporatif Direct Recherche Spécial,Y,Y
openstudio::MainRightColumnController,Evaporative Cooler Indirect Research Special,Enfriador Evap. Indirecto Especial,Enfriador Evaporativo Indirecto Investigación Especial,Refroidisseur évaporatif indirect spécial de recherche,Refroidisseur Évaporatif Indirect Recherche Spécialisée,Y,Y
openstudio::MainRightColumnController,Evaporative Cooler Unit,Unidad Enfriadora Evaporativa,Unidad Enfriadora Evaporativa,Refroidisseur par Évaporation,Refroidisseur par Évaporation,,
openstudio::MainRightColumnController,Evaporative Coolers,Enfriadores Evaporativos,Enfriadores Evaporativos,Refroidisseurs évaporatifs,Refroidisseurs évaporatifs,,
openstudio::MainRightColumnController,Evaporative Fluid Cooler Single Speed,Enfriador Evap. Fluido 1 Vel.,Enfriador de Fluido Evaporativo de Velocidad Única,Refroidisseur de Fluide par Évaporation à Vitesse Unique,Refroidisseur de Fluide à Évaporation Vitesse Unique,Y,Y
openstudio::MainRightColumnController,Evaporative Fluid Cooler Two Speed,Enfriador Evap. Fluido 2 Vel.,Enfriador de Fluido Evaporativo de Dos Velocidades,Refroidisseur de Fluide Évaporatif Deux Vitesses,Refroidisseur de Fluide Évaporatif Deux Vitesses,Y,
openstudio::MainRightColumnController,Exterior Fuel Equipment,Equipos de Combustible Exterior,Equipo de Combustible Exterior,Équipement de Combustible Extérieur,Équipement Combustible Extérieur,Y,Y
openstudio::MainRightColumnController,Exterior Fuel Equipment Definitions,Definiciones de Equipos de Combustible Exterior,Definiciones de Equipos Combustibles Exteriores,Définitions des équipements de combustible extérieurs,Définitions des équipements de combustible extérieurs,Y,
openstudio::MainRightColumnController,Exterior Lights,Luminarias Exteriores,Luces Exteriores,Éclairage extérieur,Éclairage Extérieur,Y,Y
openstudio::MainRightColumnController,Exterior Lights Definitions,Definiciones de Luminarias Exteriores,Definiciones de Iluminación Exterior,Définitions des Éclairages Extérieurs,Définitions des Éclairages Extérieurs,Y,
openstudio::MainRightColumnController,Exterior Water Equipment,Equipos de Agua Exterior,Equipo de Agua Exterior,Équipements Aquatiques Extérieurs,Équipement hydrique extérieur,Y,Y
openstudio::MainRightColumnController,Exterior Water Equipment Definitions,Definiciones de Equipos de Agua Exterior,Definiciones de Equipos de Agua Exterior,Définitions des équipements de plomberie extérieurs,Définitions des équipements d'eau extérieure,,Y
openstudio::MainRightColumnController,F-factor Ground Floor Constructions,Construcciones de planta baja (factor F),Construcciones de Piso de Planta Baja con Factor F,F-factor Ground Floor Constructions,Constructions de Plancher Inférieur avec Facteur F,Y,Y
openstudio::MainRightColumnController,Fan Component Model,Ventilador Modelo Componente,Modelo de Componente de Ventilador,Modèle de composant ventilateur,Modèle de composant ventilateur,Y,
openstudio::MainRightColumnController,Fan Constant Volume,Ventilador Volumen Constante,Ventilador de Volumen Constante,Ventilateur Débit Constant,Ventilateur à Débit Constant,Y,Y
openstudio::MainRightColumnController,Fan System Model,Ventilador Modelo Sistema,Modelo del Sistema de Ventiladores,Modèle du Système de Ventilation,Modèle de Système de Ventilation,Y,Y
openstudio::MainRightColumnController,Fan Variable Volume,Ventilador Volumen Variable,Ventilador de Volumen Variable,Ventilateur Débit Variable,Ventilateur à Débit Variable,Y,Y
openstudio::MainRightColumnController,Fan Zone Exhaust,Ventilador Extracción de Zona,Ventilador de Extracción de Zona,Extraction de Zone du Ventilateur,Ventilateur d'extraction de zone,Y,Y
openstudio::MainRightColumnController,Fans,Ventiladores,Ventiladores,Ventilateurs,Ventilateurs,,
openstudio::MainRightColumnController,Fixed Interval Schedules,Horarios de intervalo fijo,Calendarios de Intervalo Fijo,Calendriers à Intervalles Fixes,Calendriers à Intervalle Fixe,Y,Y
openstudio::MainRightColumnController,Fluid Cooler Single Speed,Enfriador Fluido 1 Vel.,Enfriador de Fluido Velocidad Simple,Refroidisseur de Fluide Vitesse Unique,Refroidisseur de Fluide Vitesse Unique,Y,
openstudio::MainRightColumnController,Fluid Cooler Two Speed,Enfriador Fluido 2 Vel.,Enfriador de Fluido de Dos Velocidades,Refroidisseur de Fluide Deux Vitesses,Refroidisseur de fluide à deux vitesses,Y,Y
openstudio::MainRightColumnController,Fluid Coolers,Enfriadores de Fluido,Enfriadores de Fluido,Refroidisseurs à fluide,Refroidisseurs de Fluide,,Y
openstudio::MainRightColumnController,Four Pipe Fan Coil,Fan Coil 4 Tubos,Unidad Fan Coil de Cuatro Tuberías,Ventilo-convecteur Quatre Tubes,Ventilo-convecteur quatre tuyaux,Y,Y
openstudio::MainRightColumnController,Frame And Divider Window Property,Propiedad de Marco y Divisor de Ventana,Marco y Divisor - Propiedad de Ventana,Propriété de Fenêtre avec Cadre et Diviseurs,Propriété de Fenêtre pour Cadre et Traverses,Y,Y
openstudio::MainRightColumnController,Gas Equipment Definitions,Definiciones de equipos de gas,Definiciones de Equipos de Gas,Définitions des équipements à gaz,Définitions d'équipement gaz,Y,Y
openstudio::MainRightColumnController,Gas Mixture Window Materials,Materiales de mezcla de gas para ventanas,Materiales de Ventana con Mezcla de Gases,Matériaux de Fenêtre à Mélange de Gaz,Matériaux de Fenêtre à Mélange Gazeux,Y,Y
openstudio::MainRightColumnController,Gas Window Materials,Materiales de gas para ventanas,Materiales de Ventanas con Relleno Gaseoso,Matériaux de gaz pour fenêtres,Matériaux de Fenêtres à Gaz,Y,Y
openstudio::MainRightColumnController,Generator FuelCell - Exhaust Gas To Water Heat Exchanger,Celda Combustible - IC Gas-Agua,Generador de Celda de Combustible - Intercambiador de Calor de Gases de Escape a Agua,Générateur Pile à Combustible - Échangeur de Chaleur Gaz d'Échappement vers Eau,Générateur Pile à Combustible - Échangeur de Chaleur Gaz d'Échappement vers Eau,Y,
openstudio::MainRightColumnController,Generator MicroTurbine - Heat Recovery,Microturbina - Recuperación Calor,Generador Microturbina - Recuperación de Calor,Générateur MicroTurbine - Récupération de chaleur,Générateur Microturbine - Récupération de chaleur,Y,Y
openstudio::MainRightColumnController,Generators,Generadores,Generadores,Générateurs,Générateurs,,
openstudio::MainRightColumnController,Glazing Window Materials,Materiales de vidrio para ventanas,Materiales de Acristalamiento para Ventanas,Matériaux de fenêtrage,Matériaux de Vitrage des Fenêtres,Y,Y
openstudio::MainRightColumnController,Ground Heat Exchanger - Horizontal,Intercambiador Geotérmico - Horizontal,Intercambiador de Calor Geotérmico - Horizontal,Échangeur géothermique - Horizontal,Échangeur Thermique Géothermique - Horizontal,Y,Y
openstudio::MainRightColumnController,Ground Heat Exchanger - Vertical,Intercambiador Geotérmico - Vertical,Intercambiador de Calor Geotérmico - Vertical,Échangeur de chaleur géothermique - Vertical,Échangeur géothermique - Vertical,Y,Y
openstudio::MainRightColumnController,Ground Heat Exchangers,Intercambiadores Geotérmicos,Intercambiadores de Calor Geotérmicos,Échangeurs de chaleur géothermiques,Échangeurs Géothermiques,Y,Y
openstudio::MainRightColumnController,Heat Exchanger Air To Air Sensible and Latent,Intercambiador Aire-Aire Sens. y Lat.,Intercambiador de Calor Aire a Aire Sensible y Latente,Échangeur de chaleur air-air sensible et latent,Échangeur de chaleur air-air sensible et latent,Y,
openstudio::MainRightColumnController,Heat Exchanger Fluid To Fluid,Intercambiador Fluido a Fluido,Intercambiador de Calor Fluido a Fluido,Échangeur de Chaleur Fluide à Fluide,Échangeur de Chaleur Fluide vers Fluide,Y,Y
openstudio::MainRightColumnController,Heat Exchangers,Intercambiadores de Calor,Intercambiadores de Calor,Échangeurs thermiques,Échangeurs de chaleur,,Y
openstudio::MainRightColumnController,Heat Pump - Water to Water - Cooling,Bomba Calor Agua-Agua Enf.,Bomba de Calor - Agua a Agua - Enfriamiento,Pompe à chaleur - Eau vers eau - Refroidissement,Pompe à chaleur - Eau vers eau - Refroidissement,Y,
openstudio::MainRightColumnController,Heat Pump - Water to Water - Heating,Bomba Calor Agua-Agua Calef.,Bomba de Calor - Agua a Agua - Calefacción,Pompe à chaleur - Eau vers eau - Chauffage,Pompe à chaleur - Eau vers Eau - Chauffage,Y,Y
openstudio::MainRightColumnController,Heat Pumps,Bombas de Calor,Bombas de Calor,Pompes à Chaleur,Pompes à chaleur,,Y
openstudio::MainRightColumnController,High Temp Radiant,Radiante Alta Temperatura,Radiante de Alta Temperatura,Rayonnement Haute Température,Rayonnant Haute Température,Y,Y
openstudio::MainRightColumnController,Hot Water Equipment Definitions,Definiciones de equipos de agua caliente,Definiciones de Equipos de Agua Caliente,Définitions des équipements d'eau chaude,Définitions d'équipements d'eau chaude sanitaire,Y,Y
openstudio::MainRightColumnController,Humidifier Steam Electric,Humidificador Vapor Eléctrico,Humidificador de Vapor Eléctrico,Humidificateur électrique à vapeur,Humidificateur Vapeur Électrique,Y,Y
openstudio::MainRightColumnController,Humidifier Steam Gas,Humidificador Vapor Gas,Humidificador de Vapor a Gas,Humidificateur à vapeur gaz,Humidificateur Vapeur Gaz,Y,Y
openstudio::MainRightColumnController,Humidifiers,Humidificadores,Humidificadores,Humidificateurs,Humidificateurs,,
openstudio::MainRightColumnController,Infrared Transparent Materials,Materiales transparentes al infrarrojo,Materiales Transparentes al Infrarrojo,Matériaux Transparents aux Infrarouges,Matériaux Transparents aux Infrarouges,Y,
openstudio::MainRightColumnController,Interior Partition Surface,Superficie de Partición Interior,Superficie de Partición Interior,Surface de Partition Intérieure,Surface de Partition Intérieure,,
openstudio::MainRightColumnController,Internal Mass Definitions,Definiciones de masa interna,Definiciones de Masa Interna,Définitions de masse interne,Définitions de Masse Thermique Interne,Y,Y
openstudio::MainRightColumnController,Internal Source Constructions,Construcciones de fuente interna,Construcciones con Fuentes Internas,Constructions à Source Interne,Constructions à source interne,Y,Y
openstudio::MainRightColumnController,Library,Biblioteca,Biblioteca,Bibliothèque,Bibliothèque,,
openstudio::MainRightColumnController,Lights Definitions,Definiciones de iluminación,Definiciones de Iluminación,Définitions de l'éclairage,Définitions d'éclairage,Y,Y
openstudio::MainRightColumnController,Load Profile - Plant,Perfil de Carga - Planta,Perfil de Carga - Planta,Profil de charge - Installation,Profil de Charge - Boucle de Distribution,,Y
openstudio::MainRightColumnController,Load Profiles,Perfiles de Carga,Perfiles de Carga,Profils de Charge,Profils de Charge,,
openstudio::MainRightColumnController,Low Temp Radiant Constant Flow,Radiante Baja Temp. Flujo Constante,Radiante Temperatura Baja Flujo Constante,Rayonnement Basse Température Débit Constant,Rayonnement basse température débit constant,Y,Y
openstudio::MainRightColumnController,Low Temp Radiant Electric,Radiante Baja Temp. Eléctrico,Radiante Eléctrica Baja Temperatura,Radiant Électrique Basse Température,Électrique Radiant Basse Température,Y,Y
openstudio::MainRightColumnController,Low Temp Radiant Variable Flow,Radiante Baja Temp. Flujo Variable,Radiante de Baja Temperatura con Flujo Variable,Rayonnement Basse Température à Débit Variable,Radiant Basse Température Débit Variable,Y,Y
openstudio::MainRightColumnController,Luminaire Definitions,Definiciones de luminarias,Definiciones de Luminarias,Définitions des luminaires,Définitions de luminaires,Y,Y
openstudio::MainRightColumnController,Materials,Materiales,Materiales,Matériaux,Matériaux,,
openstudio::MainRightColumnController,My Model,Mi modelo,Mi Modelo,Mon modèle,Mon modèle,Y,
openstudio::MainRightColumnController,No Mass Materials,Materiales sin masa,Materiales Sin Masa,Matériaux sans masse,Matériaux sans masse,Y,
openstudio::MainRightColumnController,Other Equipment Definitions,Definiciones de otros equipos,Definiciones de Otros Equipos,Définitions d'Équipements Divers,Définitions d'autres équipements,Y,Y
openstudio::MainRightColumnController,People Definitions,Definiciones de personas,Definiciones de Ocupación,Définitions des occupants,Définitions de personnes,Y,Y
openstudio::MainRightColumnController,Pipe - Adiabatic,Tubería - Adiabática,Tubería - Adiabática,Conduite - Adiabatique,Tuyau – Adiabatique,,Y
openstudio::MainRightColumnController,Pipe - Indoor,Tubería - Interior,Tubería - Interior,Tuyauterie - Intérieure,Tuyauterie - Intérieur,,Y
openstudio::MainRightColumnController,Pipe - Outdoor,Tubería - Exterior,Tubería - Exterior,Tuyau - Extérieur,Tuyauterie - Extérieure,,Y
openstudio::MainRightColumnController,Pipes,Tuberías,Tuberías,Tuyauteries,Conduites,,Y
openstudio::MainRightColumnController,Plant Component - Temp Source,Comp. Planta - Fuente Temperatura,Componente de Bucle Principal - Fuente de Temperatura,Composant de circuit - Source de température,Composant de Boucle - Source de Température,Y,Y
openstudio::MainRightColumnController,Plant Component - User Defined,Comp. Planta - Definido por Usuario,Componente de Bucle de Agua - Definido por el Usuario,Composant de Circuit - Défini par l'Utilisateur,Composant de Boucle - Défini par l'Utilisateur,Y,Y
openstudio::MainRightColumnController,Plant Components,Componentes de Planta,Componentes de Planta,Composants de l'Installation,Composants de Centrale,,Y
openstudio::MainRightColumnController,PTAC,PTAC,PTAC,PTAC,PTAC,,
openstudio::MainRightColumnController,PTHP,PTHP,PTHP,PTHP,PTHP,,
openstudio::MainRightColumnController,Pump Constant Speed,Bomba Velocidad Constante,Bomba Velocidad Constante,Pompe Vitesse Constante,Pompe à Vitesse Constante,,Y
openstudio::MainRightColumnController,Pump Constant Speed Headered,Bomba Vel. Constante Múltiple,Bomba de Velocidad Constante con Múltiples Salidas,Pompe à Vitesse Constante avec Collecteur,Pompe à Débit Constant avec Collecteurs,Y,Y
openstudio::MainRightColumnController,Pump Variable Speed,Bomba Velocidad Variable,Bomba de Velocidad Variable,Pompe à Vitesse Variable,Pompe à Vitesse Variable,Y,
openstudio::MainRightColumnController,Pump Variable Speed Headered,Bomba Vel. Variable Múltiple,Bomba de Velocidad Variable en Configuración Interconectada,Pompe à Vitesse Variable avec Collecteur,Pompe à Vitesse Variable en Boucle Fermée,Y,Y
openstudio::MainRightColumnController,Pumps,Bombas,Bombas,Pompes,Pompes,,
openstudio::MainRightColumnController,Refraction Extinction Method Glazing Window Materials,Materiales de vidrio (método de extinción por refracción),Método de Extinción por Refracción para Materiales de Vidrio de Ventanas,Matériaux de Fenêtres de Vitrage - Méthode d'Extinction par Réfraction,Méthode de Réfraction et Extinction pour Matériaux de Vitrage des Fenêtres,Y,Y
openstudio::MainRightColumnController,Refrigeration,Refrigeración,Refrigeración,Réfrigération,Réfrigération,,
openstudio::MainRightColumnController,Refrigeration Case,Mueble Refrigerado,Vitrina Refrigerada,Armoire de réfrigération,Armoire réfrigérée,Y,Y
openstudio::MainRightColumnController,Refrigeration Compressor,Compresor de Refrigeración,Compresor de Refrigeración,Compresseur de Réfrigération,Compresseur de réfrigération,,Y
openstudio::MainRightColumnController,Refrigeration Condenser Air Cooled,Condensador Refrig. Enf. Aire,Condensador de Refrigeración Enfriado por Aire,Condenseur de réfrigération refroidi par air,Condenseur de réfrigération refroidi par air,Y,
openstudio::MainRightColumnController,Refrigeration Condenser Cascade,Condensador Refrig. Cascada,Cascada de Condensador de Refrigeración,Condenseur en cascade de réfrigération,Cascade de Condenseur de Réfrigération,Y,Y
openstudio::MainRightColumnController,Refrigeration Condenser Evaporative Cooled,Condensador Refrig. Evaporativo,Condensador de Refrigeración Enfriado por Evaporación,Condenseur de réfrigération refroidi par évaporation,Condenseur de réfrigération à refroidissement évaporatif,Y,Y
openstudio::MainRightColumnController,Refrigeration Condenser Water Cooled,Condensador Refrig. Enf. Agua,Condensador de Refrigeración Enfriado por Agua,Condenseur de Réfrigération Refroidi par Eau,Condenseur de réfrigération refroidi à eau,Y,Y
openstudio::MainRightColumnController,Refrigeration Subcooler Liquid Suction,Subenfriador Refrig. Succión Líquida,Enfriador Auxiliar de Refrigerante Líquido-Succión,Sous-refroidisseur de réfrigération Aspiration liquide,Échangeur de sous-refroidissement du circuit de réfrigération côté liquide-aspiration,Y,Y
openstudio::MainRightColumnController,Refrigeration Subcooler Mechanical,Subenfriador Refrig. Mecánico,Enfriador Mecánico Subcrítico de Refrigeración,Refroidisseur mécanique de sous-refroidissement de réfrigération,Refroidisseur mécanique de liquide de réfrigération,Y,Y
openstudio::MainRightColumnController,Refrigeration System,Sistema de Refrigeración,Sistema de Refrigeración,Système de réfrigération,Système de réfrigération,,
openstudio::MainRightColumnController,Refrigeration Walkin,Cámara Frigorífica,Cámara Frigorífica Tipo Walkin,Chambre froide commerciale,Chambre froide de réfrigération,Y,Y
openstudio::MainRightColumnController,Roof Vegetation Materials,Materiales de vegetación en cubierta,Materiales de Vegetación en Techos,Matériaux de végétation de toit,Matériaux de Toiture Végétalisée,Y,Y
openstudio::MainRightColumnController,Ruleset Schedules,Horarios de conjunto de reglas,Calendarios del Conjunto de Reglas,Calendriers de l'ensemble de règles,Calendriers de l'ensemble de règles,Y,
openstudio::MainRightColumnController,Schedule File,Archivo de horario,Archivo de Horario,Fichier de planification,Fichier de Calendrier,Y,Y
openstudio::MainRightColumnController,Schedule Rulesets,Conjuntos de reglas de horario,Conjuntos de Reglas de Horario,Ensembles de règles de planification,Calendriers de Règles,Y,Y
openstudio::MainRightColumnController,Schedule Sets,Conjuntos de horarios,Conjuntos de Horarios,Ensembles de calendriers,Ensembles de Calendriers,Y,Y
openstudio::MainRightColumnController,Schedules,Horarios,Cronogramas,Calendriers,Calendriers,Y,
openstudio::MainRightColumnController,Screen Window Materials,Materiales de pantalla para ventanas,Materiales de Pantalla para Ventanas,Matériaux de Fenêtre d'Écran,Matériaux d'écran de fenêtre,Y,Y
openstudio::MainRightColumnController,Setpoint Manager Coldest,Gestor PA - Más Frío,Gestor de Punto de Consigna - Más Frío,Gestionnaire de consigne Froid extrême,Gestionnaire de Point de Consigne - Plus Froid,Y,Y
openstudio::MainRightColumnController,Setpoint Manager Follow Ground Temperature,Gestor PA - Sigue Temp. Terreno,Gestor de Punto de Consigna Seguidor de Temperatura del Terreno,Gestionnaire de Consigne Suivant la Température du Sol,Gestionnaire de Consigne Suivi Température du Sol,Y,Y
openstudio::MainRightColumnController,Setpoint Manager Follow Outdoor Air Temperature,Gestor PA - Sigue Temp. Aire Ext.,Gestor de Punto de Consigna Seguidor de Temperatura del Aire Exterior,Gestionnaire de Consigne Suivant la Température de l'Air Extérieur,Gestionnaire de Consigne Suivant la Température de l'Air Extérieur,Y,
openstudio::MainRightColumnController,Setpoint Manager Follow System Node Temperature,Gestor PA - Sigue Temp. Nodo Sistema,Gestor de Punto de Consigna Seguir Temperatura de Nodo del Sistema,Gestionnaire de Consigne Suivant la Température du Nœud Système,Gestionnaire de Consigne Suivant la Température du Nœud Système,Y,
openstudio::MainRightColumnController,Setpoint Manager Humidity Maximum,Gestor PA - Humedad Máxima,Gestor de Punto de Consigna Humedad Máxima,Gestionnaire de consigne d'humidité maximale,Gestionnaire de Consigne Humidité Maximale,Y,Y
openstudio::MainRightColumnController,Setpoint Manager Humidity Minimum,Gestor PA - Humedad Mínima,Gestor de Punto de Consigna Humedad Mínima,Gestionnaire de Consigne Humidité Minimum,Gestionnaire de Consigne Humidité Minimale,Y,Y
openstudio::MainRightColumnController,Setpoint Manager Mixed Air,Gestor PA - Aire Mixto,Gestor de Punto de Consigna de Aire Mixto,Gestionnaire de point de consigne air mélangé,Gestionnaire de point de consigne air mélangé,Y,
openstudio::MainRightColumnController,Setpoint Manager MultiZone Cooling Average,Gestor PA - Multizona Enf. Promedio,Gestor de Punto de Consigna Promedio de Enfriamiento MultiZona,Gestionnaire de consigne refroidissement moyen multi-zones,Gestionnaire de Consigne MultiZone Refroidissement Moyen,Y,Y
openstudio::MainRightColumnController,Setpoint Manager MultiZone Heating Average,Gestor PA - Multizona Calef. Promedio,Gestor de Punto de Consigna Promedio de Calefacción MultiZona,Gestionnaire de Consigne Chauffage Moyen MultiZone,Gestionnaire de Consigne MultiZone Chauffage Moyen,Y,Y
openstudio::MainRightColumnController,Setpoint Manager MultiZone Humidity Maximum,Gestor PA - Multizona Humedad Máx.,Gestor de Punto de Consigna Humedad Máxima Multizona,Gestionnaire de Consigne MultiZone Humidité Maximale,Gestionnaire de Consigne Humidité Maximale MultiZones,Y,Y
openstudio::MainRightColumnController,Setpoint Manager MultiZone Humidity Minimum,Gestor PA - Multizona Humedad Mín.,Gestor de Punto de Consigna Humedad Mínima Multizona,Gestionnaire de Consigne MultiZone Humidité Minimum,Gestionnaire de consigne MultiZone Humidité Minimale,Y,Y
openstudio::MainRightColumnController,Setpoint Manager MultiZone MaximumHumidity Average,Gestor PA - Multizona Hum. Máx. Promedio,Gestor de Consigna MultiZona Humedad Máxima Promedio,Gestionnaire de Consigne MultiZone HumiditéMaximale Moyenne,Gestionnaire de Consigne MultiZone Humidité Maximale Moyenne,Y,Y
openstudio::MainRightColumnController,Setpoint Manager MultiZone MinimumHumidity Average,Gestor PA - Multizona Hum. Mín. Promedio,Administrador de Punto de Consigna MultiZona Humedad Mínima Promedio,Gestionnaire de Consigne MultiZone Humidité Minimale Moyenne,Gestionnaire de Consigne MultiZone Humidité Minimale Moyenne,Y,
openstudio::MainRightColumnController,Setpoint Manager One Stage Cooling,Gestor PA - 1 Etapa Enfriamiento,Gestor de Punto de Consigna Enfriamiento Etapa Única,Gestionnaire de Consigne Refroidissement Une Étape,Gestionnaire de Consigne Refroidissement Monoétage,Y,Y
openstudio::MainRightColumnController,Setpoint Manager One Stage Heating,Gestor PA - 1 Etapa Calefacción,Gestor de Punto de Consigna Calefacción Etapa Única,Gestionnaire de Consigne Chauffage Un Étage,Gestionnaire de consigne Chauffage Un Étage,Y,Y
openstudio::MainRightColumnController,Setpoint Manager Outdoor Air Pretreat,Gestor PA - Pretrat. Aire Exterior,Gestor de Punto de Consigna Precondicionamiento de Aire Exterior,Gestionnaire de consigne Prétraitement air extérieur,Gestionnaire de Consigne Prétraitement Air Extérieur,Y,Y
openstudio::MainRightColumnController,Setpoint Manager Outdoor Air Reset,Gestor PA - Reinicio Aire Exterior,Gestor de Puntos de Consigna de Reinicio por Aire Exterior,Gestionnaire de Consigne Réinitialisation Air Extérieur,Gestionnaire de Consigne Réinitialisation Air Extérieur,Y,
openstudio::MainRightColumnController,Setpoint Manager Scheduled,Gestor PA - Programado,Gestor de Punto de Consigna Programado,Gestionnaire de Consigne Programmé,Gestionnaire de Consigne Programmée,Y,Y
openstudio::MainRightColumnController,Setpoint Manager Scheduled Dual Setpoint,Gestor PA - Programado Dual,Gestor de Punto de Consigna Programado Dual,Gestionnaire de Consigne Planifiée Dual Consigne,Gestionnaire de Consigne Programmé à Double Consigne,Y,Y
openstudio::MainRightColumnController,Setpoint Manager Single Zone Cooling,Gestor PA - Zona Única Enfriamiento,Gestor de Consigna Enfriamiento Zona Única,Gestionnaire de Consigne Zone Simple Refroidissement,Gestionnaire de consigne zone unique refroidissement,Y,Y
openstudio::MainRightColumnController,Setpoint Manager Single Zone Heating,Gestor PA - Zona Única Calefacción,Gestor de Punto de Consigna Calefacción Zona Única,Gestionnaire de Consigne Zone Simple Chauffage,Gestionnaire de Consigne Zone Simple Chauffage,Y,
openstudio::MainRightColumnController,Setpoint Manager Single Zone Reheat,Gestor PA - Zona Única Recalent.,Gestor de Punto de Consigna Zona Única con Recalentamiento,Gestionnaire de consigne zone unique avec réchauffage,Gestionnaire de Consigne Zone Simple avec Réchauffage,Y,Y
openstudio::MainRightColumnController,Setpoint Manager System Node Reset Humidity,Gestor PA - Reinicio Nodo Humedad,Gestor de Punto de Consigna Reinicio de Humedad en Nodo del Sistema,Gestionnaire de consigne - Réinitialisation d'humidité du nœud système,Gestionnaire de Consigne - Réinitialisation Humidité Nœud Système,Y,Y
openstudio::MainRightColumnController,Setpoint Manager System Node Reset Temperature,Gestor PA - Reinicio Nodo Temperatura,Gestor de Punto de Consigna Reinicio de Temperatura de Nodo del Sistema,Gestionnaire de Consigne - Réinitialisation de la Température du Nœud Système,Gestionnaire de Consigne Réinitialisation Température Nœud Système,Y,Y
openstudio::MainRightColumnController,Setpoint Manager Warmest,Gestor PA - Más Cálido,Gestor de Punto de Consigna Más Cálido,Gestionnaire de Consigne Warmest,Gestionnaire de Consigne Warmest,Y,
openstudio::MainRightColumnController,Setpoint Manager Warmest Temp and Flow,Gestor PA - Temp. Más Cálida y Caudal,Gestor de Punto de Consigna Temperatura Más Cálida y Flujo,Gestionnaire de Consigne Température la Plus Chaude et Débit,Gestionnaire de Consigne Température Maximale et Débit,Y,Y
openstudio::MainRightColumnController,Setpoint Managers,Gestores de P. de Ajuste,Gestores de Punto de Consigna,Gestionnaires de consignes,Gestionnaires de Consigne,Y,Y
openstudio::MainRightColumnController,Shade Window Materials,Materiales de persiana opaca para ventanas,Materiales para Sombra de Ventanas,Matériaux de Fenêtre Occultée,Matériaux de Protection Solaire pour Fenêtres,Y,Y
openstudio::MainRightColumnController,Shading Surface,Superficie de Sombreado,Superficie de Sombreado,Surface d'ombrage,Surface d'ombrage,,
openstudio::MainRightColumnController,ShadingControl,Control de Sombreado,Control de Sombra,Contrôle d'ombrage,Contrôle de protection solaire,Y,Y
openstudio::MainRightColumnController,Simple Glazing System Window Materials,Materiales de acristalamiento simple,Materiales de Ventana con Sistema de Acristalamiento Simplificado,Matériaux de Fenêtre Système de Vitrage Simple,Matériaux de Fenêtre avec Système Vitrage Simplifié,Y,Y
openstudio::MainRightColumnController,Solar Collector Flat Plate Water,Colector Solar Plano Agua,Colector Solar de Placa Plana para Agua,Collecteur Solaire Panneau Plat Eau,Capteur Solaire Thermique Plan à Eau,Y,Y
openstudio::MainRightColumnController,Solar Collector Integral Collector Storage,Colector Solar Almac. Integral,Colector Solar Integral con Almacenamiento,Collecteur Solaire avec Stockage Intégré,Capteur Solaire avec Stockage Intégré,Y,Y
openstudio::MainRightColumnController,Solar Collectors,Colectores Solares,Colectores Solares,Collecteurs solaires,Capteurs solaires thermiques,,Y
openstudio::MainRightColumnController,Space Infiltration Design Flow Rates,Tasas de flujo de diseño de infiltración,Tasas de Flujo de Diseño de Infiltración en Espacios,Débits de Conception de l'Infiltration d'Air,Débits de Conception des Infiltrations d'Air dans les Espaces,Y,Y
openstudio::MainRightColumnController,Space Infiltration Effective Leakage Areas,Áreas de fuga efectiva de infiltración,Áreas de Infiltración Efectiva de Espacios,Surfaces de fuite effective pour infiltration d'air dans les espaces,Surfaces de Fuite Efficaces de l'Infiltration d'Air,Y,Y
openstudio::MainRightColumnController,Space Types,Tipos de espacio,Tipos de Espacios,Types d'espaces,Types d'espaces,Y,
openstudio::MainRightColumnController,Steam Equipment Definitions,Definiciones de equipos de vapor,Definiciones de Equipos de Vapor,Définitions des équipements à vapeur,Définitions d'équipements vapeur,Y,Y
openstudio::MainRightColumnController,Sub Surfaces,Sub Superficies,Superficies Secundarias,Sous-surfaces,Sous-surfaces,Y,
openstudio::MainRightColumnController,Surfaces,Superficies,Superficies,Surfaces,Surfaces,,
openstudio::MainRightColumnController,Swimming Pool Indoor,Piscina Interior,Piscina Cubierta,Piscine Intérieure,Piscine intérieure,Y,Y
openstudio::MainRightColumnController,Swimming Pools,Piscinas,Piscinas,Piscines,Piscines,,
openstudio::MainRightColumnController,Tempering Valve,Válvula Atenuadora,Válvula Mezcladora de Temperatura,Clapet de mélange,Vanne de mélange,Y,Y
openstudio::MainRightColumnController,Thermal Storage,Almacenamiento Térmico,Almacenamiento Térmico,Stockage thermique,Stockage thermique,,
openstudio::MainRightColumnController,Thermal Storage - Chilled Water,Almac. Térmico - Agua Fría,Almacenamiento Térmico - Agua Refrigerada,Stockage Thermique - Eau Glacée,Stockage Thermique - Eau Glacée,Y,
openstudio::MainRightColumnController,Thermal Storage - Ice Storage,Almac. Térmico - Hielo,Almacenamiento Térmico - Almacenamiento de Hielo,Stockage Thermique - Stockage sur Glace,Stockage thermique - Stockage sur glace,Y,Y
openstudio::MainRightColumnController,Thermal Zone,Zona Térmica,Zona Térmica,Zone Thermique,Zone thermique,,Y
openstudio::MainRightColumnController,Thermal Zones,Zonas Térmicas,Zonas Térmicas,Zones thermiques,Zones Thermiques,,Y
openstudio::MainRightColumnController,Unit Heater,Calentador de Unidad,Calefactor de Unidad,Radiateur d'appoint,Radiateur d'appoint,Y,
openstudio::MainRightColumnController,Unit Ventilator,Ventilador de Unidad,Ventilador de Unidad,Ventilateur d'unité,Ventilo-convecteur,,Y
openstudio::MainRightColumnController,Unitary System,Sistema Unitario,Sistema Unitario,Système unitaire,Système unitaire,,
openstudio::MainRightColumnController,Unitary Systems,Sistemas Unitarios,Sistemas Unitarios,Systèmes unitaires,Systèmes Unitaires,,Y
openstudio::MainRightColumnController,Variable Interval Schedules,Horarios de intervalo variable,Horarios de Intervalos Variables,Calendriers à Intervalles Variables,Calendriers à Intervalles Variables,Y,
openstudio::MainRightColumnController,Ventilation,Ventilación,Ventilación,Ventilation,Ventilation,,
openstudio::MainRightColumnController,VRF System,Sistema VRF,Sistema VRF,Système VRF,Système VRF,,
openstudio::MainRightColumnController,VRF Terminal,Terminal VRF,Terminal VRF,Terminaison VRF,Terminal VRF,,Y
openstudio::MainRightColumnController,VRFs,VRFs,VRFs,VRFs,VRFs,,
openstudio::MainRightColumnController,Water Heater - Heat Pump,Calentador de Agua - Bomba de Calor,Calentador de Agua - Bomba de Calor,Chauffe-eau - Pompe à chaleur,Chauffe-eau - Pompe à chaleur,,
openstudio::MainRightColumnController,Water Heater - Heat Pump - Wrapped Condenser,Calentador de Agua - Bomba de Calor - Condensador Envuelto,Calentador de Agua - Bomba de Calor - Condensador Envolvente,Chauffe-eau - Pompe à chaleur - Condenseur enveloppé,Chauffe-eau - Pompe à chaleur - Condenseur enrobé,Y,Y
openstudio::MainRightColumnController,Water Heater Mixed,Calentador de Agua Mixto,Calentador de Agua Mezclado,Chauffe-eau mélangé,Chauffe-eau avec mélange,Y,Y
openstudio::MainRightColumnController,Water Heater Stratified,Calentador de Agua Estratificado,Calentador de Agua Estratificado,Chauffe-eau Stratifié,Chauffe-eau stratifié,,Y
openstudio::MainRightColumnController,Water Heaters,Calentadores de Agua,Calentadores de Agua,Chauffe-eau,Chauffe-eau,,
openstudio::MainRightColumnController,Water To Air HP,Bomba Calor Agua-Aire,Bomba de Calor Agua-Aire,Pompe à Chaleur Eau-Air,Pompe À Chaleur Eau-Air,Y,Y
openstudio::MainRightColumnController,Water Use Connections,Conexiones Uso de Agua,Conexiones de Uso de Agua,Connexions d'utilisation d'eau,Connexions d'utilisation d'eau,Y,
openstudio::MainRightColumnController,Water Use Equipment,Equipo Uso de Agua,Equipo de Uso de Agua,Équipements d'utilisation de l'eau,Équipements d'utilisation d'eau,Y,Y
openstudio::MainRightColumnController,Water Use Equipment Definition,Def. Equipo Uso de Agua,Definición de Equipos de Consumo de Agua,Définition de l'Équipement de Consommation d'Eau,Définition d'équipement d'utilisation d'eau,Y,Y
openstudio::MainRightColumnController,Water Use Equipment Definitions,Definiciones de equipos de uso de agua,Definiciones de Equipos de Consumo de Agua,Définitions des équipements d'utilisation d'eau,Définitions des équipements de consommation d'eau,Y,Y
openstudio::MainRightColumnController,Water Uses,Usos de Agua,Usos de Agua,Utilisations d'eau,Usages de l'eau,,Y
openstudio::MainRightColumnController,Window Data File Constructions,Construcciones de archivo de datos de ventana,Construcciones de Archivo de Datos de Ventanas,Constructions de fichier de données de fenêtre,Constructions de fichier de données de fenêtres,Y,Y
openstudio::MainRightColumnController,Window Materials,Materiales para ventanas,Materiales de Ventanas,Matériaux de fenêtre,Matériaux de Fenêtre,Y,Y
openstudio::MainRightColumnController,Year Schedules,Horarios anuales,Calendarios Anuales,Calendriers Annuels,Calendriers annuels,Y,Y
openstudio::MainRightColumnController,Zone HVAC,HVAC de Zona,HVAC de Zona,Zone HVAC,HVAC de Zone,,Y
openstudio::MainRightColumnController,Zone Ventilation Design Flow Rate,Ventilación de Zona - Caudal de Diseño,Caudal de Diseño de Ventilación de Zona,Débit de ventilation de conception de la zone,Débit de ventilation de conception de la zone,Y,
openstudio::MainRightColumnController,Zone Ventilation Wind and Stack Open Area,Ventilación de Zona - Área Abierta Viento y Efecto Chimenea,Área Abierta de Ventilación por Viento y Efecto Chimenea de la Zona,Zone Ventilation Wind and Stack Open Area,Zone - Ouverture Ventilation Vent et Tirage Thermique,Y,Y
openstudio::MainRightColumnController,Zones,Zonas,Zonas Térmicas,Zones,Zones,Y,
openstudio::MainWindow,Allow Analytics,Tolerancia de Convergencia de Flujo de Aire Absoluto,Permitir Análisis,Autoriser la télémétrie,Autoriser l'analyse,Y,Y
openstudio::MainWindow,"Allow OpenStudio Coalition to collect anonymous usage statistics to help improve the OpenStudio Application? See the <a href=""https://openstudiocoalition.org/about/privacy_policy/"">privacy policy</a> for more information.",Nombre del Nodo de Salida,¿Permitir que OpenStudio Coalition recopile estadísticas de uso anónimas para ayudar a mejorar la Aplicación OpenStudio? Consulte la política de privacidad para obtener más información.,"Voulez-vous autoriser OpenStucio Coalition à collecter des statistiques d'utilisation anonymes pour améliorer l'Application OpenStudio ? Consultez la <a href=""https://openstudiocoalition.org/about/privacy_policy/"">politique de confidentialité</a> pour plus d'informations.",Autoriser la Coalition OpenStudio à collecter des statistiques d'utilisation anonymes pour améliorer l'application OpenStudio ? Consultez la politique de confidentialité pour plus d'informations.,Y,Y
openstudio::MainWindow,Restart required,Se requiere reiniciar,Reinicio requerido,Redémarrage requis,Redémarrage requis,Y,
openstudio::MakeupWaterItem,Go back to hot water supply system,Volver al sistema de agua caliente sanitaria,Volver al sistema de suministro de agua caliente,Revenir au système d'eau chaude sanitaire,Revenir au système d'alimentation en eau chaude,Y,Y
openstudio::MakeupWaterItem,Go back to water mains editor,Volver al editor de red de agua,Volver al editor de agua principal,Retour à l'éditeur de conduites principales d'eau,Retourner à l'éditeur de distribution d'eau,Y,Y
openstudio::MaterialAirGapInspectorView,Name:,Nombre:,Nombre:,Nom :,Nom :,,
openstudio::MaterialAirGapInspectorView,Thermal Resistance:,Resistencia térmica:,Resistencia Térmica:,Résistance Thermique :,Résistance Thermique :,Y,
openstudio::MaterialInspectorView,Conductivity:,Conductividad:,Conductividad:,Conductivité :,Conductivité :,,
openstudio::MaterialInspectorView,Density:,Densidad:,Densidad:,Densité :,Masse volumique :,,Y
openstudio::MaterialInspectorView,Name:,Nombre:,Nombre:,Nom :,Nom :,,
openstudio::MaterialInspectorView,Roughness:,Rugosidad:,Rugosidad:,Rugosité :,Rugosité :,,
openstudio::MaterialInspectorView,Solar Absorptance:,Absortancia solar:,Absortancia Solar:,Absorptance solaire :,Absorptance solaire :,Y,
openstudio::MaterialInspectorView,Specific Heat:,Calor específico:,Calor Específico:,Chaleur spécifique :,Chaleur spécifique :,Y,
openstudio::MaterialInspectorView,Thermal Absorptance:,Absortancia térmica:,Absortancia Térmica:,Absorptance thermique :,Absorptance thermique :,Y,
openstudio::MaterialInspectorView,Thickness:,Espesor:,Espesor:,Épaisseur :,Épaisseur :,,
openstudio::MaterialInspectorView,Visible Absorptance:,Absortancia visible:,Absortancia Visible:,Absorbance visible :,Absorbance visible :,Y,
openstudio::MaterialNoMassInspectorView,Name:,Nombre:,Nombre:,Nom :,Nom :,,
openstudio::MaterialNoMassInspectorView,Roughness:,Rugosidad:,Rugosidad:,Rugosité :,Rugosité :,,
openstudio::MaterialNoMassInspectorView,Solar Absorptance:,Absortancia solar:,Absortancia Solar:,Absorptance solaire :,Absorptance solaire :,Y,
openstudio::MaterialNoMassInspectorView,Thermal Absorptance:,Absortancia térmica:,Absortancia Térmica:,Absorbance thermique :,Absorptance thermique :,Y,Y
openstudio::MaterialNoMassInspectorView,Thermal Resistance:,Resistencia térmica:,Resistencia Térmica:,Résistance thermique :,Résistance Thermique :,Y,Y
openstudio::MaterialNoMassInspectorView,Visible Absorptance:,Absortancia visible:,Absortancia Visible:,Absorptance visible :,Absorbance visible :,Y,Y
openstudio::MaterialRoofVegetationInspectorView,Conductivity Of Dry Soil:,Conductividad del suelo seco:,Conductividad del Suelo Seco:,Conductivité du sol sec :,Conductivité du sol sec :,Y,
openstudio::MaterialRoofVegetationInspectorView,Density Of Dry Soil:,Densidad del suelo seco:,Densidad del Suelo Seco:,Densité du sol sec :,Masse volumique du sol sec :,Y,Y
openstudio::MaterialRoofVegetationInspectorView,Height Of Plants:,Altura de plantas:,Altura de las Plantas:,Hauteur des plantes :,Hauteur des plantes :,Y,
openstudio::MaterialRoofVegetationInspectorView,Initial Volumetric Moisture Content Of The Soil Layer:,Contenido volumétrico de humedad inicial de la capa de suelo:,Contenido Volumétrico Inicial de Humedad de la Capa de Suelo:,Teneur volumique initiale en humidité de la couche de sol :,Teneur Initiale en Humidité Volumétrique de la Couche de Sol :,Y,Y
openstudio::MaterialRoofVegetationInspectorView,Leaf Area Index:,Índice de área foliar:,Índice de Área Foliar:,Indice foliaire :,Indice de Surface Foliaire :,Y,Y
openstudio::MaterialRoofVegetationInspectorView,Leaf Emissivity:,Emisividad foliar:,Emisividad de la Hoja:,Émissivité des feuilles :,Émissivité des feuilles :,Y,
openstudio::MaterialRoofVegetationInspectorView,Leaf Reflectivity:,Reflectividad foliar:,Reflectividad de Hojas:,Réflectivité des feuilles :,Réflectivité des feuilles :,Y,
openstudio::MaterialRoofVegetationInspectorView,Minimum Stomatal Resistance:,Resistencia estomática mínima:,Resistencia Estomática Mínima:,Résistance Stomatique Minimale :,Résistance Stomatale Minimale :,Y,Y
openstudio::MaterialRoofVegetationInspectorView,Moisture Diffusion Calculation Method:,Método de cálculo de difusión de humedad:,Método de Cálculo de Difusión de Humedad:,Méthode de calcul de la diffusion d'humidité :,Méthode de calcul de la diffusion d'humidité :,Y,
openstudio::MaterialRoofVegetationInspectorView,Name:,Nombre:,Nombre:,Nom :,Nom :,,
openstudio::MaterialRoofVegetationInspectorView,Residual Volumetric Moisture Content Of The Soil Layer:,Contenido volumétrico de humedad residual de la capa de suelo:,Contenido Volumétrico de Humedad Residual de la Capa de Suelo:,Teneur volumétrique en humidité résiduelle de la couche de sol :,Teneur Volumétrique en Humidité Résiduelle de la Couche de Sol :,Y,Y
openstudio::MaterialRoofVegetationInspectorView,Roughness:,Rugosidad:,Rugosidad:,Rugosité :,Rugosité :,,
openstudio::MaterialRoofVegetationInspectorView,Saturation Volumetric Moisture Content Of The Soil Layer:,Contenido volumétrico de humedad de saturación de la capa de suelo:,Contenido Volumétrico de Humedad en Saturación de la Capa de Suelo:,Teneur en humidité volumétrique de saturation de la couche de sol :,Teneur Volumétrique en Humidité à Saturation de la Couche de Sol :,Y,Y
openstudio::MaterialRoofVegetationInspectorView,Soil Layer Name:,Nombre de capa de suelo:,Nombre de la Capa de Suelo:,Nom de la couche de sol :,Nom de la couche de sol :,Y,
openstudio::MaterialRoofVegetationInspectorView,Solar Absorptance:,Absortancia solar:,Absortancia Solar:,Absorptance solaire :,Absorptance solaire :,Y,
openstudio::MaterialRoofVegetationInspectorView,Specific Heat Of Dry Soil:,Calor específico del suelo seco:,Calor Específico del Suelo Seco:,Chaleur spécifique du sol sec :,Chaleur spécifique du sol sec :,Y,
openstudio::MaterialRoofVegetationInspectorView,Thermal Absorptance:,Absortancia térmica:,Absortancia Térmica:,Absorptance thermique :,Absorptance thermique :,Y,
openstudio::MaterialRoofVegetationInspectorView,Thickness:,Espesor:,Espesor:,Épaisseur :,Épaisseur :,,
openstudio::MaterialRoofVegetationInspectorView,Visible Absorptance:,Absortancia visible:,Absortancia Visible:,Absorptance visible :,Absorbance visible :,Y,Y
openstudio::MaterialsView,Air Gap Materials,Materiales de cámara de aire,Materiales de Cámara de Aire,Matériaux avec vide d'air,Matériaux de lames d'air,Y,Y
openstudio::MaterialsView,Blind Window Materials,Materiales de persiana para ventanas,Materiales de Persianas para Ventanas,Matériaux de fenêtre avec stores,Matériaux des stores de fenêtre,Y,Y
openstudio::MaterialsView,Daylight Redirection Device Window Materials,Materiales de dispositivo de redireccionamiento de luz diurna,Materiales de Ventana de Dispositivos de Redirección de Luz Natural,Matériaux de fenêtre avec dispositif de redirection de la lumière du jour,Matériaux de fenêtre des dispositifs de redirection de lumière naturelle,Y,Y
openstudio::MaterialsView,Gas Mixture Window Materials,Materiales de mezcla de gas para ventanas,Materiales de Ventana con Mezcla de Gases,Matériaux de fenêtre avec mélange de gaz,Matériaux de Fenêtre à Mélange Gazeux,Y,Y
openstudio::MaterialsView,Gas Window Materials,Materiales de gas para ventanas,Materiales de Ventanas con Relleno Gaseoso,Matériaux de gaz pour fenêtres,Matériaux de Fenêtres à Gaz,Y,Y
openstudio::MaterialsView,Glazing Window Materials,Materiales de vidrio para ventanas,Materiales de Acristalamiento para Ventanas,Matériaux de fenêtres vitrées,Matériaux de Vitrage des Fenêtres,Y,Y
openstudio::MaterialsView,Infrared Transparent Materials,Materiales transparentes al infrarrojo,Materiales Transparentes al Infrarrojo,Matériaux Transparents aux Infrarouges,Matériaux Transparents aux Infrarouges,Y,
openstudio::MaterialsView,Materials,Materiales,Materiales,Matériaux,Matériaux,,
openstudio::MaterialsView,No Mass Materials,Materiales sin masa,Materiales Sin Masa,Matériaux sans masse,Matériaux sans masse,Y,
openstudio::MaterialsView,Refraction Extinction Method Glazing Window Materials,Materiales de vidrio (método de extinción por refracción),Método de Extinción por Refracción para Materiales de Vidrio de Ventanas,Matériaux de vitrage de fenêtre - Méthode d'extinction de réfraction,Méthode de Réfraction et Extinction pour Matériaux de Vitrage des Fenêtres,Y,Y
openstudio::MaterialsView,Roof Vegetation Materials,Materiales de vegetación en cubierta,Materiales de Vegetación en Techos,Matériaux de végétation de toiture,Matériaux de Toiture Végétalisée,Y,Y
openstudio::MaterialsView,Screen Window Materials,Materiales de pantalla para ventanas,Materiales de Pantalla para Ventanas,Matériaux des Écrans Fenêtres,Matériaux d'écran de fenêtre,Y,Y
openstudio::MaterialsView,Shade Window Materials,Materiales de persiana opaca para ventanas,Materiales para Sombra de Ventanas,Matériaux de Protection des Fenêtres,Matériaux de Protection Solaire pour Fenêtres,Y,Y
openstudio::MaterialsView,Simple Glazing System Window Materials,Materiales de acristalamiento simple,Materiales de Ventana con Sistema de Acristalamiento Simplificado,Matériaux de Fenêtre Système de Vitrage Simple,Matériaux de Fenêtre avec Système Vitrage Simplifié,Y,Y
openstudio::MeasureManager,All measures are up-to-date.,Nombre del Nodo de Salida,Todas las medidas están actualizadas.,Toutes les mesures sont à jour.,Toutes les mesures sont à jour.,Y,
openstudio::MeasureManager,measures have been updated on BCL compared to your local BCL directory.,"las medidas han sido actualizadas en BCL comparado con tu directorio BCL
local.",measures han sido actualizadas en BCL comparadas con su directorio BCL local.,"mesures ont été mises à jour sur la BCL par rapport à votre dossier BCL
local.",les mesures ont été mises à jour sur la BCL par rapport à votre répertoire BCL local.,Y,Y
openstudio::MeasureManager,Measures Updated,Nombre del Nodo de Salida,Medidas Actualizadas,Mesures mises à jour,Mesures mises à jour,Y,
openstudio::MeasureManager,Would you like update them?,¿Desea actualizarlos?,¿Desea actualizarlas?,Voulez-vous les mettre à jour ?,Voulez-vous les mettre à jour ?,Y,
openstudio::MechanicalVentilationView,Demand Controlled Ventilation,Ventilación Controlada por Demanda,Ventilación Controlada por Demanda,Ventilation contrôlée par la demande,Ventilation à Débit Commandé par la Demande,,Y
openstudio::MechanicalVentilationView,Differential Dry Bulb,Bulbo Seco Diferencial,Diferencial de Bulbo Seco,Différentiel de Température Sèche,Différentiel Bulbe Sec,Y,Y
openstudio::MechanicalVentilationView,Differential Dry Bulb and Enthalpy,Bulbo Seco y Entalpía Diferencial,Diferencial de Temperatura Seca y Entalpía,Différence de Bulbe Sec et d'Enthalpie,Différence de Température Sèche et d'Enthalpie,Y,Y
openstudio::MechanicalVentilationView,Differential Enthalpy,Entalpía Diferencial,Entalpía Diferencial,Enthalpie différentielle,Enthalpie différentielle,,
openstudio::MechanicalVentilationView,Economizer,Economizador,Economizador,Économiseur,Économiseur d'air,,Y
openstudio::MechanicalVentilationView,Electronic Enthalpy,Entalpía Electrónica,Entalpía Electrónica,Enthalpie Électronique,Échangeur d'enthalpie électronique,,Y
openstudio::MechanicalVentilationView,Fixed Dewpoint and Dry Bulb,Punto de Rocío y Bulbo Seco Fijo,Punto de Rocío Fijo y Temperatura de Bulbo Seco,Point de rosée fixe et Température sèche,Point de rosée fixe et température sèche,Y,Y
openstudio::MechanicalVentilationView,Fixed Dry Bulb,Bulbo Seco Fijo,Bulbo Seco Fijo,Température sèche fixe,Température de Bulbe Sec Fixe,,Y
openstudio::MechanicalVentilationView,Fixed Enthalpy,Entalpía Fija,Entalpía Fija,Enthalpie fixe,Enthalpie Fixe,,Y
openstudio::MechanicalVentilationView,No Economizer,Sin Economizador,Sin economizador,Pas d'économiseur d'air,Pas d'économiseur,Y,Y
openstudio::MechanicalVentilationView,This system configuration does not provide mechanical ventilation,Esta configuración del sistema no provee ventilación mecánica,Esta configuración del sistema no proporciona ventilación mecánica,Cette configuration de système ne fournit pas de ventilation mécanique,Cette configuration de système ne fournit pas de ventilation mécanique,Y,
openstudio::MonthView,April,Abril,Abril,Avril,Avril,,
openstudio::MonthView,August,Agosto,Agosto,Août,Août,,
openstudio::MonthView,December,Diciembre,Diciembre,Décembre,Décembre,,
openstudio::MonthView,February,Febrero,Febrero,Février,Février,,
openstudio::MonthView,January,Enero,Enero,Janvier,Janvier,,
openstudio::MonthView,July,Julio,Julio,Juillet,Juillet,,
openstudio::MonthView,June,Junio,Junio,Juin,Juin,,
openstudio::MonthView,March,Marzo,Marzo,Mars,Mars,,
openstudio::MonthView,May,Mayo,Mayo,Mai,Mai,,
openstudio::MonthView,November,Noviembre,Noviembre,Novembre,Novembre,,
openstudio::MonthView,October,Octubre,Octubre,Octobre,Octobre,,
openstudio::MonthView,September,Septiembre,Septiembre,Septembre,Septembre,,
openstudio::NewProfileView,<New Profile>,<Nuevo perfil>,<Nuevo perfil>,<Nouveau profil>,<Nouveau profil>,,
openstudio::NewProfileView,Add,Agregar,Añadir,Ajouter,Ajouter,Y,
openstudio::NewProfileView,Create a new profile to override the default run period profile.,Cree un nuevo perfil para reemplazar el perfil del período de ejecución predeterminado.,Cree un nuevo perfil para anular el perfil predeterminado del período de ejecución.,Créer un nouveau profil pour remplacer le profil de période d'exécution par défaut.,Créer un nouveau profil pour remplacer le profil de période d'exécution par défaut.,Y,
openstudio::NewProfileView,Create a new profile.,Crear un nuevo perfil.,Crear un nuevo perfil.,Créer un nouveau profil.,Créer un nouveau profil.,,
openstudio::NewProfileView,Default Day Schedule,Horario del día predeterminado,Programa del Día Predeterminado,Calendrier journalier par défaut,Calendrier de jour par défaut,Y,Y
openstudio::NewProfileView,Holiday Design Day Schedule,Horario del día de diseño festivo,Calendario de Días de Diseño para Vacaciones,Calendrier de jour de conception pour jours fériés,Calendrier des Jours de Conception pour Jours Fériés,Y,Y
openstudio::NewProfileView,Make a New Profile Based on:,Crear un nuevo perfil basado en:,Crear un Nuevo Perfil Basado en:,Créer un nouveau profil basé sur :,Créer un nouveau profil basé sur :,Y,
openstudio::NewProfileView,Summer Design Day Schedule,Horario del día de diseño de verano,Horario del Día de Diseño de Verano,Calendrier du jour de conception d'été,Calendrier de jour de conception d'été,Y,Y
openstudio::NewProfileView,"The holiday profile is not set, therefore the default run period profile will be used.",El perfil de días festivos no está definido; se utilizará el perfil del período de ejecución predeterminado.,"El perfil de vacaciones no está configurado, por lo tanto se utilizará el perfil del período de ejecución predeterminado.","Le profil de congés n'est pas défini, par conséquent le profil de période d'exécution par défaut sera utilisé.","Le profil de vacances n'est pas configuré, par conséquent le profil de période de simulation par défaut sera utilisé.",Y,Y
openstudio::NewProfileView,"The summer design day profile is not set, therefore the default run period profile will be used.",El perfil del día de diseño de verano no está definido; se utilizará el perfil del período de ejecución predeterminado.,"El perfil del día de diseño de verano no está definido, por lo tanto se utilizará el perfil del período de ejecución predeterminado.","Le profil de jour de conception d'été n'est pas défini, la période de fonctionnement par défaut sera donc utilisée.","Le profil du jour de conception estivale n'est pas défini, le profil de la période de simulation par défaut sera donc utilisé.",Y,Y
openstudio::NewProfileView,"The winter design day profile is not set, therefore the default run period profile will be used.",El perfil del día de diseño de invierno no está definido; se utilizará el perfil del período de ejecución predeterminado.,"El perfil del día de diseño de invierno no está establecido, por lo tanto se utilizará el perfil del período de ejecución predeterminado.","Le profil de jour de conception hivernale n'est pas défini, par conséquent le profil de période de fonctionnement par défaut sera utilisé.","Le profil du jour de conception hivernale n'est pas défini, par conséquent le profil de période de simulation par défaut sera utilisé.",Y,Y
openstudio::NewProfileView,Winter Design Day Schedule,Horario del día de diseño de invierno,Calendario de Día de Diseño de Invierno,Calendrier du jour de conception d'hiver,Calendrier de jour de conception d'hiver,Y,Y
openstudio::NoMechanicalVentilationView,This system configuration does not provide mechanical ventilation,Esta configuración del sistema no provee ventilación mecánica,Esta configuración del sistema no proporciona ventilación mecánica,Cette configuration de système ne fournit pas de ventilation mécanique,Cette configuration de système ne fournit pas de ventilation mécanique,Y,
openstudio::NoSupplyAirTempControlView,"<strong style=""color:red"">Missing supply temperature control</strong>. Try adding a setpoint manager to the supply outlet node of your system.","<strong style=""color:red"">Falta control de temperatura de suministro</strong>. Intente agregar un gestor de punto de ajuste al nodo de salida de suministro de su sistema.",Control de temperatura de suministro faltante. Intente agregar un gestor de consigna al nodo de salida de suministro de su sistema.,"<strong style=""color:red"">Contrôle de température d'alimentation manquant</strong>. Essayez d'ajouter un gestionnaire de consigne au nœud de sortie d'alimentation de votre système.",Contrôle de température d'alimentation manquant. Essayez d'ajouter un gestionnaire de consigne au nœud de sortie d'alimentation de votre système.,Y,Y
openstudio::OAResetSPMView,Supply temperature is controlled by an outdoor air reset setpoint manager.,La temperatura de suministro es controlada por un gestor de restablecimiento de aire exterior.,La temperatura de suministro está controlada por un gestor de punto de consigna con reinicio según temperatura exterior.,La température de départ est régulée par un gestionnaire de consigne avec réinitialisation sur l'air extérieur.,La température de soufflage est contrôlée par un gestionnaire de consigne avec réinitialisation sur température extérieure.,Y,Y
openstudio::OSDialog,Back,Atrás,Atrás,Retour,Retour,,
openstudio::OSDialog,Cancel,Cancelar,Cancelar,Annuler,Annuler,,
openstudio::OSDialog,OK,OK,Aceptar,OK,OK,Y,
openstudio::OSDocument,(*.idf),(*.idf),(*.idf),(*.idf),(*.idf),,
openstudio::OSDocument,(*.osm),(*.osm),(*.osm),(*.osm),(*.osm),,
openstudio::OSDocument,(*.xml),(*.xml),(*.xml),(*.xml),(*.xml),,
openstudio::OSDocument,Constructions,Construcciones,Construcciones,Constructions,Constructions,,
openstudio::OSDocument,Export Idf,Exportar Idf,Exportar Idf,Exporter un IDF,Exporter Idf,,Y
openstudio::OSDocument,Facility,Edificio,Instalación,Bâtiment,Bâtiment,Y,
openstudio::OSDocument,Failed to save model,Fallo al guardar modelo,No se pudo guardar el modelo,Impossible de sauvegarder le Modèle,Impossible d'enregistrer le modèle,Y,Y
openstudio::OSDocument,"Failed to save model, make sure that you do not have the location open and that you have correct write access.","Fallo al guardar modelo, asegurece de que no tiene la locación abierta y que tiene acceso correcto para modificar.","No se pudo guardar el modelo, asegúrese de que no tiene la ubicación abierta y de que tiene acceso de escritura correcto.","Impossible de sauvegarde le Modèle, assurez-vous que vous n'avez pas le dossier ouvert et que vous avez les droits suffisant en écriture.","Impossible d'enregistrer le modèle, assurez-vous que vous n'avez pas l'emplacement ouvert et que vous disposez des droits d'accès en écriture appropriés.",Y,Y
openstudio::OSDocument,Geometry,Geometría,Geometría,Géométrie,Géométrie,,
openstudio::OSDocument,HVAC Systems,Sistemas HVAC,Sistemas HVAC,Systèmes HVAC,Systèmes HVAC,,
openstudio::OSDocument,Loads,Cargas,Cargas,Charges,Charger,,Y
openstudio::OSDocument,Measures,Medidas,Medidas,Mesures,Mesures,,
openstudio::OSDocument,Online BCL,BCL en Linea,BCL en línea,Online BCL,BCL en ligne,Y,Y
openstudio::OSDocument,Output Variables,Variables de salida,Variables de Salida,Variables de sortie,Variables de sortie,Y,
openstudio::OSDocument,Results Summary,Resumen de resultados,Resumen de Resultados,Résumé des résultats,Résumé des résultats,Y,
openstudio::OSDocument,Run Simulation,Ejecutar simulación,Ejecutar Simulación,Exécuter la simulation,Lancer la simulation,Y,Y
openstudio::OSDocument,Save,Guardar,Guardar,Enregistrer,Enregistrer,,
openstudio::OSDocument,Schedules,Horarios,Cronogramas,Calendriers,Calendriers,Y,
openstudio::OSDocument,Select My Measures Directory,Seleccionar Directorio de Mis Medidas,Seleccionar Directorio de Mis Medidas,"Selectionner le dossier ""My Measures""",Sélectionner le répertoire Mes Mesures,,Y
openstudio::OSDocument,Simulation Settings,Configuración de simulación,Configuración de Simulación,Paramètres de simulation,Paramètres de simulation,Y,
openstudio::OSDocument,Site,Sitio,Sitio,Site,Site,,
openstudio::OSDocument,Space Types,Tipos de espacio,Tipos de Espacios,Types d'espaces,Types d'espaces,Y,
openstudio::OSDocument,Spaces,Espacios,Espacios,Espaces,Espaces,,
openstudio::OSDocument,Thermal Zones,Zonas térmicas,Zonas Térmicas,Zones thermiques,Zones Thermiques,Y,Y
openstudio::OSDropZone,Drag From Library,Arrastrar desde la biblioteca,Arrastrar desde la Biblioteca,Glisser-déposer depuis la bibliothèque,Glisser depuis la bibliothèque,Y,Y
openstudio::OSGridController,Apply to Selected,Aplicar a Seleccionados,Aplicar a Seleccionados,Appliquer à la sélection,Appliquer à la sélection,,
openstudio::OSGridController,Custom,Personalizado,Personalizado,Personnalisé,Personnalisé,,
openstudio::OSItemSelectorButtons,Add new object,Agregar nuevo objeto,Agregar nuevo objeto,Ajouter un nouvel objet,Ajouter un nouvel objet,,
openstudio::OSItemSelectorButtons,Copy selected object,Copiar objeto seleccionado,Copiar objeto seleccionado,Copier les objets sélectionnés,Copier l'objet sélectionné,,Y
openstudio::OSItemSelectorButtons,Purge unused objects,Borrar todos los objetos sin usar,Eliminar objetos sin usar,Purger les objets inutilisés,Supprimer les objets inutilisés,Y,Y
openstudio::OSItemSelectorButtons,Remove selected objects,Remover objetos seleccionados,Eliminar objetos seleccionados,Supprimer les objets selectionnés,Supprimer les objets sélectionnés,Y,Y
openstudio::OpenStudioApp,' is not writable. Adjust the file permissions,Solucionador,' no tiene permisos de escritura. Ajuste los permisos del archivo',' n'est pas accessible en écriture. Ajustez les droits,« n'a pas les droits d'accès en écriture. Ajustez les autorisations du fichier »,Y,Y
openstudio::OpenStudioApp,' which is the <strong>same</strong> version of EnergyPlus that OpenStudio uses (,' cual es la <strong>misma</strong> versión de EnergyPlus que OpenStudio utiliza(,' que es la misma versión de EnergyPlus que utiliza OpenStudio (',' qui est la <strong>même</strong> version d'EnergyPlus qu'OpenStudio utilise (,» qui est la même version d'EnergyPlus qu'OpenStudio utilise (,Y,Y
openstudio::OpenStudioApp,' while OpenStudio uses a <strong>newer</strong> EnergyPlus ',' mientras que OpenStudio utiliza un EnergyPlus <strong>más nuevo</strong> ','mientras que OpenStudio utiliza una versión más reciente de EnergyPlus ',' tandis qu'OpenStudio utilise une version <strong>plus récente</strong> d'EnergyPlus ',' tandis qu'OpenStudio utilise une version plus récente d'EnergyPlus ',Y,Y
openstudio::OpenStudioApp,' while OpenStudio uses an <strong>older</strong> EnergyPlus ',' mientras que OpenStudio utiliza un EnergyPlus <strong>más antigua</strong> ',mientras que OpenStudio utiliza una versión de EnergyPlus más antigua,' tandis qu'OpenStudio utilise une version <strong>plus ancienne</strong> d'EnergyPlus ',' tandis qu'OpenStudio utilise une version antérieure d'EnergyPlus ',Y,Y
openstudio::OpenStudioApp,'.,'.,','.,'.',Y,Y
openstudio::OpenStudioApp,'. Consider using the EnergyPlus Auxiliary program IDFVersionUpdater to update your IDF file.,'. Considere utilizar el programa Auxiliar de EnergyPlus IDFVersionUpdater para actualizar su archivo IDF.,Considere usar el programa auxiliar de EnergyPlus IDFVersionUpdater para actualizar su archivo IDF.,'. Vous pouvez utiliser le program axuliaire d'EnergyPlus appelé IDFVersionUpdater pour mettre à jour votre fichier IDF.,'. Envisagez d'utiliser le programme auxiliaire EnergyPlus IDFVersionUpdater pour mettre à jour votre fichier IDF.,Y,Y
openstudio::OpenStudioApp,(*.idf),(*.idf),(*.idf),(*.idf),(*.idf),,
openstudio::OpenStudioApp,(*.osm),(*.osm),(*.osm),(*.osm),(*.osm),,
openstudio::OpenStudioApp,(*.xml),(*.xml),(*.xml),(*.xml),(*.xml),,
openstudio::OpenStudioApp,(Manage library files in Preferences->Change default libraries),(Administre los archivos de librerías en Preferencias->Cambiar librerías estándar),(Administrar archivos de biblioteca en Preferencias->Cambiar bibliotecas predeterminadas),(Gérer les fichiers Bibliothèques dans Préférences-> Modifier les Bibliothèques par défaut),(Gérer les fichiers de bibliothèque dans Préférences->Modifier les bibliothèques par défaut),Y,Y
openstudio::OpenStudioApp,) and that all fields are valid against Energy+.idd.,) y todos los campos son validos contra el Energy+.idd.,) y que todos los campos son válidos según Energy+.idd.,) et que tous les champs sont valides par rapport à Energy+.idd.,et que tous les champs sont valides par rapport à Energy+.idd.,Y,Y
openstudio::OpenStudioApp,<br/><br/>The ValidityReport follows.,<br/><br/>Sigue el ReportedeValidación.,El ValidityReport se presenta a continuación.,<br/><br/>The rapport de validité (ValidityReport) suit.,Le rapport de validité suit.,Y,Y
openstudio::OpenStudioApp,<strong>File is not valid to draft strictness</strong>. Check that all fields are valid against Energy+.idd.,<strong>El archivo no es válido para ensayar rigor</strong>. Revise que todos los campos son válidos contra el Energy+.idd.,El archivo no es válido según el nivel de strictness de borrador. Verifique que todos los campos sean válidos según Energy+.idd.,<strong>Le fichier n'est pas valide au niveau Draft</strong>. Vérifiez que tous les champs sont valides par rapport à Energy+.idd.,Le fichier n'est pas valide selon la rigueur de brouillon. Vérifiez que tous les champs sont valides selon Energy+.idd.,Y,Y
openstudio::OpenStudioApp,<strong>Some portions of the IDF file were not imported.</strong>,<strong>Algunas porciones del archivo de IDF no se importaron.</strong>,Algunas partes del archivo IDF no fueron importadas.,<strong>Certaines portions de l'IDF n'ont pas été importées.</strong>,Certaines portions du fichier IDF n'ont pas été importées.,Y,Y
openstudio::OpenStudioApp,<strong>The IDF does not have a VersionObject</strong>. Check that it is of correct version (,<strong>El archivo no contiene un VersionObject</strong>. Revise si es la versión correcta (,El IDF no tiene un VersionObject. Verifique que sea de la versión correcta (,<strong>Le fichier IDF n'a pas de VersionObject</strong>. Vérifiez qu'il utilise bien la bonne version (,Le fichier IDF n'a pas d'objet Version. Vérifiez qu'il est de la bonne version (,Y,Y
openstudio::OpenStudioApp,==== The following idf objects were not imported ====,==== Los siguientes objectos del idf no fueron importados====,==== Los siguientes objetos idf no fueron importados ====,"==== Les objets IDF suivants n'ont pas été
importés
====",==== Les objets idf suivants n'ont pas été importés ====,Y,Y
openstudio::OpenStudioApp,============== Warnings ==============,============== Advertencias ==============,============== Advertencias ==============,"==============
Avertissements
==============",============== Avertissements ==============,,Y
openstudio::OpenStudioApp,=============== Errors ===============,=============== Errores ===============,=============== Errores ===============,"===============
Erreurs
===============",=============== Erreurs ===============,,Y
openstudio::OpenStudioApp,"A new version is available at <a href=""","Una nueva versión está disponible en <a href=""","Una nueva versión está disponible en <a href=""","Une ouvelle version est disponible à <a href=""","Une nouvelle version est disponible à <a href=""",,Y
openstudio::OpenStudioApp,"A restart of the OpenStudio Application is required for language changes to be fully functionnal.
Would you like to restart now?","Se require reiniciar la Aplicación OpenStudio para que los cambios de lenguaje surtan efecto.
Quisiera reiniciar ahora?","Una reinicialización de la aplicación OpenStudio es necesaria para que los cambios de idioma sean completamente funcionales.
¿Desea reiniciar ahora?","Un Redémarrage de l'OpenStudio Application est requis pour que le changement de langue soit complètement fonctionnel.
Souhaitez-vous redémarrer maintenant ?","Une redémarrage de l'application OpenStudio est requis pour que les changements de langue soient pleinement fonctionnels.
Voulez-vous redémarrer maintenant ?",Y,Y
openstudio::OpenStudioApp,About,Acerca,Acerca de,À propos,À propos,Y,
openstudio::OpenStudioApp,Are you sure you want to revert to the last saved version?,Está seguro de que quiere revertir a la última versión guardada?,¿Está seguro de que desea revertir a la última versión guardada?,Etes-vous sûr de vouloir revenir à la dernière version sauvegardée ?,Êtes-vous sûr de vouloir revenir à la dernière version enregistrée ?,Y,Y
openstudio::OpenStudioApp,Check for Updates,Buscar Actualizaciones,Buscar actualizaciones,Rechercher les mises à jour,Vérifier les mises à jour,Y,Y
openstudio::OpenStudioApp,Chrome Debugger: http://localhost:,Chrome Debugger: http://localhost:,Chrome Debugger: http://localhost:,Chrome Debugger: http://localhost:,Chrome Debugger : http://localhost:,,Y
openstudio::OpenStudioApp,Could not import,No se pudo importar,No se pudo importar,Impossible d'importer,Impossible d'importer,,
openstudio::OpenStudioApp,Could not import SDD file.,No se pudo importar el archivo SDD.,No se pudo importar el archivo SDD.,Impossible d'importer le fichier SDD.,Impossible d'importer le fichier SDD.,,
openstudio::OpenStudioApp,Currently using the most recent version,La versión actual es la mas reciente,Actualmente usando la versión más reciente,Vous utilisez la version la plus récente.,Vous utilisez actuellement la version la plus récente,Y,Y
openstudio::OpenStudioApp,Do you want to save your changes?,¿Quisiera guardar sus cambios?,¿Desea guardar los cambios?,Voulez-vous sauvegarder les changements ?,Voulez-vous enregistrer vos modifications ?,Y,Y
openstudio::OpenStudioApp,Errors or warnings occurred on import of,Errores o advertencias occurieron al importar,Ocurrieron errores o advertencias al importar,Des erreurs or avertissements ont été émis pendant l'import du,Des erreurs ou des avertissements se sont produits lors de l'importation de,Y,Y
openstudio::OpenStudioApp,"Existing Ruby scripts have been removed.
Ruby scripts are no longer supported and have been replaced by measures.","Los scripts de Ruby han sido removidos.
Los scripts de Ruby ya no son compatibles y se han remplazado por medidas.","Los scripts de Ruby existentes han sido eliminados.
Ya no se admiten scripts de Ruby y han sido reemplazados por medidas.","Les scripts Ruby ont été supprimés.
Les scrips Ruby sont désormais obsolètes et ont été remplacés par les Mesures.","Les scripts Ruby existants ont été supprimés.
Les scripts Ruby ne sont plus pris en charge et ont été remplacés par des mesures.",Y,Y
openstudio::OpenStudioApp,Failed to load model,Fallo al cargar el modelo,No se pudo cargar el modelo,Impossible de charger le modèle,Impossible de charger le modèle,Y,
openstudio::OpenStudioApp,Failed to load the following libraries...,Fallo al cargar las siguientes librerías...,No se pudieron cargar las siguientes librerías...,"Impossible de charger les
bibliothèques
suivantes...",Impossible de charger les bibliothèques suivantes...,Y,Y
openstudio::OpenStudioApp,Failed to open file at,Fallo al abrir archivo en,No se pudo abrir el archivo en,Impossible de charger le fichier,Échec de l'ouverture du fichier à,Y,Y
openstudio::OpenStudioApp,Failed to start the Measure Manager. Would you like to keep waiting?,Absortancia de la Placa Absorbedora,No se pudo iniciar el Administrador de Medidas. ¿Desea seguir esperando?,Impossible de démarrer le Manager de Measure. Voulez-vous attendre ?,Impossible de démarrer le Gestionnaire de mesures. Voulez-vous continuer à attendre?,Y,Y
openstudio::OpenStudioApp,Failed to start the Measure Manager. Would you like to retry?,Fallo al comenzar el Administrador de Medidas. Desea reintentar?,No se pudo iniciar el Administrador de Medidas. ¿Desea reintentar?,Impossible de démarrer le Gestionnaire de mesures. Souhaitez-vous réessayer ?,Échec du démarrage du Gestionnaire de mesures. Voulez-vous réessayer ?,Y,Y
openstudio::OpenStudioApp,file at,archivo en,archivo en,au chemin,fichier à,,Y
openstudio::OpenStudioApp,IDF Import,Importación de IDF,Importación de IDF,Import IDF,Importation IDF,,Y
openstudio::OpenStudioApp,IDF Import Failed,La Importación de IDF falló,La importación de IDF falló,Import de l'IDF raté,L'importation IDF a échoué,Y,Y
openstudio::OpenStudioApp,Import,Importar,Importar,Importer,Importer,,
openstudio::OpenStudioApp,Import Idf,Importar Idf,Importar Idf,Importer un IDF,Importer Idf,,Y
openstudio::OpenStudioApp,Loading Library Files,Cargando Archivos de Librería,Cargando Archivos de Biblioteca,Chargement des Bibliothèques OSM,Chargement des fichiers de bibliothèque,Y,Y
openstudio::OpenStudioApp,Measure Manager Crashed,Producto Transmitancia-Absortancia Normal de Celda FV,Gestor de Medidas se bloqueó,Le Manager des Mesures a planté,Le gestionnaire de mesures a planté,Y,Y
openstudio::OpenStudioApp,Measure Manager has crashed,El Administrador de Medidas ha colapsado,Measure Manager se ha bloqueado,Le gestionnaire de mesures a plongé,Le Gestionnaire de mesures s'est arrêté de manière inattendue,Y,Y
openstudio::OpenStudioApp,"Measure Manager has crashed, attempting to restart","El Administrador de Medidas ha colapsado, intentando reiniciar","El Gestor de Medidas ha fallado, intentando reiniciar","Measure Manager s'est arrêté de manière inattendue, tentative
de
redémarrage","Le gestionnaire de mesures a plongé, tentative de redémarrage",Y,Y
openstudio::OpenStudioApp,Measure Manager has crashed. Do you want to retry?,Producto de Transmitancia-Absortancia Normal de Célula FV,Administrador de medidas se ha bloqueado. ¿Desea reintentar?,Impossible de démarrer le Manager de Measure. Voulez-vous réessayer ?,Le Gestionnaire de Mesures s'est arrêté de façon inattendue. Voulez-vous réessayer ?,Y,Y
openstudio::OpenStudioApp,Measure Manager Server:,Servidor de Administrador de Medidas:,Servidor del Gestor de Medidas:,Serveur du Manager des Mesures :,Serveur du gestionnaire de mesures :,Y,Y
openstudio::OpenStudioApp,Model updated from,Modelo actualizado de,Modelo actualizado desde,Modèle mis à jour depuis,Modèle mis à jour depuis,Y,
openstudio::OpenStudioApp,named,llamado,asignado,nommé,nommé,Y,
openstudio::OpenStudioApp,"Only geometry, constructions, loads, thermal zones, and schedules are supported by the OpenStudio IDF import feature.","Solamente geometría, construcciones, cargas, zonas térmicas, y programas son soportados por la herramienta de importación de IDF de OpenStudio.","Solo la geometría, construcciones, cargas, zonas térmicas y horarios se admiten en la función de importación de IDF de OpenStudio.","Seules les informations de géométrie, constructions, gains, zone thermiques, et calendriers sont supportés par l'import IDF d'OpenStudio.","Seule la géométrie, les constructions, les charges, les zones thermiques et les calendriers sont pris en charge par la fonctionnalité d'importation IDF d'OpenStudio.",Y,Y
openstudio::OpenStudioApp,Open,Abrir,Abrir,Ouvrir,Ouvrir,,
openstudio::OpenStudioApp,Opening future version,Abrir versión futura,Abriendo versión futura,Ouverture d'une version future,Ouverture de version future,Y,Y
openstudio::OpenStudioApp,Restart required,Se requiere reiniciar,Reinicio requerido,Redémarrage requis,Redémarrage requis,Y,
openstudio::OpenStudioApp,Revert to Saved,Revertir a Guardado,Revertir a Guardado,Revenir à la dernière sauvegarde,Rétablir la version enregistrée,,Y
openstudio::OpenStudioApp,Save Changes?,¿Guardar Cambios?,¿Guardar cambios?,Sauvegarder les changements ?,Enregistrer les modifications ?,Y,Y
openstudio::OpenStudioApp,Select Library,Seleccionar Librería,Seleccionar Biblioteca,Selectionner la Bibliothèque,Sélectionner la bibliothèque,Y,Y
openstudio::OpenStudioApp,Settings file not writable,Rayos Acumulados por Registro,Archivo de configuración no escribible,Le fichier des paramètres n'est pas accessible en écriture,Fichier de paramètres non accessible en écriture,Y,Y
openstudio::OpenStudioApp,Temp Directory:,Directorio Temporal:,Directorio temporal:,Dossier temporaire :,Répertoire temporaire :,Y,Y
openstudio::OpenStudioApp,The document has been modified.,El documento ha sido modificado.,El documento ha sido modificado.,Le document a été modifié.,Le document a été modifié.,,
openstudio::OpenStudioApp,"This model has never been saved.
Do you want to create a new model?","Este modelo nunca se ha guardado.
¿Desea crear un nuevo modelo?","Este modelo nunca ha sido guardado.
¿Desea crear un nuevo modelo?","Ce Modèle n'a jamais été sauvegardé.
Voulez-vous créer un nouveau modèle ?","Ce modèle n'a jamais été enregistré.
Voulez-vous créer un nouveau modèle ?",Y,Y
openstudio::OpenStudioApp,Timeout,Caducó,Tiempo agotado,Délai expiré,Délai d'attente dépassé,Y,Y
openstudio::OpenStudioApp,to,a,a,vers,vers,,
openstudio::OpenStudioApp,Translation From version,Traducción De versión,Traducción desde versión,Translation depuis la version,Traduction depuis la version,Y,Y
openstudio::OpenStudioApp,Unknown starting version,Versión inicial desconocida,Versión inicial desconocida,Version de départ inconnue,Version de départ inconnue,,
openstudio::OpenStudioApp,Unnamed,Sin nombre,Sin nombre,Sans nom,Sans titre,,Y
openstudio::OpenStudioApp,using,utilizando,usando,avec la version,utilisant,Y,Y
openstudio::OpenStudioApp,Would you like to Restore library paths to default values or Open the library settings to change them manually?,Desea Restaurar la ruta por defecto de las librerías o Abrir los ajustes de librería para cambiarlos manualmente?,¿Desea restaurar las rutas de biblioteca a los valores predeterminados u abrir la configuración de biblioteca para cambiarlas manualmente?,"Souhaitez-vous
restaurer
les chemins de bibliothèque aux valeurs par défaut ou ouvrir les paramètres de la bibliothèque pour les modifier manuellement ?",Voulez-vous Restaurer les chemins d'accès à la bibliothèque aux valeurs par défaut ou Ouvrir les paramètres de la bibliothèque pour les modifier manuellement?,Y,Y
openstudio::OpenStudioApp,Your settings file ',Solucionador,Tu archivo de configuración ',Votre fichier des paramètres ',Votre fichier de paramètres ',Y,Y
openstudio::OtherEquipmentDefinitionInspectorView,Design Level:,Nivel de diseño:,Nivel de Diseño:,Niveau de conception :,Niveau de conception :,Y,
openstudio::OtherEquipmentDefinitionInspectorView,Fraction Latent:,Fracción latente:,Fracción Latente:,Fraction Latente :,Fraction Latente :,Y,
openstudio::OtherEquipmentDefinitionInspectorView,Fraction Lost:,Fracción perdida:,Fracción Perdida:,Fraction Perdue :,Fraction perdue :,Y,Y
openstudio::OtherEquipmentDefinitionInspectorView,Fraction Radiant:,Fracción radiante:,Fracción Radiante:,Fraction Rayonnante :,Fraction Rayonnée :,Y,Y
openstudio::OtherEquipmentDefinitionInspectorView,Name:,Nombre:,Nombre:,Nom :,Nom :,,
openstudio::OtherEquipmentDefinitionInspectorView,Power Per Person:,Potencia por persona:,Potencia Por Persona:,Puissance par personne :,Puissance par personne :,Y,
openstudio::OtherEquipmentDefinitionInspectorView,Power Per Space Floor Area:,Potencia por área de piso del espacio:,Potencia Por Área De Piso Del Espacio:,Puissance par Unité de Surface au Sol :,Puissance par unité de surface au sol :,Y,Y
openstudio::PathInputView,Open Directory,Coeficiente de Degradación de Tiempo de Funcionamiento Acumulado,Abrir Directorio,Ouvrir le dossier,Ouvrir un répertoire,Y,Y
openstudio::PathInputView,Open Read File,Producto de Transmitancia-Absortancia Normal de la Célula Fotovoltaica,Abrir Archivo de Lectura,Ouvrir le fichier de lecture,Ouvrir un fichier,Y,Y
openstudio::PathInputView,Select Save File,Seleccionar Archivo para Guardar,Seleccionar archivo para guardar,Selectionnez le fichier à écrire,Sélectionner le fichier à enregistrer,Y,Y
openstudio::PeopleDefinitionInspectorView,Add/Remove Extensible Groups,Añadir/Remover Grupos Extensibles,Agregar/Eliminar Grupos Extensibles,Ajouter / Supprimer des groupes extensibles,Ajouter/Supprimer des groupes extensibles,Y,Y
openstudio::PeopleDefinitionInspectorView,Carbon Dioxide Generation Rate:,Tasa de generación de dióxido de carbono:,Tasa de Generación de Dióxido de Carbono:,Taux de génération de dioxyde de carbone :,Taux de génération de dioxyde de carbone :,Y,
openstudio::PeopleDefinitionInspectorView,Enable ASHRAE 55 Comfort Warnings:,Activar advertencias de confort ASHRAE 55:,Activar Advertencias de Confort ASHRAE 55:,Activer les avertissements de confort ASHRAE 55 :,Activer les avertissements de confort ASHRAE 55 :,Y,
openstudio::PeopleDefinitionInspectorView,Fraction Radiant:,Fracción radiante:,Fracción Radiante:,Fraction Rayonnante :,Fraction Rayonnée :,Y,Y
openstudio::PeopleDefinitionInspectorView,Mean Radiant Temperature Calculation Type:,Tipo de cálculo de temperatura radiante media:,Tipo de Cálculo de Temperatura Media Radiante:,Type de calcul de la température rayonnante moyenne :,Calcul du Type de Température Rayonnante Moyenne :,Y,Y
openstudio::PeopleDefinitionInspectorView,Name:,Nombre:,Nombre:,Nom :,Nom :,,
openstudio::PeopleDefinitionInspectorView,Number of People:,Número de personas:,Número de Personas:,Nombre de personnes :,Nombre de personnes :,Y,
openstudio::PeopleDefinitionInspectorView,People per Space Floor Area:,Personas por área de piso del espacio:,Personas por Área de Piso del Espacio:,Personnes par surface utile de l'espace :,Personnes par unité de surface de plancher :,Y,Y
openstudio::PeopleDefinitionInspectorView,Sensible Heat Fraction:,Fracción de calor sensible:,Fracción de Calor Sensible:,Fraction de Chaleur Sensible :,Fraction de chaleur sensible :,Y,Y
openstudio::PeopleDefinitionInspectorView,Space Floor Area per Person:,Área de piso del espacio por persona:,Área de Piso del Espacio por Persona:,Surface de plancher par personne :,Surface au sol de l'espace par personne :,Y,Y
openstudio::PeopleDefinitionInspectorView,Thermal Comfort Model Type,Tipo de Modelo de Confort Térmico,Tipo de Modelo de Confort Térmico,Type de modèle de confort thermique,Type de modèle de confort thermique,,
openstudio::PreviewWebView,"Enables adjacency issues. Enables checks for Surface/Space Convexity, due to this the ThreeJS export is slightly slower","Habilita problemas de adyacencia. Habilita verificaciones de Convexidad de Superficie/Espacio, debido a esto la exportación de ThreeJS es ligeramente más lenta","Habilita validación de adyacencia. Habilita comprobaciones de Convexidad de Superficies/Espacios; debido a esto, la exportación de ThreeJS es ligeramente más lenta","Active les problèmes d'adjacence. Active les vérifications de la convexité des Surface/Space ; en raison de cela, l'export ThreeJS est légèrement plus lent","Active les problèmes d'adjacence. Active les vérifications de convexité des surfaces/espaces, cela ralentit légèrement l'export ThreeJS",Y,Y
openstudio::PreviewWebView,Geometry Diagnostics,Diagnósticos de geometría,Diagnósticos de Geometría,Diagnostics de géométrie,Diagnostics de Géométrie,Y,Y
openstudio::PreviewWebView,Refresh,Actualizar,Actualizar,Actualiser,Actualiser,,
openstudio::RefrigerationCaseGridController,All,Todos,Todos,Tous,Tous,,
openstudio::RefrigerationCaseGridController,"Case
Anti-Sweat
Heaters","Calefactor
Anti-Condensación","Calefactores
Antiempañamiento
de Vitrina","Réchauffeurs
Anti-Condensation
de l'Armoire","Chauffages
Anti-Condensation
de Meuble",Y,Y
openstudio::RefrigerationCaseGridController,Case Length,Longitud de Vitrina,Longitud de la Vitrina,Longueur du boîtier,Longueur du meuble réfrigéré,Y,Y
openstudio::RefrigerationCaseGridController,Check to select all rows,Marcar para seleccionar todas las filas,Marcar para seleccionar todas las filas,Cocher pour sélectionner toutes les lignes,Cochez pour sélectionner toutes les lignes,,Y
openstudio::RefrigerationCaseGridController,Check to select this row,Marcar para seleccionar esta fila,Marque para seleccionar esta fila,Cocher pour sélectionner cette ligne,Cochez pour sélectionner cette ligne,Y,Y
openstudio::RefrigerationCaseGridController,"Cooling
Capacity","Capacidad de
Enfriamiento",Capacidad de Enfriamiento,"Capacité de
Refroidissement",Capacité de refroidissement,Y,Y
openstudio::RefrigerationCaseGridController,"Defrost
And
Restocking","Desescarche
y
Reposición","Descongelación
Y
Reabastecimiento","Décongélation
Et
Réapprovisionnement","Dégivrage
Et
Réapprovisionnement",Y,Y
openstudio::RefrigerationCaseGridController,Fan,Ventilador,Ventilador,Ventilateur,Ventilateur,,
openstudio::RefrigerationCaseGridController,General,General,General,Général,Général,,
openstudio::RefrigerationCaseGridController,Lighting,Iluminación,Iluminación,Éclairage,Éclairage,,
openstudio::RefrigerationCaseGridController,Name,Nombre,Nombre,Nom,Nom,,
openstudio::RefrigerationCaseGridController,Operation,Operación,Operación,Fonctionnement,Fonctionnement,,
openstudio::RefrigerationCaseGridController,Rack,Rack,Equipo Frigorífico,Rack,Groupe frigorifique,Y,Y
openstudio::RefrigerationCaseGridController,Thermal Zone,Zona Térmica,Zona Térmica,Zone thermique,Zone thermique,,
openstudio::RefrigerationCasesDropZoneView,"Drag and Drop
Cases","Arrastrar y soltar
Casos","Arrastrar y soltar
Casos","Glisser-déposer
Meubles","Glisser et déposer
Meubles frigorifiques",,Y
openstudio::RefrigerationCasesView,"%1
Display Cases","%1
Casos de exhibición","%1
Vitrinas de Exhibición","%1
Meubles réfrigérés","%1
Vitrines réfrigérées",Y,Y
openstudio::RefrigerationCasesView,"%1
Walkin Cases","%1
Cámaras frigoríficas","%1
Cámaras Frigoríficas","%1
Chambres froides","%1
Chambres froides de stockage",Y,Y
openstudio::RefrigerationCompressorDropZoneView,"Drag and Drop
Compressor","Arrastrar y soltar
Compresor","Arrastrar y Soltar
Compresor","Glisser-déposer
Compresseur","Glisser-déposer
Compresseur",Y,
openstudio::RefrigerationCondenserView,Drop Condenser,Soltar condensador,Soltar Condensador,Déposer le condenseur,Déposer Condenseur,Y,Y
openstudio::RefrigerationGridView,Display Cases,Vitrinas Refrigeradas,Vitrinas Refrigeradas,Vitrines réfrigérées,Vitrines Réfrigérées,,Y
openstudio::RefrigerationGridView,"Drop
Case","Soltar
Vitrina","Soltar
Caso","Casse
inférieure","Déposer
Cas",Y,Y
openstudio::RefrigerationGridView,"Drop
Walk In","Soltar
Cámara","Soltar
Cámara Frigorífica","Chute
Walk In","Déposer
Chambre froide",Y,Y
openstudio::RefrigerationGridView,Walk Ins,Cámaras Frigoríficas,Cámaras Frigoríficas,Chambres Froides,Chambres Froides,,
openstudio::RefrigerationSHXView,Drop Liquid Suction HX,Soltar HX succión de líquido,Soltar Intercambiador de Calor de Succión Líquida,Déposer l'échangeur liquide-aspiration,Déposer Échangeur Thermique Aspiration Liquide,Y,Y
openstudio::RefrigerationSubCoolerView,Drop Mechanical Sub Cooler,Soltar subenfriador mecánico,Colocar Enfriador Sub-Mecánico,Déposer le sous-refroidisseur mécanique,Déposer Sous-refroidisseur mécanique,Y,Y
openstudio::RefrigerationSystemDropZoneView,Drop Refrigeration System,Soltar Sistema de Refrigeración,Arrastrar Sistema de Refrigeración,Système de Réfrigération Directe,Déposer un système de réfrigération,Y,Y
openstudio::RefrigerationWalkInGridController,All,Todos,Todos,Tous,Tous,,
openstudio::RefrigerationWalkInGridController,Check to select all rows,Marcar para seleccionar todas las filas,Marcar para seleccionar todas las filas,Cocher pour sélectionner toutes les lignes,Cochez pour sélectionner toutes les lignes,,Y
openstudio::RefrigerationWalkInGridController,Check to select this row,Marcar para seleccionar esta fila,Marque para seleccionar esta fila,Cocher pour sélectionner cette ligne,Cochez pour sélectionner cette ligne,Y,Y
openstudio::RefrigerationWalkInGridController,Construction,Construcción,Construcción,Construction,Construction,,
openstudio::RefrigerationWalkInGridController,Defrost,Desescarche,Descongelación,Dégivrage,Dégivrage,Y,
openstudio::RefrigerationWalkInGridController,Dimensions,Dimensiones,Dimensiones,Dimensions,Dimensions,,
openstudio::RefrigerationWalkInGridController,Fans,Ventiladores,Ventiladores,Ventilateurs,Ventilateurs,,
openstudio::RefrigerationWalkInGridController,General,General,General,Général,Général,,
openstudio::RefrigerationWalkInGridController,Heating,Calefacción,Calefacción,Chauffage,Chauffage,,
openstudio::RefrigerationWalkInGridController,Lighting,Iluminación,Iluminación,Éclairage,Éclairage,,
openstudio::RefrigerationWalkInGridController,Name,Nombre,Nombre,Nom,Nom,,
openstudio::RefrigerationWalkInGridController,Operation,Operación,Operación,Fonctionnement,Fonctionnement,,
openstudio::RefrigerationWalkInGridController,Rack,Rack,Equipo Frigorífico,Rack,Groupe frigorifique,Y,Y
openstudio::RefrigerationWalkInGridController,Restocking,Reposición,Reabastecimiento,Réapprovisionnement,Ravitaillement,Y,Y
openstudio::RefrigerationWalkInGridController,Thermal Zone,Zona Térmica,Zona Térmica,Zone thermique,Zone thermique,,
openstudio::ResultsTabController,Results Summary,Resumen de Resultados,Resumen de Resultados,Résumé des résultats,Résumé des résultats,,
openstudio::ResultsView,Custom Report,Informe Personalizado,Informe Personalizado,Rapport personnalisé,Rapport personnalisé,,
openstudio::ResultsView,Custom Report %1,Informe Personalizado %1,Informe personalizado %1,Rapport personnalisé %1,Rapport personnalisé %1,Y,
openstudio::ResultsView,DView was not found in the expected location:,DView no se encontró en la ubicación esperada:,DView no se encontró en la ubicación esperada:,"DView n'a pas été trouvé à l'emplacement prévu
:",DView n'a pas été trouvé à l'emplacement prévu :,,Y
openstudio::ResultsView,EnergyPlus Results,Resultados de EnergyPlus,Resultados de EnergyPlus,Résultats EnergyPlus,Résultats EnergyPlus,,
openstudio::ResultsView,"Open DView for
Detailed Reports","Abrir DView para
Informes Detallados","Abrir DView para
Informes Detallados","Ouvrir DView pour
Rapports détaillés","Ouvrir DView pour
Rapports Détaillés",,Y
openstudio::ResultsView,Refresh,Actualizar,Actualizar,Actualiser,Actualiser,,
openstudio::ResultsView,Reports:,Informes:,Informes:,Rapports :,Rapports :,,
openstudio::ResultsView,"Set Path to DView
in Preferences","Configurar Ruta de DView
en Preferencias","Establecer ruta a DView
en Preferencias","Définir le chemin d'accès à DView
dans les Préférences","Définir le chemin vers DView
dans les Préférences",Y,Y
openstudio::ResultsView,Unable to launch DView,No se puede iniciar DView,No se puede iniciar DView,Impossible de lancer DView,Impossible de lancer DView,,
openstudio::ResultsView,Units Conversion,Conversión de unidades,Conversión de Unidades,Conversion des unités,Conversion d'unités,Y,Y
openstudio::ResultsView,Would you like to display your Energy+ data in IP units?,¿Le gustaría mostrar sus datos de Energy+ en unidades IP?,¿Le gustaría mostrar sus datos de Energy+ en unidades IP?,Souhaitez-vous afficher vos données Energy+ en unités IP ?,Voulez-vous afficher vos données Energy+ en unités impériales ?,,Y
openstudio::RunTabView,Run Simulation,Ejecutar Simulación,Ejecutar Simulación,Exécuter la simulation,Lancer la simulation,,Y
openstudio::RunView,Aborted,Cancelado,Abortado,Interrompu,Abandonné,Y,Y
openstudio::RunView,Adding Simulation Output Requests.,Agregando Solicitudes de Salida de Simulación.,Agregando Solicitudes de Salida de Simulación.,Ajout de demandes de résultats de simulation.,Ajout des demandes de résultats de simulation.,,Y
openstudio::RunView,Classic CLI,CLI Clásico,CLI Clásico,CLI classique,CLI classique,,
openstudio::RunView,Completed.,Completado.,Completado.,Terminé.,Terminé.,,
openstudio::RunView,Could not open socket connection to OpenStudio Classic CLI.,No se pudo abrir la conexión de socket al CLI Clásico de OpenStudio.,No se pudo abrir la conexión de socket a OpenStudio Classic CLI.,Impossible d'ouvrir la connexion socket vers OpenStudio Classic CLI.,Impossible d'établir une connexion socket avec l'interface en ligne de commande OpenStudio Classic.,Y,Y
openstudio::RunView,Failed.,Fallido.,Falló.,Échoué.,Échec.,Y,Y
openstudio::RunView,"Falling back to stdout/stderr parsing, live updates might be slower.",Usando análisis de stdout/stderr; las actualizaciones en tiempo real pueden ser más lentas.,"Recurriendo al análisis de stdout/stderr, las actualizaciones en tiempo real podrían ser más lentas.","Recours à l'analyse stdout/stderr, les mises à jour en direct pourraient être plus lentes.","Recours à l'analyse stdout/stderr, les mises à jour en direct pourraient être plus lentes.",Y,
openstudio::RunView,Gathering Reports.,Recopilando Informes.,Recopilando Reportes.,Collecte des rapports.,Collecte des rapports.,Y,
openstudio::RunView,Initializing workflow.,Inicializando flujo de trabajo.,Inicializando flujo de trabajo.,Initialisation du flux de travail.,Initialisation du flux de travail.,,
openstudio::RunView,"onRunProcessErrored: Simulation failed to run, QProcess::ProcessError:","onRunProcessErrored: Error en la ejecución de la simulación, QProcess::ProcessError:","onRunProcessErrored: La simulación no se pudo ejecutar, QProcess::ProcessError:","onRunProcessErrored: La simulation a échouée, QProcess::ProcessError :","onRunProcessErrored: La simulation n'a pas pu s'exécuter, QProcess::ProcessError:",Y,Y
openstudio::RunView,Please save the OpenStudio Model to view the simulation.,"Por favor, guarde el modelo de OpenStudio para ver la simulación.","Por favor, guarde el Modelo de OpenStudio para ver la simulación.",Veuillez enregistrer le modèle OpenStudio pour afficher la simulation.,Veuillez enregistrer le modèle OpenStudio pour afficher la simulation.,Y,
openstudio::RunView,Processing EnergyPlus Measures.,Procesando Medidas de EnergyPlus.,Procesando Medidas de EnergyPlus.,Traitement des mesures EnergyPlus.,Traitement des mesures EnergyPlus.,,
openstudio::RunView,Processing OpenStudio Measures.,Procesando Medidas de OpenStudio.,Procesando Medidas de OpenStudio.,Traitement des mesures OpenStudio.,Traitement des Mesures OpenStudio.,,Y
openstudio::RunView,Processing Reporting Measures.,Procesando Medidas de Informe.,Procesando Medidas de Informe.,Traitement des mesures de rapports.,Traitement des mesures de rapport.,,Y
openstudio::RunView,Run,Ejecutar,Ejecutar,Exécuter,Exécuter,,
openstudio::RunView,Show Simulation,Mostrar Simulación,Mostrar Simulación,Afficher la simulation,Afficher la simulation,,
openstudio::RunView,"Simulation failed to run, with exit code","La simulación no se ejecutó, con código de salida","La simulación no se pudo ejecutar, código de salida","La simulation a échouée, avec le code d'erreur","La simulation n'a pas pu s'exécuter, code de sortie",Y,Y
openstudio::RunView,Starting EnergyPlus Simulation.,Iniciando Simulación de EnergyPlus.,Iniciando simulación de EnergyPlus.,Démarrage de la simulation EnergyPlus.,Démarrage de la simulation EnergyPlus.,Y,
openstudio::RunView,The classic command is deprecated and will be removed in a future release.,El comando clásico está obsoleto y se eliminará en una versión futura.,El comando clásico está deprecado y se eliminará en una versión futura.,La commande classique est dépréciée et sera supprimée dans une version future.,La commande classique est dépréciée et sera supprimée dans une future version.,Y,Y
openstudio::RunView,Translating the OpenStudio Model to EnergyPlus.,Traduciendo el Modelo de OpenStudio a EnergyPlus.,Traduciendo el modelo de OpenStudio a EnergyPlus.,Traduction du modèle OpenStudio en EnergyPlus.,Conversion du modèle OpenStudio en EnergyPlus.,Y,Y
openstudio::RunView,Unable to open simulation,No se puede abrir la simulación,No se puede abrir la simulación,Impossible d'ouvrir la simulation,Impossible d'ouvrir la simulation,,
openstudio::RunView,Verbose,Detallado,Detallado,Détaillé,Détaillé,,
openstudio::ScheduleCompactInspectorView,Content:,Contenido:,Contenido,Contenu :,Contenu,Y,Y
openstudio::ScheduleCompactInspectorView,Name:,Nombre:,Nombre:,Nom :,Nom :,,
openstudio::ScheduleConstantInspectorView,Name:,Nombre:,Nombre:,Nom :,Nom :,,
openstudio::ScheduleConstantInspectorView,Value:,Valor:,Valor:,Valeur :,Valeur :,,
openstudio::ScheduleDayView,1 Minute,1 minuto,1 Minuto,1 Minute,1 Minute,Y,
openstudio::ScheduleDayView,15 Minutes,15 minutos,15 Minutos,15 Minutes,15 Minutes,Y,
openstudio::ScheduleDayView,Hourly,Por hora,Horario,Horaire (Hourly),Horaire,Y,Y
openstudio::ScheduleDayView,Schedule Day Name:,Nombre del día de horario:,Nombre del Día de la Jornada:,Nom du jour du calendrier :,Nom du jour de planning :,Y,Y
openstudio::ScheduleDialog,Apply,Aplicar,Aplicar,Appliquer,Appliquer,,
openstudio::ScheduleDialog,Define New Schedule,Definir nuevo horario,Definir Nueva Programación,Définir un nouveau calendrier,Définir une nouvelle planification,Y,Y
openstudio::ScheduleDialog,Lower Limit:,Límite inferior:,Límite Mínimo:,Limite inférieure :,Limite inférieure :,Y,
openstudio::ScheduleDialog,None,Ninguno,Ninguno,Aucun,Aucun,,
openstudio::ScheduleDialog,Numeric Type:,Tipo numérico:,Tipo numérico:,Type numérique :,Type numérique :,,
openstudio::ScheduleDialog,Schedule Type,Tipo de horario,Tipo de Horario,Type de calendrier,Type de calendrier,Y,
openstudio::ScheduleDialog,unitless,sin unidades,sin unidades,sans unité,sans unité,,
openstudio::ScheduleDialog,Upper Limit:,Límite superior:,Límite Superior:,Limite supérieure :,Limite supérieure :,Y,
openstudio::ScheduleFileInspectorView,Adjust Schedule for Daylight Savings:,Ajustar horario para horario de verano:,Ajustar Horario para Cambio de Hora:,Ajuster le calendrier pour l'heure d'été :,Ajuster la planification pour l'heure d'été :,Y,Y
openstudio::ScheduleFileInspectorView,Column Number:,Número de columna:,Número de Columna:,Numéro de colonne :,Numéro de colonne :,Y,
openstudio::ScheduleFileInspectorView,Column Separator:,Separador de columnas:,Separador de columnas:,Séparateur de colonne :,Séparateur de colonnes :,,Y
openstudio::ScheduleFileInspectorView,Comma,Coma,Coma,Virgule,Virgule,,
openstudio::ScheduleFileInspectorView,Content:,Contenido:,Contenido,Contenu :,Contenu,Y,Y
openstudio::ScheduleFileInspectorView,Display All File Content:,Mostrar todo el contenido del archivo:,Mostrar Todo el Contenido del Archivo:,Afficher tout le contenu du fichier :,Afficher tout le contenu du fichier :,Y,
openstudio::ScheduleFileInspectorView,FilePath:,Ruta de archivo:,Ruta del archivo:,Chemin d'accès :,Chemin d'accès :,Y,
openstudio::ScheduleFileInspectorView,Interpolate to Timestep:,Interpolar al paso de tiempo:,Interpolar al Intervalo de Tiempo:,Interpoler au pas de temps :,Interpoler au pas de temps :,Y,
openstudio::ScheduleFileInspectorView,Minutes per Item:,Minutos por elemento:,Minutos por Elemento:,Minutes par élément :,Minutes par élément :,Y,
openstudio::ScheduleFileInspectorView,Name:,Nombre:,Nombre:,Nom :,Nom :,,
openstudio::ScheduleFileInspectorView,Number of Hours of Data:,Número de horas de datos:,Número de Horas de Datos:,Nombre d'heures de données :,Nombre d'heures de données :,Y,
openstudio::ScheduleFileInspectorView,Number of Lines in file:,Número de líneas en el archivo:,Número de líneas en el archivo:,Nombre de lignes dans le fichier :,Nombre de lignes dans le fichier :,,
openstudio::ScheduleFileInspectorView,Rows to Skip at Top:,Filas a omitir al inicio:,Filas a omitir en la parte superior:,Lignes à ignorer en haut :,Lignes à ignorer en haut :,Y,
openstudio::ScheduleFileInspectorView,Semicolon,Punto y coma,Punto y coma,Point-virgule,Point-virgule,,
openstudio::ScheduleFileInspectorView,Space,Espacio,Space,Espace,Espace,Y,
openstudio::ScheduleFileInspectorView,Tab,Tabulador,Pestaña,Onglet,Onglet,Y,
openstudio::ScheduleFileInspectorView,Translate File With Relative Path:,Usar ruta relativa para el archivo:,Traducir Archivo Con Ruta Relativa:,Traduire le fichier avec le chemin relatif :,Traduire le fichier avec chemin relatif :,Y,Y
openstudio::ScheduleLimitsView,Lower Limit:,Límite inferior:,Límite Mínimo:,Limite inférieure :,Limite inférieure :,Y,
openstudio::ScheduleLimitsView,Upper Limit:,Límite superior:,Límite Superior:,Limite Supérieure :,Limite supérieure :,Y,Y
openstudio::ScheduleOthersController,All files (*.*);;CSV Files(*.csv);;TSV Files(*.tsv),Todos los archivos (*.*);;Archivos CSV(*.csv);;Archivos TSV(*.tsv),Todos los archivos (*.*);;Archivos CSV(*.csv);;Archivos TSV(*.tsv),All files (*.*);;CSV Files(*.csv);;TSV Files(*.tsv),Tous les fichiers (*.*);;Fichiers CSV(*.csv);;Fichiers TSV(*.tsv),,Y
openstudio::ScheduleOthersController,"Creation of Schedule:Compact is not supported, you should use a ScheduleRuleset instead","La creación de Schedule:Compact no está soportada, se recomienda usar un ScheduleRuleset en su lugar","La creación de Schedule:Compact no es compatible, debe usar un ScheduleRuleset en su lugar","La création de Schedule:Compact n'est pas prise en charge, vous devriez utiliser un ScheduleRuleset à la place","La création de Schedule:Compact n'est pas supportée, vous devez utiliser une ScheduleRuleset à la place",Y,Y
openstudio::ScheduleOthersController,CSV Files(*.csv),Archivos CSV(*.csv),CSV Files(*.csv),CSV Files(*.csv),CSV Files(*.csv),Y,
openstudio::ScheduleOthersController,Select External File,Seleccionar Archivo Externo,Seleccionar archivo externo,Sélectionner Fichier Externe,Sélectionner un fichier externe,Y,Y
openstudio::ScheduleOthersView,Schedule Compact,Horario compacto,Horario Compacto,Calendrier Compact,Calendrier Compact,Y,
openstudio::ScheduleOthersView,Schedule Constant,Horario constante,Horario Constante,Calendrier Constant,Calendrier Constant,Y,
openstudio::ScheduleOthersView,Schedule File,Archivo de horario,Archivo de Horario,Fichier de planification,Fichier de Calendrier,Y,Y
openstudio::ScheduleRuleView,Apply to:,Aplicar a:,Aplicar a:,Appliquer à :,Appliquer à :,,
openstudio::ScheduleRuleView,Date Range:,Rango de fechas:,Rango de Fechas:,Plage de dates :,Plage de dates :,Y,
openstudio::ScheduleRuleView,Schedule Rule Name:,Nombre de la regla de horario:,Nombre de Regla de Horario:,Nom de la règle d'horaire :,Nom de la règle d'horaire :,Y,
openstudio::ScheduleRulesetInspectorView,Name,Nombre,Nombre,Nom,Nom,,
openstudio::ScheduleRulesetInspectorView,Please use the Schedules tab to inspect this object.,Por favor use la pestaña Schedules para inspeccionar este objeto.,Utilice la pestaña Schedules para inspeccionar este objeto.,Veuillez utiliser l'onglet Schedules pour inspecter cet objet.,Veuillez utiliser l'onglet Calendriers pour inspecter cet objet.,Y,Y
openstudio::ScheduleRulesetNameWidget,Schedule Name:,Nombre del horario:,Nombre de la Programación:,Nom du calendrier :,Nom de l'horaire :,Y,Y
openstudio::ScheduleRulesetNameWidget,Schedule Type:,Tipo de horario:,Tipo de Horario:,Type de calendrier :,Type de Planning :,Y,Y
openstudio::ScheduleSetInspectorView,Default Schedules,Horarios predeterminados,Cronogramas Predeterminados,Calendriers par défaut,Calendriers par défaut,Y,
openstudio::ScheduleSetInspectorView,Electric Equipment,Equipo eléctrico,Equipo Eléctrico,Équipement électrique,Équipements Électriques,Y,Y
openstudio::ScheduleSetInspectorView,Gas Equipment,Equipo de gas,Equipos de Gas,Équipements à gaz,Équipements à gaz,Y,
openstudio::ScheduleSetInspectorView,Hot Water Equipment,Equipo de agua caliente,Equipo de Agua Caliente,Équipements d'eau chaude,Équipements d'Eau Chaude,Y,Y
openstudio::ScheduleSetInspectorView,Hours of Operation,Horas de operación,Horario de Operación,Heures d'exploitation,Heures de fonctionnement,Y,Y
openstudio::ScheduleSetInspectorView,Infiltration,Infiltración,Infiltración,Infiltration,Infiltration,,
openstudio::ScheduleSetInspectorView,Lighting,Iluminación,Iluminación,Éclairage,Éclairage,,
openstudio::ScheduleSetInspectorView,Name,Nombre,Nombre,Nom,Nom,,
openstudio::ScheduleSetInspectorView,Number of People,Número de personas,Número de Personas,Nombre de personnes,Nombre de personnes,Y,
openstudio::ScheduleSetInspectorView,Other Equipment,Otros equipos,Otro Equipo,Autres Équipements,Autres équipements,Y,Y
openstudio::ScheduleSetInspectorView,People Activity,Actividad de personas,Actividad de Ocupantes,Activité des occupants,Activité des Occupants,Y,Y
openstudio::ScheduleSetInspectorView,Steam Equipment,Equipo de vapor,Equipo de Vapor,Équipement à Vapeur,Équipement à Vapeur,Y,
openstudio::ScheduleSetsView,Schedule Sets,Conjuntos de horarios,Conjuntos de Horarios,Ensembles de calendriers,Ensembles de Calendriers,Y,Y
openstudio::ScheduleTabContent,Click to add new run period profile,Clic para agregar nuevo perfil de período de ejecución,Haga clic para añadir nuevo perfil de período de simulación,Cliquez pour ajouter un nouveau profil de période d'exécution,Cliquez pour ajouter un nouveau profil de période d'exécution,Y,
openstudio::ScheduleTabContent,Run Period Profiles,Perfiles del período de ejecución,Perfiles del Período de Simulación,Profils de période d'exécution,Profils de Période de Simulation,Y,Y
openstudio::ScheduleTabContent,Special Day Profiles,Perfiles de días especiales,Perfiles de Días Especiales,Profils de Jours Spéciaux,Profils de jours spéciaux,Y,Y
openstudio::ScheduleTabDefault,Click to edit default profile,Clic para editar el perfil predeterminado,Haga clic para editar el perfil predeterminado,Cliquez pour modifier le profil par défaut,Cliquez pour modifier le profil par défaut,Y,
openstudio::ScheduleTabDefault,Click to edit holiday profile,Clic para editar el perfil de días festivos,Haga clic para editar el perfil de días festivos,Cliquez pour modifier le profil de congés,Cliquez pour modifier le profil de jours fériés,Y,Y
openstudio::ScheduleTabDefault,Click to edit summer design day profile,Clic para editar el perfil del día de diseño de verano,Haga clic para editar el perfil del día de diseño de verano,Cliquer pour modifier le profil du jour de conception d'été,Cliquez pour modifier le profil du jour de conception estival,Y,Y
openstudio::ScheduleTabDefault,Click to edit winter design day profile,Clic para editar el perfil del día de diseño de invierno,Haga clic para editar el perfil del día de diseño de invierno,Cliquez pour modifier le profil du jour de conception hivernale,Cliquez pour modifier le profil du jour de conception hivernale,Y,
openstudio::ScheduleTabDefault,Default,Predeterminado,Predeterminado,Par défaut,Par défaut,,
openstudio::ScheduleTabDefault,Holiday,Festivo,Feriado,Jour férié,Jour férié,Y,
openstudio::ScheduleTabDefault,Summer Design Day,Día de diseño de verano,Día de Diseño de Verano,Jour de conception estivale,Jour de Conception Estivale,Y,Y
openstudio::ScheduleTabDefault,Winter Design Day,Día de diseño de invierno,Día de Diseño de Invierno,Jour de conception hivernale,Jour de Conception Hivernale,Y,Y
openstudio::ScheduledSPMView,Supply temperature is controlled by a scheduled setpoint manager.,La temperatura de suministro es controlada por un gestor de punto de ajuste programado.,La temperatura de suministro es controlada por un gestor de punto de consigna programado.,La température de départ est contrôlée par un gestionnaire de consigne programmé.,La température de soufflage est contrôlée par un gestionnaire de consigne programmé.,Y,Y
openstudio::ScheduledSPMView,Supply Temperature Schedule,Horario de Temperatura de Suministro,Calendario de Temperatura de Suministro,Calendrier de Température d'Alimentation,Calendrier de Température de Soufflage,Y,Y
openstudio::SchedulesTabController,Other Schedules,Otros horarios,Otros Calendarios,Autres calendriers,Autres calendriers,Y,
openstudio::SchedulesTabController,Schedule Sets,Conjuntos de horarios,Conjuntos de Horarios,Ensembles de calendriers,Ensembles de Calendriers,Y,Y
openstudio::SchedulesTabController,Schedules,Horarios,Cronogramas,Calendriers,Calendriers,Y,
openstudio::SchedulesTabView,Schedules,Horarios,Cronogramas,Calendriers,Calendriers,Y,
openstudio::ScriptsTabView,Check the Library for Newer Versions of the Measures in Your Project and Provides Sync Option,Busca Versiones Más Recientes de las Medidas del Proyecto en la Biblioteca y Ofrece la Opción de Sincronización,Verificar en la Biblioteca Versiones Más Recientes de las Medidas en Su Proyecto y Proporcionar Opción de Sincronización,Vérifier la Bibliothèque pour les versions plus récentes des mesures de votre projet et offrir une option de synchronisation,Vérifier la Bibliothèque pour les versions plus récentes des Mesures de votre Projet et fournir l'option de Synchronisation,Y,Y
openstudio::ScriptsTabView,Measures,Medidas,Medidas,Mesures,Mesures,,
openstudio::ScriptsTabView,Sync Project Measures with Library,Sincronizar Medidas del Proyecto con la Biblioteca,Sincronizar Medidas del Proyecto con la Biblioteca,Synchroniser les mesures du projet avec la bibliothèque,Synchroniser les mesures du projet avec la bibliothèque,,
openstudio::SecondaryDropZoneView,Add Cascade or Secondary System,Agregar sistema en cascada o secundario,Agregar sistema en cascada o secundario,Ajouter un système en cascade ou secondaire,Ajouter un système en cascade ou secondaire,,
openstudio::SimSettingsTabController,Simulation Settings,Configuración de Simulación,Configuración de Simulación,Paramètres de simulation,Paramètres de simulation,,
openstudio::SimSettingsView,Accumulated Rays per Record:,Rayos Acumulados por Registro:,Rayos Acumulados por Registro:,Rayons accumulés par enregistrement :,Rayons accumulés par enregistrement :,,
openstudio::SimSettingsView,Advanced RunPeriod Parameters,Parámetros Avanzados del Período de Ejecución,Parámetros Avanzados del Período de Simulación,Paramètres avancés de période de simulation,Paramètres avancés de la période de simulation,Y,Y
openstudio::SimSettingsView,Algorithm,Algoritmo,Algoritmo,Algorithme,Algorithme,,
openstudio::SimSettingsView,Ambient Bounces DMX:,Rebotes Ambientales DMX:,Rebotes Ambiente DMX:,Rebonds ambiants DMX :,Rebonds Ambiants DMX :,Y,Y
openstudio::SimSettingsView,Ambient Bounces VMX:,Rebotes Ambientales VMX:,Rebotes Ambientales VMX:,Rebonds Ambiants VMX :,Rebonds Ambiants VMX :,,
openstudio::SimSettingsView,Ambient Divisions DMX:,Divisiones Ambientales DMX:,Divisiones Ambiente DMX:,Divisions DMX Ambiantes :,Divisions Ambiantes DMX :,Y,Y
openstudio::SimSettingsView,Ambient Divisions VMX:,Divisiones Ambientales VMX:,Divisiones Ambientales VMX:,Divisions ambiantes VMX :,Divisions Ambiantes VMX :,,Y
openstudio::SimSettingsView,Ambient Supersamples:,Supermuestras Ambientales:,Supermuestras Ambientales:,Suréchanitillons ambiants :,Surimprégnations ambiantes :,,Y
openstudio::SimSettingsView,Apply Weekend Holiday Rule,Aplicar Regla de Festivos en Fin de Semana,Aplicar Regla de Feriados en Fin de Semana,Appliquer la règle de congé du week-end,Appliquer la règle de décalage des jours fériés,Y,Y
openstudio::SimSettingsView,Carbon Dioxide Capacity Multiplier,Multiplicador de Capacidad de CO2,Multiplicador de Capacidad de Dióxido de Carbono,Multiplicateur de Capacité du Dioxyde de Carbone,Multiplicateur de capacité de dioxyde de carbone,Y,Y
openstudio::SimSettingsView,Carbon Dioxide Concentration,Concentración de Dióxido de Carbono,Concentración de Dióxido de Carbono,Concentration en dioxyde de carbone,Concentration en Dioxyde de Carbone,,Y
openstudio::SimSettingsView,"Coarse (Fast, less accurate)","Grueso (Rápido, menos preciso)","Grueso (Rápido, menos preciso)","Grossier (Rapide, moins précis)","Grossier (Rapide, moins précis)",,
openstudio::SimSettingsView,Convergence Limits,Límites de Convergencia,Límites de Convergencia,Limites de Convergence,Limites de convergence,,Y
openstudio::SimSettingsView,Cooling Sizing Factor,Factor de Dimensionamiento de Enfriamiento,Factor de Dimensionamiento de Enfriamiento,Facteur de dimensionnement du refroidissement,Facteur de Dimensionnement du Refroidissement,,Y
openstudio::SimSettingsView,Custom,Personalizado,Personalizado,Personnalisé,Personnalisé,,
openstudio::SimSettingsView,Date Range,Rango de Fechas,Rango de Fechas,Plage de dates,Plage de dates,,
openstudio::SimSettingsView,Direct Certainty:,Certeza Directa:,Certeza Directa:,Certitude Directe :,Certitude Directe :,,
openstudio::SimSettingsView,Direct Jitter:,Fluctuación Directa:,Perturbación Directa:,Gigue directe :,Variation aléatoire directe :,Y,Y
openstudio::SimSettingsView,Direct Pretest:,Preprueba Directa:,Preprueba Directa:,Essai préliminaire direct :,Prétest direct :,,Y
openstudio::SimSettingsView,Direct Threshold:,Umbral Directo:,Umbral Directo:,Seuil direct :,Seuil Direct :,,Y
openstudio::SimSettingsView,Do HVAC Sizing Simulation for Sizing Periods,Realizar Simulación de Dimensionamiento HVAC para Períodos de Dimensionamiento,Ejecutar Simulación de Dimensionamiento HVAC para Períodos de Dimensionamiento,Faire une Simulation de Dimensionnement HVAC pour les Périodes de Dimensionnement,Exécuter la simulation de dimensionnement HVAC pour les périodes de dimensionnement,Y,Y
openstudio::SimSettingsView,Do Plant Sizing Calculation,Realizar Cálculo de Dimensionamiento de Planta,Realizar Cálculo de Dimensionamiento de Plantas,Effectuer le calcul de dimensionnement de l'installation,Effectuer le calcul de dimensionnement des installations,Y,Y
openstudio::SimSettingsView,Do System Sizing Calculation,Realizar Cálculo de Dimensionamiento del Sistema,Realizar Cálculo de Dimensionamiento del Sistema,Effectuer le Calcul de Dimensionnement du Système,Effectuer le calcul de dimensionnement du système,,Y
openstudio::SimSettingsView,Do Zone Sizing Calculation,Realizar Cálculo de Dimensionamiento de Zona,Realizar Cálculo de Dimensionamiento de Zonas,Effectuer le calcul du dimensionnement des zones,Effectuer le calcul de dimensionnement des zones,Y,Y
openstudio::SimSettingsView,Enable AllSummary Report,Habilitar Informe de Resumen General,Habilitar Informe AllSummary,Activer le rapport AllSummary,Activer le rapport AllSummary,Y,
openstudio::SimSettingsView,Enable DisplayExtraWarnings,Habilitar Visualización de Advertencias Adicionales,Habilitar DisplayExtraWarnings,Activer DisplayExtraWarnings,Activer DisplayExtraWarnings,Y,
openstudio::SimSettingsView,"Fine (Slow, more accurate)","Fino (Lento, más preciso)","Fino (Lento, más preciso)","Fin (Lent, plus précis)","Fin (Lent, plus précis)",,
openstudio::SimSettingsView,Heat Balance Algorithm,Algoritmo de Balance Térmico,Algoritmo de Balance de Calor,Algorithme de Bilan Thermique,Algorithme de Bilan Thermique,Y,
openstudio::SimSettingsView,Heat Index Algorithm,Algoritmo de Índice de Calor,Algoritmo del Índice de Calor,Algorithme d'indice de chaleur,Algorithme d'indice de chaleur,Y,
openstudio::SimSettingsView,Heating Sizing Factor,Factor de Dimensionamiento de Calefacción,Factor de Dimensionamiento de Calefacción,Facteur de dimensionnement du chauffage,Facteur de dimensionnement chauffage,,Y
openstudio::SimSettingsView,Humidity Capacity Multiplier,Multiplicador de Capacidad de Humedad,Multiplicador de Capacidad de Humedad,Multiplicateur de Capacité d'Humidité,Multiplicateur de Capacité Hygrométrique,,Y
openstudio::SimSettingsView,Inside Surface Convection Algorithm,Algoritmo de Convección de Superficie Interior,Algoritmo de Convección en Superficie Interior,Algorithme de Convection de Surface Intérieure,Algorithme de Convection de Surface Intérieure,Y,
openstudio::SimSettingsView,Klems Sampling Density:,Densidad de Muestreo Klems:,Densidad de Muestreo Klems:,Densité d'échantillonnage Klems :,Densité d'échantillonnage Klems :,,
openstudio::SimSettingsView,Limit Weight DMX:,Peso Límite DMX:,Límite Peso DMX:,Poids Limite DMX :,Limiter le poids DMX :,Y,Y
openstudio::SimSettingsView,Limit Weight VMX:,Peso Límite VMX:,Límite de Peso VMX:,Poids limite VMX :,Facteur de Pondération Limite VMX :,Y,Y
openstudio::SimSettingsView,Loads Convergence Tolerance Value,Valor de Tolerancia de Convergencia de Cargas,Valor de Tolerancia de Convergencia de Cargas,Valeur de Tolérance de Convergence des Charges,Valeur de Tolérance de Convergence des Charges,,
openstudio::SimSettingsView,Maximum Figures In Shadow Overlap Calculations,Figuras Máximas en Cálculos de Superposición de Sombras,Máximo de Figuras en Cálculos de Solapamiento de Sombras,Maximum Figures In Shadow Overlap Calculations,Nombre Maximum De Figures Dans Les Calculs De Chevauchement D'Ombres,Y,Y
openstudio::SimSettingsView,Maximum HVAC Iterations,Iteraciones Máximas de HVAC,Iteraciones HVAC Máximas,Itérations HVAC maximales,Itérations HVAC maximales,Y,
openstudio::SimSettingsView,Maximum Number of HVAC Sizing Simulation Passes,Número Máximo de Pasadas de Simulación de Dimensionamiento HVAC,Número Máximo de Pasadas de Simulación de Dimensionamiento HVAC,Nombre maximum de passages de simulation de dimensionnement HVAC,Nombre maximum de passes de simulation de dimensionnement HVAC,,Y
openstudio::SimSettingsView,Maximum Number Of Warmup Days,Número Máximo de Días de Calentamiento,Número Máximo de Días de Precalentamiento,Nombre maximum de jours de préchauffage,Nombre maximum de jours de préchauffage,Y,
openstudio::SimSettingsView,Maximum Plant Iterations,Iteraciones Máximas de Planta,Iteraciones Máximas de la Planta,Itérations maximales de la centrale,Itérations maximales de la centrale,Y,
openstudio::SimSettingsView,Maximum Surface Convection Heat Transfer Coefficient Value,Valor Máximo del Coeficiente de Transferencia de Calor por Convección de Superficie,Valor Máximo del Coeficiente de Transferencia de Calor por Convección en Superficies,Valeur maximale du coefficient de transfert thermique par convection de surface,Valeur maximale du coefficient de transfert de chaleur par convection de surface,Y,Y
openstudio::SimSettingsView,Minimum Number Of Warmup Days,Número Mínimo de Días de Calentamiento,Número Mínimo de Días de Precalentamiento,Nombre Minimum de Jours de Préchauffage,Nombre minimum de jours de préchauffage,Y,Y
openstudio::SimSettingsView,Minimum Plant Iterations,Iteraciones Mínimas de Planta,Iteraciones Mínimas del Sistema de Distribución,Itérations minimales de la centrale,Itérations minimales de la centrale,Y,
openstudio::SimSettingsView,Minimum Surface Convection Heat Transfer Coefficient Value,Valor Mínimo del Coeficiente de Transferencia de Calor por Convección de Superficie,Valor mínimo del coeficiente de transferencia de calor por convección en superficie,Valeur minimale du coefficient de transfert thermique par convection de surface,Valeur minimale du coefficient de transfert thermique par convection à la surface,Y,Y
openstudio::SimSettingsView,Minimum System Timestep,Paso de Tiempo Mínimo del Sistema,Intervalo de Tiempo Mínimo del Sistema,Pas de Temps Système Minimum,Pas de temps système minimum,Y,Y
openstudio::SimSettingsView,Number Of Threads Allowed,Número de Hilos Permitidos,Número de Hilos Permitidos,Nombre de threads autorisés,Nombre de threads autorisés,,
openstudio::SimSettingsView,Number Of Timesteps Per Hour,Número de Pasos de Tiempo por Hora,Número de Pasos de Tiempo por Hora,Nombre d'intervalles de temps par heure,Nombre d'intervalles de temps par heure,,
openstudio::SimSettingsView,Option Type,Tipo de Opción,Tipo de Opción,Type d'option,Type d'option,,
openstudio::SimSettingsView,Outdoor Carbon Dioxide Schedule Name,Nombre del Horario de CO2 Exterior,Nombre de Programa de Dióxido de Carbono Exterior,Nom de l'horaire de dioxyde de carbone extérieur,Nom du profil de concentration externe en dioxyde de carbone,Y,Y
openstudio::SimSettingsView,Output CBOR,Salida CBOR,Salida CBOR,Sortie CBOR,Sortie CBOR,,
openstudio::SimSettingsView,Output Control Reporting Tolerances,Tolerancias de Reporte del Control de Salida,Tolerancias de Control de Reportes de Salida,Tolérances de rapports de contrôle de sortie,Tolérances de rapport de contrôle de sortie,Y,Y
openstudio::SimSettingsView,Output Control Resilience Summaries,Resúmenes de Resiliencia del Control de Salida,Control de Salida de Resúmenes de Resiliencia,Contrôle des sorties Résumés de résilience,Contrôle de la sortie des résumés de résilience,Y,Y
openstudio::SimSettingsView,Output Diagnostics,Diagnósticos de Salida,Diagnósticos de Salida,Diagnostics de Sortie,Diagnostiques de sortie,,Y
openstudio::SimSettingsView,Output JSON,Salida JSON,Exportar JSON,Sortie JSON,Sortie JSON,Y,
openstudio::SimSettingsView,Output MessagePack,Salida MessagePack,Salida MessagePack,Sortie MessagePack,Sortie MessagePack,,
openstudio::SimSettingsView,Output Table Summary Reports,Informes de Resumen de Tablas de Salida,Informes de Resumen de Tablas de Salida,Rapports de Synthèse des Tableaux de Sortie,Rapports de synthèse des tableaux de sortie,,Y
openstudio::SimSettingsView,Outside Surface Convection Algorithm,Algoritmo de Convección de Superficie Exterior,Algoritmo de Convección de Superficie Exterior,Algorithme de Convection de Surface Extérieure,Algorithme de Convection de Surface Extérieure,,
openstudio::SimSettingsView,Perform Plant Sizing,Realizar Dimensionamiento de Planta,Realizar Dimensionamiento de Planta,Effectuer le dimensionnement de la centrale thermique,Effectuer le dimensionnement de la centrale thermique,,
openstudio::SimSettingsView,Perform System Sizing,Realizar Dimensionamiento del Sistema,Realizar Dimensionamiento del Sistema,Effectuer le dimensionnement du système,Effectuer le dimensionnement du système,,
openstudio::SimSettingsView,Perform Zone Sizing,Realizar Dimensionamiento de Zona,Realizar Cálculo de Tamaño de Zonas,Effectuer le dimensionnement des zones,Effectuer le dimensionnement des zones,Y,
openstudio::SimSettingsView,Polygon Clipping Algorithm,Algoritmo de Recorte de Polígonos,Algoritmo de Recorte de Polígonos,Algorithme de découpage de polygones,Algorithme de découpage de polygones,,
openstudio::SimSettingsView,Program Control,Control de Programa,Control del Programa,Contrôle du programme,Contrôle du programme,Y,
openstudio::SimSettingsView,Radiance Parameters,Parámetros de Radiance,Parámetros de Radiance,Paramètres Radiance,Paramètres Radiance,,
openstudio::SimSettingsView,Run Control,Control de Ejecución,Control de Ejecución,Contrôle de l'exécution,Contrôle de l'exécution,,
openstudio::SimSettingsView,Run Period,Período de Ejecución,Período de Simulación,Période de simulation,Période de simulation,Y,
openstudio::SimSettingsView,Run Simulation for Design Days,Ejecutar Simulación para Días de Diseño,Ejecutar Simulación para Días de Diseño,Exécuter la Simulation pour les Jours de Conception,Exécuter la simulation pour les journées de conception,,Y
openstudio::SimSettingsView,Run Simulation For Sizing Periods,Ejecutar Simulación para Períodos de Dimensionamiento,Ejecutar Simulación para Períodos de Dimensionamiento,Exécuter la simulation pour les périodes de dimensionnement,Exécuter la simulation pour les périodes de dimensionnement,,
openstudio::SimSettingsView,Run Simulation for Weather File,Ejecutar Simulación para Archivo Meteorológico,Ejecutar Simulación para Archivo Climático,Exécuter la simulation pour le fichier météorologique,Exécuter la simulation pour le fichier météo,Y,Y
openstudio::SimSettingsView,Run Simulation For Weather File Run Periods,Ejecutar Simulación para Períodos del Archivo Meteorológico,Ejecutar Simulación Para Períodos de Ejecución del Archivo Climático,Exécuter la simulation pour les périodes d'exécution du fichier météorologique,Exécuter la simulation pour les périodes d'exécution du fichier météorologique,Y,
openstudio::SimSettingsView,Shading Calculation Update Frequency,Frecuencia de Actualización del Cálculo de Sombreado,Frecuencia de Actualización del Cálculo de Sombreado,Fréquence de mise à jour du calcul d'ombrage,Fréquence de mise à jour du calcul d'ombrage,,
openstudio::SimSettingsView,Shadow Calculation,Cálculo de Sombras,Cálculo de Sombras,Calcul des ombres,Calcul des ombres,,
openstudio::SimSettingsView,Simulation Control,Control de Simulación,Control de Simulación,Contrôle de la simulation,Contrôle de la simulation,,
openstudio::SimSettingsView,Sizing Parameters,Parámetros de Dimensionamiento,Parámetros de Dimensionamiento,Paramètres de dimensionnement,Paramètres de dimensionnement,,
openstudio::SimSettingsView,Sky Diffuse Modeling Algorithm,Algoritmo de Modelado de Radiación Difusa del Cielo,Algoritmo de Modelado de Radiación Difusa del Cielo,Algorithme de modélisation de la diffusion du ciel,Algorithme de modélisation du rayonnement diffus du ciel,,Y
openstudio::SimSettingsView,Sky Discretization Resolution:,Resolución de Discretización del Cielo:,Resolución de Discretización del Cielo:,Résolution de discrétisation du ciel :,Résolution de Discrétisation du Ciel :,,Y
openstudio::SimSettingsView,Solar Distribution,Distribución Solar,Distribución Solar,Distribution du rayonnement solaire,Distribution du rayonnement solaire,,
openstudio::SimSettingsView,Surface Temperature Upper Limit,Límite Superior de Temperatura de Superficie,Límite Superior de Temperatura de Superficie,Limite supérieure de la température de surface,Limite supérieure de température de surface,,Y
openstudio::SimSettingsView,Temperature Capacity Multiplier,Multiplicador de Capacidad Térmica,Multiplicador de Capacidad Térmica,Multiplicateur de capacité en température,Multiplicateur de Capacité Thermique,,Y
openstudio::SimSettingsView,Temperature Convergence Tolerance Value,Valor de Tolerancia de Convergencia de Temperatura,Valor de Tolerancia de Convergencia de Temperatura,Valeur de tolérance de convergence de température,Valeur de tolérance de convergence de température,,
openstudio::SimSettingsView,Timestep,Paso de Tiempo,Intervalo de tiempo,Pas de temps (Timestep),Pas de temps,Y,Y
openstudio::SimSettingsView,Timesteps In Averaging Window,Pasos de Tiempo en la Ventana de Promediado,Pasos de Tiempo en Ventana de Promedio,Pas de temps dans la fenêtre de moyenne,Pas de temps dans la fenêtre de moyennage,Y,Y
openstudio::SimSettingsView,Tolerance For Time Cooling Setpoint Not Met,Tolerancia para Tiempo con Punto de Ajuste de Enfriamiento No Cumplido,Tolerancia para Tiempo de Punto de Consigna de Enfriamiento No Cumplido,Tolérance pour non-respect du point de consigne de refroidissement,Tolérance pour la durée d'inactivité du point de consigne de refroidissement,Y,Y
openstudio::SimSettingsView,Tolerance For Time Heating Setpoint Not Met,Tolerancia para Tiempo con Punto de Ajuste de Calefacción No Cumplido,Tolerancia de Tiempo para Consigna de Calefacción No Cumplida,Tolérance pour point de consigne de chauffage non atteint dans le temps,Tolérance sur la durée de non-atteinte du point de consigne de chauffage,Y,Y
openstudio::SimSettingsView,Use Weather File Daylight Savings Period,Usar Período de Horario de Verano del Archivo Meteorológico,Usar Período de Horario de Verano del Archivo Climático,Utiliser la période d'économies d'énergie du fichier météorologique,Utiliser la période d'heure d'été du fichier météorologique,Y,Y
openstudio::SimSettingsView,Use Weather File Holidays and Special Days,Usar Días Festivos y Especiales del Archivo Meteorológico,Utilizar Días Festivos y Especiales del Archivo Climático,Utiliser les jours fériés et jours spéciaux du fichier météorologique,Utiliser les jours fériés et jours spéciaux du fichier météorologique,Y,
openstudio::SimSettingsView,Use Weather File Rain Indicators,Usar Indicadores de Lluvia del Archivo Meteorológico,Usar Indicadores de Lluvia del Archivo Meteorológico,Utiliser les indicateurs de pluie du fichier météorologique,Utiliser les indicateurs de pluie du fichier météorologique,,
openstudio::SimSettingsView,Use Weather File Snow Indicators,Usar Indicadores de Nieve del Archivo Meteorológico,Usar indicadores de nieve del archivo meteorológico,Utiliser les indicateurs de neige du fichier météorologique,Utiliser les indicateurs de neige du fichier météorologique,Y,
openstudio::SimSettingsView,Zone Air Contaminant Balance,Balance de Contaminantes del Aire de Zona,Balance de Contaminantes del Aire en la Zona,Bilan des contaminants de l'air de la zone,Équilibre des contaminants de l'air de la zone,Y,Y
openstudio::SimSettingsView,Zone Air Heat Balance Algorithm,Algoritmo de Balance Térmico del Aire de Zona,Algoritmo de Balance de Calor del Aire de la Zona,Algorithme de bilan thermique de l'air de la zone,Algorithme d'équilibre thermique de l'air de zone,Y,Y
openstudio::SimSettingsView,Zone Capacitance Multiple Research Special,Multiplicador de Capacitancia de Zona (Investigación Especial),Múltiple de Capacitancia de Zona para Investigación Especial,Multiplicateur de Capacité Thermique de Zone - Recherche Spéciale,Zone Multiplicateur de Capacitance Recherche Spéciale,Y,Y
openstudio::SingleZoneSPMView,Control Zone,Zona de Control,Zona de Control,Zone de Contrôle,Zone de contrôle,,Y
openstudio::SingleZoneSPMView,Supply temperature is controlled by a <strong>%1</strong> setpoint manager.,La temperatura de suministro es controlada por un gestor de punto de ajuste <strong>%1</strong>.,La temperatura de suministro está controlada por un gestor de punto de consigna %1.,La température d'alimentation est contrôlée par un gestionnaire de consigne <strong>%1</strong>.,La température d'alimentation est contrôlée par un gestionnaire de consigne %1.,Y,Y
openstudio::SiteGroundTemperatureMonthlyWidget,Apply,Aplicar,Aplicar,Appliquer,Appliquer,,
openstudio::SiteGroundTemperatureMonthlyWidget,Apr,Abr,Abr,Avr,Avr,,
openstudio::SiteGroundTemperatureMonthlyWidget,Aug,Ago,Ago,Août,Août,,
openstudio::SiteGroundTemperatureMonthlyWidget,Dec,Dic,Dic,Déc,Déc,,
openstudio::SiteGroundTemperatureMonthlyWidget,Feb,Feb,Feb,Fév,Fév,,
openstudio::SiteGroundTemperatureMonthlyWidget,Jan,Ene,Ene,Janv,Jan,,Y
openstudio::SiteGroundTemperatureMonthlyWidget,Jul,Jul,Jul,Juil,Juil,,
openstudio::SiteGroundTemperatureMonthlyWidget,Jun,Jun,Jun,Juin,Juin,,
openstudio::SiteGroundTemperatureMonthlyWidget,Mar,Marzo,Mar,Mar,mar,Y,Y
openstudio::SiteGroundTemperatureMonthlyWidget,May,Mayo,Mayo,Mai,Mai,,
openstudio::SiteGroundTemperatureMonthlyWidget,Month,Mes,Mes,Mois,Mois,,
openstudio::SiteGroundTemperatureMonthlyWidget,Nov,Nov,Nov,Nov,Nov,,
openstudio::SiteGroundTemperatureMonthlyWidget,Oct,Oct,oct,Oct,Oct,Y,
openstudio::SiteGroundTemperatureMonthlyWidget,Sep,Sep,Sep,Sep,Sept,,Y
openstudio::SiteGroundTemperatureMonthlyWidget,Set all months to:,Establecer todos los meses en:,Establecer todos los meses a:,Définir tous les mois à :,Définir tous les mois à :,Y,
openstudio::SiteGroundTemperatureMonthlyWidget,Temperature,Temperatura,Temperatura,Température,Température,,
openstudio::SiteGroundTemperatureMonthlyWidget,Temperature [°C],Temperatura [°C],Temperatura [°C],Température [°C],Température [°C],,
openstudio::SiteGroundTemperatureMonthlyWidget,Temperature [°F],Temperatura [°F],Temperatura [°F],Température [°F],Température [°F],,
openstudio::SiteGroundTemperatureMonthlyWidget,°C,°C,°C,°C,°C,,
openstudio::SiteGroundTemperatureMonthlyWidget,°F,°F,°F,°F,°F,,
openstudio::SiteWaterMainsTemperatureWidget,Annual Average Outdoor Air Temperature,Temperatura Promedio Anual del Aire Exterior,Temperatura Media Anual del Aire Exterior,Température Moyenne Annuelle de l'Air Extérieur,Température Extérieure Moyenne Annuelle,Y,Y
openstudio::SiteWaterMainsTemperatureWidget,Calculation Method,Método de Cálculo,Método de Cálculo,Méthode de calcul,Méthode de calcul,,
openstudio::SiteWaterMainsTemperatureWidget,"Maximum Difference In Monthly Average
Outdoor Air Temperatures","Diferencia Máxima en Temperaturas Promedio
Mensuales del Aire Exterior",Diferencia Máxima en las Temperaturas Promedio Mensuales del Aire Exterior,"Différence Maximale Dans les Températures Moyennes
Mensuelles de l'Air Extérieur",Différence Maximale Entre les Températures Moyennes Mensuelles de l'Air Extérieur,Y,Y
openstudio::SiteWaterMainsTemperatureWidget,Temperature Multiplier,Multiplicador de Temperatura,Multiplicador de Temperatura,Multiplicateur de température,Multiplicateur de Température,,Y
openstudio::SiteWaterMainsTemperatureWidget,Temperature Offset,Desplazamiento de Temperatura,Corrección de Temperatura,Décalage de température,Décalage de température,Y,
openstudio::SiteWaterMainsTemperatureWidget,Temperature Schedule,Programa de Temperatura,Programa de Temperatura,Calendrier de température,Calendrier de Température,,Y
openstudio::SpaceTypesGridController,"Activity Schedule
(People Only)","Horario de actividad
(solo personas)","Horario de Actividad
(Solo Personas)","Calendrier d'activité
(Personnes uniquement)","Calendrier d'activité
(Personnes uniquement)",Y,
openstudio::SpaceTypesGridController,All,Todos,Todos,Tous,Tous,,
openstudio::SpaceTypesGridController,Check to select all rows,Marcar para seleccionar todas las filas,Marcar para seleccionar todas las filas,Cocher pour sélectionner toutes les lignes,Cochez pour sélectionner toutes les lignes,,Y
openstudio::SpaceTypesGridController,Check to select this row,Marcar para seleccionar esta fila,Marque para seleccionar esta fila,Cocher pour sélectionner cette ligne,Cochez pour sélectionner cette ligne,Y,Y
openstudio::SpaceTypesGridController,Default Construction Set,Conjunto de construcción predeterminado,Conjunto de Construcciones por Defecto,Ensemble de construction par défaut,Ensemble de construction par défaut,Y,
openstudio::SpaceTypesGridController,Default Schedule Set,Conjunto de horarios predeterminado,Conjunto de Programas Predeterminado,Ensemble de plannings par défaut,Ensemble de Calendriers par Défaut,Y,Y
openstudio::SpaceTypesGridController,Definition,Definición,Definición,Définition,Définition,,
openstudio::SpaceTypesGridController,Design Specification Outdoor Air,Especificación de diseño de aire exterior,Especificación de Diseño de Aire Exterior,Spécification de conception de l'air extérieur,Spécification de conception de l'air extérieur,Y,
openstudio::SpaceTypesGridController,Electric Equipment,Equipo eléctrico,Equipo Eléctrico,Équipements électriques,Équipements Électriques,Y,Y
openstudio::SpaceTypesGridController,Gas Equipment,Equipo de gas,Equipos de Gas,Équipements à gaz,Équipements à gaz,Y,
openstudio::SpaceTypesGridController,General,General,General,Général,Général,,
openstudio::SpaceTypesGridController,Hot Water Equipment,Equipo de agua caliente,Equipo de Agua Caliente,Équipement d'eau chaude,Équipements d'Eau Chaude,Y,Y
openstudio::SpaceTypesGridController,Internal Mass,Masa interna,Masa Térmica Interna,Masse Interne,Masse thermique interne,Y,Y
openstudio::SpaceTypesGridController,Lights,Iluminación,Iluminación,Éclairage,Éclairage,,
openstudio::SpaceTypesGridController,Load Name,Nombre de carga,Nombre de Carga,Nom de la charge,Nom de la Charge,Y,Y
openstudio::SpaceTypesGridController,Loads,Cargas,Cargas,Charges,Charger,,Y
openstudio::SpaceTypesGridController,Luminaire,Luminaria,Luminaria,Luminaire,Luminaire,,
openstudio::SpaceTypesGridController,"Measure
Tags","Etiquetas de
medición",Etiquetas de Medida,"Balise de
mesure","Étiquettes de
Mesure",Y,Y
openstudio::SpaceTypesGridController,Multiplier,Multiplicador,Multiplicador,Multiplicateur,Multiplicateur,,
openstudio::SpaceTypesGridController,Other Equipment,Otro equipo,Otro Equipo,Autre Équipement,Autres équipements,Y,Y
openstudio::SpaceTypesGridController,People,Personas,Personas,Personnes,Occupants,,Y
openstudio::SpaceTypesGridController,Rendering Color,Color de representación,Color de Renderizado,Couleur de rendu,Couleur de rendu,Y,
openstudio::SpaceTypesGridController,Schedule,Horario,Horario,Calendrier,Planning,,Y
openstudio::SpaceTypesGridController,Show all loads,Mostrar todas las cargas,Mostrar todas las cargas,Afficher toutes les charges,Afficher toutes les charges,,
openstudio::SpaceTypesGridController,Space Infiltration Design Flow Rate,Tasa de flujo de diseño de infiltración,Tasa de Flujo de Diseño de Infiltración del Espacio,Débit de Conception de l'Infiltration d'Air,Débit d'infiltration de conception de l'espace,Y,Y
openstudio::SpaceTypesGridController,Space Infiltration Design Flow Rates,Tasas de flujo de diseño de infiltración,Tasas de Flujo de Diseño de Infiltración en Espacios,Débits de Conception de l'Infiltration de l'Espace,Débits de Conception des Infiltrations d'Air dans les Espaces,Y,Y
openstudio::SpaceTypesGridController,Space Infiltration Effective Leakage Area,Área de fuga efectiva de infiltración,Área de Infiltración Efectiva del Espacio,Surface de Fuite Effective de l'Infiltration d'Air,Aire de fuite effective de l'infiltration de l'espace,Y,Y
openstudio::SpaceTypesGridController,Space Infiltration Effective Leakage Areas,Áreas de fuga efectiva de infiltración,Áreas de Infiltración Efectiva de Espacios,Zones de fuite efficaces d'infiltration d'air,Surfaces de Fuite Efficaces de l'Infiltration d'Air,Y,Y
openstudio::SpaceTypesGridController,Space Type Name,Nombre del tipo de espacio,Nombre de Tipo de Espacio,Nom du type d'espace,Nom du Type d'Espace,Y,Y
openstudio::SpaceTypesGridController,"Standards Building Type
(Optional)","Tipo de edificio normativo
(opcional)","Tipo de Edificio según Estándares
(Opcional)","Type de Bâtiment Normalisé
(Optionnel)","Type de bâtiment selon les normes
(Optionnel)",Y,Y
openstudio::SpaceTypesGridController,"Standards Space Type
(Optional)","Tipo de espacio normativo
(opcional)","Tipo de Espacio según Normas
(Opcional)","Type d'espace selon les normes
(Facultatif)","Type d'espace selon les normes
(Facultatif)",Y,
openstudio::SpaceTypesGridController,Standards Template (Optional),Plantilla normativa (opcional),Plantilla de Estándares (Opcional),Modèle de normes (Optionnel),Modèle de normes (Optionnel),Y,
openstudio::SpaceTypesGridController,Steam Equipment,Equipo de vapor,Equipo de Vapor,Équipement à vapeur,Équipement à Vapeur,Y,Y
openstudio::SpaceTypesGridView,"Drop
Space Type","Arrastrar
Tipo de espacio","Soltar
Tipo de Espacio","Déposer
Type d'espace","Déposer
Type d'espace",Y,
openstudio::SpaceTypesGridView,Electric Equipment,Equipos Eléctricos,Equipo Eléctrico,Équipement Électrique,Équipements Électriques,Y,Y
openstudio::SpaceTypesGridView,Filter:,Filtrar:,Filtro:,Filtre :,Filtre :,Y,
openstudio::SpaceTypesGridView,Gas Equipment,Equipos de Gas,Equipos de Gas,Équipement gaz,Équipements à gaz,,Y
openstudio::SpaceTypesGridView,Hot Water Equipment,Equipos de Agua Caliente,Equipo de Agua Caliente,Équipement d'eau chaude,Équipements d'Eau Chaude,Y,Y
openstudio::SpaceTypesGridView,Internal Mass,Masa Interna,Masa Térmica Interna,Masse Interne,Masse thermique interne,Y,Y
openstudio::SpaceTypesGridView,Lights,Iluminación,Iluminación,Éclairage,Éclairage,,
openstudio::SpaceTypesGridView,Load Type,Tipo de carga,Tipo de Carga,Type de charge,Type de charge,Y,
openstudio::SpaceTypesGridView,Luminaire,Luminaria,Luminaria,Luminaire,Luminaire,,
openstudio::SpaceTypesGridView,Other Equipment,Otros Equipos,Otro Equipo,Autres équipements,Autres équipements,Y,
openstudio::SpaceTypesGridView,People,Personas,Personas,Personnes,Occupants,,Y
openstudio::SpaceTypesGridView,Show all loads,Mostrar todas las cargas,Mostrar todas las cargas,Afficher toutes les charges,Afficher toutes les charges,,
openstudio::SpaceTypesGridView,Space Infiltration Design Flow Rate,Tasa de Flujo de Infiltración,Tasa de Flujo de Diseño de Infiltración del Espacio,Débit de Conception de l'Infiltration d'Air,Débit d'infiltration de conception de l'espace,Y,Y
openstudio::SpaceTypesGridView,Space Infiltration Effective Leakage Area,Área de Fuga Efectiva de Infiltración,Área de Infiltración Efectiva del Espacio,Zone de fuite effective d'infiltration de l'espace,Aire de fuite effective de l'infiltration de l'espace,Y,Y
openstudio::SpaceTypesGridView,Space Types,Tipos de espacio,Tipos de Espacios,Types d'espaces,Types d'espaces,Y,
openstudio::SpaceTypesGridView,Steam Equipment,Equipos de Vapor,Equipo de Vapor,Équipement à Vapeur,Équipement à Vapeur,Y,
openstudio::SpaceTypesTabView,Space Types,Tipos de espacio,Tipos de Espacios,Types d'espaces,Types d'espaces,Y,
openstudio::SpacesDaylightingGridController,Check to select all rows,Marcar para seleccionar todas las filas,Marcar para seleccionar todas las filas,Cocher pour sélectionner toutes les lignes,Cochez pour sélectionner toutes les lignes,,Y
openstudio::SpacesDaylightingGridController,Check to select this row,Marcar para seleccionar esta fila,Marque para seleccionar esta fila,Cocher pour sélectionner cette ligne,Cochez pour sélectionner cette ligne,Y,Y
openstudio::SpacesInteriorPartitionsGridController,All,Todos,Todos,Tous,Tous,,
openstudio::SpacesInteriorPartitionsGridController,CAD Object ID,Id de Objeto CAD,ID de Objeto CAD,Identifiant d'objet CAO,ID Objet CAD,Y,Y
openstudio::SpacesInteriorPartitionsGridController,Check to enable convert to InternalMass.,Marque para habilitar convertir a MasaInterna.,Marque para habilitar la conversión a InternalMass.,Cocher pour activer la conversion en MasseInterne.,Cochez pour activer la conversion en InternalMass.,Y,Y
openstudio::SpacesInteriorPartitionsGridController,Check to select all rows,Marcar para seleccionar todas las filas,Marcar para seleccionar todas las filas,Cocher pour sélectionner toutes les lignes,Cochez pour sélectionner toutes les lignes,,Y
openstudio::SpacesInteriorPartitionsGridController,Check to select this row,Marcar para seleccionar esta fila,Marque para seleccionar esta fila,Cocher pour sélectionner cette ligne,Cochez pour sélectionner cette ligne,Y,Y
openstudio::SpacesInteriorPartitionsGridController,Construction Name,Nombre de Construcción,Nombre de la Construcción,Nom de la construction,Nom de la construction,Y,
openstudio::SpacesInteriorPartitionsGridController,Convert to Internal Mass,Convertir a Masa Interna,Convertir a Masa Térmica Interna,Convertir en Masse Interne,Convertir en Masse Thermique Interne,Y,Y
openstudio::SpacesInteriorPartitionsGridController,Daylighting Shelf Name,Nombre de Repisa de Iluminación Natural,Nombre del Estante de Luz Natural,Nom de l'étagère de lumière naturelle,Nom du réflecteur de lumière naturelle,Y,Y
openstudio::SpacesInteriorPartitionsGridController,Display Name,Nombre de Visualización,Nombre para Mostrar,Nom d'affichage,Nom d'affichage,Y,
openstudio::SpacesInteriorPartitionsGridController,General,General,General,Général,Général,,
openstudio::SpacesInteriorPartitionsGridController,Interior Partition Group Name,Nombre de Grupo de Particiones Interiores,Nombre del Grupo de Particiones Interiores,Nom du groupe de cloison intérieure,Nom du groupe de cloisons intérieures,Y,Y
openstudio::SpacesInteriorPartitionsGridController,Interior Partition Name,Nombre de Partición Interior,Nombre de Partición Interior,Nom de la partition intérieure,Nom de la Partition Intérieure,,Y
openstudio::SpacesInteriorPartitionsGridController,Space Name,Nombre de Espacio,Nombre del Espacio,Nom de l'espace,Nom de l'espace,Y,
openstudio::SpacesInteriorPartitionsGridController,Surface Area,Área de Superficie,Área de Superficie,Superficie,Superficie,,
openstudio::SpacesInteriorPartitionsGridView,"Drop
Space","Soltar
Espacio","Soltar
Espacio","Déposer
Espace","Déposer
Espace",,
openstudio::SpacesInteriorPartitionsGridView,Space,Espacio,Space,Espace,Espace,Y,
openstudio::SpacesLoadsGridController,"Activity Schedule
(People Only)","Horario de Actividad
(Solo Personas)","Horario de Actividad
(Solo Personas)","Calendrier d'activité
(Occupants uniquement)","Calendrier d'activité
(Personnes uniquement)",,Y
openstudio::SpacesLoadsGridController,All,Todos,Todos,Tous,Tous,,
openstudio::SpacesLoadsGridController,CAD Object ID,Id de Objeto CAD,ID de Objeto CAD,ID d'objet CAO,ID Objet CAD,Y,Y
openstudio::SpacesLoadsGridController,Check to select all rows,Marcar para seleccionar todas las filas,Marcar para seleccionar todas las filas,Cocher pour sélectionner toutes les lignes,Cochez pour sélectionner toutes les lignes,,Y
openstudio::SpacesLoadsGridController,Check to select this row,Marcar para seleccionar esta fila,Marque para seleccionar esta fila,Cocher pour sélectionner cette ligne,Cochez pour sélectionner cette ligne,Y,Y
openstudio::SpacesLoadsGridController,Definition,Definición,Definición,Définition,Définition,,
openstudio::SpacesLoadsGridController,Display Name,Nombre de Visualización,Nombre para Mostrar,Nom d'affichage,Nom d'affichage,Y,
openstudio::SpacesLoadsGridController,Drop Space Infiltration,Descartar Infiltración de Aire en el Espacio,Soltar Infiltración del Espacio,Déposer Infiltration pour le Space,Déposer Infiltration d'Espace,Y,Y
openstudio::SpacesLoadsGridController,General,General,General,Général,Général,,
openstudio::SpacesLoadsGridController,Load Name,Nombre de Carga,Nombre de Carga,Nom de la charge,Nom de la Charge,,Y
openstudio::SpacesLoadsGridController,Multiplier,Multiplicador,Multiplicador,Multiplicateur,Multiplicateur,,
openstudio::SpacesLoadsGridController,Schedule,Horario,Horario,Calendrier,Planning,,Y
openstudio::SpacesLoadsGridController,Space Name,Nombre de Espacio,Nombre del Espacio,Nom de l'espace,Nom de l'espace,Y,
openstudio::SpacesLoadsGridView,"Drop
Space","Soltar
Espacio","Soltar
Espacio","Déposer
Espace","Déposer
Espace",,
openstudio::SpacesLoadsGridView,Space,Espacio,Space,Espace,Espace,Y,
openstudio::SpacesShadingGridController,All,Todos,Todos,Tous,Tous,,
openstudio::SpacesShadingGridController,CAD Object ID,Id de Objeto CAD,ID de Objeto CAD,ID d'objet CAO,ID Objet CAD,Y,Y
openstudio::SpacesShadingGridController,Check to select all rows,Marcar para seleccionar todas las filas,Marcar para seleccionar todas las filas,Cocher pour sélectionner toutes les lignes,Cochez pour sélectionner toutes les lignes,,Y
openstudio::SpacesShadingGridController,Check to select this row,Marcar para seleccionar esta fila,Marque para seleccionar esta fila,Cocher pour sélectionner cette ligne,Cochez pour sélectionner cette ligne,Y,Y
openstudio::SpacesShadingGridController,Construction,Construcción,Construcción,Construction,Construction,,
openstudio::SpacesShadingGridController,Daylighting Shelf Name,Nombre de Repisa de Iluminación Natural,Nombre del Estante de Luz Natural,Nom du Caisson de Lumière Naturelle,Nom du réflecteur de lumière naturelle,Y,Y
openstudio::SpacesShadingGridController,Display Name,Nombre de Visualización,Nombre para Mostrar,Nom d'affichage,Nom d'affichage,Y,
openstudio::SpacesShadingGridController,General,General,General,Général,Général,,
openstudio::SpacesShadingGridController,Shading Surface Group,Grupo de Superficies de Sombreado,Grupo de Superficies de Sombreado,Groupe de surface d'ombrage,Groupe de surfaces d'ombrage,,Y
openstudio::SpacesShadingGridController,Shading Surface Name,Nombre de Superficie de Sombreado,Nombre de Superficie de Sombreado,Nom de la surface d'ombrage,Nom de la Surface d'Ombrage,,Y
openstudio::SpacesShadingGridController,Space Name,Nombre de Espacio,Nombre del Espacio,Nom de l'espace,Nom de l'espace,Y,
openstudio::SpacesShadingGridController,Transmittance Schedule,Horario de Transmitancia,Cronograma de Transmitancia,Calendrier de transmittance,Calendrier de transmittance,Y,
openstudio::SpacesShadingGridView,"Drop
Space","Soltar
Espacio","Soltar
Espacio","Déposer
Espace","Déposer
Espace",,
openstudio::SpacesShadingGridView,Space,Espacio,Space,Espace,Espace,Y,
openstudio::SpacesSpacesGridController,Airflow,Flujo de Aire,Caudal de aire,Débit d'air,Débit d'air,Y,
openstudio::SpacesSpacesGridController,All,Todos,Todos,Tous,Tous,,
openstudio::SpacesSpacesGridController,CAD Object ID,Id de Objeto CAD,ID de Objeto CAD,ID d'objet CAO,ID Objet CAD,Y,Y
openstudio::SpacesSpacesGridController,Check to enable part of total floor area.,Marcar para habilitar parte del área de piso total.,Marque para incluir en el área de piso total.,Cocher pour activer une partie de la surface plancher totale.,Cocher pour inclure dans la surface totale du bâtiment.,Y,Y
openstudio::SpacesSpacesGridController,Check to select all rows,Marcar para seleccionar todas las filas,Marcar para seleccionar todas las filas,Cocher pour sélectionner toutes les lignes,Cochez pour sélectionner toutes les lignes,,Y
openstudio::SpacesSpacesGridController,Check to select this row,Marcar para seleccionar esta fila,Marque para seleccionar esta fila,Cocher pour sélectionner cette ligne,Cochez pour sélectionner cette ligne,Y,Y
openstudio::SpacesSpacesGridController,Default Construction Set,Conjunto de Construcción por Defecto,Conjunto de Construcciones por Defecto,Ensemble de construction par défaut,Ensemble de construction par défaut,Y,
openstudio::SpacesSpacesGridController,Default Schedule Set,Conjunto de Horarios por Defecto,Conjunto de Programas Predeterminado,Ensemble de calendriers par défaut,Ensemble de Calendriers par Défaut,Y,Y
openstudio::SpacesSpacesGridController,Design Specification Outdoor Air Object Name,Nombre de Especificación de Diseño de Aire Exterior,Nombre del Objeto de Especificación de Diseño de Aire Exterior,Nom de l'objet Spécification de conception de l'air extérieur,Nom de l'objet de spécification de conception de l'air extérieur,Y,Y
openstudio::SpacesSpacesGridController,Display Name,Nombre de Visualización,Nombre para Mostrar,Nom d'affichage,Nom d'affichage,Y,
openstudio::SpacesSpacesGridController,General,General,General,Général,Général,,
openstudio::SpacesSpacesGridController,Part of Total Floor Area,Parte del Área Total de Planta,Parte del Área de Piso Total,Part of Total Floor Area,Inclus dans la surface de plancher totale,Y,Y
openstudio::SpacesSpacesGridController,Space Infiltration Design Flow Rates,Tasas de Flujo de Infiltración,Tasas de Flujo de Diseño de Infiltración en Espacios,Débits de Conception des Infiltrations d'Air dans les Espaces,Débits de Conception des Infiltrations d'Air dans les Espaces,Y,
openstudio::SpacesSpacesGridController,Space Infiltration Effective Leakage Areas,Áreas de Fuga Efectiva de Infiltración,Áreas de Infiltración Efectiva de Espacios,Surfaces de Fuites Infiltrées Efficaces de l'Espace,Surfaces de Fuite Efficaces de l'Infiltration d'Air,Y,Y
openstudio::SpacesSpacesGridController,Space Name,Nombre de Espacio,Nombre del Espacio,Nom de l'espace,Nom de l'espace,Y,
openstudio::SpacesSpacesGridController,Space Type,Tipo de Espacio,Tipo de Espacio,Type d'espace,Type d'espace,,
openstudio::SpacesSpacesGridController,Story,Planta,Planta,Étage,Étage,,
openstudio::SpacesSpacesGridController,Thermal Zone,Zona Térmica,Zona Térmica,Zone thermique,Zone thermique,,
openstudio::SpacesSpacesGridView,"Drop
Space","Soltar
Espacio","Soltar
Espacio","Déposer
Espace","Déposer
Espace",,
openstudio::SpacesSpacesGridView,Space,Espacio,Space,Espace,Espace,Y,
openstudio::SpacesSubsurfacesGridController,All,Todos,Todos,Tous,Tous,,
openstudio::SpacesSubsurfacesGridController,CAD Object ID,Id de Objeto CAD,ID de Objeto CAD,ID d'objet CAO,ID Objet CAD,Y,Y
openstudio::SpacesSubsurfacesGridController,Check to select all rows,Marcar para seleccionar todas las filas,Marcar para seleccionar todas las filas,Cocher pour sélectionner toutes les lignes,Cochez pour sélectionner toutes les lignes,,Y
openstudio::SpacesSubsurfacesGridController,Check to select this row,Marcar para seleccionar esta fila,Marque para seleccionar esta fila,Cocher pour sélectionner cette ligne,Cochez pour sélectionner cette ligne,Y,Y
openstudio::SpacesSubsurfacesGridController,Construction,Construcción,Construcción,Construction,Construction,,
openstudio::SpacesSubsurfacesGridController,Construction with Shading Name,Nombre de Construcción con Sombreado,Nombre de Construcción con Sombreado,Construction avec nom d'ombrage,Nom de Construction avec Protection Solaire,,Y
openstudio::SpacesSubsurfacesGridController,Daylighting Shelf Name,Nombre de Repisa de Iluminación Natural,Nombre del Estante de Luz Natural,Nom du Pare-soleil de Jour,Nom du réflecteur de lumière naturelle,Y,Y
openstudio::SpacesSubsurfacesGridController,Daylighting Shelves,Repisas de Iluminación Natural,Repisas de Iluminación Natural,Tablettes de lumière naturelle,Étagères de Redirection de Lumière Naturelle,,Y
openstudio::SpacesSubsurfacesGridController,Display Name,Nombre de Visualización,Nombre para Mostrar,Nom d'affichage,Nom d'affichage,Y,
openstudio::SpacesSubsurfacesGridController,Divider Conductance,Conductancia del Divisor,Conductancia del Divisor,Conductance de la cloison,Conductance du Meneau,,Y
openstudio::SpacesSubsurfacesGridController,Divider Inside Projection,Proyección Interior del Divisor,Proyección Interior del Marco Divisor,Projection Intérieure du Diviseur,Projection intérieure du diviseur,Y,Y
openstudio::SpacesSubsurfacesGridController,Divider Outside Projection,Proyección Exterior del Divisor,Proyección Exterior del Divisor,Projection Extérieure du Diviseur,Projection extérieure du meneau,,Y
openstudio::SpacesSubsurfacesGridController,Divider Solar Absorptance,Absortancia Solar del Divisor,Absortancia Solar del Divisor,Absorptance solaire du diviseur,Absorptance solaire du diviseur,,
openstudio::SpacesSubsurfacesGridController,Divider Thermal Hemispherical Emissivity,Emisividad Térmica Hemisférica del Divisor,Emisividad Térmica Hemisférica del Divisor,Émissivité Hémisphérique Thermique du Diviseur,Émissivité Thermique Hémisphérique du Cadre,,Y
openstudio::SpacesSubsurfacesGridController,Divider Type,Tipo de Divisor,Tipo de Divisor,Type de diviseur,Type de Diviseur,,Y
openstudio::SpacesSubsurfacesGridController,Divider Visible Absorptance,Absortancia Visible del Divisor,Absortancia Visible del Divisor,Absorptance Visible du Divider,Absorptance visible du profilé,,Y
openstudio::SpacesSubsurfacesGridController,Divider Width,Ancho de Divisor,Ancho del Divisor,Largeur du diviseur,Largeur du Diviseur,Y,Y
openstudio::SpacesSubsurfacesGridController,Frame - Edge Glass Conductance to Center - Of - Glass Conductance,Conductancia Vidrio Borde a Centro (Marco),Conductancia Marco - Borde de Vidrio a Conductancia Centro de Vidrio,Cadre - Conductance du verre en bordure par rapport à la conductance du verre au centre,Conductance Cadre - Bord de Vitrage à Conductance Centre de Vitrage,Y,Y
openstudio::SpacesSubsurfacesGridController,Frame and Divider,Marco y Divisor,Marco y Divisor,Cadre et Diviseur,Cadre et Diviseur,,
openstudio::SpacesSubsurfacesGridController,Frame Conductance,Conductancia del Marco,Conductancia del Marco,Conductance du Cadre,Conductance de la Trame,,Y
openstudio::SpacesSubsurfacesGridController,Frame Inside Projection,Proyección Interior del Marco,Proyección Interior del Marco,Projection de Cadre à l'Intérieur,Projection Interne du Cadre,,Y
openstudio::SpacesSubsurfacesGridController,Frame Outside Projection,Proyección Exterior del Marco,Proyección Exterior del Marco,Projection Extérieure du Cadre,Projection externe du cadre,,Y
openstudio::SpacesSubsurfacesGridController,Frame Solar Absorptance,Absortancia Solar del Marco,Absortancia Solar del Marco,Absorptance solaire du cadre,Absorptance solaire du cadre,,
openstudio::SpacesSubsurfacesGridController,Frame Thermal Hemispherical Emissivity,Emisividad Térmica Hemisférica del Marco,Emisividad Térmica Hemisférica del Marco,Émissivité Thermique Hémisphérique du Cadre,Émissivité Thermique Hémisphérique du Cadre,,
openstudio::SpacesSubsurfacesGridController,Frame Visible Absorptance,Absortancia Visible del Marco,Absortancia Visible del Marco,Frame Visible Absorptance,Absorptance visible du cadre,,Y
openstudio::SpacesSubsurfacesGridController,Frame Width,Ancho de Marco,Ancho del Marco,Largeur du cadre,Largeur du Cadre,Y,Y
openstudio::SpacesSubsurfacesGridController,General,General,General,Général,Général,,
openstudio::SpacesSubsurfacesGridController,Inside Reveal Depth,Profundidad de Vuelo Interior,Profundidad del Retranqueo Interior,Profondeur de Reveal Intérieure,Profondeur de l'embrasure intérieure,Y,Y
openstudio::SpacesSubsurfacesGridController,Inside Reveal Solar Absorptance,Absortancia Solar de Vuelo Interior,Absortancia Solar de la Repisa Interior,Absorbance solaire du reveal intérieur,Absorptance solaire du retrait intérieur,Y,Y
openstudio::SpacesSubsurfacesGridController,Inside Shelf Name,Nombre de Repisa Interior,Nombre de Repisa Interior,Nom de l'étagère intérieure,Nom de l'étagère intérieure,,
openstudio::SpacesSubsurfacesGridController,Inside Sill Depth,Profundidad del Alféizar Interior,Profundidad del Alfeizar Interior,Profondeur du Rebord Intérieur,Profondeur d'appui intérieur,Y,Y
openstudio::SpacesSubsurfacesGridController,Inside Sill Solar Absorptance,Absortancia Solar del Alféizar Interior,Absortancia Solar del Alféizar Interior,Absorbance Solaire de l'Appui Intérieur,Absorptance solaire de l'appui intérieur,,Y
openstudio::SpacesSubsurfacesGridController,Multiplier,Multiplicador,Multiplicador,Multiplicateur,Multiplicateur,,
openstudio::SpacesSubsurfacesGridController,Number of Horizontal Dividers,Núm. de Divisores Horizontales,Número de Divisores Horizontales,Nombre de diviseurs horizontaux,Nombre de Divisions Horizontales,Y,Y
openstudio::SpacesSubsurfacesGridController,Number of Vertical Dividers,Núm. de Divisores Verticales,Número de Divisores Verticales,Nombre de Diviseurs Verticaux,Nombre de diviseurs verticaux,Y,Y
openstudio::SpacesSubsurfacesGridController,Outside Boundary Condition Object,Objeto de Condición de Límite Exterior,Objeto de Condición de Límite Exterior,Objet de Condition Limite Extérieure,Objet Condition Limite Extérieure,,Y
openstudio::SpacesSubsurfacesGridController,Outside Reveal Depth,Profundidad de Vuelo Exterior,Profundidad del Alféizar Exterior,Profondeur de Reveal Extérieure,Profondeur de la Feuillure Extérieure,Y,Y
openstudio::SpacesSubsurfacesGridController,Outside Reveal Solar Absorptance,Absortancia Solar de Vuelo Exterior,Absortancia Solar de la Repisa Exterior,Absorptance solaire de la révélation extérieure,Absorptance solaire du bord extérieur de la fenêtre,Y,Y
openstudio::SpacesSubsurfacesGridController,Outside Shelf Name,Nombre de Repisa Exterior,Nombre de Repisa Exterior,Nom du rebord extérieur,Nom du volet externe,,Y
openstudio::SpacesSubsurfacesGridController,Parent Surface Name,Nombre de Superficie Principal,Nombre de Superficie Padre,Nom de la surface parente,Nom de la surface parente,Y,
openstudio::SpacesSubsurfacesGridController,Ratio of Divider - Edge Glass Conductance to Center - Of - Glass Conductance,Relación Conductancia Vidrio Borde a Centro (Divisor),Relación de Conductancia del Divisor - Borde del Vidrio respecto a Conductancia del Centro - del - Vidrio,Rapport de la conductance du verre de bord du diviseur à la conductance du centre du verre,Rapport de la Conductance du Diviseur - Bord du Verre à la Conductance du Centre - du Verre,Y,Y
openstudio::SpacesSubsurfacesGridController,Schedule Name,Nombre de Horario,Nombre de Horario,Nom de l'horaire,Nom de l'emploi du temps,,Y
openstudio::SpacesSubsurfacesGridController,Setpoint,Punto de Ajuste,Punto de consigna,Consigne,Consigne,Y,
openstudio::SpacesSubsurfacesGridController,Setpoint 2,Punto de Ajuste 2,Punto de Consigna 2,Consigne 2,Consigne 2,Y,
openstudio::SpacesSubsurfacesGridController,Shading Control,Control de Sombreado,Control de Sombreado,Contrôle des masques,Contrôle de Protection Solaire,,Y
openstudio::SpacesSubsurfacesGridController,Shading Control Type,Tipo de Control de Sombreado,Tipo de Control de Sombreado,Type de Contrôle d'Ombrage,Type de Commande d'Occultation,,Y
openstudio::SpacesSubsurfacesGridController,Shading Controls,Controles de Sombreado,Controles de Sombreado,Contrôles d'ombrage,Contrôles de protection solaire,,Y
openstudio::SpacesSubsurfacesGridController,Shading Device Material Name,Nombre de Material del Dispositivo de Sombreado,Nombre del Material del Dispositivo de Sombreado,Nom du matériau du dispositif d'occultation,Nom du matériau de protection solaire,Y,Y
openstudio::SpacesSubsurfacesGridController,Shading Surface Name,Nombre de Superficie de Sombreado,Nombre de Superficie de Sombreado,Nom de la surface d'ombrage,Nom de la Surface d'Ombrage,,Y
openstudio::SpacesSubsurfacesGridController,Shading Type,Tipo de Sombreado,Tipo de Sombreado,Type d'occultation,Type d'occultation,,
openstudio::SpacesSubsurfacesGridController,Space Name,Nombre de Espacio,Nombre del Espacio,Nom de l'espace,Nom de l'espace,Y,
openstudio::SpacesSubsurfacesGridController,Subsurface Name,Nombre de Sub Superficie,Nombre de Subsuperficie,Nom de la sous-surface,Nom de la sous-surface,Y,
openstudio::SpacesSubsurfacesGridController,Subsurface Type,Tipo de Sub Superficie,Tipo de Subsuperficie,Type de sous-surface,Type de sous-surface,Y,
openstudio::SpacesSubsurfacesGridController,View Factor to Outside Shelf,Factor de Vista a Repisa Exterior,Factor de Vista hacia Repisa Exterior,Facteur de vue vers l'auvent extérieur,Facteur de vue vers débord extérieur,Y,Y
openstudio::SpacesSubsurfacesGridController,Window Name,Nombre de Ventana,Nombre de Ventana,Nom de la fenêtre,Nom de la fenêtre,,
openstudio::SpacesSubsurfacesGridView,"Drop
Space","Soltar
Espacio","Soltar
Espacio","Déposer
Espace","Déposer
Espace",,
openstudio::SpacesSubsurfacesGridView,Space,Espacio,Space,Espace,Espace,Y,
openstudio::SpacesSubtabGridView,All,Todos,Todos,Tous,Tous,,
openstudio::SpacesSubtabGridView,Door,Puerta,Puerta,Porte,Porte,,
openstudio::SpacesSubtabGridView,Electric Equipment,Equipos Eléctricos,Equipo Eléctrico,Équipement Électrique,Équipements Électriques,Y,Y
openstudio::SpacesSubtabGridView,Filters:,Filtros:,Filtros:,Filtres :,Filtres :,,
openstudio::SpacesSubtabGridView,FixedWindow,Ventana Fija,Ventana Fija,Fenêtre fixe,Fenêtre fixe,,
openstudio::SpacesSubtabGridView,Floor,Suelo,Planta,Étage,Étage,Y,
openstudio::SpacesSubtabGridView,Foundation,Cimentación,Cimentación,Fondation,Fondation,,
openstudio::SpacesSubtabGridView,Gas Equipment,Equipos de Gas,Equipos de Gas,Équipement gaz,Équipements à gaz,,Y
openstudio::SpacesSubtabGridView,GlassDoor,Puerta de Vidrio,Puerta de Cristal,Porte vitrée,Porte vitrée,Y,
openstudio::SpacesSubtabGridView,Ground,Terreno,Suelo,Sol,Sol,Y,
openstudio::SpacesSubtabGridView,GroundBasementPreprocessorAverageFloor,Sótano Suelo Promedio,PromediodeSuperficieBasementDelPreprocesador,GroundBasementPreprocessorAverageFloor,Préprocesseur sous-sol — Moyenne des surfaces,Y,Y
openstudio::SpacesSubtabGridView,GroundBasementPreprocessorAverageWall,Sótano Muro Promedio,GroundBasementPreprocessorAverageWall,GroundBasementPreprocessorAverageWall,GroundBasementPreprocessorAverageWall,Y,
openstudio::SpacesSubtabGridView,GroundBasementPreprocessorLowerWall,Sótano Muro Inferior,MuroSótanoPreprocesoContactoTerreno,GroundBasementPreprocessorLowerWall,Mur Inférieur du Sous-sol Prétraité pour Contact Sols,Y,Y
openstudio::SpacesSubtabGridView,GroundBasementPreprocessorUpperWall,Sótano Muro Superior,GroundBasementPreprocessorUpperWall,GroundBasementPreprocessorUpperWall,Mur Supérieur du Sous-sol en Contact avec le Sol,Y,Y
openstudio::SpacesSubtabGridView,GroundFCfactorMethod,Terreno (Método F-C),Método F-Factor de Acoplamiento al Terreno,GroundFCfactorMethod,Méthode Ground-F-facteur,Y,Y
openstudio::SpacesSubtabGridView,GroundSlabPreprocessorAverage,Losa Promedio,Promedio del Preprocesador de Losa de Tierra,GroundSlabPreprocessorAverage,Moyenne du préprocesseur de dalle de sol,Y,Y
openstudio::SpacesSubtabGridView,GroundSlabPreprocessorConduction,Losa Conducción,Conducción del Preprocesador de Losa Terrestre,GroundSlabPreprocessorConduction,Conduction du préprocesseur de dalle au sol,Y,Y
openstudio::SpacesSubtabGridView,GroundSlabPreprocessorRadiation,Losa Radiación,PreProcesadorRadiaciónLosaEnTierra,GroundSlabPreprocessorRadiation,Rayonnement du Préprocesseur de Dalle sur Terre,Y,Y
openstudio::SpacesSubtabGridView,Hot Water Equipment,Equipos de Agua Caliente,Equipo de Agua Caliente,Équipement d'eau chaude,Équipements d'Eau Chaude,Y,Y
openstudio::SpacesSubtabGridView,Interior Partition Group,Grupo de Particiones Interiores,Grupo de Particiones Interiores,Groupe de Parois Intérieures,Groupe de Cloisons Intérieures,,Y
openstudio::SpacesSubtabGridView,Internal Mass,Masa Interna,Masa Térmica Interna,Masse Interne,Masse thermique interne,Y,Y
openstudio::SpacesSubtabGridView,Lights,Iluminación,Iluminación,Éclairage,Éclairage,,
openstudio::SpacesSubtabGridView,Load Type,Tipo de Carga,Tipo de Carga,Type de charge,Type de charge,,
openstudio::SpacesSubtabGridView,Luminaire,Luminaria,Luminaria,Luminaire,Luminaire,,
openstudio::SpacesSubtabGridView,NoSun,Sin Sol,Sin Sol,NoSun,NoSun,,
openstudio::SpacesSubtabGridView,NoWind,Sin Viento,Sin Viento,NoWind,Pas de vent,,Y
openstudio::SpacesSubtabGridView,OperableWindow,Ventana Abatible,Ventana Operable,Fenêtre Opérable,Fenêtre Opérable,Y,
openstudio::SpacesSubtabGridView,Other Equipment,Otros Equipos,Otro Equipo,Autres équipements,Autres équipements,Y,
openstudio::SpacesSubtabGridView,OtherSideCoefficients,Coeficientes Lado Externo,Coeficientes del Otro Lado,OtherSideCoefficients,Coefficients de l'autre côté,Y,Y
openstudio::SpacesSubtabGridView,OtherSideConditionsModel,Modelo Cond. Lado Externo,Modelo de Condiciones del Otro Lado,OtherSideConditionsModel,Modèle de conditions du côté opposé,Y,Y
openstudio::SpacesSubtabGridView,Outdoors,Exterior,Exterior,Extérieur,Extérieur,,
openstudio::SpacesSubtabGridView,Outside Boundary Condition,Condición de Límite Exterior,Condición de Límite Exterior,Condition aux Limites Extérieures,Condition limite extérieure,,Y
openstudio::SpacesSubtabGridView,OverheadDoor,Puerta de Garaje,Puerta Seccional,Porte de garage,Porte de garage,Y,
openstudio::SpacesSubtabGridView,People,Personas,Personas,Personnes,Occupants,,Y
openstudio::SpacesSubtabGridView,RoofCeiling,Techo,Techo/Cubierta,Toit/Plafond,Toit/Plafond,Y,
openstudio::SpacesSubtabGridView,Skylight,Lucernario,Claraboya,Puits de lumière,Lucarne,Y,Y
openstudio::SpacesSubtabGridView,Space Infiltration Design Flow Rate,Tasa de Flujo de Infiltración,Tasa de Flujo de Diseño de Infiltración del Espacio,Débit de Conception de l'Infiltration d'Air,Débit d'infiltration de conception de l'espace,Y,Y
openstudio::SpacesSubtabGridView,Space Infiltration Effective Leakage Area,Área de Fuga Efectiva de Infiltración,Área de Infiltración Efectiva del Espacio,Zone de fuite effective d'infiltration de l'espace,Aire de fuite effective de l'infiltration de l'espace,Y,Y
openstudio::SpacesSubtabGridView,Space Name,Nombre de Espacio,Nombre del Espacio,Nom de l'espace,Nom de l'espace,Y,
openstudio::SpacesSubtabGridView,Space Type,Tipo de Espacio,Tipo de Espacio,Type d'espace,Type d'espace,,
openstudio::SpacesSubtabGridView,Steam Equipment,Equipos de Vapor,Equipo de Vapor,Équipement à Vapeur,Équipement à Vapeur,Y,
openstudio::SpacesSubtabGridView,Story,Planta,Planta,Étage,Étage,,
openstudio::SpacesSubtabGridView,SubSurface Type,Tipo de Sub Superficie,Tipo de SubSuperficie,Type de sous-surface,Type de Sous-surface,Y,Y
openstudio::SpacesSubtabGridView,Sun Exposure,Exposición Solar,Exposición Solar,Exposition au soleil,Exposition au soleil,,
openstudio::SpacesSubtabGridView,SunExposed,Expuesto al Sol,Expuesto al Sol,SunExposed,Exposée au soleil,,Y
openstudio::SpacesSubtabGridView,Surface,Superficie,Superficie,Surface,Surface,,
openstudio::SpacesSubtabGridView,Surface Type,Tipo de Superficie,Tipo de Superficie,Type de surface,Type de surface,,
openstudio::SpacesSubtabGridView,Thermal Zone,Zona Térmica,Zona Térmica,Zone Thermique,Zone thermique,,Y
openstudio::SpacesSubtabGridView,Thermal Zone Name,Nombre de Zona Térmica,Nombre de Zona Térmica,Nom de la zone thermique,Nom de la Zone Thermique,,Y
openstudio::SpacesSubtabGridView,TubularDaylightDiffuser,Difusor de Iluminación Tubular,Difusor de Luz Natural Tubular,TubularDaylightDiffuser,Diffuseur de lumière naturelle tubulaire,Y,Y
openstudio::SpacesSubtabGridView,TubularDaylightDome,Domo de Iluminación Tubular,Domo de Luz Natural Tubular,Dôme de lumière naturelle tubulaire,Dôme de Captage de Lumière Naturelle Tubulaire,Y,Y
openstudio::SpacesSubtabGridView,Unassigned,Sin asignar,Sin asignar,Non assigné,Non assigné,,
openstudio::SpacesSubtabGridView,Wall,Muro,Pared,Mur,Mur,Y,
openstudio::SpacesSubtabGridView,Wind Exposure,Exposición al Viento,Exposición al Viento,Exposition au vent,Exposition au vent,,
openstudio::SpacesSubtabGridView,WindExposed,Expuesto al Viento,Expuesto al Viento,Exposé au vent,Exposé au vent,,
openstudio::SpacesSurfacesGridController,All,Todos,Todos,Tous,Tous,,
openstudio::SpacesSurfacesGridController,CAD Object ID,Id de Objeto CAD,ID de Objeto CAD,ID d'objet CAO,ID Objet CAD,Y,Y
openstudio::SpacesSurfacesGridController,Check to select all rows,Marcar para seleccionar todas las filas,Marcar para seleccionar todas las filas,Cocher pour sélectionner toutes les lignes,Cochez pour sélectionner toutes les lignes,,Y
openstudio::SpacesSurfacesGridController,Check to select this row,Marcar para seleccionar esta fila,Marque para seleccionar esta fila,Cocher pour sélectionner cette ligne,Cochez pour sélectionner cette ligne,Y,Y
openstudio::SpacesSurfacesGridController,Construction,Construcción,Construcción,Construction,Construction,,
openstudio::SpacesSurfacesGridController,Display Name,Nombre de Visualización,Nombre para Mostrar,Nom d'affichage,Nom d'affichage,Y,
openstudio::SpacesSurfacesGridController,General,General,General,Général,Général,,
openstudio::SpacesSurfacesGridController,Outside Boundary Condition,Condición de Límite Exterior,Condición de Límite Exterior,Condition aux limites extérieures,Condition limite extérieure,,Y
openstudio::SpacesSurfacesGridController,Outside Boundary Condition Object,Objeto de Condición de Límite Exterior,Objeto de Condición de Límite Exterior,Objet de Condition Limite Extérieure,Objet Condition Limite Extérieure,,Y
openstudio::SpacesSurfacesGridController,Shading Surface Name,Nombre de Superficie de Sombreado,Nombre de Superficie de Sombreado,Nom de la surface d'ombrage,Nom de la Surface d'Ombrage,,Y
openstudio::SpacesSurfacesGridController,Space Name,Nombre de Espacio,Nombre del Espacio,Nom de l'espace,Nom de l'espace,Y,
openstudio::SpacesSurfacesGridController,Sun Exposure,Exposición Solar,Exposición Solar,Exposition solaire,Exposition au soleil,,Y
openstudio::SpacesSurfacesGridController,Surface Name,Nombre de Superficie,Nombre de Superficie,Nom de la surface,Nom de la surface,,
openstudio::SpacesSurfacesGridController,Surface Type,Tipo de Superficie,Tipo de Superficie,Type de surface,Type de surface,,
openstudio::SpacesSurfacesGridController,Wind Exposure,Exposición al Viento,Exposición al Viento,Exposition au vent,Exposition au vent,,
openstudio::SpacesSurfacesGridView,"Drop
Space","Soltar
Espacio","Soltar
Espacio","Déposer
Espace","Déposer
Espace",,
openstudio::SpacesSurfacesGridView,Space,Espacio,Space,Espace,Espace,Y,
openstudio::SpacesTabController,Interior Partitions,Particiones Interiores,Particiones Interiores,Cloisons Intérieures,Cloisons intérieures,,Y
openstudio::SpacesTabController,Loads,Cargas,Cargas,Charges,Charger,,Y
openstudio::SpacesTabController,Properties,Propiedades,Propiedades,Propriétés,Propriétés,,
openstudio::SpacesTabController,Shading,Sombreado,Sombreado,Masquage,Masque solaire,,Y
openstudio::SpacesTabController,Subsurfaces,Sub Superficies,Subsuperficies,Sous-surfaces,Sous-surfaces,Y,
openstudio::SpacesTabController,Surfaces,Superficies,Superficies,Surfaces,Surfaces,,
openstudio::SpecialScheduleDayView,Holiday profile.,Perfil de días festivos.,Perfil de día festivo.,Profil de vacances.,Profil de jour férié.,Y,Y
openstudio::SpecialScheduleDayView,Summer design day profile.,Perfil del día de diseño de verano.,Perfil de día de diseño de verano.,Profil du jour type d'été.,Profil de jour type d'été.,Y,Y
openstudio::SpecialScheduleDayView,Winter design day profile.,Perfil del día de diseño de invierno.,Perfil del día de diseño de invierno.,Profil de jour de conception hivernale.,Profil du jour de conception hivernale.,,Y
openstudio::StandardsInformationConstructionWidget,Fenestration Assembly Context:,Contexto de ensamblaje de fenestración:,Contexto de Conjunto de Acristalamiento:,Contexte d'assemblage de fenêtres :,Contexte d'assemblage de fenêtrage :,Y,Y
openstudio::StandardsInformationConstructionWidget,Fenestration Divider Type:,Tipo de divisor de fenestración:,Tipo de Divisor de Fenestración:,Type de Diviseur de Fenêtre :,Type de Diviseur de Fenêtre :,Y,
openstudio::StandardsInformationConstructionWidget,Fenestration Frame Type:,Tipo de marco de fenestración:,Tipo de Marco de Ventana y Puerta:,Type de cadre de fenêtre :,Type de cadre de fenêtrage :,Y,Y
openstudio::StandardsInformationConstructionWidget,Fenestration Gas Fill:,Gas de relleno de fenestración:,Relleno de Gas para Ventanas:,Remplissage de gaz des menuiseries :,Gaz de remplissage de fenêtre :,Y,Y
openstudio::StandardsInformationConstructionWidget,Fenestration Low Emissivity Coating:,Revestimiento de baja emisividad de fenestración:,Revestimiento de Baja Emitancia en Carpintería:,Revêtement à faible émissivité de la fenestration :,Revêtement à faible émissivité des fenêtres :,Y,Y
openstudio::StandardsInformationConstructionWidget,Fenestration Number of Panes:,Número de paneles de fenestración:,Número de Capas de Acristalamiento:,Nombre de vitres pour la fenestration :,Fenestration Nombre de vitres :,Y,Y
openstudio::StandardsInformationConstructionWidget,Fenestration Tint:,Tinte de fenestración:,Tinte de Fenestración:,Teinte de vitrage :,Teinte de Fenêtrage :,Y,Y
openstudio::StandardsInformationConstructionWidget,Fenestration Type:,Tipo de fenestración:,Tipo de Acristalamiento:,Type de Vitrage :,Type de Fenêtrage :,Y,Y
openstudio::StandardsInformationConstructionWidget,Intended Surface Type:,Tipo de superficie previsto:,Tipo de Superficie Prevista:,Type de surface prévu :,Type de surface prévu :,Y,
openstudio::StandardsInformationConstructionWidget,Measure Tags (Optional):,Etiquetas de medición (opcional):,Etiquetas de Medidas (Opcional):,Tags de Mesures (Optionnel) :,Étiquettes de Mesure (Optionnel) :,Y,Y
openstudio::StandardsInformationConstructionWidget,Standard Source:,Fuente de norma:,Fuente de Norma:,Source Standard :,Source de la norme :,Y,Y
openstudio::StandardsInformationConstructionWidget,Standard:,Norma:,Estándar:,Standard :,Norme :,Y,Y
openstudio::StandardsInformationConstructionWidget,Standards Construction Type:,Tipo de construcción normativo:,Tipo de Construcción Normalizado:,Type de Construction aux Normes :,Type de construction selon les normes :,Y,Y
openstudio::StandardsInformationMaterialWidget,Composite Cavity Insulation:,Aislamiento de cavidad compuesta:,Aislamiento de Cavidad Compuesta:,Isolation Composite en Cavité :,Isolation de cavité composite :,Y,Y
openstudio::StandardsInformationMaterialWidget,Composite Framing Configuration:,Configuración de entramado compuesto:,Configuración de Marco Compuesto:,Configuration du cadre composite :,Configuration de cadrage composite :,Y,Y
openstudio::StandardsInformationMaterialWidget,Composite Framing Depth:,Profundidad de entramado compuesto:,Profundidad del Marco Compuesto:,Profondeur de cadre composite :,Profondeur des éléments de structure composite :,Y,Y
openstudio::StandardsInformationMaterialWidget,Composite Framing Material:,Material de entramado compuesto:,Material de Marco Compuesto:,Matériau de structure composite :,Matériau de cadre composite :,Y,Y
openstudio::StandardsInformationMaterialWidget,Composite Framing Size:,Tamaño de entramado compuesto:,Tamaño de Marco Compuesto:,Dimension du cadre composite :,Dimension de l'ossature composite :,Y,Y
openstudio::StandardsInformationMaterialWidget,Measure Tags (Optional):,Etiquetas de medición (opcional):,Etiquetas de Medidas (Opcional):,Tags de Mesures (Optionnel) :,Étiquettes de Mesure (Optionnel) :,Y,Y
openstudio::StandardsInformationMaterialWidget,Standard Source:,Fuente de norma:,Fuente de Norma:,Source Standard :,Source de la norme :,Y,Y
openstudio::StandardsInformationMaterialWidget,Standard:,Norma:,Estándar:,Standard :,Norme :,Y,Y
openstudio::StandardsInformationMaterialWidget,Standards Category:,Categoría normativa:,Categoría de Estándares:,Catégorie de normes :,Catégorie de normes :,Y,
openstudio::StandardsInformationMaterialWidget,Standards Identifier:,Identificador normativo:,Identificador de Normas:,Identificateur de normes :,Identifiant de normes :,Y,Y
openstudio::StartupMenu,&About,&Acerca,&Acerca de,&A propos,&À propos,Y,Y
openstudio::StartupMenu,&File,&Archivo,&Archivo,&Fichier,&Fichier,,
openstudio::StartupMenu,&Help,&Ayuda,&Ayuda,&Aide,&Aide,,
openstudio::StartupMenu,&New,&Nuevo,&Nuevo,&Nouveau,&Nouveau,,
openstudio::StartupMenu,&Open,&Abrir,&Abrir,&Ouvrir,&Ouvrir,,
openstudio::StartupMenu,Check For &Update,Buscar &Actualización,Buscar &Actualizaciones,&Vérifier les mises à jour,Vérifier les &mises à jour,Y,Y
openstudio::StartupMenu,Debug Webgl,Debug WebGL,Depurar WebGL,Déboggage WebGL,Déboguer WebGL,Y,Y
openstudio::StartupMenu,E&xit,&Salir,&Salir,&Quitter,&Quitter,,
openstudio::StartupMenu,gbXML,gbXML,gbXML,gbXML,gbXML,,
openstudio::StartupMenu,IDF,IDF,IDF,IDF,IDF,,
openstudio::StartupMenu,IFC,IFC,IFC,IFC,IFC,,
openstudio::StartupMenu,Import,Importar,Importar,Importer,Importer,,
openstudio::StartupMenu,OpenStudio &Help,&Ayuda de OpenStudio,OpenStudio &Ayuda,&Aide OpenStudio,OpenStudio &Aide,Y,Y
openstudio::StartupMenu,SDD,SDD,SDD,SDD,SDD,,
openstudio::SteamEquipmentDefinitionInspectorView,Design Level:,Nivel de diseño:,Nivel de Diseño:,Niveau de conception :,Niveau de conception :,Y,
openstudio::SteamEquipmentDefinitionInspectorView,Fraction Latent:,Fracción latente:,Fracción Latente:,Fraction Latente :,Fraction Latente :,Y,
openstudio::SteamEquipmentDefinitionInspectorView,Fraction Lost:,Fracción perdida:,Fracción Perdida:,Fraction perdue :,Fraction perdue :,Y,
openstudio::SteamEquipmentDefinitionInspectorView,Fraction Radiant:,Fracción radiante:,Fracción Radiante:,Fraction Rayonnante :,Fraction Rayonnée :,Y,Y
openstudio::SteamEquipmentDefinitionInspectorView,Name:,Nombre:,Nombre:,Nom :,Nom :,,
openstudio::SteamEquipmentDefinitionInspectorView,Power Per Person:,Potencia por persona:,Potencia Por Persona:,Puissance Par Personne :,Puissance par personne :,Y,Y
openstudio::SteamEquipmentDefinitionInspectorView,Power Per Space Floor Area:,Potencia por área de piso del espacio:,Potencia Por Área De Piso Del Espacio:,Puissance par Unité de Surface au Sol :,Puissance par unité de surface au sol :,Y,Y
openstudio::SyncMeasuresDialog,Updates Available in Library,Actualizaciones disponibles en la biblioteca,Actualizaciones Disponibles en la Biblioteca,Mises à jour disponibles dans la bibliothèque,Mises à jour disponibles dans la Bibliothèque,Y,Y
openstudio::SyncMeasuresDialogCentralWidget,Check All,Seleccionar todo,Seleccionar Todo,Tout sélectionner,Cocher tout,Y,Y
openstudio::SyncMeasuresDialogCentralWidget,Update,Actualizar,Actualizar,Mettre à jour,Mettre à jour,,
openstudio::SyncMeasuresDialogCentralWidget,Updates,Actualizaciones,Actualizaciones,Mises à jour,Mises à jour,,
openstudio::SystemCenterItem,Demand Equipment,Equipos de Demanda,Equipo de Demanda,Équipements de consommation,Équipement de Demande,Y,Y
openstudio::SystemCenterItem,Supply Equipment,Equipos de Suministro,Equipos de Distribución,Équipement d'alimentation,Équipement de distribution,Y,Y
openstudio::ThermalZonesGridController,Air Loop Name,Nombre del Circuito de Aire,Nombre del Circuito de Aire,Nom de la boucle d'air,Nom de la boucle d'air,,
openstudio::ThermalZonesGridController,All,Todos,Todos,Tous,Tous,,
openstudio::ThermalZonesGridController,CAD Object ID,Id de Objeto CAD,ID de Objeto CAD,ID d'objet CAO,ID Objet CAD,Y,Y
openstudio::ThermalZonesGridController,Check to enable ideal air loads.,Marcar para habilitar cargas de aire ideal.,Marque para habilitar cargas de aire ideal.,Cocher pour activer les charges d'air idéal.,Cochez pour activer les charges d'air idéales.,Y,Y
openstudio::ThermalZonesGridController,Check to select all rows,Marcar para seleccionar todas las filas,Marcar para seleccionar todas las filas,Cocher pour sélectionner toutes les lignes,Cochez pour sélectionner toutes les lignes,,Y
openstudio::ThermalZonesGridController,Check to select this row,Marcar para seleccionar esta fila,Marque para seleccionar esta fila,Cocher pour sélectionner cette ligne,Cochez pour sélectionner cette ligne,Y,Y
openstudio::ThermalZonesGridController,"Cooling
Sizing
Parameters","Parámetros
Dimensionado
Enfriamiento","Parámetros de
Dimensionamiento de
Enfriamiento","Paramètres de
dimensionnement
du refroidissement","Paramètres de
Dimensionnement
Refroidissement",Y,Y
openstudio::ThermalZonesGridController,"Cooling Design
Air Flow Method","Método Caudal
Diseño Enfriamiento","Método de Flujo de Aire
de Diseño de Enfriamiento","Conception du Refroidissement
Méthode du Débit d'Air","Méthode de débit d'air
de conception en refroidissement",Y,Y
openstudio::ThermalZonesGridController,"Cooling Design
Air Flow Rate","Caudal Diseño
Enfriamiento","Caudal de Aire de
Diseño de Enfriamiento","Refroidissement - Conception
Débit d'air","Débit d'air de refroidissement
à la conception",Y,Y
openstudio::ThermalZonesGridController,"Cooling Minimum
Air Flow","Caudal Mínimo
Enfriamiento","Caudal de Aire Mínimo
en Enfriamiento","Débit d'Air Minimum
de Refroidissement",Débit d'air minimum de refroidissement,Y,Y
openstudio::ThermalZonesGridController,"Cooling Minimum
Air Flow Fraction","Fracción Caudal
Mínimo Enfriamiento",Fracción de Caudal de Aire Mínimo de Enfriamiento,"Fraction minimale du débit
d'air de refroidissement",Fraction minimale du débit d'air de refroidissement,Y,Y
openstudio::ThermalZonesGridController,"Cooling Minimum Air
Flow per Zone
Floor Area","Caudal Mínimo
Enfriamiento por
Área de Zona","Flujo de Aire Mínimo de Enfriamiento
por Área de Piso de la Zona","Débit d'air minimum de refroidissement
par zone
Superficie de plancher",Débit d'air minimum de refroidissement par zone rapporté à la surface de plancher,Y,Y
openstudio::ThermalZonesGridController,"Cooling Thermostat
Schedule","Horario Termostato
de Enfriamiento",Calendario de Termostato de Enfriamiento,"Thermostat de Refroidissement
Calendrier",Calendrier du Thermostat de Refroidissement,Y,Y
openstudio::ThermalZonesGridController,"Dehumidifying Setpoint
Schedule","Horario P. Ajuste
Deshumidificación",Programa de Punto de Consigna de Deshumidificación,"Consigne de déshumidification
Calendrier",Calendrier de Consigne de Déshumidification,Y,Y
openstudio::ThermalZonesGridController,"Design Zone Air
Distribution Effectiveness
in Cooling Mode","Efectividad Distribución
Aire en Modo
Enfriamiento",Efectividad de Distribución de Aire de Zona de Diseño en Modo de Enfriamiento,"Efficacité de la Distribution d'Air
de la Zone de Conception
en Mode Refroidissement",Efficacité de la Distribution de l'Air dans la Zone en Mode Refroidissement,Y,Y
openstudio::ThermalZonesGridController,"Design Zone Air
Distribution Effectiveness
in Heating Mode","Efectividad Distribución
Aire en Modo
Calefacción",Efectividad de Distribución del Aire de Zona de Diseño en Modo de Calefacción,"Efficacité de la Distribution
de l'Air de la Zone de Conception
en Mode Chauffage",Efficacité de la Distribution d'Air dans la Zone en Mode Chauffage,Y,Y
openstudio::ThermalZonesGridController,Display Name,Nombre de Visualización,Nombre para Mostrar,Nom d'affichage,Nom d'affichage,Y,
openstudio::ThermalZonesGridController,"Heating
Sizing
Parameters","Parámetros
Dimensionado
Calefacción","Parámetros de
Dimensionamiento
de Calefacción","Chauffage
Dimensionnement
Paramètres","Paramètres de
dimensionnement
du chauffage",Y,Y
openstudio::ThermalZonesGridController,"Heating Design
Air Flow Method","Método Caudal
Diseño Calefacción","Método de Caudal de Aire
de Diseño para Calefacción","Conception du chauffage
Méthode de débit d'air",Méthode de Débit d'Air de Conception pour Chauffage,Y,Y
openstudio::ThermalZonesGridController,"Heating Design
Air Flow Rate","Caudal Diseño
Calefacción","Caudal de Aire de Diseño
en Calefacción","Conception du Chauffage
Débit d'Air",Débit d'air de conception en chauffage,Y,Y
openstudio::ThermalZonesGridController,"Heating Maximum
Air Flow","Caudal Máximo
Calefacción",Flujo de Aire Máximo en Calefacción,"Débit d'air maximal
de chauffage","Débit d'air maximum
chauffage",Y,Y
openstudio::ThermalZonesGridController,"Heating Maximum
Air Flow Fraction","Fracción Caudal
Máximo Calefacción","Fracción Máxima de
Caudal de Aire en Calefacción","Fraction de Débit d'Air Maximum
en Chauffage",Fraction maximale du débit d'air en chauffage,Y,Y
openstudio::ThermalZonesGridController,"Heating Maximum Air
Flow per Zone
Floor Area","Caudal Máximo
Calefacción por
Área de Zona","Caudal de Aire Máximo de
Calefacción por Área
de Piso de la Zona","Débit d'air maximum de
chauffage par zone de
surface de plancher",Débit d'air maximal de chauffage par unité de surface de plancher de zone,Y,Y
openstudio::ThermalZonesGridController,"Heating Thermostat
Schedule","Horario Termostato
de Calefacción",Calendario de Termostato de Calefacción,"Thermostat de chauffage
Horaire","Calendrier de Thermostat
de Chauffage",Y,Y
openstudio::ThermalZonesGridController,"Humidifying Setpoint
Schedule","Horario P. Ajuste
Humidificación",Agenda de Punto de Consigna de Humidificación,"Consigne d'humidification
Calendrier",Calendrier de Consigne d'Humidification,Y,Y
openstudio::ThermalZonesGridController,"HVAC
Systems","Sistemas
HVAC","Sistemas
HVAC","Systèmes
HVAC","Systèmes
HVAC",,
openstudio::ThermalZonesGridController,Multiplier,Multiplicador,Multiplicador,Multiplicateur,Multiplicateur,,
openstudio::ThermalZonesGridController,Name,Nombre,Nombre,Nom,Nom,,
openstudio::ThermalZonesGridController,Rendering Color,Color de Renderizado,Color de Renderizado,Couleur de rendu,Couleur de rendu,,
openstudio::ThermalZonesGridController,"Turn On
Ideal
Air Loads","Activar
Cargas de Aire
Ideales","Activar
Cargas de Aire
Ideal","Activer
Idéal
Charges d'air","Activer
Charges d'air
idéales",Y,Y
openstudio::ThermalZonesGridController,"Zone Cooling
Design Supply
Air Humidity Ratio","Humedad
Impulsión Diseño
Enfriamiento","Relación de Humedad
del Aire de Suministro
de Diseño de Enfriamiento de Zona","Zone Refroidissement
Approvisionnement de Conception
Ratio d'Humidité de l'Air","Ratio d'humidité de l'air de
soufflage de conception
du refroidissement de zone",Y,Y
openstudio::ThermalZonesGridController,"Zone Cooling
Design Supply
Air Temperature","Temperatura
Impulsión Diseño
Enfriamiento","Temperatura de Suministro
de Aire de Diseño
para Enfriamiento de Zona","Refroidissement de Zone
Température de l'Air de
Soufflage de Conception","Température de Consigne
de l'Air Soufflé en
Refroidissement à l'Heure de Pointe",Y,Y
openstudio::ThermalZonesGridController,"Zone Cooling
Sizing Factor","Factor Dimensionado
Enfriamiento",Factor de Dimensionamiento del Enfriamiento de la Zona,"Zone Cooling
Sizing Factor",Facteur de dimensionnement du refroidissement de zone,Y,Y
openstudio::ThermalZonesGridController,Zone Equipment,Equipos de Zona,Equipos de Zona,Équipements de Zone,Équipements de zone,,Y
openstudio::ThermalZonesGridController,"Zone Heating
Design Supply
Air Humidity Ratio","Humedad
Impulsión Diseño
Calefacción","Razón de Humedad del Aire
de Suministro en Diseño
de Calefacción de la Zona","Zone Heating
Design Supply
Air Humidity Ratio","Rapport d'humidité
de l'air soufflé
en conditions de
conception en chauffage",Y,Y
openstudio::ThermalZonesGridController,"Zone Heating
Design Supply
Air Temperature","Temperatura
Impulsión Diseño
Calefacción",Temperatura de Diseño del Aire de Suministro para Calefacción de la Zona,"Zone Heating
Température de
l'air soufflé en conception","Température de Soufflage en Chauffage
Conception de la Zone",Y,Y
openstudio::ThermalZonesGridController,"Zone Heating
Sizing Factor","Factor Dimensionado
Calefacción",Factor de Dimensionamiento de Calefacción de Zona,"Facteur de dimensionnement
du chauffage de zone",Facteur de dimensionnement du chauffage de zone,Y,Y
openstudio::ThermalZonesGridView,"Drop
Zone","Soltar
Zona",Zona de depósito,"Zone de
dépôt",Zone de dépôt,Y,Y
openstudio::ThermalZonesGridView,Thermal Zones,Zonas Térmicas,Zonas Térmicas,Zones thermiques,Zones Thermiques,,Y
openstudio::ThermalZonesTabView,Thermal Zones,Zonas Térmicas,Zonas Térmicas,Zones Thermiques,Zones Thermiques,,
openstudio::UtilityBillsInspectorView,Add New Billing Period,Agregar Nuevo Período de Facturación,Añadir Nuevo Período de Facturación,Ajouter une nouvelle période de facturation,Ajouter une nouvelle période de facturation,Y,
openstudio::UtilityBillsInspectorView,Add new object,Agregar nuevo objeto,Agregar nuevo objeto,Ajouter un nouvel objet,Ajouter un nouvel objet,,
openstudio::UtilityBillsInspectorView,Billing Period,Período de Facturación,Período de Facturación,Période de facturation,Période de facturation,,
openstudio::UtilityBillsInspectorView,Billing Period Days,Días del Período de Facturación,Días del Período de Facturación,Jours de la période de facturation,Jours de la Période de Facturation,,Y
openstudio::UtilityBillsInspectorView,Consumption Units,Unidades de Consumo,Unidades de Consumo,Unités de consommation,Unités de Consommation,,Y
openstudio::UtilityBillsInspectorView,Cost,Factor de Radiación de Onda Larga en Cubierta,Costo,Coût,Coût,Y,
openstudio::UtilityBillsInspectorView,End Date,Nombre de Curva de Factor de Energía,Fecha de Fin,Date de fin,Date de fin,Y,
openstudio::UtilityBillsInspectorView,End Date and Number of Days in Billing Period,Fecha de Fin y Número de Días en Período de Facturación,Fecha de Finalización y Número de Días en el Período de Facturación,Date de fin et nombre de jours dans la période de facturation,Date de fin et nombre de jours de la période de facturation,Y,Y
openstudio::UtilityBillsInspectorView,Energy Use (,Consumo de Energía (,Consumo de Energía (,Consommation d'énergie (,Consommation énergétique (,,Y
openstudio::UtilityBillsInspectorView,Name,Nombre,Nombre,Nom,Nom,,
openstudio::UtilityBillsInspectorView,Peak (,Pico (,Demanda Máxima (,Crête (,Pic (,Y,Y
openstudio::UtilityBillsInspectorView,Peak Demand Units,Unidades de Demanda Máxima,Unidades de Demanda Máxima,Unités de Demande de Pointe,Unités de Demande Maximale,,Y
openstudio::UtilityBillsInspectorView,Peak Demand Window Timesteps,Intervalos de Tiempo de la Ventana de Demanda Máxima,Pasos de Tiempo de Ventana de Demanda Máxima,Pas de temps de la fenêtre de demande maximale,Pas de temps de la fenêtre de demande de pointe,Y,Y
openstudio::UtilityBillsInspectorView,Run Period,Período de Ejecución,Período de Simulación,Période de simulation,Période de simulation,Y,
openstudio::UtilityBillsInspectorView,Select the best match for you utility bill,Selecciona la mejor coincidencia para tu factura de servicios,Seleccione la mejor coincidencia para su factura de servicios,Sélectionnez la meilleure correspondance pour votre facture d'électricité,Sélectionnez la meilleure correspondance pour votre facture énergétique,Y,Y
openstudio::UtilityBillsInspectorView,Start Date,Inicio de Costos,Fecha de Inicio,Date de début,Date de début,Y,
openstudio::UtilityBillsInspectorView,Start Date and End Date,Fecha de Inicio y Fecha de Fin,Fecha de inicio y Fecha de fin,Date de début et date de fin,Date de début et date de fin,Y,
openstudio::UtilityBillsInspectorView,Start Date and Number of Days in Billing Period,Fecha de Inicio y Número de Días en el Período de Facturación,Fecha de Inicio y Número de Días en el Período de Facturación,Date de début et nombre de jours de la période de facturation,Date de début et nombre de jours de la période de facturation,,
openstudio::VRFSystemDropZoneView,Drop Thermal Zone,Soltar Zona Térmica,Soltar Zona Térmica,Zone thermique dépôt,Déposer Zone Thermique,,Y
openstudio::VRFSystemDropZoneView,Drop VRF System,Soltar Sistema VRF,Soltar Sistema VRF,Système VRF à débit variable,Déposer le système VRF,,Y
openstudio::VRFSystemDropZoneView,Drop VRF Terminal,Soltar Terminal VRF,Soltar Terminal VRF,Supprimer Terminal VRF,Déposer Terminal VRF,,Y
openstudio::VRFSystemMiniView,Terminals,Terminales,Terminales,Terminaux,Terminaux,,
openstudio::VRFSystemMiniView,Zones,Zonas,Zonas Térmicas,Zones,Zones,Y,
openstudio::VRFSystemView,Drop Thermal Zone,Soltar Zona Térmica,Soltar Zona Térmica,Zone thermique dépôt,Déposer Zone Thermique,,Y
openstudio::VRFSystemView,Drop VRF Terminal,Soltar Terminal VRF,Soltar Terminal VRF,Supprimer Terminal VRF,Déposer Terminal VRF,,Y
openstudio::VRFThermalZoneDropZoneView,Drop Thermal Zone,Soltar Zona Térmica,Soltar Zona Térmica,Zone thermique dépôt,Déposer Zone Thermique,,Y
openstudio::VariablesList,All,Todos,Todos,Tous,Tous,,
openstudio::VariablesList,All Off,Todas Desactivadas,Todos Desactivados,Désactiver toutes,Tous désactivés,Y,Y
openstudio::VariablesList,All On,Todas Activadas,Todos Activados,Activer toutes,Tous activés,Y,Y
openstudio::VariablesList,Annual,Anual,Anual,Annuelle (Annual),Annuel,,Y
openstudio::VariablesList,Apply Frequency,Aplicar Frecuencia,Aplicar Frecuencia,Appliquer la fréquence,Appliquer la fréquence,,
openstudio::VariablesList,Daily,Diario,Diaria,Journalier (Daily),Quotidien,Y,Y
openstudio::VariablesList,Detailed,Detallado,Detallado,Detaillée (Detailed),Détaillé,,Y
openstudio::VariablesList,Disabled,Deshabilitadas,Deshabilitado,Désactivées,Désactivé,Y,Y
openstudio::VariablesList,Enabled,Habilitadas,Habilitado,Activées,Activé,Y,Y
openstudio::VariablesList,Filter Variables,Filtrar Variables,Filtrar Variables,Filtrer les variables,Filtrer les variables,,
openstudio::VariablesList,Hourly,Por Hora,Horario,Horaire (Hourly),Horaire,Y,Y
openstudio::VariablesList,Monthly,Mensual,Mensual,Mensuel (Monthly),Mensuel,,Y
openstudio::VariablesList,RunPeriod,Período de Simulación,Período de Simulación,Période de simulation (RunPeriod),Période de simulation,,Y
openstudio::VariablesList,Select Output Variables,Seleccionar Variables de Salida,Seleccionar Variables de Salida,Sélectionner les variables de sortie,Sélectionner les Variables de Sortie,,Y
openstudio::VariablesList,Timestep,Paso de Tiempo,Intervalo de tiempo,Pas de temps (Timestep),Pas de temps,Y,Y
openstudio::VariablesList,Update Visible Variables,Actualizar Variables Visibles,Actualizar Variables Visibles,Mettre à jour les variables visibles,Mettre à jour les variables visibles,,
openstudio::VariablesList,Use Regex,Usar Expresión Regular,Usar Expresiones Regulares,Utiliser une expression régulière,Utiliser les expressions régulières,Y,Y
openstudio::VariablesTabView,Output Variables,Variables de Salida,Variables de Salida,Variables de sortie,Variables de sortie,,
openstudio::WaterUseConnectionsDetailItem,Go back to water mains editor,Volver al editor de red de agua,Volver al editor de agua principal,Retourner à l'éditeur de conduites d'eau,Retourner à l'éditeur de distribution d'eau,Y,Y
openstudio::WaterUseConnectionsDropZoneItem,Drag Water Use Connections from Library,Arrastrar Conexiones de Uso de Agua desde la Biblioteca,Arrastre Conexiones de Uso de Agua desde la Biblioteca,Faire glisser les connexions d'utilisation d'eau à partir de la bibliothèque,Glissez les connexions d'utilisation d'eau depuis la bibliothèque,Y,Y
openstudio::WaterUseEquipmentDefinitionInspectorView,End Use Subcategory:,Subcategoría de uso final:,Subcategoría de Uso Final:,Sous-catégorie d'utilisation finale :,Sous-catégorie d'usage final :,Y,Y
openstudio::WaterUseEquipmentDefinitionInspectorView,Latent Fraction Schedule:,Horario de fracción latente:,Horario de Fracción Latente:,Calendrier de fraction latente :,Calendrier de Fraction de Chaleur Latente :,Y,Y
openstudio::WaterUseEquipmentDefinitionInspectorView,Name:,Nombre:,Nombre:,Nom :,Nom :,,
openstudio::WaterUseEquipmentDefinitionInspectorView,Peak Flow Rate:,Caudal pico:,Caudal Máximo:,Débit de pointe :,Débit de pointe :,Y,
openstudio::WaterUseEquipmentDefinitionInspectorView,Sensible Fraction Schedule:,Horario de fracción sensible:,Calendario de Fracción Sensible:,Calendrier de fraction sensible :,Calendrier de fraction sensible :,Y,
openstudio::WaterUseEquipmentDefinitionInspectorView,Target Temperature Schedule:,Horario de temperatura objetivo:,Cronograma de Temperatura Objetivo:,Calendrier de Température Cible :,Calendrier de Température Cible :,Y,
openstudio::WaterUseEquipmentDropZoneItem,Drag Water Use Equipment from Library,Arrastrar Equipo de Uso de Agua desde la Biblioteca,Arrastre Equipo de Uso de Agua desde la Biblioteca,Glisser l'équipement de consommation d'eau de la bibliothèque,Faites glisser Équipement d'utilisation d'eau depuis la bibliothèque,Y,Y
openstudio::WindowMaterialBlindInspectorView,Back Side Slat Beam Solar Reflectance:,Reflectancia solar de haz cara posterior de lámina:,Reflectancia Solar de Haz en la Cara Posterior de la Laminilla:,Réflectance solaire du faisceau du côté arrière des lamelles :,Réflectance solaire directe du côté arrière des lames :,Y,Y
openstudio::WindowMaterialBlindInspectorView,Back Side Slat Beam Visible Reflectance:,Reflectancia visible de haz cara posterior de lámina:,Reflectancia Visible de Haz Difuso en la Cara Posterior de la Laminilla:,Facteur de réflexion visible du faisceau du côté arrière de la lame :,Réflectance Diffuse Visible du Côté Arrière du Lamelle :,Y,Y
openstudio::WindowMaterialBlindInspectorView,Back Side Slat Diffuse Solar Reflectance:,Reflectancia solar difusa cara posterior de lámina:,Reflectancia Solar Difusa del Lado Posterior de las Lamas:,Back Side Slat Diffuse Solar Reflectance:,Réflectance solaire diffuse du côté arrière des lames :,Y,Y
openstudio::WindowMaterialBlindInspectorView,Back Side Slat Diffuse Visible Reflectance:,Reflectancia visible difusa cara posterior de lámina:,Reflectancia Visible Difusa del Lado Posterior de la Lámina:,Réflectance diffuse visible du côté arrière de la lame :,Réflectance Visible Diffuse du Côté Arrière de la Lame :,Y,Y
openstudio::WindowMaterialBlindInspectorView,Back Side Slat Infrared Hemispherical Emissivity:,Emisividad infrarroja hemisférica cara posterior de lámina:,Emisividad Hemisférica Infrarroja del Lado Posterior de la Lama:,Émissivité hémisphérique infrarouge du côté arrière des lames :,Émissivité hémisphérique infrarouge de la face arrière de la lame :,Y,Y
openstudio::WindowMaterialBlindInspectorView,Blind Bottom Opening Multiplier:,Multiplicador de apertura inferior de persiana:,Multiplicador de Apertura Inferior de Persiana:,Multiplicateur d'ouverture inférieure du store :,Multiplicateur d'ouverture inférieure du store :,Y,
openstudio::WindowMaterialBlindInspectorView,Blind Left Side Opening Multiplier:,Multiplicador de apertura lateral izquierda de persiana:,Multiplicador de Apertura del Lado Izquierdo de la Persiana:,Multiplicateur d'ouverture côté gauche du store :,Multiplicateur d'ouverture du côté gauche du store :,Y,Y
openstudio::WindowMaterialBlindInspectorView,Blind Right Side Opening Multiplier:,Multiplicador de apertura lateral derecha de persiana:,Multiplicador de Apertura del Lado Derecho de la Persiana:,Multiplicateur d'ouverture du côté droit du store :,Multiplicateur d'ouverture du côté droit du store :,Y,
openstudio::WindowMaterialBlindInspectorView,Blind To Glass Distance:,Distancia persiana a vidrio:,Distancia de Persiana a Cristal:,Distance entre store et vitre :,Distance de store à vitre :,Y,Y
openstudio::WindowMaterialBlindInspectorView,Blind Top Opening Multiplier:,Multiplicador de apertura superior de persiana:,Multiplicador de Apertura Superior de Persiana:,Multiplicateur d'ouverture supérieure du store :,Multiplicateur d'ouverture supérieure du store :,Y,
openstudio::WindowMaterialBlindInspectorView,Front Side Slat Beam Solar Reflectance:,Reflectancia solar de haz cara frontal de lámina:,Reflectancia Solar de Haz del Lado Frontal de la Lámina:,Réflectance solaire du rayonnement direct de la face avant de la lame :,Réflectance solaire directe des lamelles côté avant :,Y,Y
openstudio::WindowMaterialBlindInspectorView,Front Side Slat Beam Visible Reflectance:,Reflectancia visible de haz cara frontal de lámina:,Reflectancia Visible del Haz en el Lado Frontal de la Lámina:,Réflectance visible du faisceau des lames côté avant :,Réflectance Visible Directe des Lamelles (Côté Avant) :,Y,Y
openstudio::WindowMaterialBlindInspectorView,Front Side Slat Diffuse Solar Reflectance:,Reflectancia solar difusa cara frontal de lámina:,Reflectancia Solar Difusa del Lado Frontal de las Lamas:,Réflectance solaire diffuse du côté avant de la lame :,Réflectance solaire diffuse hémisphérique de la face avant des lamelles :,Y,Y
openstudio::WindowMaterialBlindInspectorView,Front Side Slat Diffuse Visible Reflectance:,Reflectancia visible difusa cara frontal de lámina:,Reflectancia Difusa Visible del Lado Frontal de las Lamas:,Réflectance Diffuse Visible du Côté Avant de la Lame :,Réflectance Visible Diffuse du Côté Avant des Lames :,Y,Y
openstudio::WindowMaterialBlindInspectorView,Front Side Slat Infrared Hemispherical Emissivity:,Emisividad infrarroja hemisférica cara frontal de lámina:,Emisividad Infrarroja Hemisférica del Lado Frontal de la Lámina:,Émissivité hémisphérique infrarouge du côté avant des lames :,Émissivité hémisphérique infrarouge de la face avant de la lamelle :,Y,Y
openstudio::WindowMaterialBlindInspectorView,Maximum Slat Angle:,Ángulo máximo de lámina:,Ángulo Máximo de las Lamas:,Angle de lame maximal :,Angle de lame maximal :,Y,
openstudio::WindowMaterialBlindInspectorView,Minimum Slat Angle:,Ángulo mínimo de lámina:,Ángulo de Lámina Mínimo:,Angle de lame minimum :,Angle minimum des lames :,Y,Y
openstudio::WindowMaterialBlindInspectorView,Name:,Nombre:,Nombre:,Nom :,Nom :,,
openstudio::WindowMaterialBlindInspectorView,Slat Angle:,Ángulo de lámina:,Ángulo de Lamas:,Angle des lames :,Angle des lames :,Y,
openstudio::WindowMaterialBlindInspectorView,Slat Beam Solar Transmittance:,Transmitancia solar de haz de lámina:,Transmitancia Solar Directa de la Lámina:,Transmittance Solaire du Faisceau de Lamelle :,Transmittance solaire directe des lames :,Y,Y
openstudio::WindowMaterialBlindInspectorView,Slat Beam Visible Transmittance:,Transmitancia visible de haz de lámina:,Transmitancia Visible Directa de la Laminilla:,Transmittance Lumineuse Visible du Faisceau de Lames :,Transmittance Lumineuse Diffuse des Lames :,Y,Y
openstudio::WindowMaterialBlindInspectorView,Slat Conductivity:,Conductividad de lámina:,Conductividad de la Lámina:,Conductivité des lames :,Conductivité de la lame :,Y,Y
openstudio::WindowMaterialBlindInspectorView,Slat Diffuse Solar Transmittance:,Transmitancia solar difusa de lámina:,Transmitancia Solar Difusa de la Lámina:,Transmittance Solaire Diffuse des Lames:,Transmittance Solaire Diffuse des Lamelles :,Y,Y
openstudio::WindowMaterialBlindInspectorView,Slat Diffuse Visible Transmittance:,Transmitancia visible difusa de lámina:,Transmitancia Visible Difusa de la Lámina:,Transmittance Diffuse Visible des Lamelles :,Transmittance Diffuse Visible des Lames :,Y,Y
openstudio::WindowMaterialBlindInspectorView,Slat Infrared Hemispherical Transmittance:,Transmitancia infrarroja hemisférica de lámina:,Transmitancia Hemisférica Infrarroja de la Lámina:,Transmittance Hémisphérique Infrarouge de la Lame :,Transmittance Hémisphérique Infrarouge de la Lame :,Y,
openstudio::WindowMaterialBlindInspectorView,Slat Orientation:,Orientación de lámina:,Orientación de las láminas:,Orientation des lames :,Orientation des lamelles :,Y,Y
openstudio::WindowMaterialBlindInspectorView,Slat Separation:,Separación de láminas:,Separación de Láminas:,Espacement des lames :,Espacement des lames :,Y,
openstudio::WindowMaterialBlindInspectorView,Slat Thickness:,Grosor de lámina:,Espesor de la lámina:,Épaisseur des lames :,Épaisseur de la lame :,Y,Y
openstudio::WindowMaterialBlindInspectorView,Slat Width:,Ancho de lámina:,Ancho de Lama:,Largeur des lames :,Largeur de la lame :,Y,Y
openstudio::WindowMaterialDaylightRedirectionDeviceInspectorView,Daylight Redirection Device Type:,Tipo de dispositivo de redireccionamiento de luz diurna:,Tipo de Dispositivo de Redirección de Luz Natural:,Type de dispositif de redirection de la lumière du jour :,Type de dispositif de redirection de lumière du jour :,Y,Y
openstudio::WindowMaterialDaylightRedirectionDeviceInspectorView,Name:,Nombre:,Nombre:,Nom :,Nom :,,
openstudio::WindowMaterialGasInspectorView,Conductivity Coefficient A:,Coeficiente de conductividad A:,Coeficiente de Conductividad A:,Coefficient de Conductivité A :,Coefficient de conductivité A :,Y,Y
openstudio::WindowMaterialGasInspectorView,Conductivity Coefficient B:,Coeficiente de conductividad B:,Coeficiente de Conductividad B:,Coefficient de conductivité B:,Coefficient de conductivité B :,Y,Y
openstudio::WindowMaterialGasInspectorView,Gas Type:,Tipo de gas:,Tipo de Gas:,Type de gaz :,Type de gaz :,Y,
openstudio::WindowMaterialGasInspectorView,Molecular Weight:,Peso molecular:,Peso Molecular:,Poids Moléculaire :,Masse Molaire :,Y,Y
openstudio::WindowMaterialGasInspectorView,Name:,Nombre:,Nombre:,Nom :,Nom :,,
openstudio::WindowMaterialGasInspectorView,Specific Heat Coefficient A:,Coeficiente de calor específico A:,Coeficiente A de Calor Específico:,Coefficient A de la chaleur spécifique :,Coefficient de chaleur spécifique A :,Y,Y
openstudio::WindowMaterialGasInspectorView,Specific Heat Coefficient B:,Coeficiente de calor específico B:,Coeficiente B de Calor Específico:,Coefficient B de chaleur spécifique :,Coefficient B de chaleur spécifique :,Y,
openstudio::WindowMaterialGasInspectorView,Thickness:,Espesor:,Espesor:,Épaisseur :,Épaisseur :,,
openstudio::WindowMaterialGasInspectorView,Viscosity Coefficient A:,Coeficiente de viscosidad A:,Coeficiente de Viscosidad A:,Coefficient de viscosité A :,Coefficient de viscosité A :,Y,
openstudio::WindowMaterialGasInspectorView,Viscosity Coefficient B:,Coeficiente de viscosidad B:,Coeficiente de Viscosidad B:,Coefficient de viscosité B :,Coefficient de viscosité B :,Y,
openstudio::WindowMaterialGasMixtureInspectorView,Gas 1 Fraction:,Fracción del gas 1:,Fracción del Gas 1:,Fraction Gaz 1 :,Fraction du gaz 1 :,Y,Y
openstudio::WindowMaterialGasMixtureInspectorView,Gas 1 Type:,Tipo de gas 1:,Tipo de Gas 1:,Type de gaz 1 :,Type de gaz 1 :,Y,
openstudio::WindowMaterialGasMixtureInspectorView,Gas 2 Fraction:,Fracción del gas 2:,Fracción Gas 2:,Fraction Gaz 2 :,Fraction de gaz 2 :,Y,Y
openstudio::WindowMaterialGasMixtureInspectorView,Gas 2 Type:,Tipo de gas 2:,Tipo de Gas 2:,Type de gaz 2 :,Type de gaz 2 :,Y,
openstudio::WindowMaterialGasMixtureInspectorView,Gas 3 Fraction:,Fracción del gas 3:,Fracción de Gas 3:,Fraction Gaz 3 :,Fraction de Gaz 3 :,Y,Y
openstudio::WindowMaterialGasMixtureInspectorView,Gas 3 Type:,Tipo de gas 3:,Tipo de Gas 3:,Type de gaz 3 :,Type de gaz 3 :,Y,
openstudio::WindowMaterialGasMixtureInspectorView,Gas 4 Fraction:,Fracción del gas 4:,Fracción de Gas 4:,Gaz 4 Fraction:,Fraction du gaz 4 :,Y,Y
openstudio::WindowMaterialGasMixtureInspectorView,Gas 4 Type:,Tipo de gas 4:,Tipo de Gas 4:,Type de gaz 4 :,Type de gaz 4 :,Y,
openstudio::WindowMaterialGasMixtureInspectorView,Name:,Nombre:,Nombre:,Nom :,Nom :,,
openstudio::WindowMaterialGasMixtureInspectorView,Number Of Gases In Mixture:,Número de gases en la mezcla:,Número de Gases en la Mezcla:,Nombre De Gaz Dans Le Mélange :,Nombre de gaz dans le mélange :,Y,Y
openstudio::WindowMaterialGasMixtureInspectorView,Thickness:,Espesor:,Espesor:,Épaisseur :,Épaisseur :,,
openstudio::WindowMaterialGlazingInspectorView,Back Side Infrared Hemispherical Emissivity:,Emisividad infrarroja hemisférica cara posterior:,Emisividad Hemisférica Infrarroja del Lado Posterior:,Émissivité hémisphérique infrarouge du côté arrière :,Émissivité Hémisphérique Infrarouge de la Face Arrière :,Y,Y
openstudio::WindowMaterialGlazingInspectorView,Back Side Solar Reflectance At Normal Incidence:,Reflectancia solar cara posterior a incidencia normal:,Reflectancia Solar en el Lado Posterior a Incidencia Normal:,Réflectance solaire du côté arrière à incidence normale :,Réflectance solaire du côté arrière à incidence normale :,Y,
openstudio::WindowMaterialGlazingInspectorView,Back Side Visible Reflectance At Normal Incidence:,Reflectancia visible cara posterior a incidencia normal:,Reflectancia Visible del Lado Posterior a Incidencia Normal:,Réflectance visible du côté arrière à incidence normale :,Réflectance visible du côté arrière à incidence normale :,Y,
openstudio::WindowMaterialGlazingInspectorView,Conductivity:,Conductividad:,Conductividad:,Conductivité :,Conductivité :,,
openstudio::WindowMaterialGlazingInspectorView,Dirt Correction Factor For Solar And Visible Transmittance:,Factor de corrección por suciedad para transmitancia solar y visible:,Factor de Corrección de Suciedad para Transmitancia Solar y Visible:,Facteur de correction de la saleté pour la transmittance solaire et visible :,Facteur de Correction de Saleté pour la Transmission Solaire et Visible :,Y,Y
openstudio::WindowMaterialGlazingInspectorView,Front Side Infrared Hemispherical Emissivity:,Emisividad infrarroja hemisférica cara frontal:,Emitividad Hemisférica Infrarroja del Lado Frontal:,Émissivité Hémisphérique Infrarouge Face Avant :,Émissivité hémisphérique infrarouge côté avant :,Y,Y
openstudio::WindowMaterialGlazingInspectorView,Front Side Solar Reflectance At Normal Incidence:,Reflectancia solar cara frontal a incidencia normal:,Reflectancia Solar Frontal en Incidencia Normal:,Réflectance solaire du côté avant à incidence normale :,Réflectance solaire de la face avant à incidence normale :,Y,Y
openstudio::WindowMaterialGlazingInspectorView,Front Side Visible Reflectance At Normal Incidence:,Reflectancia visible cara frontal a incidencia normal:,Reflectancia Visible del Lado Frontal en Incidencia Normal:,Réflectance Visible de la Face Avant à Incidence Normale :,Réflectance Visible en Incidence Normale (Face Avant) :,Y,Y
openstudio::WindowMaterialGlazingInspectorView,Infrared Transmittance at Normal Incidence:,Transmitancia infrarroja a incidencia normal:,Transmitancia Infrarroja en Incidencia Normal:,Transmittance infrarouge à incidence normale :,Transmittance infrarouge à incidence normale :,Y,
openstudio::WindowMaterialGlazingInspectorView,Name:,Nombre:,Nombre:,Nom :,Nom :,,
openstudio::WindowMaterialGlazingInspectorView,Optical Data Type:,Tipo de datos ópticos:,Tipo de Datos Ópticos:,Type de données optique :,Type de données optiques :,Y,Y
openstudio::WindowMaterialGlazingInspectorView,Solar Diffusing:,Difusión solar:,Difusión Solar:,Diffusion solaire :,Diffusion solaire :,Y,
openstudio::WindowMaterialGlazingInspectorView,Solar Transmittance At Normal Incidence:,Transmitancia solar a incidencia normal:,Transmitancia Solar en Incidencia Normal:,Transmittance Solaire à Incidence Normale :,Transmittance Solaire à Incidence Normale :,Y,
openstudio::WindowMaterialGlazingInspectorView,Thickness:,Espesor:,Espesor:,Épaisseur :,Épaisseur :,,
openstudio::WindowMaterialGlazingInspectorView,Visible Transmittance At Normal Incidence:,Transmitancia visible a incidencia normal:,Transmitancia Visible en Incidencia Normal:,Transmittance Lumineuse en Incidence Normale :,Transmittance Lumineuse à Incidence Normale :,Y,Y
openstudio::WindowMaterialGlazingInspectorView,Window Glass Spectral Data Set Name:,Nombre del conjunto de datos espectrales del vidrio:,Nombre del Conjunto de Datos Espectrales del Vidrio de Ventana:,Nom de l'ensemble de données spectrales du verre de fenêtre :,Nom du jeu de données spectrales du verre de fenêtre :,Y,Y
openstudio::WindowMaterialGlazingRefractionExtinctionMethodInspectorView,Conductivity:,Conductividad:,Conductividad:,Conductivité :,Conductivité :,,
openstudio::WindowMaterialGlazingRefractionExtinctionMethodInspectorView,Dirt Correction Factor For Solar And Visible Transmittance:,Factor de corrección por suciedad para transmitancia solar y visible:,Factor de Corrección de Suciedad para Transmitancia Solar y Visible:,Facteur de correction des salissures pour la transmittance solaire et visible :,Facteur de Correction de Saleté pour la Transmission Solaire et Visible :,Y,Y
openstudio::WindowMaterialGlazingRefractionExtinctionMethodInspectorView,Infrared Hemispherical Emissivity:,Emisividad infrarroja hemisférica:,Emitancia Hemisférica Infrarroja:,Émissivité hémisphérique infrarouge :,Émissivité Hémisphérique Infrarouge :,Y,Y
openstudio::WindowMaterialGlazingRefractionExtinctionMethodInspectorView,Infrared Transmittance At Normal Incidence:,Transmitancia infrarroja a incidencia normal:,Transmitancia Infrarroja con Incidencia Normal:,Transmittance Infrarouge à Incidence Normale :,Transmittance Infrarouge à Incidence Normale :,Y,
openstudio::WindowMaterialGlazingRefractionExtinctionMethodInspectorView,Name:,Nombre:,Nombre:,Nom :,Nom :,,
openstudio::WindowMaterialGlazingRefractionExtinctionMethodInspectorView,Solar Diffusing:,Difusión solar:,Difusión Solar:,Diffusion solaire :,Diffusion solaire :,Y,
openstudio::WindowMaterialGlazingRefractionExtinctionMethodInspectorView,Solar Extinction Coefficient:,Coeficiente de extinción solar:,Coeficiente de Extinción Solar:,Coefficient d'extinction solaire :,Coefficient d'extinction solaire :,Y,
openstudio::WindowMaterialGlazingRefractionExtinctionMethodInspectorView,Solar Index Of Refraction:,Índice de refracción solar:,Índice de Refracción Solar:,Indice de Réfraction Solaire :,Indice de réfraction solaire :,Y,Y
openstudio::WindowMaterialGlazingRefractionExtinctionMethodInspectorView,Thickness:,Espesor:,Espesor:,Épaisseur :,Épaisseur :,,
openstudio::WindowMaterialGlazingRefractionExtinctionMethodInspectorView,Visible Extinction Coefficient:,Coeficiente de extinción visible:,Coeficiente de Extinción Visible:,Coefficient d'extinction visible :,Coefficient d'extinction visible :,Y,
openstudio::WindowMaterialGlazingRefractionExtinctionMethodInspectorView,Visible Index of Refraction:,Índice de refracción visible:,Índice de Refracción Visible:,Indice de réfraction visible :,Indice de réfraction visible :,Y,
openstudio::WindowMaterialScreenInspectorView,Angle Of Resolution For Screen Transmittance Output Map:,Ángulo de resolución para mapa de transmitancia de pantalla:,Ángulo de Resolución para Mapa de Salida de Transmitancia de la Pantalla:,Angle de résolution pour la carte de sortie de transmittance de l'écran :,Angle de résolution pour la carte de transmittance de l'écran :,Y,Y
openstudio::WindowMaterialScreenInspectorView,Bottom Opening Multiplier:,Multiplicador de apertura inferior:,Multiplicador de Apertura Inferior:,Multiplicateur d'ouverture inférieure :,Multiplicateur d'ouverture inférieure :,Y,
openstudio::WindowMaterialScreenInspectorView,Conductivity:,Conductividad:,Conductividad:,Conductivité :,Conductivité :,,
openstudio::WindowMaterialScreenInspectorView,Diffuse Solar Reflectance:,Reflectancia solar difusa:,Reflectancia Solar Difusa:,Réflectance solaire diffuse :,Réflectance solaire diffuse :,Y,
openstudio::WindowMaterialScreenInspectorView,Diffuse Visible Reflectance:,Reflectancia visible difusa:,Reflectancia Visible Difusa:,Réflectance Visible Diffuse :,Réflectance Visible Diffuse :,Y,
openstudio::WindowMaterialScreenInspectorView,Left Side Opening Multiplier:,Multiplicador de apertura lateral izquierda:,Multiplicador de Apertura del Lado Izquierdo:,Multiplicateur d'ouverture côté gauche :,Multiplicateur d'ouverture du côté gauche :,Y,Y
openstudio::WindowMaterialScreenInspectorView,Name:,Nombre:,Nombre:,Nom :,Nom :,,
openstudio::WindowMaterialScreenInspectorView,Reflected Beam Transmittance Accounting Method:,Método contable de transmitancia de haz reflejado:,Método de Cálculo de Transmitancia de Radiación Reflejada:,Méthode de calcul de la transmittance du faisceau réfléchi :,Méthode de calcul de la transmittance du rayonnement direct réfléchi :,Y,Y
openstudio::WindowMaterialScreenInspectorView,Right Side Opening Multiplier:,Multiplicador de apertura lateral derecha:,Multiplicador de Apertura Lado Derecho:,Multiplicateur d'ouverture côté droit :,Multiplicateur d'ouverture côté droit :,Y,
openstudio::WindowMaterialScreenInspectorView,Screen Material Diameter:,Diámetro del material de pantalla:,Diámetro del Material de Pantalla:,Diamètre du matériau de l'écran :,Diamètre du matériau de l'écran :,Y,
openstudio::WindowMaterialScreenInspectorView,Screen Material Spacing:,Espaciado del material de pantalla:,Espaciado del Material de Pantalla:,Espacement des matériaux d'écran :,Espacement du matériau d'écran :,Y,Y
openstudio::WindowMaterialScreenInspectorView,Screen To Glass Distance:,Distancia pantalla a vidrio:,Distancia de Pantalla a Vidrio:,Distance Écran à Verre :,Distance Écran-Vitre :,Y,Y
openstudio::WindowMaterialScreenInspectorView,Thermal Hemispherical Emissivity:,Emisividad térmica hemisférica:,Emitancia Térmica Hemisférica:,Émissivité Hémisphérique Thermique :,Émissivité Hémisphérique Thermique :,Y,
openstudio::WindowMaterialScreenInspectorView,Top Opening Multiplier:,Multiplicador de apertura superior:,Multiplicador de Apertura Superior:,Multiplicateur d'ouverture supérieure :,Multiplicateur d'ouverture supérieure :,Y,
openstudio::WindowMaterialShadeInspectorView,Airflow Permeability:,Permeabilidad al flujo de aire:,Permeabilidad del Flujo de Aire:,Perméabilité au flux d'air :,Perméabilité au flux d'air :,Y,
openstudio::WindowMaterialShadeInspectorView,Bottom Opening Multiplier:,Multiplicador de apertura inferior:,Multiplicador de Apertura Inferior:,Multiplicateur d'ouverture inférieure :,Multiplicateur d'ouverture inférieure :,Y,
openstudio::WindowMaterialShadeInspectorView,Conductivity:,Conductividad:,Conductividad:,Conductivité :,Conductivité :,,
openstudio::WindowMaterialShadeInspectorView,Left-Side Opening Multiplier:,Multiplicador de apertura lateral izquierda:,Multiplicador de Apertura del Lado Izquierdo:,Multiplicateur d'ouverture côté gauche :,Multiplicateur d'ouverture côté gauche :,Y,
openstudio::WindowMaterialShadeInspectorView,Name:,Nombre:,Nombre:,Nom :,Nom :,,
openstudio::WindowMaterialShadeInspectorView,Right-Side Opening Multiplier:,Multiplicador de apertura lateral derecha:,Multiplicador de Apertura del Lado Derecho:,Multiplicateur d'ouverture côté droit :,Multiplicateur d'ouverture du côté droit :,Y,Y
openstudio::WindowMaterialShadeInspectorView,Shade To Glass Distance:,Distancia persiana a vidrio:,Distancia Persiana a Vidrio:,Distance Ombrage-Vitrage :,Distance Stores-Vitre :,Y,Y
openstudio::WindowMaterialShadeInspectorView,Solar Reflectance:,Reflectancia solar:,Reflectancia Solar:,Réflectance solaire :,Réflectance solaire :,Y,
openstudio::WindowMaterialShadeInspectorView,Solar Transmittance:,Transmitancia solar:,Transmitancia Solar:,Transmittance solaire :,Transmittance Solaire :,Y,Y
openstudio::WindowMaterialShadeInspectorView,Thermal Hemispherical Emissivity:,Emisividad térmica hemisférica:,Emitancia Térmica Hemisférica:,Émissivité Hémisphérique Thermique :,Émissivité Hémisphérique Thermique :,Y,
openstudio::WindowMaterialShadeInspectorView,Thermal Transmittance:,Transmitancia térmica:,Transmitancia Térmica:,Transmittance Thermique :,Transmittance thermique :,Y,Y
openstudio::WindowMaterialShadeInspectorView,Thickness:,Espesor:,Espesor:,Épaisseur :,Épaisseur :,,
openstudio::WindowMaterialShadeInspectorView,Top Opening Multiplier:,Multiplicador de apertura superior:,Multiplicador de Apertura Superior:,Multiplicateur d'ouverture supérieure :,Multiplicateur d'ouverture supérieure :,Y,
openstudio::WindowMaterialShadeInspectorView,Visible Reflectance:,Reflectancia visible:,Reflectancia Visible:,Réflectance visible :,Réflectance visible :,Y,
openstudio::WindowMaterialShadeInspectorView,Visible Transmittance:,Transmitancia visible:,Transmitancia Visible:,Transmittance lumineuse visible :,Transmittance visible :,Y,Y
openstudio::WindowMaterialSimpleGlazingSystemInspectorView,Name:,Nombre:,Nombre:,Nom :,Nom :,,
openstudio::WindowMaterialSimpleGlazingSystemInspectorView,Solar Heat Gain Coefficient:,Coeficiente de ganancia de calor solar:,Coeficiente de Ganancia de Calor Solar:,Coefficient de transmission énergétique solaire :,Coefficient de Gain de Chaleur Solaire :,Y,Y
openstudio::WindowMaterialSimpleGlazingSystemInspectorView,U-Factor:,Factor U:,Factor U:,Coefficient U :,Coefficient U :,,
openstudio::WindowMaterialSimpleGlazingSystemInspectorView,Visible Transmittance:,Transmitancia visible:,Transmitancia Visible:,Transmittance lumineuse :,Transmittance visible :,Y,Y
openstudio::YearSettingsWidget,April,Abril,Abril,Avril,Avril,,
openstudio::YearSettingsWidget,August,Agosto,Agosto,Août,Août,,
openstudio::YearSettingsWidget,Calendar Year,Año Calendario,Año del Calendario,Année calendaire,Année du calendrier,Y,Y
openstudio::YearSettingsWidget,Daylight Savings Time:,Horario de Verano:,Horario de verano:,Heure d'été :,Heure d'été :,Y,
openstudio::YearSettingsWidget,December,Diciembre,Diciembre,Décembre,Décembre,,
openstudio::YearSettingsWidget,Define by Date,Definir por Fecha,Definir por Fecha,Définir par Date,Définir par Date,,
openstudio::YearSettingsWidget,Define by Day of The Week And Month,Definir por Dia de la Semana y Mes,Definir por Día de la Semana y Mes,Définir par Jour de la semaine et Mois,Définir par jour de la semaine et mois,Y,Y
openstudio::YearSettingsWidget,Ends,Termina,Finaliza,Fin,Se termine,Y,Y
openstudio::YearSettingsWidget,February,Febrero,Febrero,Février,Février,,
openstudio::YearSettingsWidget,First,Primer,Primero,Premier,Premier,Y,
openstudio::YearSettingsWidget,First Day of Year,Primer Dia del Año,Primer Día del Año,Premier jour de l'année,Premier jour de l'année,Y,
openstudio::YearSettingsWidget,Fourth,Cuarto,Cuarto,Quatrième,Quatrième,,
openstudio::YearSettingsWidget,Friday,Viernes,Viernes,Vendredi,Vendredi,,
openstudio::YearSettingsWidget,January,Enero,Enero,Janvier,Janvier,,
openstudio::YearSettingsWidget,July,Julio,Julio,Juillet,Juillet,,
openstudio::YearSettingsWidget,June,Junio,Junio,Juin,Juin,,
openstudio::YearSettingsWidget,Last,Último,Último,Dernier,Dernier,,
openstudio::YearSettingsWidget,March,Marzo,Marzo,Mars,Mars,,
openstudio::YearSettingsWidget,May,Mayo,Mayo,Mai,Mai,,
openstudio::YearSettingsWidget,Monday,Lunes,Lunes,Lundi,Lundi,,
openstudio::YearSettingsWidget,November,Noviembre,Noviembre,Novembre,Novembre,,
openstudio::YearSettingsWidget,October,Octubre,Octubre,Octobre,Octobre,,
openstudio::YearSettingsWidget,Saturday,Sábado,Sábado,Samedi,Samedi,,
openstudio::YearSettingsWidget,Second,Segundo,Segundo,Deuxième,Seconde,,Y
openstudio::YearSettingsWidget,Select Year by:,Seleccionar Año por:,Seleccionar Año por:,Choisir Année par :,Sélectionner l'année par :,,Y
openstudio::YearSettingsWidget,September,Septiembre,Septiembre,Septembre,Septembre,,
openstudio::YearSettingsWidget,Starts,Comienza,Comienza,Début,Commence,,Y
openstudio::YearSettingsWidget,Sunday,Domingo,Domingo,Dimanche,Dimanche,,
openstudio::YearSettingsWidget,Third,Tercer,Tercero,Troisième,Troisième,Y,
openstudio::YearSettingsWidget,Thursday,Jueves,Jueves,Jeudi,Jeudi,,
openstudio::YearSettingsWidget,Tuesday,Martes,Martes,Mardi,Mardi,,
openstudio::YearSettingsWidget,UseWeatherFile,UsarArchivodeClima,Usar Archivo Climático,Utiliser Fichier Météo,Utiliser le fichier météorologique,Y,Y
openstudio::YearSettingsWidget,Wednesday,Miércoles,Miércoles,Mercredi,mercredi,,Y
openstudio::bimserver::ProjectImporter,>,>,>,>,>,,
openstudio::bimserver::ProjectImporter,BIMserver Address: http://,Dirección del BIMserver: http://,Dirección de BIMserver: http://,Adresse du BIMserver : http://,Adresse BIMserver : http://,Y,Y
openstudio::bimserver::ProjectImporter,BIMserver disconnected,BIMserver desconectado,BIMserver desconectado,BIMserver déconnecté,BIMserver déconnecté,,
openstudio::bimserver::ProjectImporter,BIMserver is not connected correctly. Please check if BIMserver is running and make sure your username and password are valid.,El BIMserver no está conectado correctamente. Por favor revise si el BIMserver está corriendo y asegurece que su usuario y contraseña son válidos.,"BIMserver no está conectado correctamente. Por favor, compruebe si BIMserver está en funcionamiento y asegúrese de que su nombre de usuario y contraseña son válidos.","BIMserver n'est pas connecté correctement. Assurez-vous que BIMserver est e route que votre nom d'utilisateur et votre mot de passe sont
valides.",BIMserver n'est pas connecté correctement. Veuillez vérifier que BIMserver est en cours d'exécution et assurez-vous que votre nom d'utilisateur et votre mot de passe sont valides.,Y,Y
openstudio::bimserver::ProjectImporter,BIMserver not set up,BIMserver no está configurado,BIMserver no configurado,BIMserver non configuré,BIMserver non configuré,Y,
openstudio::bimserver::ProjectImporter,BIMserver Port:,Puerto de BIMServer:,Puerto BIMserver:,Port du BIMserver :,Port BIMserver :,Y,Y
openstudio::bimserver::ProjectImporter,BIMserver Settings,Ajustes de BIMserver,Configuración de BIMserver,Paramètres BIMserver,Paramètres BIMserver,Y,
openstudio::bimserver::ProjectImporter,Cancel,Cancelar,Cancelar,Annuler,Annuler,,
openstudio::bimserver::ProjectImporter,Check in a new version IFC file for the selected project.,Revisar en una versión nueva de archivo IFC para el proyecto seleccionado.,Registrar una nueva versión del archivo IFC para el proyecto seleccionado.,Archivez une nouvelle version du fichier IFC pour le projet sélectionné.,Enregistrer une nouvelle version du fichier IFC pour le projet sélectionné.,Y,Y
openstudio::bimserver::ProjectImporter,Check in IFC File,Revisar en el Archivo IFC,Registrar Archivo IFC,Vérifier dans le fichier IFC,Archiver le fichier IFC,Y,Y
openstudio::bimserver::ProjectImporter,Create a new project and upload it to the server.,Crear un nuevo proyecto y cargarlo al servidor.,Crear un nuevo proyecto y cargarlo al servidor.,Créer un nouveau projet et uploader sur le serveur.,Créer un nouveau projet et le télécharger sur le serveur.,,Y
openstudio::bimserver::ProjectImporter,Create Project,Crear Proyecto,Crear Proyecto,Créer un Projet,Créer un projet,,Y
openstudio::bimserver::ProjectImporter,Download OSM File,Descargar Archivo OSM,Descargar archivo OSM,Télécharger fichier OSM,Télécharger le fichier OSM,Y,Y
openstudio::bimserver::ProjectImporter,"IFC file loaded, showing updated IFC file list.","El archivo IFC se ha cargado, mostrando la lista de archivos IFC actualizada.","Archivo IFC cargado, mostrando lista actualizada de archivos IFC.","Fichier IFC chargé, affichage de la liste des fichiers IFC mise à jour.","Fichier IFC chargé, affichage de la liste des fichiers IFC mise à jour.",Y,
openstudio::bimserver::ProjectImporter,IFC files (*.ifc),Archivos IFC (*.ifc),Archivos IFC (*.ifc),Fichiers IFC (*.ifc),IFC files (*.ifc),,Y
openstudio::bimserver::ProjectImporter,Login success!,¡Inicio de sesión exitoso!,¡Inicio de sesión exitoso!,Connexion réussie !,Connexion réussie!,,Y
openstudio::bimserver::ProjectImporter,New Project,Nuevo proyecto,Nuevo Proyecto,Nouveau Projet,Nouveau projet,Y,Y
openstudio::bimserver::ProjectImporter,Okay,Okay,De acuerdo,Ok,D'accord,Y,Y
openstudio::bimserver::ProjectImporter,Open IFC File,Abrir Archivo IFC,Abrir archivo IFC,Ouvrir un fichier IFC,Ouvrir un fichier IFC,Y,
openstudio::bimserver::ProjectImporter,Password,Contraseña,Contraseña,Mot de passe,Mot de passe,,
openstudio::bimserver::ProjectImporter,Please enter the BIMserver information:,Favor de añadir la información de BIMserver:,"Por favor, introduzca la información de BIMserver:",Veuillez entrer les informations du BIMserver :,Veuillez entrer les informations de BIMserver :,Y,Y
openstudio::bimserver::ProjectImporter,Please enter the project name:,Favor de añadir el nombre de proyecto:,"Por favor, ingrese el nombre del proyecto:",Entrez le nom du projet :,Veuillez entrer le nom du projet :,Y,Y
openstudio::bimserver::ProjectImporter,"Please provide valid BIMserver address, port, your username and password. You may ask your BIMserver manager for such information.","Favor de proveer una dirección de BIMserver válida, puerto, su usuario y contraseña. Podría preguntar a su administrador de BIMserver por esa información.","Por favor proporcione una dirección BIMserver válida, puerto, su nombre de usuario y contraseña. Puede solicitar esta información a su administrador de BIMserver.","Veuillez fournir une adresse et un port valide pour BIMserver, ainsi que le nom d'utilisateur et mot de passe. Vous pouvez demander ces informations à BIMserver
manager.","Veuillez fournir une adresse BIMserver valide, un port, votre nom d'utilisateur et votre mot de passe. Vous pouvez contacter votre responsable BIMserver pour obtenir ces informations.",Y,Y
openstudio::bimserver::ProjectImporter,Please select a IFC version before proceeding.,Favor de seleccionar una versión de IFC antes de continuar.,"Por favor, seleccione una versión de IFC antes de continuar.",Veuillez sélectionner une version d'IFC avant de continuer.,Veuillez sélectionner une version IFC avant de continuer.,Y,Y
openstudio::bimserver::ProjectImporter,Please select a project to check in a new IFC version.,Favor de seleccionar un proyecto para revisar en una nueva versión de IFC.,Por favor seleccione un proyecto para registrar una nueva versión de IFC.,Veuillez selectionner un projet pour ajouter une nouvelle version IFC.,Veuillez sélectionner un projet pour archiver une nouvelle version d'IFC.,Y,Y
openstudio::bimserver::ProjectImporter,Please select a project to see all the IFC versions under it.,Favor de seleccionar un proyecto para ver todas las versiones de IFC debajo.,"Por favor, seleccione un proyecto para ver todas las versiones de IFC bajo él.",Veuillez selectionner un projet pour voir les versions IFC qu'il contient.,Veuillez sélectionner un projet pour voir toutes les versions IFC associées.,Y,Y
openstudio::bimserver::ProjectImporter,Please specify the bimserver address/port and user credentials.,Favor de especificar la dirección/puerto de bimserver y credenciales de usuario.,Especifique la dirección/puerto del bimserver y las credenciales de usuario.,Veuillez entrer l'adresse/port de BIMserver et les informations d'identification de l'utilisateur.,Veuillez spécifier l'adresse/port du serveur BIM et les identifiants de l'utilisateur.,Y,Y
openstudio::bimserver::ProjectImporter,"Project created, showing updated project list.","Proyecto creado, mostrando la lista de proyecto actualizada.","Proyecto creado, mostrando lista de proyectos actualizada.","Projet créé, affichage de la liste de projet mise à jour.","Projet créé, affichage de la liste des projets mise à jour.",Y,Y
openstudio::bimserver::ProjectImporter,Project Name:,Nombre de Proyecto:,Nombre del Proyecto:,Nom du projet :,Nom du projet :,Y,
openstudio::bimserver::ProjectImporter,"Project selected, showing all versions of IFC files under it.","Proyecto seleccionado, mostrando todas las versiones de archivo IFC debajo.","Proyecto seleccionado, mostrando todas las versiones de archivos IFC bajo el mismo.","Projet sélectionné, affichage de toutes les versions des fichiers IFC qu'il contient.","Projet sélectionné, affichage de toutes les versions des fichiers IFC qu'il contient.",Y,
openstudio::bimserver::ProjectImporter,Setting,Ajuste,Configuración,Paramètres,Paramètre,Y,Y
openstudio::bimserver::ProjectImporter,Username,Usuario,Nombre de usuario,Nom d'utilisateur,Nom d'utilisateur,Y,
openstudio::measuretab::MeasureStepItemDelegate,"Python Measures are not supported in the Classic CLI.
You can change CLI version using 'Preferences->Use Classic CLI'.","Las medidas de Python no son compatibles con la CLI clásica.
Puede cambiar la versión de la CLI en 'Preferencias->Usar CLI clásica'.","Las Medidas de Python no son compatibles con la CLI clásica.
Puede cambiar la versión de CLI usando 'Preferencias->Usar CLI clásica'.","Les mesures Python ne sont pas prises en charge dans la CLI classique.
Vous pouvez modifier la version de la CLI dans 'Préférences->Utiliser la CLI classique'.","Les Mesures Python ne sont pas supportées dans l'interface CLI classique.
Vous pouvez changer la version CLI en utilisant « Préférences->Utiliser CLI classique ».",Y,Y
openstudio::measuretab::NewMeasureDropZone,Drop Measure From Library to Create a New Always Run Measure,Arrastre una Medida de la Biblioteca para Crear una Nueva Medida de Ejecución Siempre,Suelta la Medida desde la Biblioteca para Crear una Nueva Medida de Ejecución Continua,Glissez une Mesure depuis la Bibliothèque pour créer une nouvelle Mesure Always Run,Déposer une Mesure de la Bibliothèque pour créer une nouvelle Mesure toujours exécutée,Y,Y
openstudio::measuretab::WorkflowController,EnergyPlus Measures,Medidas de EnergyPlus,Medidas de EnergyPlus,Mesures EnergyPlus,Mesures EnergyPlus,,
openstudio::measuretab::WorkflowController,OpenStudio Measures,Medidas de OpenStudio,Medidas OpenStudio,Mesures OpenStudio,Mesures OpenStudio,Y,
openstudio::measuretab::WorkflowController,Reporting Measures,Medidas de Informe,Medidas de Generación de Reportes,Mesures de rapport,Mesures de rapport,Y,
