English,Old ES,New ES,Old FR,New FR,ES Changed,FR Changed
100% Outdoor Air in Cooling,Acción,100% Aire Exterior en Enfriamiento,100% d'air extérieur en refroidissement,100% Air extérieur en refroidissement,Y,Y
100% Outdoor Air in Heating,Área Activa,100% Aire Exterior en Calefacción,100% Air Extérieur en Chauffage,Utilisation de 100% d'air extérieur en chauffage,Y,Y
Absolute Airflow Convergence Tolerance,Fracción Activa del Área de la Cara de la Bobina,Tolerancia de Convergencia de Flujo de Aire Absoluto,Tolérance de convergence du débit d'air absolu,Tolérance de convergence du débit d'air absolu,Y,
Absorptance of Absorber Plate,Nombre del Programa de Factor de Actividad,Absortancia de la Placa Absorbedora,Absorptance de la plaque absorbante,Absorptance de la plaque absorbante,Y,
Account for Dedicated Outdoor Air System,Considerar Sistema de Aire Exterior Dedicado,Contabilizar Sistema Dedicado de Aire Exterior,Tenir compte du système d'air extérieur dédié,Tenir compte du système DOAS,Y,Y
Accumulated Rays per Record,Temperatura Real de la Chimenea,Rayos Acumulados por Registro,Rayons accumulés par enregistrement,Rayons accumulés par enregistrement,Y,
Accumulated Run Time Degradation Coefficient,Tipo de Control de Componente Accionado,Coeficiente de Degradación por Tiempo de Operación Acumulado,Coefficient de Dégradation du Temps d'Exécution Accumulé,Coefficient de Dégradation du Temps d'Accumulation,Y,Y
Action,Nombre del Componente Accionado,Acción,Action,Action,Y,
Active Area,Tipo de Componente Accionado,Área Activa,Zone active,Zone active,Y,
Active Fraction of Coil Face Area,Nombre Único del Componente Accionado,Fracción Activa del Área de Cara de la Bobina,Fraction Active de la Surface de la Bobine,Fraction active de la surface frontale de la batterie,Y,Y
Activity Factor Schedule Name,Diccionario de Disponibilidad del Actuador - Reportes,Nombre del Calendario del Factor de Actividad,Nom de l'horaire du facteur d'activité,Nom de la planification du facteur d'activité,Y,Y
Activity Level Schedule Name,Nombre del Horario de Nivel de Actividad,Nombre del Programa de Nivel de Actividad,Nom du calendrier de niveau d'activité,Nom de la planification du niveau d'activité,Y,Y
Actual Stack Temperature,Nombre del Nodo Actuador,Temperatura Real de la Chimenea,Température réelle de la cheminée,Température réelle de la cheminée,Y,
Actuated Component Control Type,Variable del Actuador,Tipo de Control del Componente Actuado,Type de Contrôle du Composant Actionné,Type de contrôle du composant actionné,Y,Y
Actuated Component Name,Agregar Directorio de Trabajo Actual a la Ruta de Búsqueda,Nombre del Componente Accionado,Nom du composant actionné,Nom du composant actionné,Y,
Actuated Component Type,Agregar variable de entorno epin a la ruta de búsqueda,Tipo de Componente Controlado,Type de composant actionné,Type de composant commandé,Y,Y
Actuated Component Unique Name,Agregar Directorio de Archivo de Entrada a la Ruta de Búsqueda,Nombre Único del Componente Accionado,Nom unique du composant actionné,Nom Unique du Composant Actionné,Y,Y
Actuator Availability Dictionary Reporting,Nombre de Construcción de Superficie Adiabática,Informe del Diccionario de Disponibilidad de Actuadores,Rapport du Dictionnaire de Disponibilité des Actionneurs,Rapports du Dictionnaire de Disponibilité des Actionneurs,Y,Y
Actuator Node Name,Ajustar Horario para Horario de Verano,Nombre del Nodo Actuador,Nom du nœud d'actionneur,Nom du nœud actionneur,Y,Y
Actuator Variable,Ajustar Mezcla de Zona y Retorno Para Balance de Flujo de Masa de Aire,Variable del Actuador,Variable d'actionneur,Variable d'Actionneur,Y,Y
Add Current Working Directory to Search Path,Variable de Fuente de Ajuste,Agregar Directorio de Trabajo Actual a Ruta de Búsqueda,Ajouter le répertoire de travail actuel au chemin de recherche,Ajouter le répertoire de travail actif au chemin de recherche,Y,Y
Add epin Environment Variable to Search Path,Tipo de Agregación para Variable o Medidor,Agregar variable de entorno epin a Ruta de Búsqueda,Ajouter la variable d'environnement epin au chemin de recherche,Ajouter variable d'environnement epin au chemin de recherche,Y,Y
Add Input File Directory to Search Path,Nombre del Nodo de Entrada de la Conexión de Aire 1,Agregar Directorio del Archivo de Entrada a la Ruta de Búsqueda,Ajouter le répertoire du fichier d'entrée au chemin de recherche,Ajouter le répertoire du fichier d'entrée au chemin de recherche,Y,
Additional Destratification Conductivity,Conductividad de Destratificación Adicional,Conductividad Adicional de Desestratificación,Conductivité supplémentaire de déstratification,Conductivité Supplémentaire de Déstratification,Y,Y
Adiabatic Surface Construction Name,Nombre del Nodo de Salida de la Conexión de Aire 1,Nombre de Construcción de Superficie Adiabática,Nom de construction de surface adiabatique,Nom de la Construction de Surface Adiabatique,Y,Y
Adjust Schedule for Daylight Savings,Método de Intercambio de Aire,Ajustar Horario para Cambio de Horario de Verano,Ajuster l'horaire pour l'heure d'été,Ajuster l'Emploi du Temps pour l'Heure d'Été,Y,Y
Adjust Zone Mixing and Return For Air Mass Flow Balance,Método de Cálculo del Flujo de Aire,Ajustar Mezcla de Zona y Retorno para Balance de Flujo de Masa de Aire,Ajuster le Mélange de Zones et le Retour pour l'Équilibre du Débit Massique d'Air,Ajuster Mélange de Zone et Retour pour Équilibre Débit Masse d'Air,Y,Y
Adjustment Source Variable,Nombre de Curva de Función de Flujo de Aire en Función de la Carga y Temperatura del Aire,Variable Fuente de Ajuste,Variable source d'ajustement,Variable source d'ajustement,Y,
Aggregation Type for Variable or Meter,Unidades de Flujo de Aire,Tipo de Agregación para Variable o Medidor,Type d'agrégation pour variable ou compteur,Type d'agrégation pour variable ou compteur,Y,
Air Changes per Hour,Cambios de Aire por Hora,Cambios de aire por hora,Changements d'air par heure,Changements d'air par heure,Y,
Air Connection 1 Inlet Node Name,Valor de Flujo de Aire,Nombre del Nodo de Entrada de Conexión de Aire 1,Nom du nœud d'entrée de la connexion aérienne 1,Nom du nœud d'entrée de la connexion d'air 1,Y,Y
Air Connection 1 Outlet Node Name,Entrada de Aire,Nombre del Nodo de Salida de la Conexión de Aire 1,Nom du Nœud de Sortie de Connexion Air 1,Nom du nœud de sortie de la connexion aérienne 1,Y,Y
Air Exchange Method,Tipo de Conexión de Entrada de Aire,Método de Intercambio de Aire,Méthode d'échange d'air,Méthode d'échange d'air,Y,
Air Flow Calculation Method,Nodo de Entrada de Aire,Método de Cálculo del Flujo de Aire,Méthode de Calcul du Débit d'Air,Méthode de Calcul du Débit d'Air,Y,
Air Flow Function of Loading and Air Temperature Curve Name,Nombre del Nodo de Entrada de Aire,Nombre de Curva de Función de Flujo de Aire en Función de Carga y Temperatura del Aire,Nom de la courbe de la fonction du débit d'air en fonction du chargement et de la température de l'air,Nom de la courbe de débit d'air en fonction de la charge et de la température de l'air,Y,Y
Air Flow Rate in Free Convection Regime,Caudal de Aire en Régimen de Convección Libre,Caudal de Aire en Régimen de Convección Natural,Débit d'air en régime de convection naturelle,Débit d'air en régime de convection naturelle,Y,
Air Flow Units,Nombre de Zona de Entrada de Aire,Unidades de Flujo de Aire,Unités de débit d'air,Unités de débit d'air,Y,
Air Flow Value,Modo de Recuperación de Calor de Admisión de Aire,Valor de Flujo de Aire,Valeur du débit d'air,Débit d'Air,Y,Y
Air Inlet,Bucle de Aire,Entrada de Aire,Entrée d'air,Entrée d'air,Y,
Air Inlet Connection Type,Coeficiente de Flujo de Masa de Aire,Tipo de Conexión de Entrada de Aire,Type de connexion d'entrée d'air,Type de Connexion de l'Entrée d'Air,Y,Y
Air Inlet Node,Coeficiente de Flujo de Masa de Aire en Condiciones de Referencia,Nodo de Entrada de Aire,Nœud d'entrée d'air,Nœud d'entrée d'air,Y,
Air Inlet Node Name,Coeficiente de Flujo de Masa de Aire Sin Flujo de Aire Exterior en Condiciones de Referencia,Nombre de Nodo de Entrada de Aire,Nom du nœud d'entrée d'air,Nom du nœud d'admission d'air,Y,Y
Air Inlet Zone Name,Coeficiente de Flujo Másico de Aire Cuando la Apertura Está Cerrada,Nombre de Zona de Entrada de Aire,Zone d'entrée d'air,Nom de la Zone d'Entrée d'Air,Y,Y
Air Intake Heat Recovery Mode,Exponente del Flujo de Masa de Aire,Modo de Recuperación de Calor en la Toma de Aire,Mode de récupération de chaleur d'admission d'air,Mode de Récupération de Chaleur sur l'Air d'Admission,Y,Y
Air Loop,Exponente del Flujo de Masa de Aire Cuando No Hay Flujo de Aire Exterior,Bucle de Aire,Boucle d'air,Boucle d'air,Y,
Air Mass Flow Coefficient,Exponente del Flujo Másico de Aire Cuando la Abertura está Cerrada,Coeficiente de Flujo Másico de Aire,Coefficient de débit massique d'air,Coefficient de Débit Massique d'Air,Y,Y
Air Mass Flow Coefficient at Reference Conditions,Actuador de Caudal Másico de Aire,Coeficiente de Flujo Másico de Aire en Condiciones de Referencia,Coefficient de débit massique d'air aux conditions de référence,Coefficient de Débit Massique d'Air aux Conditions de Référence,Y,Y
Air Mass Flow Coefficient When No Outdoor Air Flow at Reference Conditions,Salida de Aire,Coeficiente de Flujo Másico de Aire sin Flujo de Aire Exterior en Condiciones de Referencia,Coefficient de débit massique d'air en l'absence de débit d'air extérieur aux conditions de référence,Coefficient de débit massique d'air sans flux d'air extérieur aux conditions de référence,Y,Y
Air Mass Flow Coefficient When Opening is Closed,Actuador de Relación de Humedad en la Salida de Aire,Coeficiente de Flujo Másico de Aire Cuando la Abertura está Cerrada,Coefficient de débit d'air massique lorsque l'ouverture est fermée,Coefficient de débit massique d'air en ouverture fermée,Y,Y
Air Mass Flow Exponent,Nodo de Salida de Aire,Exponente del Flujo Másico de Aire,Exposant du débit massique d'air,Exposant du débit massique d'air,Y,
Air Mass Flow Exponent When No Outdoor Air Flow,Nombre del Nodo de Salida de Aire,Exponente del Flujo Másico de Aire sin Flujo de Aire Exterior,Exposant du débit massique d'air sans débit d'air extérieur,Exposant du débit massique d'air sans débit d'air extérieur,Y,
Air Mass Flow Exponent When Opening is Closed,Actuador de Temperatura de Salida de Aire,Exponente del Flujo Másico de Aire Cuando la Abertura Está Cerrada,Exposant du débit massique d'air quand l'ouverture est fermée,Exposant du Débit Massique d'Air Lorsque l'Ouverture est Fermée,Y,Y
Air Mass Flow Rate Actuator,Diámetro Hidráulico de la Ruta de Aire,Actuador de Flujo de Masa de Aire,Actionneur de débit d'air massique,Actionneur de Débit Massique d'Air,Y,Y
Air Outlet,Longitud de la Trayectoria de Aire,Salida de Aire,Sortie d'air,Sortie d'air,Y,
Air Outlet Humidity Ratio Actuator,Coeficiente de Temperatura de Tasa de Aire,Actuador de Relación de Humedad en la Salida de Aire,Actionneur du Rapport d'Humidité de la Sortie d'Air,Actionneur de Rapport d'Humidité à la Sortie d'Air,Y,Y
Air Outlet Node,Nombre de Curva de Tasa de Aire en Función de Potencia Eléctrica,Nodo de Salida de Aire,Nœud de sortie d'air,Nœud de sortie d'air,Y,
Air Outlet Node Name,Nombre de la Curva de Tasa de Aire en Función de la Tasa de Combustible,Nombre del Nodo de Salida de Aire,Nom du nœud de sortie d'air,Nom du nœud de sortie d'air,Y,
Air Outlet Temperature Actuator,Nombre del Nodo de Fuente de Aire,Actuador de Temperatura de Salida de Aire,Actionneur de Température de Sortie d'Air,Actionneur de température de sortie d'air,Y,Y
Air Path Hydraulic Diameter,Modo de Constituyente de Suministro de Aire,Diámetro Hidráulico de la Vía de Aire,Diamètre hydraulique du trajet d'air,Diamètre hydraulique du chemin d'air,Y,Y
Air Path Length,Nombre de Suministro de Aire,Longitud de la Trayectoria del Aire,Longueur du trajet d'air,Longueur du trajet d'air,Y,
Air Rate Air Temperature Coefficient,Modo de Cálculo de la Tasa de Suministro de Aire,Coeficiente de Temperatura del Caudal de Aire,Coefficient de Température du Débit d'Air,Coefficient de Température du Débit d'Air,Y,
Air Rate Function of Electric Power Curve Name,Permeabilidad al flujo de aire,Nombre de la Curva de Tasa de Aire en Función de Potencia Eléctrica,Nom de la courbe de fonction du débit d'air en fonction de la puissance électrique,Nom de la courbe du débit d'air en fonction de la puissance électrique,Y,Y
Air Rate Function of Fuel Rate Curve Name,Control de Red de Flujo de Aire,Nombre de Curva de Flujo de Aire en Función del Flujo de Combustible,Nom de la courbe du débit d'air en fonction du débit de carburant,Nom de la courbe du débit d'air en fonction du débit de combustible,Y,Y
Air Source Node Name,Programa de Tipo de Control de Red de Flujo de Aire,Nombre del Nodo de Fuente de Aire,Nom du nœud source d'air,Nom du nœud source d'air,Y,
Air Supply Constituent Mode,Nombre de Circuito de Aire,Modo de Constituyente del Suministro de Aire,Mode de constituant d'alimentation en air,Mode de constituant d'alimentation d'air,Y,Y
Air Supply Name,Algoritmo,Nombre de Suministro de Aire,Nom de l'apport d'air,Nom de l'alimentation d'air,Y,Y
Air Supply Rate Calculation Mode,Permitir Equipo de Zona No Soportado,Modo de Cálculo de Tasa de Suministro de Aire,Mode de calcul du débit d'air fourni,Mode de Calcul du Débit d'Air Soufflé,Y,Y
Air Velocity Schedule Name,Nombre del Horario de Velocidad del Aire,Nombre de la Programación de Velocidad del Aire,Nom du programme de vitesse de l'air,Nom de l'agenda de vitesse de l'air,Y,Y
Airflow Permeability,Modo de Funcionamiento Alternativo 1,Permeabilidad al Flujo de Aire,Perméabilité à l'air,Perméabilité au flux d'air,Y,Y
AirflowNetwork Control,Modo de Funcionamiento Alternativo 2,Control de Red de Flujo de Aire,Contrôle du Réseau de Flux d'Air,Contrôle du Réseau d'Écoulement d'Air,Y,Y
AirflowNetwork Control Type Schedule,Programa de Velocidad del Aire Ambiente,Horario de Tipo de Control de Red de Flujo de Aire,Calendrier du type de contrôle du réseau de flux d'air,Calendrier du type de contrôle du réseau de flux d'air,Y,
AirLoop Name,Rebotes Ambientales DMX,Nombre del AirLoop,Nom de la boucle d'air,Nom de la boucle d'air,Y,
Algorithm,Rebotes Ambientales VMX,Algoritmo,Algorithme,Algorithme,Y,
All Outdoor Air in Cooling,Todo Aire Exterior en Enfriamiento,Todo Aire Exterior en Enfriamiento,Tout l'air extérieur en refroidissement,Tout l'air extérieur en refroidissement,,
All Outdoor Air in Heating,Todo Aire Exterior en Calefacción,Todo Aire Exterior en Calefacción,Air extérieur total en chauffage,Tout l'air extérieur en chauffage,,Y
Allow Unsupported Zone Equipment,Divisiones Ambiente DMX,Permitir Equipos de Zona No Soportados,Autoriser l'équipement de zone non supporté,Autoriser l'équipement de zone non supporté,Y,
Alternative Operating Mode 1,Divisiones de Ambiente VMX,Modo de Operación Alternativo 1,Mode de fonctionnement alternatif 1,Mode d'exploitation alternatif 1,Y,Y
Alternative Operating Mode 2,Supermuestra Ambiental,Modo de Funcionamiento Alternativo 2,Mode de fonctionnement alternatif 2,Mode de fonctionnement alternatif 2,Y,
Ambient Air Velocity Schedule,Temperatura Ambiente Por Encima De La Cual El Calentador De Agua Tiene Mayor Prioridad,Horario de Velocidad del Aire Ambiente,Calendrier de Vitesse de l'Air Ambiant,Calendrier de Vitesse de l'Air Ambiant,Y,
Ambient Bounces DMX,Límite de Temperatura Ambiente para Modo SCWH,Rebotes Ambientales DMX,Ambient Bounces DMX,Rebonds Ambiants DMX,Y,Y
Ambient Bounces VMX,Nodo de Aire Exterior a Temperatura Ambiente,Rebotes Ambientales VMX,Rebonds Ambiants VMX,Rebonds Ambiants VMX,Y,
Ambient Divisions DMX,Nombre del Nodo de Aire Exterior a Temperatura Ambiente,Divisiones DMX Ambientales,Divisions Ambiantes DMX,Divisions Ambiantes DMX,Y,
Ambient Divisions VMX,Programa de Temperatura Ambiente,Divisiones Ambiente VMX,Divisions ambiantes VMX,Divisions ambiantes VMX,Y,
Ambient Supersamples,Nombre de Zona Térmica de Temperatura Ambiente,Submuestras Ambientales,Surséchantillonnage ambiant,Sursamples Ambiants,Y,Y
Ambient Temperature Above Which WH Has Higher Priority,Zona de Temperatura Ambiente,Temperatura Ambiente por Encima de la Cual el Calentador de Agua Tiene Mayor Prioridad,Température ambiante au-dessus de laquelle le WH a une priorité plus élevée,Température ambiante au-dessus de laquelle le CECS a une priorité plus élevée,Y,Y
Ambient Temperature Indicator,Indicador de Temperatura Ambiente,Indicador de Temperatura Ambiente,Indicateur de température ambiante,Indicateur de Température Ambiante,,Y
Ambient Temperature Limit For SCWH Mode,Nombre de la Zona de Temperatura Ambiente,Límite de Temperatura Ambiente para Modo SCWH,Limite de température ambiante pour le mode SCWH,Limite de Température Ambiante pour Mode SCWH,Y,Y
Ambient Temperature Outdoor Air Node,Nombre de Zona Ambiental,Nodo de Aire Exterior de Temperatura Ambiente,Nœud d'air extérieur à température ambiante,Nœud d'air extérieur de température ambiante,Y,Y
Ambient Temperature Outdoor Air Node Name,Tipo de Análisis,Nombre del Nodo de Aire Exterior de Temperatura Ambiente,Nom du nœud d'air extérieur à température ambiante,Nom du nœud d'air extérieur à température ambiante,Y,
Ambient Temperature Schedule,Potencia Eléctrica Auxiliar,Horario de Temperatura Ambiente,Calendrier de température ambiante,Calendrier de température ambiante,Y,
Ambient Temperature Schedule Name,Nombre del Horario de Temperatura Ambiente,Nombre del Programa de Temperatura Ambiente,Nom de l'horaire de température ambiante,Nom de la courbe de température ambiante,Y,Y
Ambient Temperature Thermal Zone Name,Término Constante de Electricidad Auxiliar,Nombre de la Zona Térmica de Temperatura Ambiente,Nom de la Zone Thermique de Température Ambiante,Nom de la Zone Thermique pour la Température Ambiante,Y,Y
Ambient Temperature Zone,Término Lineal de Electricidad Auxiliar,Zona de Temperatura Ambiente,Zone de Température Ambiante,Zone Température Ambiante,Y,Y
Ambient Temperature Zone Name,Nombre de Programa de Operación Auxiliar,Nombre de la Zona de Temperatura Ambiente,Nom de la zone de température ambiante,Nom de la Zone de Température Ambiante,Y,Y
Ambient Zone Name,Potencia Auxiliar,Nombre de Zona Ambiental,Nom de la Zone Ambiante,Nom de la zone ambiante,Y,Y
Analysis Type,Término Constante de Potencia Auxiliar,Tipo de Análisis,Type d'analyse,Type d'analyse,Y,
Ancillary Electric Power,Potencia Auxiliar Consumida en Espera,Potencia Eléctrica Auxiliar,Puissance électrique auxiliaire,Puissance électrique auxiliaire,Y,
Ancillary Electricity Constant Term,Nombre de la Curva de Función de Potencia Auxiliar por Entrada de Combustible,Término Constante de Electricidad Auxiliar,Terme constant de l'électricité auxiliaire,Terme Constant de l'Électricité Auxiliaire,Y,Y
Ancillary Electricity Linear Term,Término Lineal de Potencia Auxiliar,Término Lineal de Electricidad Auxiliar,Terme Linéaire d'Électricité Auxiliaire,Terme linéaire d'électricité auxiliaire,Y,Y
Ancillary Operation Schedule Name,Potencia Eléctrica Auxiliar Fuera de Ciclo,Nombre de la Programación de Operación Auxiliar,Nom de l'horaire d'exploitation auxiliaire,Nom de la planification de fonctionnement auxiliaire,Y,Y
Ancillary Power,Potencia Eléctrica Auxiliar en Ciclo Activo,Potencia Auxiliar,Puissance Auxiliaire,Puissance Auxiliaire,Y,
Ancillary Power Constant Term,Ángulo de Resolución para Mapa de Salida de Transmitancia de Pantalla,Término Constante de Potencia Auxiliar,Terme constant de puissance auxiliaire,Terme Constant de Puissance Auxiliaire,Y,Y
Ancillary Power Consumed In Standby,Temperatura Promedio Anual del Aire Exterior,Potencia Auxiliar Consumida en Standby,Puissance Auxiliaire Consommée en Veille,Puissance auxiliaire consommée en veille,Y,Y
Ancillary Power Function of Fuel Input Curve Name,Velocidad Promedio Anual Local del Viento,Nombre de Curva de Función de Potencia Auxiliar en Función del Combustible de Entrada,Nom de la courbe de la fonction de puissance auxiliaire en fonction de l'entrée de carburant,Nom de la Courbe de Fonction Puissance Auxiliaire en fonction de l'Entrée de Combustible,Y,Y
Ancillary Power Linear Term,Tipo de Control de Calefactor Anti-condensación,Término Lineal de Potencia Auxiliar,Terme Linéaire de Puissance Auxiliaire,Terme linéaire de puissance auxiliaire,Y,Y
Ancilliary Off-Cycle Electric Power,Horario de Aplicabilidad,Potencia Eléctrica Auxiliar Fuera de Ciclo,Puissance électrique supplémentaire hors cycle,Puissance Électrique Auxiliaire en Arrêt,Y,Y
Ancilliary On-Cycle Electric Power,Nombre del Calendario de Aplicabilidad,Potencia Eléctrica Auxiliar en Ciclo Activo,Puissance électrique auxiliaire en cycle actif,Puissance électrique auxiliaire en cycle actif,Y,
Angle of Resolution for Screen Transmittance Output Map,Aplicar viernes,Ángulo de Resolución para Mapa de Salida de Transmitancia de Pantalla,Angle de résolution pour la carte de sortie de transmittance d'écran,Angle de résolution de la carte de transmission du tamis,Y,Y
Ankle Level Air Velocity Schedule Name,Nombre del Horario de Velocidad del Aire a Nivel de Tobillo,Nombre de Esquema de Velocidad del Aire a Nivel de Tobillo,Nom de l'horaire de vitesse de l'air au niveau des chevilles,Nom de la planification de la vitesse de l'air au niveau des chevilles,Y,Y
Annual Average Outdoor Air Temperature,Aplicar Degradación de Latencia a Velocidades Mayores que 1,Temperatura Promedio Anual del Aire Exterior,Température Extérieure Moyenne Annuelle,Température moyenne annuelle de l'air extérieur,Y,Y
Annual Local Average Wind Speed,Aplicar el lunes,Velocidad Promedio Anual Local del Viento,Vitesse du vent moyenne annuelle locale,Vitesse Moyenne Annuelle du Vent Local,Y,Y
Anti-Sweat Heater Control Type,Aplicar Fracción de Carga Parcial a Velocidades Mayores que 1,Tipo de Control de Calentador Anti-Condensación,Type de contrôle du radiateur anti-condensation,Type de contrôle du réchauffeur anti-condensation,Y,Y
Applicability Schedule,Aplicar sábado,Horario de Aplicabilidad,Calendrier d'applicabilité,Calendrier d'applicabilité,Y,
Applicability Schedule Name,Aplicar domingo,Nombre de Calendario de Aplicabilidad,Nom de l'horaire d'applicabilité,Nom de l'Emploi du Temps d'Applicabilité,Y,Y
Apply Friday,Aplicar Jueves,Aplicar Viernes,Appliquer le vendredi,Appliquer le vendredi,Y,
Apply Latent Degradation to Speeds Greater than 1,Aplicar martes,Aplicar Degradación de Capacidad Latente a Velocidades Mayores que 1,Appliquer la dégradation de latence aux vitesses supérieures à 1,Appliquer la dégradation de capacité latente aux vitesses supérieures à 1,Y,Y
Apply Monday,Aplicar miércoles,Aplicar lunes,Appliquer lundi,Appliquer lundi,Y,
Apply Part Load Fraction to Speeds Greater than 1,Aplicar Regla de Fin de Semana y Día Festivo,Aplicar Fracción de Carga Parcial a Velocidades Mayores que 1,Appliquer la fraction de charge partielle aux vitesses supérieures à 1,Appliquer la Fraction de Charge Partielle aux Vitesses Supérieures à 1,Y,Y
Apply Saturday,Coeficiente de Temperatura de Aproximación 2,Aplicar sábado,Appliquer samedi,Appliquer samedi,Y,
Apply Sunday,Coeficiente de Temperatura de Aproximación 3,Aplicar domingo,Appliquer dimanche,Appliquer dimanche,Y,
Apply Thursday,Coeficiente de Temperatura de Aproximación 4,Aplicar Jueves,Appliquer jeudi,Appliquer jeudi,Y,
Apply Tuesday,Término Constante de Temperatura de Aproximación,Aplicar Martes,Appliquer mardi,Appliquer mardi,Y,
Apply Wednesday,Temperatura Profunda del Suelo en Abril,Aplicar miércoles,Appliquer mercredi,Appliquer mercredi,Y,
Apply Weekend Holiday Rule,Reflectancia del Terreno en Abril,Aplicar Regla de Día Festivo en Fin de Semana,Appliquer la règle de congé de fin de semaine,Appliquer la règle de jour férié du week-end,Y,Y
Approach Temperature Coefficient 2,Temperatura del Suelo en Abril,Coeficiente de Temperatura de Aproximación 2,Coefficient de Température d'Approche 2,Coefficient de température d'approche 2,Y,Y
Approach Temperature Coefficient 3,Temperatura del Suelo Superficial en Abril,Coeficiente de Temperatura de Aproximación 3,Coefficient de Température d'Approche 3,Coefficient de température d'approche 3,Y,Y
Approach Temperature Coefficient 4,Valor de Abril,Coeficiente de Temperatura de Aproximación 4,Coefficient de température d'approche 4,Coefficient de Température d'Approche 4,Y,Y
Approach Temperature Constant Term,Área,Término Constante de Temperatura de Aproximación,Terme constant de la température d'approche,Terme constant de température d'approche,Y,Y
April Deep Ground Temperature,Área del Fondo del Pozo,Temperatura Profunda del Terreno en Abril,Température Profonde du Sol en Avril,Température profonde du sol en avril,Y,Y
April Ground Reflectance,Área de Vidrio de Puertas Alcance Hacia Adentro Orientadas a la Zona,Reflectancia del Terreno en Abril,Réflectance du sol en avril,Réflectance du sol en avril,Y,
April Ground Temperature,Área de Puertas de Almacenamiento Orientadas a la Zona,Temperatura del Terreno en Abril,Température du sol en avril,Température du sol en avril,Y,
April Surface Ground Temperature,Tipo de arreglo,Temperatura del Terreno en Abril,Température du sol en surface - Avril,Température du sol de surface en avril,Y,Y
April Value,Profundidad Óptica del Cielo Despejado ASHRAE para Irradiancia de Haz,Valor de Abril,Valeur d'avril,Valeur d'avril,Y,
Area,Profundidad Óptica del Cielo Despejado de ASHRAE para Irradiancia Difusa,Área,Surface,Superficie,Y,Y
Area of Bottom of Well,Relación de Aspecto,Área de la Base del Pozo,Surface inférieure du puits,Surface inférieure du puits,Y,
Area of Glass Reach In Doors Facing Zone,Temperatura Profunda del Terreno en Agosto,Área de Puertas Cristal Abatibles Hacia la Zona,Superficie du verre des portes d'accès vitré tournées vers la zone,Surface de Vitrage des Portes Réfrigérées Accessible Donnant sur Zone,Y,Y
Area of Stocking Doors Facing Zone,Reflectancia del Terreno en Agosto,Área de Puertas de Almacenamiento Orientadas hacia la Zona,Surface des Portes de Stockage Donnant sur la Zone,Zone Surface d'ouverture des portes de stockage,Y,Y
Array Type,Temperatura del Terreno en Agosto,Tipo de Matriz,Type de Tableau,Type de tableau,Y,Y
ASHRAE Clear Sky Optical Depth for Beam Irradiance,Temperatura de Superficie del Suelo en Agosto,Profundidad Óptica del Cielo Despejado ASHRAE para Irradiancia Directa,Profondeur optique du ciel clair ASHRAE pour l'irradiance directe,Épaisseur optique ASHRAE du ciel clair pour le rayonnement direct,Y,Y
ASHRAE Clear Sky Optical Depth for Diffuse Irradiance,Valor de Agosto,Profundidad Óptica del Cielo Despejado ASHRAE para Irradiancia Difusa,Profondeur Optique du Ciel Clair ASHRAE pour l'Irradiance Diffuse,Profondeur Optique du Ciel Clair ASHRAE pour le Rayonnement Diffus,Y,Y
Aspect Ratio,Caudal de Diseño de Enfriamiento Auxiliar,Relación de Aspecto,Rapport d'aspect,Rapport d'aspect,Y,
August Deep Ground Temperature,Nombre de la Curva de Función de Relación de Entrada de Energía Eléctrica Auxiliar en relación a la PLR,Temperatura Profunda del Terreno en Agosto,Température profonde du sol en août,Température Profonde du Sol en Août,Y,Y
August Ground Reflectance,Nombre de Curva de Relación de Entrada de Energía Eléctrica Auxiliar en Función de la Temperatura,Reflectancia del Terreno en Agosto,Réflectance du Sol en Août,Réflectance du sol en août,Y,Y
August Ground Temperature,Potencia Eléctrica Auxiliar,Temperatura del Suelo en Agosto,Température du sol en août,Température du sol en août,Y,
August Surface Ground Temperature,Nombre del Calentador Auxiliar,Temperatura de Superficie de Suelo en Agosto,Température de Surface du Sol en Août,Température du sol en surface en août,Y,Y
August Value,Nombre del Nodo de Entrada Auxiliar,Valor de Agosto,Valeur d'août,Valeur d'août,Y,
Auxiliary Cooling Design Flow Rate,Potencia Eléctrica Auxiliar en Ciclo Cerrado,Caudal de Diseño de Enfriamiento Auxiliar,Débit de Conception du Refroidissement Auxiliaire,Débit de Conception du Refroidissement Auxiliaire,Y,
Auxiliary Electric Energy Input Ratio Function of PLR Curve Name,Potencia Eléctrica Auxiliar en Ciclo Activo,Nombre de Curva de Función de Relación de Entrada de Energía Eléctrica Auxiliar en Función de PLR,Nom de la courbe de ratio d'entrée d'énergie électrique auxiliaire en fonction du PLR,Nom de la courbe de rapport d'entrée énergétique électrique auxiliaire en fonction du taux de charge partielle,Y,Y
Auxiliary Electric Energy Input Ratio Function of Temperature Curve Name,Nombre del Nodo de Salida Auxiliar,Nombre de Curva de Función de Relación de Entrada de Energía Eléctrica Auxiliar en Función de Temperatura,Nom de la courbe de la fonction du ratio d'entrée d'énergie électrique auxiliaire en fonction de la température,Nom de la courbe de fonction du rapport d'entrée énergétique électrique auxiliaire en fonction de la température,Y,Y
Auxiliary Electric Power,Nombre de Lista del Gestor de Disponibilidad,Potencia Eléctrica Auxiliar,Puissance électrique auxiliaire,Puissance Électrique Auxiliaire,Y,Y
Auxiliary Heater Name,Nombre del Gestor de Disponibilidad,Nombre del Calefactor Auxiliar,Nom du Chauffage Auxiliaire,Nom du chauffage auxiliaire,Y,Y
Auxiliary Inlet Node Name,Programa de Disponibilidad,Nombre del Nodo de Entrada Auxiliar,Nom du nœud d'entrée auxiliaire,Nom du nœud d'entrée auxiliaire,Y,
Auxiliary Off-Cycle Electric Power,Amplitud Promedio de la Temperatura de Superficie,Potencia Eléctrica Auxiliar en Ciclo Desactivado,Puissance électrique auxiliaire hors cycle,Puissance Électrique Auxiliaire en Arrêt,Y,Y
Auxiliary On-Cycle Electric Power,Profundidad Media,Potencia Eléctrica Auxiliar en Ciclo Activo,Puissance Électrique Auxiliaire en Cycle Actif,Puissance électrique auxiliaire en cycle actif,Y,Y
Auxiliary Outlet Node Name,Inventario de Carga Promedio de Refrigerante,Nombre del Nodo de Salida Auxiliar,Nom du Nœud de Sortie Auxiliaire,Nom du Nœud de Sortie Auxiliaire,Y,
Availability Manager List Name,Temperatura Promedio de la Superficie del Suelo,Nombre de la Lista de Gestores de Disponibilidad,Nom de la liste du gestionnaire de disponibilité,Nom de la Liste des Gestionnaires de Disponibilité,Y,Y
Availability Manager Name,Ángulo de Acimut,Nombre del Gestor de Disponibilidad,Nom du gestionnaire de disponibilité,Nom du gestionnaire de disponibilité,Y,
Availability Schedule,Ángulo de Acimut del Eje Longitudinal del Edificio,Programación de Disponibilidad,Calendrier de Disponibilité,Calendrier de Disponibilité,Y,
Availability Schedule Name,Nombre del Horario de Disponibilidad,Nombre de Calendario de Disponibilidad,Nom de l'horaire de disponibilité,Nom de l'Emploi du Temps de Disponibilité,Y,Y
Average Amplitude of Surface Temperature,Reflectancia Trasera,Amplitud Promedio de Temperatura Superficial,Amplitude Moyenne de la Température de Surface,Amplitude moyenne de la température de surface,Y,Y
Average Depth,Emitancia Infrarroja Hemisférica del Lado Posterior,Profundidad Promedio,Profondeur Moyenne,Profondeur moyenne,Y,Y
Average Refrigerant Charge Inventory,Reflectancia Solar de la Radiación Directa del Lado Posterior de la Lámina,Inventario Promedio de Carga de Refrigerante,Inventaire moyen de charge de réfrigérant,Inventaire moyen de charge en frigorigène,Y,Y
Average Soil Surface Temperature,Reflectancia Visible del Haz de las Lamas del Lado Posterior,Temperatura Promedio de la Superficie del Suelo,Température Moyenne de la Surface du Sol,Température Moyenne de Surface du Sol,Y,Y
Azimuth Angle,Reflectancia Solar Difusa del Lado Posterior de la Lama,Ángulo Acimut,Angle d'azimut,Angle d'azimut,Y,
Azimuth Angle of Long Axis of Building,Reflectancia Visible Difusa del Lado Posterior de la Laminilla,Ángulo de Acimut del Eje Longitudinal del Edificio,Angle d'azimut du grand axe du bâtiment,Angle d'azimut du grand axe du bâtiment,Y,
Back Reflectance,Emitancia Infrarroja Hemisférica del Lado Posterior de la Lámina,Reflectancia Posterior,Réflectance arrière,Réflectance arrière,Y,
Back Side Infrared Hemispherical Emissivity,Reflectancia Solar en el Lado Posterior a Incidencia Normal,Emisividad Hemisférica Infrarroja del Lado Posterior,Émissivité Hémisphérique Infrarouge du Côté Arrière,Émissivité hémisphérique infrarouge côté arrière,Y,Y
Back Side Slat Beam Solar Reflectance,Reflectancia Visible del Lado Posterior a Incidencia Normal,Reflectancia Solar Especular Posterior de la Lama,Réflectance solaire du faisceau du côté arrière de la lame,Réflectance solaire directe du côté arrière de la lame,Y,Y
Back Side Slat Beam Visible Reflectance,Producto de Transmitancia-Absortancia Normal del Material de Respaldo,Reflectancia Visible de Haz en la Cara Posterior de la Lama,Réflectance visible du faisceau du côté arrière de la lame,Réflectance visible du rayonnement direct des lames — côté arrière,Y,Y
Back Side Slat Diffuse Solar Reflectance,Nombre del Programa de Fracción de Aire Extraído Equilibrado,Reflectancia Solar Difusa del Lado Posterior de la Lama,Réflectance solaire diffuse du côté arrière des lames,Réflectance Solaire Diffuse du Revers de la Lame,Y,Y
Back Side Slat Diffuse Visible Reflectance,Presión Barométrica,Reflectancia Visible Difusa del Lado Posterior de la Lámina,Réflectance Diffuse Visible du Côté Arrière des Lames,Réflectance Diffuse Visible de la Face Arrière de la Lame,Y,Y
Back Side Slat Infrared Hemispherical Emissivity,Mes de Fecha Base,Emisividad Hemisférica Infrarroja del Lado Posterior de la Lama,Émissivité hémisphérique infrarouge du côté arrière de la lame,Émissivité hémisphérique infrarouge du revers de la lame,Y,Y
Back Side Solar Reflectance at Normal Incidence,Año Base de Referencia,Reflectancia Solar en el Dorso a Incidencia Normal,Réflectance solaire de la face arrière à incidence normale,Réflectance solaire côté arrière à incidence normale,Y,Y
Back Side Visible Reflectance at Normal Incidence,Modo de Operación Base,Reflectancia Visible en el Lado Posterior a Incidencia Normal,Réflectance visible du côté arrière à incidence normale,Réflectance visible de la face arrière à incidence normale,Y,Y
Backing Material Normal Transmittance-Absorptance Product,Variable Fuente de Línea Base,Producto Transmitancia-Absortancia Normal del Material de Respaldo,Produit Transmittance-Absorptance Normal du Matériau de Support,Produit Transmittance-Absorptance Normal du Matériau de Support,Y,
Balanced Exhaust Fraction Schedule Name,Programa de Disponibilidad del Calentador de Cuenca,Nombre de Calendario de Fracción de Aire de Escape Equilibrado,Nom de l'horaire de fraction d'extraction équilibrée,Nom du calendrier de fraction d'air d'échappement équilibré,Y,Y
Barometric Pressure,Programa de Operación del Calentador de Cuenca,Presión Barométrica,Pression atmosphérique,Pression Barométrique,Y,Y
Base Date Month,Resistencia Eléctrica Interna de la Celda de Batería,Mes de Fecha Base,Mois de la Date de Base,Mois de la date de base,Y,Y
Base Date Year,Masa de la Batería,Año de fecha base,Année de base,Année de base,Y,
Base Operating Mode,Capacidad Térmica Específica de la Batería,Modo de Operación Base,Mode de fonctionnement de base,Mode de fonctionnement de base,Y,
Baseline Source Variable,Área de Superficie de la Batería,Variable de Fuente de Referencia,Variable Source de Référence,Source Variable de Référence,Y,Y
Basin Heater Availability Schedule,Nombre de la Curva del Factor de Modificación del Flujo de Aire de la Capacidad de Enfriamiento del Emparrillado,Horario de Disponibilidad del Calentador de Bandeja,Calendrier de disponibilité du radiateur de bassin,Calendrier de disponibilité du réchauffeur de bassin,Y,Y
Basin Heater Capacity,Capacidad del Calentador de la Bandeja,Capacidad del Calentador de Cuenca,Capacité du radiateur de bassin,Capacité du Réchauffeur de Bassin,Y,Y
Basin Heater Operating Schedule,Nombre de la Curva del Factor de Modificación del Flujo de Agua Enfriada para la Capacidad de Enfriamiento de Vigas,Horario de Funcionamiento del Calentador de Depósito,Calendrier de fonctionnement du réchauffeur de bassin,Calendrier de fonctionnement du radiateur de bassin,Y,Y
Basin Heater Operating Schedule Name,Nombre del Horario de Operación del Calentador de la Bandeja,Nombre de la Programación de Operación del Calentador de Cuenca,Nom de l'horaire d'exploitation du réchauffeur de bassin,Nom de l'Emploi du Temps de Fonctionnement du Réchauffeur de Bassin,Y,Y
Basin Heater Setpoint Temperature,Temperatura de Ajuste del Calentador de la Bandeja,Temperatura de Consigna del Calentador de Cuenca,Température de consigne du réchauffeur de bac,Température de Consigne du Réchauffeur de Bassin,Y,Y
Battery Cell Internal Electrical Resistance,Nombre de la Curva del Factor de Modificación de la Diferencia de Temperatura de la Capacidad de Enfriamiento del Haz,Resistencia Eléctrica Interna de la Célula de Batería,Résistance électrique interne de la cellule de batterie,Résistance électrique interne de la cellule de batterie,Y,
Battery Mass,Nombre de Curva del Factor de Modificación del Flujo de Aire de la Capacidad de Calefacción por Radiación,Masa de la Batería,Masse de la batterie,Masse de la batterie,Y,
Battery Specific Heat Capacity,Nombre de la Curva del Factor de Modificación del Flujo de Agua Caliente de la Capacidad de Calefacción por Radiación,Capacidad Calorífica Específica de la Batería,Capacité thermique massique de la batterie,Capacité thermique massique de la batterie,Y,
Battery Surface Area,Nombre de la Curva del Factor de Modificación de la Diferencia de Temperatura de la Capacidad de Calefacción de la Viga,Área de Superficie de la Batería,Aire de surface de la batterie,Surface de la batterie,Y,Y
Beam Cooling Capacity Air Flow Modification Factor Curve Name,Longitud de Viga,Nombre de Curva del Factor de Modificación del Caudal de Aire en la Capacidad de Enfriamiento del Haz,Nom de la Courbe du Facteur de Modification du Débit d'Air de la Capacité de Refroidissement par Poutres,Nom de la courbe du facteur de modification du débit d'air de la capacité de refroidissement du convecteur,Y,Y
Beam Cooling Capacity Chilled Water Flow Modification Factor Curve Name,Caudal Volumétrico de Agua Helada Nominal por Longitud de Viga,Nombre de Curva del Factor de Modificación del Flujo de Agua Fría para la Capacidad de Enfriamiento del Haz,Nom de la courbe du facteur de modification du débit d'eau glacée pour la capacité de refroidissement par rayonnement,Nom de la courbe de facteur de modification de la capacité de refroidissement du faisceau en fonction du débit d'eau glacée,Y,Y
Beam Cooling Capacity Temperature Difference Modification Factor Curve Name,Capacidad de Enfriamiento Nominal por Longitud de Viga,Nombre de Curva del Factor de Modificación de Diferencia de Temperatura de Capacidad de Enfriamiento del Viga,Nom de la courbe de facteur de modification de la différence de température de la capacité de refroidissement du faisceau,Nom de la courbe de facteur de modification de la différence de température de la capacité de refroidissement du poutre,Y,Y
Beam Heating Capacity Air Flow Modification Factor Curve Name,Diferencia de Temperatura de Agua Enfriada del Aire de la Sala Clasificada del Haz,Nombre de la Curva del Factor de Modificación del Flujo de Aire para la Capacidad de Calefacción del Radiador,Nom de la courbe de facteur de modification du débit d'air de la capacité de chauffage par rayonnement,Nom de la courbe du facteur de modification de la capacité de chauffage du poutre en fonction du débit d'air primaire,Y,Y
Beam Heating Capacity Hot Water Flow Modification Factor Curve Name,Capacidad Nominal de Calefacción por Longitud de Viga,Nombre de la Curva de Factor de Modificación del Flujo de Agua Caliente de la Capacidad de Calefacción de la Viga,Nom de la courbe de facteur de modification du débit d'eau chaude pour la capacité de chauffage du faisceau,Nom de la courbe de facteur de modification de capacité de chauffage du faisceau en fonction du débit d'eau chaude,Y,Y
Beam Heating Capacity Temperature Difference Modification Factor Curve Name,Diferencia de Temperatura del Agua Caliente del Aire de la Sala Clasificada de Calefacción por Haz,Nombre de la Curva del Factor de Modificación de la Diferencia de Temperatura de la Capacidad Térmica del Haz,Nom de la courbe de modification du facteur de différence de température de la capacité de chauffage par rayonnement,Nom de la courbe de facteur de modification de la capacité calorifique du convecteur en fonction de l'écart de température,Y,Y
Beam Length,Caudal Volumétrico de Agua Caliente Nominal por Longitud de Viga,Longitud de la Viga,Longueur de la poutre,Longueur de la poutre,Y,
Beam Rated Chilled Water Volume Flow Rate per Beam Length,Nombre de Horario Solar Directo Diario,Caudal Nominal de Agua Enfriada por Unidad de Longitud del Rayo,Débit volumique d'eau glacée nominale par unité de longueur de poutre,Débit volumique d'eau glacée par unité de longueur de poutre nominale,Y,Y
Beam Rated Cooling Capacity per Beam Length,Día de Inicio del Mes,Capacidad de Enfriamiento Nominal por Longitud de Viga,Capacité de refroidissement nominale du poutrage par unité de longueur,Capacité nominale de refroidissement par unité de longueur de poutre,Y,Y
Beam Rated Cooling Room Air Chilled Water Temperature Difference,Modo de Reinicio de Ambiente,Diferencia de Temperatura del Agua Refrigerada de la Sala de Enfriamiento Clasificada del Haz,Différence de Température d'Eau Refroidie de la Pièce Notée pour le Refroidissement par Poutre,Différence de Température de l'Eau Refroidie de la Salle pour le Refroidissement Nominal du Rayonnement,Y,Y
Beam Rated Heating Capacity per Beam Length,Mes de Inicio,Capacidad de Calefacción Clasificada por Unidad de Longitud del Rayo,Capacité de chauffage nominale par mètre linéaire de poutre,Capacité de chauffage nominale du rayonnement par unité de longueur,Y,Y
Beam Rated Heating Room Air Hot Water Temperature Difference,Transición de Torque Fraccional de Correa,Diferencia de Temperatura del Agua Caliente de la Habitación Clasificada en Calefacción Radiante,Différence de température de l'eau chaude de la pièce à air chaud du faisceau nominal,Différence de Température d'Eau Chaude Nominale du Rayonnement pour Chauffage de l'Air Ambiant,Y,Y
Beam Rated Hot Water Volume Flow Rate per Beam Length,Torque Máximo de la Correa,Caudal Volumétrico de Agua Caliente Nominal por Longitud de Viga,Débit volumique d'eau chaude nominal par unité de longueur de poutre,Débit volumique d'eau chaude nominal par unité de longueur du rayonnement,Y,Y
Beam Solar Day Schedule Name,Factor de Dimensionamiento de Correa,Nombre de Horario Diario de Radiación Solar Directa,Nom de l'horaire journalier du rayonnement solaire direct,Nom de la planification journalière du rayonnement solaire direct,Y,Y
Begin Day of Month,Día de Inicio del Período de Facturación del Mes,Día de Inicio del Mes,Jour de début du mois,Jour de Début du Mois,Y,Y
Begin Environment Reset Mode,Mes de Inicio del Período de Facturación,Modo de Reinicio de Entorno Inicial,Mode Réinitialisation Environnement Début,Mode de réinitialisation au début de l'environnement,Y,Y
Begin Month,Año de Inicio del Período de Facturación,Mes Inicial,Mois de début,Mois de début,Y,
Belt Fractional Torque Transition,Consumo del Período de Facturación,Transición de Torque Fraccionario de Correa,Transition de Couple Fractionnel de Courroie,Point de transition de couple fractionnaire de courroie,Y,Y
Belt Maximum Torque,Demanda Máxima del Período de Facturación,Torque Máximo de la Correa,Couple Maximal de la Courroie,Couple maximal de la courroie,Y,Y
Belt Sizing Factor,Costo Total del Período de Facturación,Factor de Dimensionamiento de Correa,Facteur de dimensionnement de la courroie,Facteur de dimensionnement de la courroie,Y,
Billing Period Begin Day of Month,Área de Cuerda de Pala,Día de Inicio del Período de Facturación del Mes,Jour de début de la période de facturation du mois,Jour de début de la période de facturation du mois,Y,
Billing Period Begin Month,Coeficiente de Arrastre de la Pala,Mes de Inicio del Período de Facturación,Mois de début de la période de facturation,Mois de Début de la Période de Facturation,Y,Y
Billing Period Begin Year,Coeficiente de Sustentación de la Pala,Año de Inicio del Período de Facturación,Année de début de la période de facturation,Année de début de la période de facturation,Y,
Billing Period Consumption,Multiplicador de Apertura Inferior de la Persiana,Consumo del Período de Facturación,Consommation de la Période de Facturation,Consommation de la Période de Facturation,Y,
Billing Period Peak Demand,Multiplicador de Abertura del Lado Izquierdo de la Persiana,Demanda Pico del Período de Facturación,Demande maximale de la période de facturation,Demande de Pointe de la Période de Facturation,Y,Y
Billing Period Total Cost,Multiplicador de Apertura del Lado Derecho de la Persiana,Costo Total del Período de Facturación,Coût Total de la Période de Facturation,Coût Total de la Période de Facturation,Y,
Blade Chord Area,Distancia de la Persiana al Vidrio,Área de Cuerda de Aspa,Aire de Corde de Pale,Aire de la corde de pale,Y,Y
Blade Drag Coefficient,Multiplicador de Abertura Superior de Persiana,Coeficiente de Arrastre de Paleta,Coefficient de traînée de la pale,Coefficient de traînée des pales,Y,Y
Blade Lift Coefficient,Costo del Bloque por Unidad Valor o Nombre de Variable,Coeficiente de Sustentación de la Pala,Coefficient de portance de la pale,Coefficient de portance de pale,Y,Y
Blind Bottom Opening Multiplier,Multiplicador de Tamaño de Bloque Valor o Nombre de Variable,Multiplicador de Abertura Inferior de Persiana,Multiplicateur d'ouverture inférieure du store,Multiplicateur d'ouverture inférieure du store,Y,
Blind Left Side Opening Multiplier,Valor de Tamaño de Bloque o Nombre de Variable,Multiplicador de Apertura del Lado Izquierdo de la Persiana,Multiplicateur d'ouverture côté gauche du store,Multiplicateur d'ouverture côté gauche du store,Y,
Blind Right Side Opening Multiplier,Modo de Cálculo de Purga,Multiplicador de Apertura del Lado Derecho de la Persiana,Multiplicateur d'Ouverture Côté Droit du Store,Multiplicateur d'ouverture côté droit du store,Y,Y
Blind to Glass Distance,Cronograma de Uso de Agua de Reposición por Purga,Distancia de la persiana al vidrio,Distance Rideau-Vitre,Distance entre store et vitre,Y,Y
Blind Top Opening Multiplier,Nombre del Programa de Uso de Agua de Reposición por Purga,Multiplicador de Apertura Superior de Persiana,Multiplicateur d'ouverture supérieure du store,Multiplicateur d'ouverture supérieure du store,Y,
Block Cost per Unit Value or Variable Name,Factor de Pérdida de Calor del Ventilador,Costo de Bloque por Unidad Valor o Nombre de Variable,Coût du bloc par unité Valeur ou nom de variable,Coût du bloc par unité Valeur ou nom de variable,Y,
Block Size Multiplier Value or Variable Name,Nombre de la Curva de Potencia del Ventilador,Valor Multiplicador de Tamaño de Bloque o Nombre de Variable,Valeur du multiplicateur de taille de bloc ou nom de variable,Multiplicateur de Taille de Bloc - Valeur ou Nom de Variable,Y,Y
Block Size Value or Variable Name,Nombre del Nodo de Entrada de Agua de la Caldera,Valor de Tamaño de Bloque o Nombre de Variable,Valeur de Taille de Bloc ou Nom de Variable,Valeur de Taille de Bloc ou Nom de Variable,Y,
Blowdown Calculation Method,Método de Cálculo de Purga,Método de Cálculo de Purga,Méthode de calcul de purge,Méthode de calcul de la purge,,Y
Blowdown Calculation Mode,Nombre del Nodo de Salida de Agua de la Caldera,Modo de Cálculo de Purga,Mode de calcul de purge,Mode de calcul de la purge,Y,Y
Blowdown Concentration Ratio,Relación de Concentración de Purga,Relación de Concentración de Purga,Rapport de concentration de purge,Rapport de Concentration du Purge,,Y
Blowdown Makeup Water Usage Schedule,Velocidad en Modo Refuerzo Activado,Horario de Consumo de Agua de Reposición por Purga,Calendrier d'utilisation de l'eau d'appoint de purge,Calendrier de consommation d'eau d'appoint de purge,Y,Y
Blowdown Makeup Water Usage Schedule Name,Longitud del Pozo,Nombre de la Programación de Uso de Agua de Reposición por Purga,Nom de l'agenda d'utilisation de l'eau de compensation des purges,Nom de l'horaire de consommation d'eau d'appoint de purge,Y,Y
Blower Heat Loss Factor,Radio del Pozo,Factor de Pérdida de Calor del Ventilador,Facteur de perte de chaleur du ventilateur,Facteur de perte de chaleur du ventilateur,Y,
Blower Power Curve Name,Profundidad Superior del Pozo,Nombre de Curva de Potencia del Ventilador,Nom de la courbe de puissance du ventilateur,Nom de la courbe de puissance du ventilateur,Y,
Boiler Flow Mode,Modo de Flujo de la Caldera,Modo de Flujo de Caldera,Mode de débit de la chaudière,Mode de débit de la chaudière,Y,
Boiler Water Inlet Node Name,Conductancia de Pérdida Térmica en el Fondo,Nombre del Nodo de Entrada de Agua de la Caldera,Nom du nœud d'entrée d'eau de la chaudière,Nom du nœud d'entrée d'eau de la chaudière,Y,
Boiler Water Outlet Node Name,Multiplicador de Abertura Inferior,Nombre del Nodo de Salida de Agua de la Caldera,Nom du nœud de sortie d'eau de la chaudière,Nom du Nœud de Sortie d'Eau de la Chaudière,Y,Y
Booster Mode On Speed,Tipo de Condiciones de Contorno de Superficie Inferior,Velocidad de Modo Refuerzo Activado,Vitesse du Mode Booster Activé,Vitesse en Mode Booster Activé,Y,Y
Bore Hole Length,Nombre del Modelo de Condición Límite,Longitud del Pozo,Longueur du forage,Longueur du forage,Y,
Bore Hole Radius,Nombre del Modelo de Condiciones de Frontera,Radio del Pozo,Rayon du forage,Rayon du forage,Y,
Bore Hole Top Depth,Nombre de Lista de Ramas,Profundidad Superior del Pozo,Profondeur en Tête de Forage,Profondeur du Sommet du Forage,Y,Y
Bottom Heat Loss Conductance,Tipo de Sector de la Edificación,Conductancia de Pérdida de Calor del Fondo,Conductance de Perte de Chaleur Inférieure,Conductance de Perte Thermique du Fond,Y,Y
Bottom Opening Multiplier,Nombre de Construcción de Sombreado del Edificio,Multiplicador de Abertura Inferior,Multiplicateur d'ouverture inférieure,Multiplicateur d'ouverture inférieure,Y,
Bottom Surface Boundary Conditions Type,Nombre del Piso del Edificio,Tipo de Condiciones de Contorno de la Superficie Inferior,Type de Conditions Limites de Surface Inférieure,Type de Conditions aux Limites de la Surface Inférieure,Y,Y
Boundary Condition Model Name,Tipo de Edificio,Nombre del Modelo de Condición de Frontera,Nom du modèle de condition aux limites,Nom du modèle de condition aux limites,Y,
Boundary Conditions Model Name,Nombre de Unidad de Edificio,Nombre del Modelo de Condiciones de Contorno,Nom du modèle de conditions aux limites,Nom du Modèle de Conditions aux Limites,Y,Y
Branch List Name,Tipo de Unidad de Edificio,Nombre de la Lista de Ramas,Nom de la liste de branches,Nom de la Liste de Branches,Y,Y
Building Sector Type,Profundidad de Entierro,Tipo de Sector de Edificio,Type de secteur du bâtiment,Type de secteur du bâtiment,Y,
Building Shading Construction Name,Comprar O Vender,Nombre de Construcción de Sombreado de Edificio,Nom de la construction d'ombrage du bâtiment,Nom de la Construction d'Ombrage du Bâtiment,Y,Y
Building Story Name,Nodo Mezclador de Conducto de Derivación,Nombre de Piso del Edificio,Nom de l'étage du bâtiment,Nom de l'étage de bâtiment,Y,Y
Building Type,Nudo Divisor de Conducto de Derivación,Tipo de Edificio,Type de bâtiment,Type de bâtiment,Y,
Building Unit Name,Factor C,Nombre de Unidad del Edificio,Nom de l'Unité de Bâtiment,Nom de l'Unité de Bâtiment,Y,
Building Unit Type,Método de Cálculo,Tipo de Unidad de Edificio,Type d'unité du bâtiment,Type d'unité de bâtiment,Y,Y
Burial Depth,Tipo de Cálculo,Profundidad de Enterramiento,Profondeur d'enfouissement,Profondeur d'enfouissement,Y,
Buy Or Sell,Año Civil,Comprar o Vender,Acheter ou Vendre,Achat ou Vente,Y,Y
Bypass Duct Mixer Node,Capacidad,Nudo Mezclador de Ducto de Derivación,Nœud Mélangeur Conduit Bypass,Nœud Mélangeur Conduit de Contournement,Y,Y
Bypass Duct Splitter Node,Control de Capacidad,Nodo Divisor de Conducto Derivado,Nœud de diviseur de conduit de contournement,Nœud de diviseur de conduit de contournement,Y,
C-Factor,Método de Control de Capacidad,Factor C,Facteur C,Facteur C,Y,
Calculation Method,Nombre de Curva de Corrección de Capacidad,Método de Cálculo,Méthode de calcul,Méthode de calcul,Y,
Calculation Type,Tipo de Curva de Corrección de Capacidad,Tipo de Cálculo,Type de calcul,Type de Calcul,Y,Y
Calendar Year,Función de Corrección de Capacidad por Curva de Temperatura de Agua Enfriada,Año Calendario,Année calendaire,Année civile,Y,Y
Capacity,Función de Corrección de Capacidad en Función de la Temperatura del Condensador,Capacidad,Capacité,Capacité,Y,
Capacity Control,Función de Corrección de Capacidad de la Curva de Temperatura del Generador,Control de Capacidad,Contrôle de capacité,Contrôle de Capacité,Y,Y
Capacity Control Method,Cronograma de Fracción de Capacidad,Método de Control de Capacidad,Méthode de contrôle de capacité,Méthode de contrôle de la capacité,Y,Y
Capacity Correction Curve Name,Nombre de la Curva Función Modificadora de Capacidad en Función de la Temperatura,Nombre de Curva de Corrección de Capacidad,Nom de la courbe de correction de capacité,Nom de la courbe de correction de capacité,Y,
Capacity Correction Curve Type,Tipo de Clasificación de Capacidad,Tipo de Curva de Corrección de Capacidad,Type de Courbe de Correction de Capacité,Type de courbe de correction de capacité,Y,Y
Capacity Correction Function of Chilled Water Temperature Curve,Sistema Provedor de Capacidad,Curva de Función de Corrección de Capacidad por Temperatura de Agua Enfriada,Courbe de fonction de correction de capacité en fonction de la température de l'eau refroidie,Courbe de fonction de correction de capacité en fonction de la température de l'eau glacée,Y,Y
Capacity Correction Function of Condenser Temperature Curve,Multiplicador de Capacidad de Dióxido de Carbono,Curva de Función de Corrección de Capacidad en función de Temperatura del Condensador,Courbe de fonction de correction de capacité en fonction de la température du condenseur,Courbe de Correction de Capacité en Fonction de la Température du Condenseur,Y,Y
Capacity Correction Function of Generator Temperature Curve,Concentración de Dióxido de Carbono,Curva de Función de Corrección de Capacidad por Temperatura del Generador,Fonction de Correction de Capacité en Fonction de la Température du Générateur,Courbe de correction de capacité en fonction de la température du générateur,Y,Y
Capacity Fraction Schedule,Nombre del Programa de Disponibilidad del Control de Dióxido de Carbono,Capacidad en función del tiempo,Calendrier de Fraction de Capacité,Calendrier de fraction de capacité,Y,Y
Capacity Modifier Function of Temperature Curve Name,Nombre de Programa de Punto de Consigna de Dióxido de Carbono,Nombre de Curva de Función Modificadora de Capacidad en Función de Temperatura,Nom de la courbe de fonction de modification de capacité en fonction de la température,Nom de la courbe de modification de capacité en fonction de la température,Y,Y
Capacity Rating Type,Potencia Calentador Anti-Condensación por Puerta,Tipo de Clasificación de Capacidad,Type de capacité nominale,Type de Classification de Capacité,Y,Y
Capacity-Providing System,Potencia del Calentador Anti-Condensación por Unidad de Longitud,Sistema Proveedor de Capacidad,Système Fournisseur de Capacité,Système Fournisseur de Capacité,Y,
Carbon Dioxide Capacity Multiplier,Nombre del Calendario de Fracción de Crédito del Estuche,Multiplicador de Capacidad de Dióxido de Carbono,Multiplicateur de capacité du dioxyde de carbone,Multiplicateur de Capacité du Dioxyde de Carbone,Y,Y
Carbon Dioxide Concentration,Parámetros de Ciclo de Descongelamiento de Caja,Concentración de Dióxido de Carbono,Concentration de Dioxyde de Carbone,Concentration de Dioxyde de Carbone,Y,
Carbon Dioxide Control Availability Schedule Name,Nombre de Horario de Drenaje de Descongelación del Gabinete,Nombre de Calendario de Disponibilidad de Control de Dióxido de Carbono,Nom de l'horaire de disponibilité du contrôle du dioxyde de carbone,Nom de la plage horaire de disponibilité du contrôle du dioxyde de carbone,Y,Y
Carbon Dioxide Generation Rate,Tasa de Generación de Dióxido de Carbono,Tasa de Generación de Dióxido de Carbono,Taux de génération de dioxyde de carbone,Taux de génération de dioxyde de carbone,,
Carbon Dioxide Setpoint Schedule Name,Potencia de Descongelación por Puerta de Caja,Nombre de Programa de Punto de Consigna de Dióxido de Carbono,Nom de la planification de point de consigne de dioxyde de carbone,Nom de la planification du point de consigne de dioxyde de carbone,Y,Y
Case Anti-Sweat Heater Power per Door,Potencia de Descongelación por Unidad de Longitud,Potencia del Calentador Antiempañante por Puerta,Puissance de l'antigivrage par porte,Puissance du réchauffeur anti-condensation par porte,Y,Y
Case Anti-Sweat Heater Power per Unit Length,Nombre de Programa de Descongelación del Gabinete,Potencia del Calentador Anti-Condensación por Unidad de Longitud,Puissance du chauffage anti-condensation par unité de longueur,Puissance du réchauffeur anti-condensation par unité de longueur,Y,Y
Case Credit Fraction Schedule Name,Tipo de Descongelamiento de Estuche,Nombre de la Programación de Fracción de Crédito de Caja,Nom du calendrier de fraction de crédit de boîtier,Nom de l'agenda de fraction de crédit frigorifique,Y,Y
Case Defrost Cycle Parameters Name,Altura de la Carcasa,Nombre de Parámetros de Ciclo de Descongelamiento del Recinto,Nom des paramètres du cycle de dégivrage du bac,Nom des Paramètres du Cycle de Dégivrage du Caisson,Y,Y
Case Defrost Drip-Down Schedule Name,Longitud de la Carcasa,Nombre del Calendario de Escurrimiento Post-Descongelación del Caso,Nom du programme de dégel et d'écoulement du boîtier,Nom du calendrier d'égouttage après dégivrage de la vitrine,Y,Y
Case Defrost Power per Door,Nombre del Programa de Iluminación de la Vitrina,Potencia de Descongelación por Puerta del Mostrador,Puissance de dégivrage du meuble par porte,Puissance de dégivrage par porte du meuble,Y,Y
Case Defrost Power per Unit Length,Temperatura de Operación de la Caja,Potencia de Desescarche del Mostrador por Unidad de Longitud,Puissance de dégivrage du meuble par unité de longueur,Puissance de dégivrage du meuble par unité de longueur,Y,
Case Defrost Schedule Name,Categoría,Nombre de Horario de Descongelación de Vitrina,Nom du calendrier de dégivrage du caisson,Nom de l'horaire de dégivrage du meuble,Y,Y
Case Defrost Type,Nombre de Variable de Categoría,Tipo de Descongelación de la Cámara,Type de dégivrage du meuble,Type de dégivrage du meuble,Y,
Case Height,Altura del Techo,Altura del Mostrador,Hauteur du boîtier,Hauteur de la vitrine,Y,Y
Case Length,Fracción de Caudal de Agua Mínima de la Celda,Longitud del Caso,Longueur du boîtier,Longueur de la vitrine,Y,Y
Case Lighting Schedule Name,Tipo de celda,Nombre de la Programación de Iluminación del Refrigerador,Nom du programme d'éclairage du présentoir,Nom de l'emploi du temps d'éclairage du meuble frigorifique,Y,Y
Case Operating Temperature,Voltaje de Celda al Final de la Zona Exponencial,Temperatura de Funcionamiento del Refrigerador,Température de Fonctionnement du Boîtier,Température de fonctionnement du meuble frigorifique,Y,Y
Category,Voltaje de la Celda al Final de la Zona Nominal,Categoría,Catégorie,Catégorie,Y,
Category Variable Name,Método de Control de Capacidad de Enfriamiento Central,Nombre de Variable de Categoría,Nom de la variable de catégorie,Nom de variable de catégorie,Y,Y
Ceiling Height,Factor de Emisión de CH4,Altura del Techo,Hauteur du plafond,Hauteur plafond,Y,Y
Cell Control,Control de Celda,Control de Celdas,Contrôle de cellule,Contrôle des cellules,Y,Y
Cell Maximum Water Flow Rate Fraction,Fracción de Caudal Máximo de Agua por Celda,Fracción Máxima de Caudal de Agua de Diseño,Fraction de débit d'eau maximal des cellules,Fraction Maximale du Débit d'Eau de la Cellule,Y,Y
Cell Minimum  Water Flow Rate Fraction,Nombre del Cronograma del Factor de Emisión de CH4,Fracción Mínima del Caudal de Agua en la Celda,Fraction minimale du débit d'eau de la cellule,Fraction Minimale du Débit d'Eau de Conception,Y,Y
Cell Minimum Water Flow Rate Fraction,Fracción de Caudal Mínimo de Agua por Celda,Fracción Mínima de Flujo de Agua en la Celda,Fraction minimale de débit d'eau de la cellule,Fraction Minimale du Débit d'Eau de la Tour,Y,Y
Cell type,Programa de Período de Tiempo de Retraso de Cambio,Tipo de celda,Type de cellule,Type de cellule,Y,
Cell Voltage at End of Exponential Zone,Modo Solo Carga Disponible,Voltaje de la Celda al Final de la Zona Exponencial,Tension cellulaire à la fin de la zone exponentielle,Tension cellulaire à la fin de la zone exponentielle,Y,
Cell Voltage at End of Nominal Zone,Factor de Dimensionamiento de Capacidad en Modo Solo Carga,Voltaje de la Celda al Final de la Zona Nominal,Tension cellulaire à la fin de la zone nominale,Tension de cellule à la fin de la zone nominale,Y,Y
Central Cooling Capacity Control Method,Coeficiente de Rendimiento Nominal de Carga en Modo Solo Carga,Método de Control de Capacidad de Enfriamiento Central,Méthode de contrôle de la capacité de refroidissement central,Méthode de régulation de la capacité de refroidissement central,Y,Y
Central Cooling Design Supply Air Humidity Ratio,Relación de Humedad de Suministro de Diseño de Enfriamiento Central,Relación de Humedad del Aire de Suministro de Diseño de la Refrigeración Central,Rapport d'humidité de l'air soufflé en conception du refroidissement centralisé,Rapport d'humidité de l'air de soufflage à la conception du refroidissement central,Y,Y
Central Cooling Design Supply Air Temperature,Temperatura de Suministro de Diseño de Enfriamiento Central,Temperatura de Diseño del Aire de Suministro en Enfriamiento Central,Température de l'air soufflé en conception du refroidissement central,Température de soufflage de refroidissement en conception,Y,Y
Central Heating Design Supply Air Humidity Ratio,Relación de Humedad de Suministro de Diseño de Calefacción Central,Relación de Humedad de Diseño del Aire de Suministro de Calefacción Central,Rapport d'humidité de l'air soufflé de conception du chauffage central,Rapport d'humidité de l'air soufflé en sortie de batterie de chauffage central à l'état de projet,Y,Y
Central Heating Design Supply Air Temperature,Temperatura de Suministro de Diseño de Calefacción Central,Temperatura de Diseño del Aire de Suministro en Calefacción Central,Température de l'air soufflé de conception du chauffage central,Température de Conception de l'Air Soufflé pour le Chauffage Central,Y,Y
Central Heating Maximum System Air Flow Ratio,Relación Máxima del Caudal del Sistema de Calefacción Central,Relación de Flujo de Aire Máximo del Sistema para Calefacción Central,Rapport de débit d'air système maximal du chauffage central,Rapport du débit d'air système maximal pour le chauffage au débit d'air système maximal,Y,Y
CH4 Emission Factor,Capacidad de Carga de Almacenamiento Clasificada en Modo de Carga Solamente,Factor de Emisión de CH4,Facteur d'émission de CH4,Facteur d'émission CH4,Y,Y
CH4 Emission Factor Schedule Name,Función de Capacidad de Carga del Almacenamiento en Modo Solo Carga en Función de la Temperatura,Nombre de Planificación del Factor de Emisiones de CH4,Nom du calendrier du facteur d'émission CH4,Nom de l'horaire du facteur d'émission CH4,Y,Y
Changeover Delay Time Period Schedule,Relación de Entrada de Energía de Almacenamiento en Modo de Carga Únicamente Función de Curva de Temperatura,Programa de Período de Retraso de Cambio,Calendrier de la période de délai de basculement,Calendrier de Période de Délai de Changement de Mode,Y,Y
Charge Only Mode Available,Velocidad de Carga a la que se Generó la Curva de Voltaje vs Capacidad,Modo de Carga Solamente Disponible,Mode Charge Uniquement Disponible,Mode Charge Seule Disponible,Y,Y
Charge Only Mode Capacity Sizing Factor,Curva de Carga,Factor de Dimensionamiento de Capacidad en Modo Solo Carga,Facteur de dimensionnement de la capacité en mode recharge uniquement,Facteur de dimensionnement de la capacité en mode charge seule,Y,Y
Charge Only Mode Charging Rated COP,Especificaciones de Variables de Curva de Carga,COP de Carga Nominal en Modo Solo Carga,Mode de charge uniquement - COP nominal de charge,COP de charge nominale en mode charge uniquement,Y,Y
Charge Only Mode Rated Storage Charging Capacity,Suma de verificación,Capacidad de Carga Nominal en Modo de Solo Carga,Capacité de stockage nominale en mode charge uniquement,Capacité de stockage nominale en mode charge uniquement,Y,
Charge Only Mode Storage Charge Capacity Function of Temperature Curve,Tipo de Modo de Flujo de Agua Enfriada,Curva de Función de Capacidad de Carga en Modo Solo Carga en Función de la Temperatura,Courbe de Fonction de Capacité de Charge de Stockage en Mode Charge Uniquement en Fonction de la Température,Courbe de Capacité de Charge du Mode Charge Uniquement en Fonction de la Température,Y,Y
Charge Only Mode Storage Energy Input Ratio Function of Temperature Curve,Nombre del Nodo de Entrada de Agua Enfriada,Curva de Función de Relación de Entrada de Energía de Almacenamiento en Modo de Carga Únicamente en Función de la Temperatura,Fonction du rapport d'entrée énergétique de stockage en mode charge uniquement selon la courbe de température,Courbe du Ratio d'Entrée Énergétique en Mode Recharge Uniquement en Fonction de la Température,Y,Y
Charge Rate at Which Voltage vs Capacity Curve Was Generated,Caudal Máximo Solicitado de Agua Fría,Velocidad de Carga en la Cual se Generó la Curva de Voltaje vs Capacidad,Taux de charge auquel la courbe de tension en fonction de la capacité a été générée,Débit de charge auquel la courbe tension en fonction de la capacité a été générée,Y,Y
Charging Curve,Nombre del Nodo de Salida de Agua Enfriada,Curva de Carga,Courbe de charge,Courbe de Charge,Y,Y
Charging Curve Variable Specifications,Límite Inferior de la Temperatura de Salida del Agua Enfriada,Especificaciones de Variables de la Curva de Carga,Spécifications des variables de courbe de charge,Spécifications des Variables de la Courbe de Charge,Y,Y
Checksum,Nombre de la Lista del Módulo Enfriador-Calefactor,Suma de verificación,Somme de contrôle,Somme de contrôle,Y,
Chilled Water Flow Mode Type,Nombre del Programa de Control de Módulos Enfriador Calentador,Tipo de Modo de Flujo de Agua Enfriada,Type de mode de débit d'eau glacée,Mode de Débit d'Eau Glacée,Y,Y
Chilled Water Inlet Node Name,Nombre del Componente de Desempeño del Módulo Enfriador-Calefactor,Nombre del Nodo de Entrada de Agua Enfriada,Nom du nœud d'entrée d'eau glacée,Nom du nœud d'entrée d'eau glacée,Y,
Chilled Water Maximum Requested Flow Rate,Selección de Modelo,Flujo Máximo de Agua Fría Solicitado,Débit d'eau glacée maximal demandé,Débit maximal d'eau glacée demandé,Y,Y
Chilled Water Outlet Node Name,Modelo de Cielo CIE,Nombre del Nodo de Salida de Agua Enfriada,Nom du nœud de sortie d'eau refroidie,Nom du nœud de sortie d'eau refroidie,Y,
Chilled Water Outlet Temperature Lower Limit,Longitud del Circuito,Límite Inferior de Temperatura de Salida de Agua Enfriada,Limite inférieure de température de l'eau refroidie à la sortie,Limite Inférieure de Température à la Sortie de l'Eau Glacée,Y,Y
Chiller Flow Mode,Modo de Flujo del Enfriador,Modo de Flujo del Enfriador,Mode de débit du refroidisseur,Mode de débit du refroidisseur,,
Chiller Heater Module List Name,Nombre del Fluido Circulante,Nombre de la Lista del Módulo Enfriador-Calefactor,Liste des modules de refroidisseur-chauffeur,Nom de la liste des modules refroidisseur-réchauffeur,Y,Y
Chiller Heater Modules Control Schedule Name,Ciudad,Nombre de Horario de Control de Módulos Enfriador-Calentador,Nom de l'agenda de commande des modules refroidisseur-chauffeur,Nom de l'agenda de contrôle des modules refroidisseur-réchauffeur,Y,Y
Chiller Heater Modules Performance Component Name,Producto de Transmitancia-Absortancia Normal del Revestimiento,Nombre del Componente de Rendimiento del Módulo Enfriador-Calentador,Nom du composant de performance des modules de refroidisseur-chauffeur,Nom du composant de performance des modules refroidisseur-réchauffeur,Y,Y
Choice of Model,Nombre de Documento de Zona Climática,Selección del Modelo,Choix du modèle,Choix du modèle,Y,
CIE Sky Model,Año del Documento de Zona Climática,Modelo de Cielo CIE,Modèle de ciel CIE,Modèle de ciel CIE,Y,
Circuit Length,Nombre de la Institución de Zona Climática,Longitud del Circuito,Longueur du circuit,Longueur du circuit,Y,
Circulating Fluid Name,Valor de Zona Climática,Nombre del Fluido Circulante,Nom du fluide circulant,Nom du Fluide Caloporteur,Y,Y
City,Nombre del Programa de Probabilidad de Cierre,Ciudad,Ville,Ville,Y,
Cladding Normal Transmittance-Absorptance Product,Factor de Emisión de CO,Producto Transmitancia-Absortancia Normal del Revestimiento,Produit Transmittance-Absorptance Normal de Revêtement,Produit Transmittance-Absorbance Normale du Revêtement,Y,Y
Climate Zone Document Name,Nombre de Programa de Factor de Emisión de CO,Nombre del Documento de Zona Climática,Nom du document de zone climatique,Nom du document de zone climatique,Y,
Climate Zone Document Year,Factor de Emisión de CO2,Año del Documento de Zona Climática,Année du document de zone climatique,Année du document de zone climatique,Y,
Climate Zone Institution Name,Nombre del Programa de Factor de Emisión de CO2,Nombre de Institución de Zona Climática,Nom de l'institution de la zone climatique,Nom de l'Institution de la Zone Climatique,Y,Y
Climate Zone Value,Inflación del Carbón,Valor de Zona Climática,Valeur de zone climatique,Valeur de Zone Climatique,Y,Y
Closing Probability Schedule Name,Espesor de la Capa de Recubrimiento,Nombre del Calendario de Probabilidad de Cierre,Nom de l'Emploi du Temps de Probabilité de Fermeture,Nom de l'horaire de probabilité de fermeture,Y,Y
Clothing Insulation Calculation Method,Método de Cálculo del Aislamiento de Vestimenta,Método de Cálculo del Aislamiento de Ropa,Méthode de calcul de l'isolation vestimentaire,Méthode de Calcul de l'Isolement Vestimentaire,Y,Y
Clothing Insulation Calculation Method Schedule Name,Nombre del Horario del Método de Cálculo del Aislamiento de Vestimenta,Nombre de Planificación del Método de Cálculo del Aislamiento de Ropa,Nom de l'horaire de la méthode de calcul de l'isolation vestimentaire,Nom de l'agenda de méthode de calcul de l'isolation vestimentaire,Y,Y
Clothing Insulation Schedule Name,Nombre del Horario de Aislamiento de Vestimenta,Nombre de Horario de Aislamiento por Ropa,Nom de l'horaire d'isolation vestimentaire,Nom de l'emploi du temps d'isolation vestimentaire,Y,Y
CO Emission Factor,Factor de Resistencia a la Difusión de Vapor de Agua de la Capa de Recubrimiento,Factor de Emisión de CO,Facteur d'émission de CO,Facteur d'émission de CO,Y,
CO Emission Factor Schedule Name,Coeficiente 1,Nombre de Programa de Factor de Emisión de CO,Nom du calendrier du facteur d'émission de CO,Nom du Calendrier de Facteur d'Émission de CO,Y,Y
CO2 Emission Factor,Coeficiente 1 de la Ecuación de Eficiencia,Factor de Emisión de CO2,Facteur d'émission de CO2,Facteur d'émission CO2,Y,Y
CO2 Emission Factor Schedule Name,Coeficiente 1 de Función de Uso de Combustible de Curva de Ratio de Carga Parcial,Nombre de la Programación del Factor de Emisión de CO2,Nom du calendrier du facteur d'émission de CO2,Nom de l'horaire du facteur d'émission CO2,Y,Y
Coal Inflation,Coeficiente 1 de la Curva de Relación de Carga Parcial de Uso de Agua Caliente o Vapor,Inflación del Carbón,Inflation du charbon,Inflation du charbon,Y,
Coating Layer Thickness,Coeficiente 1 de la Curva de Relación de Carga Parcial del Uso Eléctrico de la Bomba,Espesor de la Capa de Recubrimiento,Épaisseur de la couche de revêtement,Épaisseur de la couche de revêtement,Y,
Coating Layer Water Vapor Diffusion Resistance Factor,Coeficiente 10,Factor de Resistencia a la Difusión de Vapor de Agua de la Capa de Recubrimiento,Facteur de résistance à la diffusion de la vapeur d'eau de la couche de revêtement,Facteur de résistance à la diffusion de la vapeur d'eau de la couche de revêtement,Y,
Coefficient 1,Coeficiente 11,Coeficiente 1,Coefficient 1,Coefficient 1,Y,
Coefficient 1 of Efficiency Equation,Coeficiente 12,Coeficiente 1 de la Ecuación de Eficiencia,Coefficient 1 de l'équation de rendement,Coefficient 1 de l'équation de rendement,Y,
Coefficient 1 of Fuel Use Function of Part Load Ratio Curve,Coeficiente 13,Coeficiente 1 de la Función de Consumo de Combustible en Función de la Curva de Relación de Carga Parcial,Coefficient 1 de la Fonction d'Utilisation du Combustible en fonction de la Courbe du Ratio de Charge Partielle,Coefficient 1 de la Courbe d'Utilisation du Combustible en Fonction du PLR,Y,Y
Coefficient 1 of the Hot Water or Steam Use Part Load Ratio Curve,Coeficiente 14,Coeficiente 1 de la Curva de Razón de Carga Parcial para Uso de Agua Caliente o Vapor,Coefficient 1 de la courbe du ratio de charge partielle pour l'utilisation d'eau chaude ou de vapeur,Coefficient 1 de la courbe du rapport de charge partielle d'utilisation d'eau chaude ou de vapeur,Y,Y
Coefficient 1 of the Part Load Performance Curve,Coeficiente 1 de la Curva de Rendimiento a Carga Parcial,Coeficiente 1 de la Curva de Desempeño a Carga Parcial,Coefficient 1 de la courbe de performance à charge partielle,Coefficient 1 de la courbe de performance en charge partielle,Y,Y
Coefficient 1 of the Pump Electric Use Part Load Ratio Curve,Coeficiente 15,Coeficiente 1 de la Curva de Relación de Carga Parcial de Uso Eléctrico de Bomba,Coefficient 1 de la courbe de ratio de charge partielle d'utilisation électrique de la pompe,Coefficient 1 de la courbe de consommation électrique de la pompe en fonction du taux de charge partielle,Y,Y
Coefficient 10,Coeficiente 16,Coeficiente 10,Coefficient 10,Coefficient 10,Y,
Coefficient 11,Coeficiente 17,Coeficiente 11,Coefficient 11,Coefficient 11,Y,
Coefficient 12,Coeficiente 18,Coeficiente 12,Coefficient 12,Coefficient 12,Y,
Coefficient 13,Coeficiente 19,Coeficiente 13,Coefficient 13,Coefficient 13,Y,
Coefficient 14,Coeficiente 2,Coeficiente 14,Coefficient 14,Coefficient 14,Y,
Coefficient 15,Coeficiente 2 de Ecuación de Eficiencia,Coeficiente 15,Coefficient 15,Coefficient 15,Y,
Coefficient 16,Coeficiente 2 de la Función de Consumo de Combustible de la Curva de Razón de Carga Parcial,Coeficiente 16,Coefficient 16,Coefficient 16,Y,
Coefficient 17,Coeficiente 2 del Modificador del Ángulo de Incidencia,Coeficiente 17,Coefficient 17,Coefficient 17,Y,
Coefficient 18,Coeficiente 2 de la Curva de Relación de Carga Parcial de Uso de Agua Caliente o Vapor,Coeficiente 18,Coefficient 18,Coefficient 18,Y,
Coefficient 19,Coeficiente 2 de la Curva de Relación de Carga Parcial del Uso Eléctrico de la Bomba,Coeficiente 19,Coefficient 19,Coefficient 19,Y,
Coefficient 2,Coeficiente 20,Coeficiente 2,Coefficient 2,Coefficient 2,Y,
Coefficient 2 of Efficiency Equation,Coeficiente 21,Coeficiente 2 de la Ecuación de Eficiencia,Coefficient 2 de l'Équation de Rendement,Coefficient 2 de l'équation d'efficacité,Y,Y
Coefficient 2 of Fuel Use Function of Part Load Ratio Curve,Coeficiente 22,Coeficiente 2 de la Función de Consumo de Combustible en Función de la Curva de Relación de Carga Parcial,Coefficient 2 de la courbe de la fonction de consommation de combustible en fonction du ratio de charge partielle,Coefficient 2 de la courbe de consommation énergétique en fonction du PLR,Y,Y
Coefficient 2 of Incident Angle Modifier,Coeficiente 23,Coeficiente 2 del Modificador de Ángulo de Incidencia,Coefficient 2 du modificateur d'angle d'incidence,Coefficient 2 du Modificateur d'Angle d'Incidence,Y,Y
Coefficient 2 of the Hot Water or Steam Use Part Load Ratio Curve,Coeficiente 24,Coeficiente 2 de la Curva de Razón de Carga Parcial del Uso de Agua Caliente o Vapor,Coefficient 2 de la Courbe du Ratio de Charge Partielle pour l'Utilisation d'Eau Chaude ou de Vapeur,Coefficient 2 de la courbe du ratio de charge partielle d'utilisation d'eau chaude ou de vapeur,Y,Y
Coefficient 2 of the Part Load Performance Curve,Coeficiente 2 de la Curva de Rendimiento a Carga Parcial,Coeficiente 2 de la Curva de Desempeño a Carga Parcial,Coefficient 2 de la Courbe de Performance en Charge Partielle,Coefficient 2 de la Courbe de Performance à Charge Partielle,Y,Y
Coefficient 2 of the Pump Electric Use Part Load Ratio Curve,Coeficiente 25,Coeficiente 2 de la Curva de Relación de Carga Parcial del Consumo Eléctrico de la Bomba,Coefficient 2 de la Courbe de Ratio de Charge Partielle pour l'Utilisation Électrique de la Pompe,Coefficient 2 de la courbe du rapport de charge partielle de la consommation électrique de la pompe,Y,Y
Coefficient 20,Coeficiente 26,Coeficiente 20,Coefficient 20,Coefficient 20,Y,
Coefficient 21,Coeficiente 27,Coeficiente 21,Coefficient 21,Coefficient 21,Y,
Coefficient 22,Coeficiente 28,Coeficiente 22,Coefficient 22,Coefficient 22,Y,
Coefficient 23,Coeficiente 29,Coeficiente 23,Coefficient 23,Coefficient 23,Y,
Coefficient 24,Coeficiente 3,Coeficiente 24,Coefficient 24,Coefficient 24,Y,
Coefficient 25,Coeficiente 3 de la Ecuación de Eficiencia,Coeficiente 25,Coefficient 25,Coefficient 25,Y,
Coefficient 26,Coeficiente 3 de Función de Consumo de Combustible de Curva de Relación de Carga Parcial,Coeficiente 26,Coefficient 26,Coefficient 26,Y,
Coefficient 27,Coeficiente 3 del Modificador de Ángulo de Incidencia,Coeficiente 27,Coefficient 27,Coefficient 27,Y,
Coefficient 28,Coeficiente 3 de la Curva de Relación de Carga Parcial de Uso de Agua Caliente o Vapor,Coeficiente 28,Coefficient 28,Coefficient 28,Y,
Coefficient 29,Coeficiente 3 de la Curva de Relación de Carga Parcial del Uso Eléctrico de la Bomba,Coeficiente 29,Coefficient 29,Coefficient 29,Y,
Coefficient 3,Coeficiente 30,Coeficiente 3,Coefficient 3,Coefficient 3,Y,
Coefficient 3 of Efficiency Equation,Coeficiente 31,Coeficiente 3 de la Ecuación de Eficiencia,Coefficient 3 de l'équation d'efficacité,Coefficient 3 de l'équation de rendement,Y,Y
Coefficient 3 of Fuel Use Function of Part Load Ratio Curve,Coeficiente 32,Coeficiente 3 de la Función de Consumo de Combustible versus PLR,Coefficient 3 de la Courbe de Fonction de Consommation de Carburant en Fonction du Ratio de Charge Partielle,Coefficient 3 de la courbe de consommation de combustible en fonction du rapport de charge partielle,Y,Y
Coefficient 3 of Incident Angle Modifier,Coeficiente 33,Coeficiente 3 del Modificador de Ángulo Incidente,Coefficient 3 du modificateur d'angle d'incidence,Coefficient 3 du modificateur d'angle d'incidence,Y,
Coefficient 3 of the Hot Water or Steam Use Part Load Ratio Curve,Coeficiente 34,Coeficiente 3 de la Curva de Razón de Carga Parcial de Uso de Agua Caliente o Vapor,Coefficient 3 de la Courbe du Ratio de Charge Partielle pour l'Utilisation d'Eau Chaude ou de Vapeur,Coefficient 3 de la courbe du ratio de charge partielle pour l'utilisation d'eau chaude ou vapeur,Y,Y
Coefficient 3 of the Part Load Performance Curve,Coeficiente 3 de la Curva de Rendimiento a Carga Parcial,Coeficiente 3 de la Curva de Desempeño a Carga Parcial,Coefficient 3 de la Courbe de Performance en Charge Partielle,Coefficient 3 de la courbe de performance à charge partielle,Y,Y
Coefficient 3 of the Pump Electric Use Part Load Ratio Curve,Coeficiente 35,Coeficiente 3 de la Curva de Razón de Carga Parcial del Consumo Eléctrico de la Bomba,Coefficient 3 de la Courbe du Rapport de Charge Partielle pour Consommation Électrique de la Pompe,Coefficient 3 de la courbe du rapport de charge partielle de la consommation électrique de la pompe,Y,Y
Coefficient 30,Coeficiente 4,Coeficiente 30,Coefficient 30,Coefficient 30,Y,
Coefficient 31,Coeficiente 5,Coeficiente 31,Coefficient 31,Coefficient 31,Y,
Coefficient 32,Coeficiente 6,Coeficiente 32,Coefficient 32,Coefficient 32,Y,
Coefficient 33,Coeficiente 7,Coeficiente 33,Coefficient 33,Coefficient 33,Y,
Coefficient 34,Coeficiente 8,Coeficiente 34,Coefficient 34,Coefficient 34,Y,
Coefficient 35,Coeficiente 9,Coeficiente 35,Coefficient 35,Coefficient 35,Y,
Coefficient 4,Coeficiente de Pérdida Dinámica Local por Accesorio,Coeficiente 4,Coefficient 4,Coefficient 4,Y,
Coefficient 4 of the Part Load Performance Curve,Coeficiente 4 de la Curva de Rendimiento a Carga Parcial,Coeficiente 4 de la Curva de Rendimiento a Carga Parcial,Coefficient 4 de la courbe de performance à charge partielle,Coefficient 4 de la Courbe de Performance en Charge Partielle,,Y
Coefficient 5,Coeficiente de Inducción Kin,Coeficiente 5,Coefficient 5,Coefficient 5,Y,
Coefficient 6,Coeficiente r0,Coeficiente 6,Coefficient 6,Coefficient 6,Y,
Coefficient 7,Coeficiente r1,Coeficiente 7,Coefficient 7,Coefficient 7,Y,
Coefficient 8,Coeficiente r2,Coeficiente 8,Coefficient 8,Coefficient 8,Y,
Coefficient 9,Coeficiente r3,Coeficiente 9,Coefficient 9,Coefficient 9,Y,
Coefficient for Local Dynamic Loss Due to Fitting,Coeficiente1 C1,Coeficiente de Pérdida Dinámica Local por Accesorios,Coefficient de Perte Dynamique Locale Due à l'Accessoire,Coefficient de perte dynamique locale due à l'accessoire,Y,Y
Coefficient of Induction Kin,Coeficiente1 Constante,Coeficiente de Inducción Kin,Coefficient d'induction Kin,Coefficient d'Induction Kin,Y,Y
Coefficient r0,Coeficiente10 x*y**2,Coeficiente r0,Coefficient r0,Coefficient r0,Y,
Coefficient r1,Coeficiente11 x**2*y,Coeficiente r1,Coefficient r1,Coefficient r1,Y,
Coefficient r2,Coeficiente12 x**2*z**2,Coeficiente r2,Coefficient r2,Coefficient r2,Y,
Coefficient r3,Coeficiente13 x*z,Coeficiente r3,Coefficient r3,Coefficient r3,Y,
Coefficient1 C1,Coeficiente14 x*z**2,Coeficiente1 C1,Coefficient1 C1,Coefficient1 C1,Y,
Coefficient1 Constant,Coeficiente15 x**2*z,Coeficiente1 Constante,Coefficient1 Constant,Coefficient1 Constant,Y,
Coefficient10 x*y**2,Coeficiente16 y**2*z**2,Coeficiente C10 en x*y**2,Coefficient10 x*y**2,Coefficient C10 pour x*y²,Y,Y
Coefficient11 x**2*y,Coeficiente17 y*z,Coeficiente11 x**2*y,Coefficient11 x**2*y,Coefficient11 x**2*y,Y,
Coefficient12 x**2*z**2,Coeficiente18 y*z**2,Coeficiente12 x**2*z**2,Coefficient12 x**2*z**2,Coefficient12 x**2*z**2,Y,
Coefficient13 x*z,Coeficiente19 y**2*z,Coeficiente13 x*z,Coefficient13 x*z,Coefficient13 x*z,Y,
Coefficient14 x*z**2,Coeficiente2 C2,Coeficiente14 x*z**2,Coefficient14 x*z**2,Coefficient14 x*z**2,Y,
Coefficient15 x**2*z,Coeficiente2 Constante,Coeficiente 15 x**2*z,Coefficient15 x**2*z,Coefficient (A 15 ) x**2*z,Y,Y
Coefficient16 y**2*z**2,Coeficiente2 v,Coeficiente16 y**2*z**2,Coefficient16 y**2*z**2,Coefficient16 y**2*z**2,Y,
Coefficient17 y*z,Coeficiente2 w,Coeficiente17 y*z,Coefficient17 y*z,Coefficient (A 17) y*z,Y,Y
Coefficient18 y*z**2,Coeficiente2 x,Coeficiente18 y*z**2,Coefficient18 y*z**2,Coefficient18 y*z**2,Y,
Coefficient19 y**2*z,Coeficiente2 x**2,Coeficiente19 y**2*z,Coefficient19 y**2*z,Coefficient19 y**2*z,Y,
Coefficient2 C2,Coeficiente20 x**2*y**2*z**2,Coeficiente2 C2,Coefficient2 C2,Coefficient2 C2,Y,
Coefficient2 Constant,Coeficiente21 x**2*y**2*z,Coeficiente 2 Constante,Coefficient2 Constant,Coefficient linéaire (C 2),Y,Y
Coefficient2 v,Coeficiente22 x**2*y*z**2,Coeficiente C2,Coefficient2 v,Coefficient C2,Y,Y
Coefficient2 w,Coeficiente23 x*y**2*z**2,Coeficiente 2 w,Coefficient2 w,Coefficient2 w,Y,
Coefficient2 x,Coeficiente24 x**2*y*z,Coeficiente2 x,Coefficient2 x,Coefficient linéaire (C2),Y,Y
Coefficient2 x**2,Coeficiente25 x*y**2*z,Coeficiente2 x**2,Coefficient2 x**2,Coefficient2 x**2,Y,
Coefficient20 x**2*y**2*z**2,Coeficiente26 x*y*z**2,Coeficiente20 x**2*y**2*z**2,Coefficient20 x**2*y**2*z**2,Coefficient (A 19) x**2*y**2*z**2,Y,Y
Coefficient21 x**2*y**2*z,Coeficiente27 x*y*z,Coeficiente A21 x**2*y**2*z,Coefficient21 x**2*y**2*z,Coefficient21 x**2*y**2*z,Y,
Coefficient22 x**2*y*z**2,Coeficiente3 C3,Coeficiente22 x**2*y*z**2,Coefficient22 x**2*y*z**2,Coefficient A₂₂ x²*y*z²,Y,Y
Coefficient23 x*y**2*z**2,Coeficiente3 Constante,Coeficiente23 x*y**2*z**2,Coefficient23 x*y**2*z**2,Coefficient23 x*y**2*z**2,Y,
Coefficient24 x**2*y*z,Coeficiente3 w,Coeficiente A24 x**2*y*z,Coefficient24 x**2*y*z,Coefficient24 x**2*y*z,Y,
Coefficient25 x*y**2*z,Coeficiente3 x,Coeficiente25 x*y**2*z,Coefficient25 x*y**2*z,Coefficient25 x*y**2*z,Y,
Coefficient26 x*y*z**2,Coeficiente3 x**2,Coeficiente26 x*y*z**2,Coefficient26 x*y*z**2,Coefficient26 x*y*z**2,Y,
Coefficient27 x*y*z,Coeficiente4 C4,Coeficiente27 x*y*z,Coefficient27 x*y*z,Coefficient (A26) x*y*z,Y,Y
Coefficient3 C3,Coeficiente4 x,Coeficiente3 C3,Coefficient3 C3,Coefficient3 C3,Y,
Coefficient3 Constant,Coeficiente4 x**3,Coeficiente3 Constante,Coefficient3 Constant,Constante Coefficient3,Y,Y
Coefficient3 w,Coeficiente4 y,Coeficiente3,Coefficient3 w,Coefficient C3,Y,Y
Coefficient3 x,Coeficiente4 y**2,Coeficiente 3,Coefficient3 x,Coefficient C3,Y,Y
Coefficient3 x**2,Coeficiente5 C5,Coeficiente3 x**2,Coefficient3 x**2,Coefficient3 x**2,Y,
Coefficient4 C4,Coeficiente5 x**4,Coeficiente4 C4,Coefficient4 C4,Coefficient4 C4,Y,
Coefficient4 x,Coeficiente5 x*y,Coeficiente4 x,Coefficient4 x,Coefficient4 x,Y,
Coefficient4 x**3,Coeficiente5 y,Coeficiente4 x**3,Coefficient4 x**3,Coefficient4 x**3,Y,
Coefficient4 y,Coeficiente5 y**2,Coeficiente4 y,Coefficient4 y,Coefficient C4,Y,Y
Coefficient4 y**2,Coeficiente5 z,Coeficiente A4 y**2,Coefficient4 y**2,Coefficient4 y**2,Y,
Coefficient5 C5,Coeficiente6 x**2*y,Coeficiente5 C5,Coefficient5 C5,Coefficient5 C5,Y,
Coefficient5 x**4,Coeficiente6 x*y,Coeficiente 5 x**4,Coefficient5 x**4,Coefficient C5 x**4,Y,Y
Coefficient5 x*y,Coeficiente6 z,Coeficiente 5 x*y,Coefficient5 x*y,Coefficient C 5,Y,Y
Coefficient5 y,Coeficiente6 z**2,Coeficiente5 y,Coefficient5 y,Coefficient C5,Y,Y
Coefficient5 y**2,Coeficiente7 x**3,Coeficiente5 y**2,Coefficient5 y**2,Coefficient C5 y**2,Y,Y
Coefficient5 z,Coeficiente7 z,Coeficiente C5,Coefficient5 z,Coefficient5 z,Y,
Coefficient6 x**2*y,Coeficiente8 x**2*y**2,Coeficiente C 6,Coefficient6 x**2*y,Coefficient C6 dans x²*y,Y,Y
Coefficient6 x*y,Coeficiente8 y**3,Coeficiente6 x*y,Coefficient6 x*y,Coefficient6 x*y,Y,
Coefficient6 z,Coeficiente9 x**2*y,Coeficiente C6,Coefficient6 z,Coefficient (C6) en z,Y,Y
Coefficient6 z**2,Coeficiente9 x*y,Coeficiente6 z**2,Coefficient6 z**2,Coefficient6 z**2,Y,
Coefficient7 x**3,Nodo de Entrada de Aire de la Bobina,Coeficiente7 x**3,Coefficient7 x**3,Coefficient C7 x**3,Y,Y
Coefficient7 z,Nodo de Salida de Aire del Serpentín,Coeficiente A7 z,Coefficient7 z,Coefficient7 z,Y,
Coefficient8 x**2*y**2,Factor de Corrección del Material de la Bobina,Coeficiente8 x**2*y**2,Coefficient8 x**2*y**2,Coefficient A8 x**2*y**2,Y,Y
Coefficient8 y**3,Área de Superficie de la Bobina por Longitud de Bobina,Coeficiente8 y**3,Coefficient8 y**3,Coefficient C 8,Y,Y
Coefficient9 x**2*y,Modo de Factor de Dimensionamiento Coincidente,Coeficiente9 x**2*y,Coefficient9 x**2*y,Coefficient C9 (x²y),Y,Y
Coefficient9 x*y,Nodo de Entrada de Aire Frío,Coeficiente9 x*y,Coefficient9 x*y,Coefficient A8 x*y,Y,Y
Coil Air Inlet Node,Nodo Frío,Nodo de Entrada de Aire de la Bobina,Nœud d'entrée d'air de la batterie,Nœud d'entrée d'air de la bobine,Y,Y
Coil Air Outlet Node,Potencia Auxiliar de Operación en Clima Frío,Nodo de Salida de Aire de la Bobina,Nœud de sortie d'air de la bobine,Nœud de sortie d'air de la serpentine,Y,Y
Coil Material Correction Factor,Temperatura Mínima del Aire Exterior para Operación en Clima Frío,Factor de Corrección de Material de la Bobina,Facteur de correction du matériau de la serpentine,Facteur de Correction de Matériau de Batterie,Y,Y
Coil Surface Area per Coil Length,Altura del Lado del Colector,Área de Superficie de Serpentín por Longitud de Serpentín,Surface de bobine par unité de longueur,Surface de bobine par unité de longueur de bobine,Y,Y
Coincident Sizing Factor Mode,Volumen de Agua del Colector,Modo de Factor de Dimensionamiento Coincidente,Mode Facteur de Dimensionnement Coïncident,Mode de facteur de dimensionnement coïncident,Y,Y
Cold Air Inlet Node,Número de Columna,Nodo de Entrada de Aire Frío,Nœud d'entrée d'air froid,Nœud d'entrée d'air froid,Y,
Cold Node,Separador de Columnas,Nodo Frío,Nœud Froid,Nœud froid,Y,Y
Cold Stress Temperature Threshold,Umbral de Temperatura de Estrés por Frío,Umbral de Temperatura de Estrés por Frío,Seuil de température de stress froid,Seuil de Température de Stress Froid,,Y
Cold Water Supply Temperature Schedule Name,Nombre del Horario de Temperatura del Agua Fría de Suministro,Nombre de Horario de Temperatura del Agua Fría de Suministro,Nom de l'horaire de température d'alimentation en eau froide,Nom du Calendrier de Température d'Eau Froide d'Alimentation,Y,Y
Cold Weather Operation Ancillary Power,Coeficiente de Película Convectiva/Radiativa Combinada,Potencia Auxiliar en Operación de Clima Frío,Puissance Auxiliaire de Fonctionnement par Temps Froid,Puissance auxiliaire en fonctionnement par temps froid,Y,Y
Cold Weather Operation Minimum Outdoor Air Temperature,Nombre del Nodo de Entrada de Aire de Combustión,Temperatura Mínima de Aire Exterior para Operación en Clima Frío,Température Minimale d'Air Extérieur pour Fonctionnement par Temps Froid,Température Minimale d'Air Extérieur pour Fonctionnement par Temps Froid,Y,
Collector Side Height,Nombre del Nodo de Salida de Aire de Combustión,Altura del Lado del Colector,Hauteur du côté du collecteur,Hauteur du Côté Collecteur,Y,Y
Collector Water Volume,Eficiencia de Combustión,Volumen de Agua del Colector,Volume d'eau du collecteur,Volume d'eau du collecteur,Y,
Column Number,Tarifa de Comisionamiento,Número de Columna,Numéro de colonne,Numéro de Colonne,Y,Y
Column Separator,Bobina Complementaria Utilizada para Recuperación de Calor,Separador de Columnas,Séparateur de colonne,Séparateur de colonnes,Y,Y
Combined Convective/Radiative Film Coefficient,Nombre de Bomba de Calor de Enfriamiento Complementaria,Coeficiente Combinado de Película Convectiva/Radiante,Coefficient de film convectif/radiatif combiné,Coefficient de film convectif/radiatif combiné,Y,
Combustion Air Inlet Node Name,Nombre de Bomba de Calor Complementaria,Nombre del Nodo de Entrada de Aire de Combustión,Nom du nœud d'entrée d'air de combustion,Nom du nœud d'entrée d'air de combustion,Y,
Combustion Air Outlet Node Name,Nombre de la Bomba de Calor de Calefacción Complementaria,Nombre del Nodo de Salida de Aire de Combustión,Nom du nœud de sortie d'air de combustion,Nom du nœud de sortie d'air de combustion,Y,
Combustion Efficiency,Nombre del Componente,Eficiencia de Combustión,Rendement de combustion,Rendement de Combustion,Y,Y
Commissioning Fee,Nombre del Componente o Nombre del Nodo,Cuota de Puesta en Marcha,Frais de mise en service,Frais de mise en service,Y,
Common Pipe Simulation,Simulación de Tubería Común,Simulación de Tubería Común,Simulation de tuyauterie commune,Simulation de Conduite Commune,,Y
Companion Coil Used For Heat Recovery,Modo de Control de Temperatura de Enfriamiento de Componente Anulado,Bobina Compañera Utilizada para Recuperación de Calor,Serpentin d'accompagnement utilisé pour la récupération de chaleur,Bobine compagnon utilisée pour la récupération de chaleur,Y,Y
Companion Cooling Heat Pump Name,Nodo de Entrada del Lado de Demanda de Anulación de Componente de Bucle,Nombre de la Bomba de Calor Refrigerante Asociada,Nom de la pompe à chaleur de refroidissement auxiliaire,Nom de la pompe à chaleur de refroidissement associée,Y,Y
Companion Heat Pump Name,Nodo de Entrada del Lado de Suministro de Anulación de Componente,Nombre del Bomba de Calor Complementaria,Nom de la Pompe à Chaleur Complémentaire,Nom de la Pompe à Chaleur Associée,Y,Y
Companion Heating Heat Pump Name,Esquema de Operación de Punto de Consigna de Componente - Programa,Nombre del Calentador de Bomba de Calor Acompañante,Nom de la Pompe à Chaleur de Chauffage Complémentaire,Nom de la pompe à chaleur de chauffage associée,Y,Y
Component Name,Aislamiento Compuesto de Cavidad,Nombre del Componente,Nom du composant,Nom du composant,Y,
Component Name or Node Name,Configuración de Estructura Compuesta,Nombre del Componente o Nodo,Nom du composant ou du nœud,Nom du composant ou du nœud,Y,
Component Override Cooling Control Temperature Mode,Profundidad del Marco Compuesto,Modo de Temperatura de Control de Refrigeración de Sobrepotencial del Componente,Mode de température de contrôle du refroidissement avec priorité de composant,Mode de Température de Contrôle du Refroidissement en Remplacement de Composant,Y,Y
Component Override Loop Demand Side Inlet Node,Material de Enmarcado Compuesto,Nodo de Entrada del Lado de Demanda del Circuito de Anulación de Componentes,Nœud d'entrée côté demande de boucle de remplacement de composant,Nœud d'entrée côté demande de la boucle de remplacement du composant,Y,Y
Component Override Loop Supply Side Inlet Node,Tamaño del Marco Compuesto,Nodo de Entrada del Lado de Suministro del Circuito de Anulación del Componente,Nœud d'entrée du côté alimentation de la boucle de remplacement de composant,Nœud d'entrée côté alimentation de la boucle de remplacement de composant,Y,Y
Component Setpoint Operation Scheme Schedule,Programa de Temperatura Ambiente del Compresor,Esquema de Operación de Consigna de Componente - Horario,Calendrier du schéma de fonctionnement du point de consigne du composant,Calendrier du Schéma de Fonctionnement des Consignes de Composants,Y,Y
Composite Cavity Insulation,Nombre del Programa de Temperatura Ambiente del Compresor,Aislamiento Compuesto de Cavidad,Isolation composite de cavité,Isolation composite de cavité,Y,
Composite Framing Configuration,Factor de Corrección de Capacidad Evaporativa del Compresor,Configuración de Marco Compuesto,Configuration du cadre composite,Configuration de Cadre Composite,Y,Y
Composite Framing Depth,Tipo de Combustible del Compresor,Profundidad del Marco Compuesto,Épaisseur de la structure composite,Épaisseur de structure composite,Y,Y
Composite Framing Material,Factor de Pérdida de Calor del Compresor,Material de Marco Compuesto,Matériau de charpente composite,Matériau de charpente composite,Y,
Composite Framing Size,Eficiencia del Inversor del Compresor,Tamaño de Marco Compuesto,Taille de la structure composite,Dimension de l'ossature composite,Y,Y
Compressor Ambient Temperature Schedule,Ubicación del Compresor,Calendario de Temperatura Ambiente del Compresor,Calendrier de Température Ambiante du Compresseur,Calendrier Température Ambiante Compresseur,Y,Y
Compressor Ambient Temperature Schedule Name,Presión Máxima Delta del Compresor,Nombre de la Programación de Temperatura Ambiente del Compresor,Nom du calendrier de température ambiante du compresseur,Nom de l'horaire de température ambiante du compresseur,Y,Y
Compressor Evaporative Capacity Correction Factor,Eficiencia del Motor del Compresor,Factor de Corrección de Capacidad Evaporativa del Compresor,Facteur de correction de la capacité d'évaporation du compresseur,Facteur de correction de la capacité évaporative du compresseur,Y,Y
Compressor Fuel Type,Nombre de la Curva de Función Multiplicadora de Potencia del Compresor en Función de la Tasa de Combustible,Tipo de Combustible del Compresor,Type de carburant du compresseur,Type de carburant du compresseur,Y,
Compressor Heat Loss Factor,Nombre de la Curva de Función Multiplicadora de Potencia del Compresor en Función de la Temperatura,Factor de Pérdidas Térmicas del Compresor,Facteur de perte thermique du compresseur,Facteur de perte thermique du compresseur,Y,
Compressor Inverter Efficiency,Nombre de Curva de Función COP de Compresor Tipo Rack por Temperatura,Eficiencia del Inversor del Compresor,Rendement de l'onduleur du compresseur,Rendement de l'inverseur du compresseur,Y,Y
Compressor Location,Temperatura de Consigna del Compresor - Programa,Ubicación del Compresor,Localisation du compresseur,Localisation du compresseur,Y,
Compressor Maximum Delta Pressure,Nombre del Programa de Temperatura de Consigna del Compresor,Presión Máxima Diferencial del Compresor,Différence de Pression Maximale du Compresseur,Différence de Pression Maximale du Compresseur,Y,
Compressor Motor Efficiency,Velocidad del Compresor,Eficiencia del Motor del Compresor,Rendement du moteur du compresseur,Rendement du moteur du compresseur,Y,
Compressor Power Multiplier Function of Fuel Rate Curve Name,Nombre de Lista de Compresores,Nombre de Curva de Multiplicador de Potencia del Compresor en Función de la Tasa de Combustible,Nom de la courbe de la fonction multiplicatrice de puissance du compresseur en fonction du débit de carburant,Nom de la courbe du multiplicateur de puissance du compresseur en fonction du débit de carburant,Y,Y
Compressor Power Multiplier Function of Temperature Curve Name,Paso de Cálculo,Nombre de Curva de Función Multiplicadora de Potencia del Compresor en Función de Temperatura,Nom de la courbe de multiplicateur de puissance du compresseur en fonction de la température,Nom de la courbe du multiplicateur de puissance du compresseur en fonction de la température,Y,Y
Compressor Rack COP Function of Temperature Curve Name,Tanque de Almacenamiento de Agua de Recolección de Condensado,Nombre de Curva de COP del Banco de Compresores en Función de la Temperatura,Nom de la courbe de la fonction COP du groupe de compresseurs en fonction de la température,Nom de la courbe de fonction du COP du groupe compresseur en fonction de la température,Y,Y
Compressor Setpoint Temperature Schedule,Nombre del Tanque de Almacenamiento de Agua de Recolección de Condensado,Horario de Temperatura Punto de Consigna del Compresor,Calendrier de température de consigne du compresseur,Calendrier de température de consigne du compresseur,Y,
Compressor Setpoint Temperature Schedule Name,Inventario de Refrigerante en Tuberías de Condensado,Nombre de la Programación de Temperatura de Consigna del Compresor,Nom de l'horaire de température de consigne du compresseur,Nom de la courbe de température de consigne du compresseur,Y,Y
Compressor Speed,Inventario de Refrigerante del Receptor de Condensado,Velocidad del Compresor,Vitesse du compresseur,Vitesse du Compresseur,Y,Y
CompressorList Name,Desplazamiento del Punto de Rocío para Control de Condensación,Nombre de Lista de Compresores,Nom de la liste de compresseurs,Nom de la liste de compresseurs,Y,
Compute Step,Tipo de Control de Condensación,Paso de Cálculo,Étape de calcul,Pas de calcul,Y,Y
Condensate Collection Water Storage Tank,Fracción de Caudal de Aire del Condensador,Tanque de Almacenamiento de Agua de Drenaje de Condensación,Réservoir de stockage d'eau de collecte des condensats,Réservoir de stockage de l'eau de condensation,Y,Y
Condensate Collection Water Storage Tank Name,Factor de Dimensionamiento del Flujo de Aire del Condensador,Nombre del Tanque de Almacenamiento de Agua para Recolección de Condensado,Nom du réservoir de stockage d'eau de collecte des condensats,Nom du réservoir de stockage d'eau pour collecte de condensat,Y,Y
Condensate Piping Refrigerant Inventory,Nodo de Entrada de Aire del Condensador,Inventario de Refrigerante en Tuberías de Condensado,Inventaire de Réfrigérant dans la Tuyauterie de Condensat,Inventaire de réfrigérant dans la tuyauterie de condensation,Y,Y
Condensate Receiver Refrigerant Inventory,Nombre del Nodo de Entrada de Aire del Condensador,Inventario de Refrigerante en el Receptor de Condensados,Inventaire de Frigorigène du Récepteur de Condensats,Inventaire de Réfrigérant du Récepteur de Condensat,Y,Y
Condensation Control Dewpoint Offset,Nodo de Salida de Aire del Condensador,Desplazamiento del Punto de Rocío para Control de Condensación,Décalage du point de rosée pour le contrôle de la condensation,Décalage du point de rosée pour contrôle de condensation,Y,Y
Condensation Control Type,Ubicación Inferior del Condensador,Tipo de Control de Condensación,Type de contrôle de condensation,Type de contrôle de condensation,Y,
Condenser Air Flow Rate Fraction,Caudal de Aire de Diseño del Condensador,Fracción de Caudal de Aire del Condensador,Fraction du débit d'air du condenseur,Fraction du Débit d'Air du Condenseur,Y,Y
Condenser Air Flow Sizing Factor,Nombre de Curva de Función de Potencia del Ventilador del Condensador en Función de Temperatura,Factor de Dimensionamiento del Flujo de Aire del Condensador,Facteur de dimensionnement du débit d'air du condenseur,Facteur de dimensionnement du débit d'air du condenseur,Y,
Condenser Air Inlet Node,Tipo de Control de Velocidad del Ventilador del Condensador,Nodo de Entrada de Aire del Condensador,Nœud d'entrée d'air du condenseur,Nœud d'entrée d'air du condenseur,Y,
Condenser Air Inlet Node Name,Control de Flujo del Condensador,Nombre del Nodo de Entrada de Aire del Condensador,Nom du nœud d'entrée d'air du condenseur,Nom du nœud d'entrée d'air du condenseur,Y,
Condenser Air Outlet Node,Fracción de Capacidad Relativa de Recuperación de Calor del Condensador,Nodo de Salida de Aire del Condensador,Nœud de sortie d'air du condenseur,Nœud de sortie d'air du condenseur,Y,
Condenser Bottom Location,Nodo de Entrada del Condensador,Ubicación del Fondo del Condensador,Emplacement inférieur du condenseur,Distance du fond du réservoir au fond du condenseur enrobé,Y,Y
Condenser Design Air Flow Rate,Nombre del Nodo de Entrada del Condensador,Caudal de Aire de Diseño del Condensador,Débit d'air de conception du condenseur,Débit d'air de conception du condenseur,Y,
Condenser Fan Power Function of Temperature Curve Name,Límite Inferior de Temperatura de Entrada del Condensador,Nombre de la Curva de Potencia del Ventilador del Condensador en Función de la Temperatura,Nom de la courbe de la fonction puissance du ventilateur du condenseur en fonction de la température,Nom de la courbe de puissance du ventilateur de condenseur en fonction de la température,Y,Y
Condenser Fan Power Ratio,Relación de Potencia del Ventilador del Condensador,Relación de Potencia del Ventilador del Condensador,Ratio de Puissance du Ventilateur de Condenseur,Rapport de Puissance du Ventilateur du Condenseur,,Y
Condenser Fan Speed Control Type,Nombre de Curva de Función de Fracción de Caudal del Bucle del Condensador en Relación a la Carga Parcial del Bucle,Tipo de Control de Velocidad del Ventilador del Condensador,Type de contrôle de la vitesse du ventilateur du condenseur,Type de commande de vitesse du ventilateur du condenseur,Y,Y
Condenser Flow Control,Caudal Máximo Solicitado del Condensador,Control de Flujo del Condensador,Contrôle du débit du condenseur,Contrôle du débit du condenseur,Y,
Condenser Heat Recovery Relative Capacity Fraction,Fracción Mínima de Flujo del Condensador,Fracción de Capacidad Relativa de Recuperación de Calor del Condensador,Fraction de capacité relative de récupération de chaleur du condenseur,Fraction de Capacité Relative de Récupération de Chaleur du Condenseur,Y,Y
Condenser Inlet Node,Nodo de Salida del Condensador,Nodo de Entrada del Condensador,Nœud d'Entrée du Condenseur,Nœud d'entrée du condenseur,Y,Y
Condenser Inlet Node Name,Nombre del Nodo de Salida del Condensador,Nombre del Nodo de Entrada del Condensador,Nom du nœud d'entrée du condenseur,Nom du Nœud d'Entrée du Condenseur,Y,Y
Condenser Inlet Temperature Lower Limit,Bomba del Condensador Calor Incluido en Capacidad de Calefacción Nominal y COP Nominal,Límite Inferior de Temperatura de Entrada del Condensador,Limite inférieure de la température à l'entrée du condenseur,Limite inférieure de température d'eau à l'entrée du condenseur,Y,Y
Condenser Loop Flow Rate Fraction Function of Loop Part Load Ratio Curve Name,Potencia de la Bomba del Condensador Incluida en COP Nominal,Nombre de Curva de Fracción de Flujo de Agua de Condensador en Función de Ratio de Carga Parcial del Circuito,Nom de la courbe de fraction du débit de boucle condenseur en fonction du rapport de charge partielle de la boucle,Nom de la courbe : Fraction du débit de la boucle de condenseur en fonction du ratio de charge partielle de la boucle,Y,Y
Condenser Maximum Requested Flow Rate,Inventario de Carga Refrigerante Operativa del Condensador,Caudal Máximo Solicitado del Condensador,Débit maximal demandé du condenseur,Débit Maximum Demandé du Condenseur,Y,Y
Condenser Minimum Flow Fraction,Ubicación Superior del Condensador,Fracción de Flujo Mínimo del Condensador,Fraction de débit minimal du condenseur,Fraction de débit minimum du condenseur,Y,Y
Condenser Outlet Node,Flujo de Agua de Condensador,Nodo de Salida del Condensador,Nœud de sortie du condenseur,Nœud de sortie du condenseur,Y,
Condenser Outlet Node Name,Nodo de Entrada de Agua de Condensador,Nombre del Nodo de Salida del Condensador,Nom du nœud de sortie du condenseur,Nom du Nœud de Sortie du Condenseur,Y,Y
Condenser Pump Heat Included in Rated Heating Capacity and Rated COP,Nombre del Nodo de Entrada de Agua de Condensador,Calor de Bomba de Condensador Incluido en Capacidad de Calefacción Nominal y COP Nominal,Chaleur de la pompe du condenseur incluse dans la capacité de chauffage nominale et le COP nominal,Chaleur de la pompe du condenseur incluse dans la capacité de chauffage nominale et le COP nominal,Y,
Condenser Pump Power Included in Rated COP,Nodo de Salida de Agua del Condensador,Potencia de Bomba del Condensador Incluida en COP Nominal,Puissance de la pompe du condenseur incluse dans le COP nominal,Puissance de la pompe du condenseur incluse dans le COP nominal,Y,
Condenser Refrigerant Operating Charge Inventory,Nombre del Nodo de Salida de Agua del Condensador,Inventario de Carga Refrigerante Operativo del Condensador,Inventaire de charge de réfrigérant en fonctionnement du condenseur,Inventaire de charge frigorifique en fonctionnement du condenseur,Y,Y
Condenser Top Location,Potencia de la Bomba de Agua del Condensador,Ubicación Superior del Condensador,Emplacement du Haut du Condenseur,Distance de la base du réservoir au haut du condenseur,Y,Y
Condenser Type,Tipo de Condensador,Tipo de Condensador,Type de condenseur,Type de Condenseur,,Y
Condenser Water Flow Rate,Zona del Condensador,Caudal de Agua del Condensador,Débit d'eau du condenseur,Débit d'eau au condenseur,Y,Y
Condenser Water Inlet Node,Tipo de Control de Temperatura de Condensación,Nodo de Entrada de Agua del Condensador,Nœud d'entrée d'eau du condenseur,Nœud d'entrée d'eau de condenseur,Y,Y
Condenser Water Inlet Node Name,Conductividad,Nombre del Nodo de Entrada de Agua del Condensador,Nom du nœud d'entrée d'eau du condenseur,Nom du nœud d'entrée d'eau du condenseur,Y,
Condenser Water Outlet Node,Coeficiente de Conductividad A,Nodo de Salida de Agua del Condensador,Nœud de sortie de l'eau du condenseur,Nœud de sortie eau condenseur,Y,Y
Condenser Water Outlet Node Name,Coeficiente B de Conductividad,Nombre del Nodo de Salida de Agua del Condensador,Nom du nœud de sortie d'eau du condenseur,Nom du nœud de sortie d'eau du condenseur,Y,
Condenser Water Pump Power,Coeficiente de Conductividad C,Potencia de la Bomba de Agua del Condensador,Puissance de la pompe d'eau de condenseur,Puissance de la pompe d'eau du condenseur,Y,Y
Condenser Zone,Conductividad del Suelo Seco,Zona del Condensador,Zone du condenseur,Zone du condenseur,Y,
Condensing Temperature Control Type,Material del Conductor,Tipo de Control de Temperatura de Condensación,Type de Contrôle de la Température de Condensation,Type de Contrôle de la Température de Condensation,Y,
Conductivity,Nombre de Lista de Conectores,Conductividad térmica,Conductivité,Conductivité thermique,Y,Y
Conductivity Coefficient A,Considerar Pérdida de Transformador para Costo de Servicios,Coeficiente A de Conductividad,Coefficient de conductivité A,Coefficient A de conductivité thermique,Y,Y
Conductivity Coefficient B,Tasa de Pérdida de Calor Constante a Través de la Envoltura,Coeficiente B de Conductividad,Coefficient de Conductivité B,Coefficient B de conductivité,Y,Y
Conductivity Coefficient C,Hora de Inicio Constante,Coeficiente C de Conductividad,Coefficient de conductivité C,Coefficient de conductivité C,Y,
Conductivity of Dry Soil,Temperatura Constante,Conductividad del Suelo Seco,Conductivité du sol sec,Conductivité du sol sec,Y,
Conductor Material,Coeficiente de Temperatura Constante,Material del Conductor,Matériau du conducteur,Matériau conducteur,Y,Y
Connector List Name,Gradiente de Temperatura Constante durante Enfriamiento,Nombre de Lista de Conectores,Nom de la liste de connecteurs,Nom de la liste de connecteurs,Y,
Consider Transformer Loss for Utility Cost,Gradiente de Temperatura Constante durante Calefacción,Considerar Pérdida de Transformador para Costo de Servicios,Tenir compte de la perte du transformateur pour le coût d'électricité,Considérer la perte du transformateur pour le coût de l'électricité,Y,Y
Constant Minimum Air Flow Fraction,Fracción de Caudal Mínimo de Aire Constante,Fracción de Flujo de Aire Mínimo Constante,Fraction constante de débit d'air minimum,Fraction d'air minimum constant,Y,Y
Constant Skin Loss Rate,Nombre de Programa de Temperatura Constante,Tasa de Pérdida Térmica Constante en la Piel,Taux de perte thermique constant à la surface,Débit de perte calorifique constant de la surface,Y,Y
Constant Start Time,Fracción Molar del Constituyente,Hora de Inicio Constante,Heure de démarrage constante,Heure de Démarrage Constante,Y,Y
Constant Temperature,Nombre del Componente,Temperatura Constante,Température Constante,Température Constante,Y,
Constant Temperature Coefficient,Construcción,Coeficiente de Temperatura Constante,Coefficient de Température Constant,Coefficient de Température Constant,Y,
Constant Temperature Gradient during Cooling,Nombre de Construcción,Gradiente de Temperatura Constante durante Enfriamiento,Gradient de température constant pendant le refroidissement,Gradient de Température Constant lors du Refroidissement,Y,Y
Constant Temperature Gradient during Heating,Nombre del Objeto de Construcción,Gradiente de Temperatura Constante durante Calefacción,Gradient de Température Constant pendant le Chauffage,Gradient de Température Constant en Chauffage,Y,Y
Constant Temperature Schedule Name,Estándar de Construcción,Nombre de Programa de Temperatura Constante,Nom de l'horaire à température constante,Nom de l'Horaire à Température Constante,Y,Y
Constant Term Coefficient,Coeficiente del Término Constante,Coeficiente de Término Constante,Coefficient du terme constant,Coefficient du Terme Constant,Y,Y
Constituent Molar Fraction,Fuente de Norma de Construcción,Fracción Molar del Constituyente,Fraction molaire du constituant,Fraction molaire du constituant,Y,
Constituent Name,Construcción con Nombre de Sombreado,Nombre del Constituyente,Nom du constituant,Nom du constituant,Y,
Construction,Unidad de Consumo,Construcción,Construction,Construction,Y,
Construction Name,Factor de Conversión de Unidad de Consumo,Nombre de la Construcción,Nom de la construction,Nom de la construction,Y,
Construction Object Name,Contingencia,Nombre del Objeto de Construcción,Nom de l'objet Construction,Nom de l'objet Construction,Y,
Construction Standard,Tarifa del Contratista,Estándar de Construcción,Norme de construction,Construction Standard,Y,Y
Construction Standard Source,Algoritmo de Control,Fuente de Construcción Estándar,Source de norme de construction,Source de Norme de Construction,Y,Y
Construction with Shading Name,Control Para Aire Exterior,Nombre de Construcción con Sombreado,Construction avec nom d'ombrage,Nom de la Construction avec Protection,Y,Y
Consumption Unit,Control de la Humedad Interior Alta Basado en la Relación de Humedad Exterior,Unidad de Consumo,Unité de consommation,Unité de consommation,Y,
Consumption Unit Conversion Factor,Método de Control,Factor de Conversión de Unidades de Consumo,Facteur de conversion d'unité de consommation,Facteur de conversion de l'unité de consommation,Y,Y
Contingency,Nombre del Objeto de Control,Contingencia,Contingence,Marge de sécurité,Y,Y
Contractor Fee,Tipo de Objeto de Control,Tarifa del Contratista,Frais d'entrepreneur,Frais d'entrepreneur,Y,
Control Algorithm,Opción de Control,Algoritmo de Control,Algorithme de contrôle,Algorithme de Contrôle,Y,Y
Control For Outdoor Air,Altura del Sensor de Control 1 en Tanque Estratificado,Control de Aire Exterior,Contrôle de l'air extérieur,Contrôle de l'Air Extérieur,Y,Y
Control High Indoor Humidity Based on Outdoor Humidity Ratio,Peso del Sensor de Control 1,Controlar Humedad Interior Alta Basado en Relación de Humedad Exterior,Contrôler l'humidité intérieure élevée basée sur le rapport d'humidité extérieur,Contrôle de l'humidité intérieure élevée basé sur le rapport d'humidité extérieur,Y,Y
Control Method,Altura del Sensor de Control 2 en Depósito Estratificado,Método de Control,Méthode de contrôle,Méthode de contrôle,Y,
Control Object Name,Ubicación del Sensor de Control en Tanque Estratificado,Nombre del Objeto de Control,Nom de l'objet de contrôle,Nom de l'Objet de Contrôle,Y,Y
Control Object Type,Tipo de Control,Tipo de Objeto de Control,Type d'objet de contrôle,Type d'objet de contrôle,Y,
Control Option,Zona de Control,Opción de Control,Option de contrôle,Option de contrôle,Y,
Control Sensor 1 Height In Stratified Tank,Nombre de Zona de Control o Lista de Zonas,Altura del Sensor de Control 1 en Tanque Estratificado,Hauteur du Capteur de Commande 1 dans le Réservoir Stratifié,Hauteur du capteur de contrôle 1 dans le réservoir stratifié,Y,Y
Control Sensor 1 Weight,Zona Controlada,Peso del Sensor de Control 1,Poids du capteur de contrôle 1,Poids du Capteur de Contrôle 1,Y,Y
Control Sensor 2 Height In Stratified Tank,Nombre de Zona Controlada,Altura del Sensor de Control 2 en Tanque Estratificado,Hauteur du Capteur de Contrôle 2 dans le Réservoir Stratifié,Hauteur du Capteur de Contrôle 2 dans le Réservoir Stratifié,Y,
Control Sensor Location In Stratified Tank,Tolerancia de Convergencia del Controlador,Ubicación del Sensor de Control en Tanque Estratificado,Localisation du Capteur de Contrôle dans le Réservoir Stratifié,Localisation du capteur de contrôle dans le réservoir stratifié,Y,Y
Control Type,Nombre de Lista de Controlador,Tipo de Control,Type de contrôle,Type de Contrôle,Y,Y
Control Variable,Variable de Control,Variable de Control,Variable de contrôle,Variable de contrôle,,
Control Zone,Controlador de Ventilación Mecánica,Zona de Control,Zone de Contrôle,Zone de contrôle,Y,Y
Control Zone Name,Nombre de la Zona de Control,Nombre de la Zona de Control,Nom de la zone de contrôle,Nom de la Zone de Contrôle,,Y
Control Zone or Zone List Name,Nombre del Controlador,Nombre de Zona de Control o Lista de Zonas,Nom de la zone de contrôle ou de la liste de zones,Nom de la Zone de Contrôle ou Liste de Zones,Y,Y
Controlled Zone,Zona de Control o Ubicación del Termostato,Zona Controlada,Zone Contrôlée,Zone contrôlée,Y,Y
Controlled Zone Name,Coeficiente de Convección 1,Nombre de Zona Controlada,Nom de la zone contrôlée,Nom de la Zone Contrôlée,Y,Y
Controller Convergence Tolerance,Ubicación del Coeficiente de Convección 1,Tolerancia de Convergencia del Controlador,Tolérance de convergence du contrôleur,Tolérance de Convergence du Contrôleur,Y,Y
Controller List Name,Nombre del Programa de Coeficiente de Convección 1,Nombre de Lista de Controladores,Nom de la liste de contrôleur,Nom de la Liste de Contrôleurs,Y,Y
Controller Mechanical Ventilation,Tipo de Coeficiente de Convección 1,Controlador de Ventilación Mecánica,Contrôleur de Ventilation Mécanique,Contrôleur de Ventilation Mécanique,Y,
Controller Name,Nombre de Curva de Usuario del Coeficiente de Convección 1,Nombre del Controlador,Nom du contrôleur,Nom du contrôleur,Y,
Controlling Zone or Thermostat Location,Coeficiente de Convección 2,Zona de Control o Ubicación del Termostato,Contrôle de la zone ou de l'emplacement du thermostat,Zone de contrôle ou localisation du thermostat,Y,Y
Convection Coefficient 1,Ubicación del Coeficiente de Convección 2,Coeficiente de Convección 1,Coefficient de convection 1,Coefficient de Convection 1,Y,Y
Convection Coefficient 1 Location,Nombre del Programa de Coeficiente de Convección 2,Ubicación del Coeficiente de Convección 1,Emplacement du coefficient de convection 1,Emplacement du Coefficient de Convection 1,Y,Y
Convection Coefficient 1 Schedule Name,Tipo de Coeficiente de Convección 2,Nombre de Calendario de Coeficiente de Convección 1,Nom du programme du coefficient de convection 1,Nom de l'horaire du coefficient de convection 1,Y,Y
Convection Coefficient 1 Type,Nombre de Curva de Usuario del Coeficiente de Convección 2,Tipo de Coeficiente de Convección 1,Type de Coefficient de Convection 1,Type de Coefficient de Convection 1,Y,
Convection Coefficient 1 User Curve Name,Límite de Aceleración de Convergencia,Nombre de Curva de Usuario del Coeficiente de Convección 1,Nom de la courbe utilisateur du coefficient de convection 1,Nom de la courbe utilisateur du coefficient de convection 1,Y,
Convection Coefficient 2,Modo de Entrada de Eficiencia de Conversión,Coeficiente de Convección 2,Coefficient de Convection 2,Coefficient de Convection 2,Y,
Convection Coefficient 2 Location,Opción de Factor de Conversión,Ubicación del Coeficiente de Convección 2,Emplacement du coefficient de convection 2,Emplacement du Coefficient de Convection 2,Y,Y
Convection Coefficient 2 Schedule Name,Convertir a Masa Interna,Nombre de Calendario de Coeficiente de Convección 2,Nom de l'agenda du coefficient de convection 2,Nom de l'Horaire du Coefficient de Convection 2,Y,Y
Convection Coefficient 2 Type,Tipo de Viga Refrigerada,Tipo de Coeficiente de Convección 2,Convection Coefficient 2 Type,Type de Coefficient de Convection 2,Y,Y
Convection Coefficient 2 User Curve Name,Efectividad de Diseño del Enfriador,Nombre de Curva de Usuario del Coeficiente de Convección 2,Nom de la courbe utilisateur du coefficient de convection 2,Nom de la courbe utilisateur du coefficient de convection 2,Y,
Convergence Acceleration Limit,Efectividad del Diseño de Bulbo Seco del Enfriador,Límite de Aceleración de Convergencia,Limite d'accélération de la convergence,Limite d'accélération de la convergence,Y,
Convergence Tolerance,Tolerancia de Convergencia,Tolerancia de Convergencia,Tolérance de Convergence,Tolérance de Convergence,,
Conversion Efficiency Input Mode,Relación de Flujo del Enfriador,Modo de Entrada de Eficiencia de Conversión,Mode d'entrée de l'efficacité de conversion,Mode d'entrée du rendement de conversion,Y,Y
Conversion Factor Choice,Enfriador Efectividad Máxima,Factor de Conversión Seleccionado,Choix du Facteur de Conversion,Choix du Facteur de Conversion,Y,
Convert to Internal Mass,Nombre del Nodo de Salida del Enfriador,Convertir a Masa Térmica Interna,Convertir en Masse Interne,Convertir en Masse Thermique Interne,Y,Y
Cooled Beam Type,Método de Control de Unidad Enfriadora,Tipo de Viga Refrigerada,Type de poutre froide,Type de plafond rafraîchissant,Y,Y
Cooler Design Effectiveness,Modo de Enfriamiento y Carga Disponible,Efectividad de Diseño del Enfriador,Efficacité de Conception du Refroidisseur,Efficacité nominale du refroidisseur,Y,Y
Cooler Drybulb Design Effectiveness,Factor de Dimensionamiento de Capacidad en Modo de Enfriamiento y Carga,Efectividad de Diseño de Bulbo Seco del Enfriador Evaporativo,Efficacité de conception du refroidisseur à température sèche,Efficacité Nominale de Refroidissement Thermique Sèche,Y,Y
Cooler Flow Ratio,COP Nominal de Carga en Modo de Enfriamiento y Carga,Fracción de Flujo del Enfriador,Ratio de débit du refroidisseur,Rapport de débit du refroidisseur,Y,Y
Cooler Maximum Effectiveness,COP Nominal de Enfriamiento en Modo de Enfriamiento y Carga,Efectividad Máxima del Enfriador,Efficacité Maximale du Refroidisseur,Efficacité maximale du refroidisseur,Y,Y
Cooler Outlet Node Name,Función de Razón de Entrada de Energía del Evaporador en Modo de Enfriamiento y Carga en términos de Fracción de Flujo,Nombre del Nodo de Salida del Enfriador Evaporativo,Nom du nœud de sortie du refroidisseur,Nom du Nœud de Sortie du Refroidisseur Évaporatif,Y,Y
Cooler Unit Control Method,Razón de Entrada Energética del Evaporador en Modo de Enfriamiento y Carga - Función de Curva de Temperatura,Método de Control de la Unidad Enfriadora,Méthode de Commande du Refroidisseur,Méthode de commande de l'unité de refroidisseur,Y,Y
Cooling And Charge Mode Available,Curva de Correlación de Fracción de Carga Parcial del Evaporador en Modo de Enfriamiento y Carga,Modo de Enfriamiento y Carga Disponible,Mode Refroidissement et Charge Disponible,Mode Refroidissement et Charge Disponible,Y,
Cooling And Charge Mode Capacity Sizing Factor,Relación de Calor Sensible Nominal en Modo de Enfriamiento y Carga,Factor de Dimensionamiento de Capacidad en Modo de Enfriamiento y Carga,Facteur de dimensionnement de la capacité en mode refroidissement et charge,Facteur de dimensionnement de la capacité en mode refroidissement et charge,Y,
Cooling And Charge Mode Charging Rated COP,Capacidad de Carga de Almacenamiento Nominal en Modo de Enfriamiento y Carga,COP de Carga Nominal en Modo de Enfriamiento y Carga,Coefficient de Performance Nominal du Mode Refroidissement et Charge,COP Nominal du Mode Refroidissement et Charge pour la Charge,Y,Y
Cooling And Charge Mode Cooling Rated COP,Capacidad de Enfriamiento Evaporador Total Clasificada en Modo de Enfriamiento y Carga,Coeficiente de Desempeño Nominal de Enfriamiento en Modo de Enfriamiento y Carga,COP nominal en mode refroidissement avec charge,COP nominal refroidissement en mode Refroidissement et Charge,Y,Y
Cooling And Charge Mode Evaporator Energy Input Ratio Function of Flow Fraction Curve,Curva de Relación de Calor Sensible en Modo de Enfriamiento y Carga en Función de la Fracción de Flujo,Curva de Razón de Entrada de Energía del Evaporador en Modo de Enfriamiento y Carga en Función de la Fracción de Flujo,Courbe du rapport d'efficacité énergétique de l'évaporateur en mode refroidissement et charge en fonction de la fraction de débit,Courbe du Ratio d'Entrée Énergétique de l'Évaporateur en Mode de Refroidissement et de Charge en Fonction de la Fraction de Débit,Y,Y
Cooling And Charge Mode Evaporator Energy Input Ratio Function of Temperature Curve,Función de Relación de Calor Sensible en Modo de Enfriamiento y Carga en función de la Curva de Temperatura,Curva de Relación de Entrada de Energía del Evaporador en Modo de Enfriamiento y Carga en Función de la Temperatura,Courbe de la Fonction du Rapport d'Entrée d'Énergie de l'Évaporateur en Mode de Refroidissement et de Charge en Fonction de la Température,Courbe de la fonction du rapport d'entrée énergétique de l'évaporateur en mode refroidissement et charge en fonction de la température,Y,Y
Cooling And Charge Mode Evaporator Part Load Fraction Correlation Curve,Factor de Dimensionamiento de la Capacidad de Almacenamiento en Modo de Enfriamiento y Carga,Curva de Correlación de Fracción de Carga Parcial del Evaporador en Modo de Enfriamiento y Carga,Courbe de Corrélation de la Fraction de Charge Partielle de l'Évaporateur en Mode Refroidissement et Charge,Courbe de Corrélation de la Fraction de Charge Partielle de l'Évaporateur en Mode de Refroidissement et de Charge,Y,Y
Cooling And Charge Mode Rated Sensible Heat Ratio,Función de Capacidad de Carga en Modo de Enfriamiento y Carga en Función de la Curva de Temperatura,Relación de Calor Sensible Nominal en Modo Enfriamiento y Carga,Ratio de Chaleur Sensible Nominal en Mode Refroidissement et Charge,Rapport de Chaleur Sensible Nominal en Mode Refroidissement et Charge,Y,Y
Cooling And Charge Mode Rated Storage Charging Capacity,Función de Capacidad de Carga en Modo de Refrigeración y Carga vs Curva de PLR Total del Evaporador,Capacidad Nominal de Carga de Almacenamiento en Modo de Enfriamiento y Carga,Capacité de Charge de Stockage Nominale en Mode Refroidissement et Charge,Capacité de Charge de Stockage Nominale en Mode Refroidissement et Charge,Y,
Cooling And Charge Mode Rated Total Evaporator Cooling Capacity,Relación de Entrada de Energía de Almacenamiento en Modo de Enfriamiento y Carga en Función de la Curva de Fracción de Flujo,Capacidad de Enfriamiento Total Evaporador Nominal en Modo Enfriamiento y Carga,Capacité de refroidissement nominale totale de l'évaporateur en mode de refroidissement et de charge,Capacité de refroidissement totale de l'évaporateur en mode de refroidissement et de charge nominale,Y,Y
Cooling And Charge Mode Sensible Heat Ratio Function of Flow Fraction Curve,Relación de Entrada de Energía en Modo de Enfriamiento y Carga del Almacenamiento en Función de la Curva de Temperatura,Curva de Razón de Calor Sensible en Modo de Enfriamiento y Carga en Función de la Fracción de Flujo,Courbe du rapport de chaleur sensible en mode refroidissement et charge en fonction de la fraction de débit,Courbe du Rapport de Chaleur Sensible en Mode Refroidissement et Charge en Fonction de la Fraction de Débit,Y,Y
Cooling And Charge Mode Sensible Heat Ratio Function of Temperature Curve,Curva de Correlación de Fracción de Carga Parcial de Energía de Almacenamiento en Modo de Enfriamiento y Carga,Curva de Función de Razón de Calor Sensible en Modo de Enfriamiento y Carga en Función de la Temperatura,Courbe de la fonction du rapport de chaleur sensible en mode refroidissement et charge en fonction de la température,Courbe du Ratio de Chaleur Sensible en Mode Refroidissement et Charge en Fonction de la Température,Y,Y
Cooling And Charge Mode Storage Capacity Sizing Factor,Curva de Fracción de Flujo de la Capacidad Total de Enfriamiento del Evaporador en Modo de Enfriamiento y Carga,Factor de Dimensionamiento de la Capacidad de Almacenamiento en Modo de Enfriamiento y Carga,Facteur de dimensionnement de la capacité de stockage en mode refroidissement et charge,Facteur de dimensionnement de la capacité de stockage en mode refroidissement et charge,Y,
Cooling And Charge Mode Storage Charge Capacity Function of Temperature Curve,Función de Curva de Capacidad Total de Enfriamiento del Evaporador en Modo de Enfriamiento y Carga de Temperatura,Curva de Función de Capacidad de Carga de Almacenamiento en Modo de Enfriamiento y Carga en Función de la Temperatura,Courbe de la fonction de capacité de charge du stockage en mode refroidissement et charge en fonction de la température,Courbe de la Capacité de Charge en Mode Refroidissement et Charge en Fonction de la Température,Y,Y
Cooling And Charge Mode Storage Charge Capacity Function of Total Evaporator PLR Curve,Modo de Enfriamiento y Descarga Disponible,Curva de Capacidad de Carga de Almacenamiento en Modo de Enfriamiento y Carga en Función del PLR Total del Evaporador,Courbe de la fonction de capacité de charge de stockage en mode refroidissement et charge en fonction du TER total de l'évaporateur,Courbe de Capacité de Charge de Stockage en Mode Refroidissement et Charge en Fonction du PLR Total de l'Évaporateur,Y,Y
Cooling And Charge Mode Storage Energy Input Ratio Function of Flow Fraction Curve,COP Nominal de Refrigeración en Modo de Refrigeración y Descarga,Curva de Función de Razón de Entrada de Energía de Almacenamiento en Modo de Enfriamiento y Carga respecto a la Fracción de Flujo,Courbe du ratio d'entrée énergétique du stockage en mode refroidissement et charge en fonction de la fraction de débit,Courbe du Ratio d'Entrée Énergétique en Mode de Refroidissement et de Charge en Fonction de la Fraction de Débit,Y,Y
Cooling And Charge Mode Storage Energy Input Ratio Function of Temperature Curve,Coeficiente de Rendimiento Nominal del Modo de Enfriamiento y Descarga en Descarga,Función de Relación de Entrada de Energía en Modo de Enfriamiento y Carga de Almacenamiento según la Temperatura,Courbe de la fonction du ratio d'énergie d'entrée du stockage en mode refroidissement et charge en fonction de la température,Courbe de la fonction du rapport d'entrée énergétique en mode refroidissement et charge en fonction de la température,Y,Y
Cooling And Charge Mode Storage Energy Part Load Fraction Correlation Curve,Factor de Dimensionamiento de la Capacidad del Evaporador en Modo de Enfriamiento y Descarga,Curva de Correlación de Fracción de Carga Parcial de Energía de Almacenamiento en Modo de Enfriamiento y Carga,Courbe de corrélation de la fraction de charge partielle de l'énergie stockée en mode refroidissement et charge,Courbe de Corrélation de la Fraction de Charge Partielle pour l'Énergie de Stockage en Mode Refroidissement et Charge,Y,Y
Cooling And Charge Mode Total Evaporator Cooling Capacity Function of Flow Fraction Curve,Razón de Entrada de Energía del Evaporador en Modo de Enfriamiento y Descarga en Función de la Curva de Fracción de Flujo,Curva de Capacidad de Enfriamiento Total del Evaporador en Función de la Fracción de Flujo en Modo de Enfriamiento y Carga,Courbe de Capacité de Refroidissement Totale de l'Évaporateur en Mode Refroidissement et Charge en Fonction de la Fraction de Débit,Courbe de Capacité de Refroidissement Totale de l'Évaporateur en Mode Refroidissement et Charge en Fonction de la Fraction de Débit,Y,
Cooling And Charge Mode Total Evaporator Cooling Capacity Function of Temperature Curve,Función de Razón de Entrada de Energía del Evaporador en Modo de Enfriamiento y Descarga en Función de la Curva de Temperatura,Curva de Capacidad Total de Enfriamiento del Evaporador en Función de la Temperatura en Modo de Enfriamiento y Carga,Courbe de Fonction de Capacité de Refroidissement Total de l'Évaporateur en Mode de Refroidissement et de Charge par Rapport à la Température,Courbe de la Capacité de Refroidissement Totale de l'Évaporateur en Mode Refroidissement et Charge en Fonction de la Température,Y,Y
Cooling And Discharge Mode Available,Curva de Correlación de Fracción de Carga Parcial del Evaporador en Modo de Enfriamiento y Descarga,Modo de Enfriamiento y Descarga Disponible,Mode Refroidissement et Décharge Disponible,Mode de refroidissement et décharge simultané disponible,Y,Y
Cooling And Discharge Mode Cooling Rated COP,Relación de Calor Sensible Nominal en Modo de Enfriamiento y Descarga,COP Refrigeración en Modo Refrigeración y Descarga,Refroidissement et Mode de Décharge COP Nominal de Refroidissement,COP Nominal en Mode Refroidissement et Décharge,Y,Y
Cooling And Discharge Mode Discharging Rated COP,Capacidad de Descarga de Almacenamiento Nominal en Modo de Enfriamiento y Descarga,COP de Descarga Clasificado en Modo Enfriamiento y Descarga,Coefficient de Performance Nominal en Mode Refroidissement et Décharge,COP nominal décharge en mode refroidissement et décharge,Y,Y
Cooling And Discharge Mode Evaporator Capacity Sizing Factor,Capacidad de Enfriamiento Total del Evaporador Nominal en Modo de Enfriamiento y Descarga,Factor de Dimensionamiento de la Capacidad del Evaporador en Modo Enfriamiento y Descarga,Facteur de dimensionnement de la capacité de l'évaporateur en mode refroidissement et décharge,Facteur de dimensionnement de la capacité de l'évaporateur en mode refroidissement et décharge,Y,
Cooling And Discharge Mode Evaporator Energy Input Ratio Function of Flow Fraction Curve,Función de Relación de Calor Sensible en Modo de Enfriamiento y Descarga en función de la Curva de Fracción de Flujo,Curva de Función de Relación de Entrada de Energía del Evaporador en Modo de Enfriamiento y Descarga en Función de la Fracción de Flujo,Courbe du rapport d'apport énergétique de l'évaporateur en mode refroidissement et décharge en fonction de la fraction de débit,Courbe du Rapport d'Entrée d'Énergie de l'Évaporateur en Mode Refroidissement et Décharge en Fonction de la Fraction de Débit,Y,Y
Cooling And Discharge Mode Evaporator Energy Input Ratio Function of Temperature Curve,Función de Razón de Calor Sensible en Modo de Enfriamiento y Descarga respecto a la Curva de Temperatura,Curva de Relación de Entrada de Energía del Evaporador en Modo de Enfriamiento y Descarga en Función de la Temperatura,Courbe de la fonction du ratio d'entrée énergétique de l'évaporateur en mode refroidissement et décharge en fonction de la température,Courbe de la fonction du rapport d'entrée énergétique de l'évaporateur en mode refroidissement et décharge en fonction de la température,Y,Y
Cooling And Discharge Mode Evaporator Part Load Fraction Correlation Curve,Función de Capacidad de Descarga del Almacenamiento en Modo de Enfriamiento y Descarga en Función de la Fracción de Flujo,Curva de Correlación de Fracción de Carga Parcial del Evaporador en Modo de Enfriamiento y Descarga,Courbe de Corrélation de la Fraction de Charge Partielle de l'Évaporateur en Mode Refroidissement et Décharge,Courbe de corrélation de la fraction de charge partielle de l'évaporateur en mode refroidissement et décharge,Y,Y
Cooling And Discharge Mode Rated Sensible Heat Ratio,Función de Capacidad de Descarga en Modo de Enfriamiento y Descarga respecto a la Curva de Temperatura,Relación de Calor Sensible Nominal en Modo Enfriamiento y Descarga,Rapport de chaleur sensible nominal en mode refroidissement et décharge,Rapport de Chaleur Sensible Nominal en Mode Refroidissement et Décharge,Y,Y
Cooling And Discharge Mode Rated Storage Discharging Capacity,Curva de Función de Capacidad de Descarga en Modo de Refrigeración y Descarga según PLR Total del Evaporador,Capacidad de Descarga de Almacenamiento Nominal en Modo Enfriamiento y Descarga,Capacité de Décharge Nominale en Mode Refroidissement et Décharge,Capacité nominale de décharge en mode Refroidissement et Décharge,Y,Y
Cooling And Discharge Mode Rated Total Evaporator Cooling Capacity,Factor de Dimensionamiento de Capacidad de Descarga del Almacenamiento en Modo de Enfriamiento y Descarga,Capacidad Nominal de Enfriamiento Total del Evaporador en Modo de Enfriamiento y Descarga,Capacité de refroidissement totale de l'évaporateur nominale en mode refroidissement et décharge,Capacité de refroidissement totale du condenseur nominale en mode refroidissement et décharge,Y,Y
Cooling And Discharge Mode Sensible Heat Ratio Function of Flow Fraction Curve,Curva de Relación de Entrada de Energía de Almacenamiento en Modo de Enfriamiento y Descarga en Función de la Fracción de Flujo,Curva de Función de Relación de Calor Sensible en Modo de Enfriamiento y Descarga Respecto a Fracción de Caudal,Courbe du Ratio de Chaleur Sensible en Mode de Refroidissement et Décharge en Fonction de la Fraction de Débit,Courbe de Rapport de Chaleur Sensible en Mode Refroidissement et Décharge en Fonction de la Fraction de Débit,Y,Y
Cooling And Discharge Mode Sensible Heat Ratio Function of Temperature Curve,Función de Relación de Entrada de Energía de Almacenamiento en Modo de Enfriamiento y Descarga en Función de la Curva de Temperatura,Curva de Función de Razón de Calor Sensible en Modo Enfriamiento y Descarga vs Temperatura,Fonction du Ratio de Chaleur Sensible en Mode Refroidissement et Décharge en fonction de la Courbe de Température,Courbe de Rapport de Chaleur Sensible en Mode Refroidissement et Décharge Fonction de la Température,Y,Y
Cooling And Discharge Mode Storage Discharge Capacity Function of Flow Fraction Curve,Curva de Correlación de Fracción de Carga Parcial de Energía de Almacenamiento en Modo de Enfriamiento y Descarga,Curva de Capacidad de Descarga en Modo de Enfriamiento y Descarga en Función de la Fracción de Flujo,Courbe de la Capacité de Décharge du Stockage en Mode de Refroidissement et de Décharge en Fonction de la Fraction de Débit,Courbe de la Capacité de Décharge du Stockage en Mode de Refroidissement et Décharge en Fonction de la Fraction de Débit,Y,Y
Cooling And Discharge Mode Storage Discharge Capacity Function of Temperature Curve,Función de Fracción de Flujo de Capacidad de Enfriamiento Total del Evaporador en Modo de Enfriamiento y Descarga,Curva de Capacidad de Descarga del Almacenamiento en Modo Enfriamiento y Descarga en Función de la Temperatura,Courbe de la fonction de capacité de décharge du stockage en mode refroidissement et décharge en fonction de la température,Courbe de la Capacité de Décharge en Mode Refroidissement et Décharge en Fonction de la Température,Y,Y
Cooling And Discharge Mode Storage Discharge Capacity Function of Total Evaporator PLR Curve,Función de Curva de Capacidad de Enfriamiento Total del Evaporador en Modo de Enfriamiento y Descarga en Función de la Temperatura,Curva de Capacidad de Descarga en Modo Refrigeración y Descarga en Función del PLR Total del Evaporador,Courbe de capacité de décharge du stockage en mode refroidissement et décharge en fonction du PLR total de l'évaporateur,Courbe de Capacité de Décharge de Stockage en Mode Refroidissement et Décharge en Fonction du PLR Total de l'Évaporateur,Y,Y
Cooling And Discharge Mode Storage Discharge Capacity Sizing Factor,Nombre de Programa de Disponibilidad de Enfriamiento,Factor de Dimensionamiento de la Capacidad de Descarga de Almacenamiento en Modo Enfriamiento y Descarga,Facteur de dimensionnement de la capacité de décharge du mode de refroidissement et décharge,Facteur de dimensionnement de la capacité de décharge du stockage en mode refroidissement et décharge,Y,Y
Cooling And Discharge Mode Storage Energy Input Ratio Function of Flow Fraction Curve,Nombre de la Curva de Capacidad de Enfriamiento,Función de Relación de Entrada de Energía en Modo de Enfriamiento y Descarga en Función de la Fracción de Flujo,Courbe du ratio d'entrée énergétique de stockage en mode refroidissement et décharge en fonction de la fraction de débit,Courbe du Rapport d'Entrée Énergétique du Stockage en Mode Refroidissement et Décharge en Fonction de la Fraction de Débit,Y,Y
Cooling And Discharge Mode Storage Energy Input Ratio Function of Temperature Curve,Curva Modificadora de la Capacidad de Enfriamiento en Función de la Fracción de Caudal,Función de Curva de Relación de Entrada de Energía en Modo de Enfriamiento y Descarga del Almacenamiento según Temperatura,Courbe du ratio d'entrée énergétique en mode de refroidissement et décharge en fonction de la température,Courbe de Fonction du Rapport d'Entrée Énergétique en Mode de Refroidissement et Décharge Thermique,Y,Y
Cooling And Discharge Mode Storage Energy Part Load Fraction Correlation Curve,Nombre de la Curva de Límite de Relación de Capacidad de Enfriamiento,Curva de Correlación de Fracción de Carga Parcial de Energía de Almacenamiento en Modo de Enfriamiento y Descarga,Courbe de Corrélation de la Fraction de Charge Partielle de l'Énergie en Mode de Refroidissement et de Décharge de Stockage,Courbe de corrélation de la fraction de charge partielle de l'énergie stockée en mode refroidissement et décharge,Y,Y
Cooling And Discharge Mode Total Evaporator Cooling Capacity Function of Flow Fraction Curve,Nombre de la Curva Modificadora de la Relación de Capacidad de Enfriamiento en Función de Temperatura Alta,Curva de Capacidad Total de Enfriamiento del Evaporador en Función de la Fracción de Flujo en Modo de Enfriamiento y Descarga,Courbe de la fonction de capacité de refroidissement totale de l'évaporateur en mode refroidissement et décharge en fonction de la fraction de débit,Courbe de la Capacité de Refroidissement Totale de l'Évaporateur en Mode de Refroidissement et Décharge en Fonction de la Fraction de Débit,Y,Y
Cooling And Discharge Mode Total Evaporator Cooling Capacity Function of Temperature Curve,Nombre de Función Modificadora de Relación de Capacidad de Enfriamiento en Función de Curva de Temperatura Baja,Curva de Capacidad de Enfriamiento Total del Evaporador en Función de la Temperatura - Modo de Enfriamiento y Descarga,Courbe de fonction de la capacité de refroidissement totale de l'évaporateur en mode de refroidissement et de décharge,Courbe de la capacité frigorifique totale de l'évaporateur en mode refroidissement et décharge en fonction de la température,Y,Y
Cooling Availability Schedule Name,Función Modificadora de la Relación de Capacidad de Enfriamiento en Función de la Temperatura,Nombre de la Programación de Disponibilidad de Enfriamiento,Nom de l'emploi du temps de disponibilité du refroidissement,Nom du calendrier de disponibilité pour refroidissement,Y,Y
Cooling Capacity Curve Name,Serpentín de Enfriamiento,Nombre de Curva de Capacidad de Enfriamiento,Nom de la courbe de capacité de refroidissement,Nom de la courbe de capacité de refroidissement,Y,
Cooling Capacity Function of Temperature Curve Name,Curva de Capacidad de Enfriamiento en Función de Temperatura,Nombre de Curva de Función de Capacidad de Enfriamiento en Función de Temperatura,Nom de la Courbe de la Fonction de Capacité de Refroidissement en Fonction de la Température,Nom de la courbe Fonction de la capacité de refroidissement en fonction de la température,Y,Y
Cooling Capacity Modifier Curve Function of Flow Fraction,Nombre de la Bobina de Enfriamiento,Curva Modificadora de Capacidad de Enfriamiento en Función de la Fracción de Flujo,Courbe de modification de la capacité de refroidissement en fonction de la fraction de débit,Courbe de Modification de la Capacité Frigorifique en Fonction de la Fraction de Débit,Y,Y
Cooling Capacity Ratio Boundary Curve Name,Tipo de Objeto de Bobina de Enfriamiento,Nombre de Curva Límite de Relación de Capacidad de Enfriamiento,Nom de la courbe limite du rapport de capacité de refroidissement,Nom de la courbe limite du rapport de capacité frigorifique,Y,Y
Cooling Capacity Ratio Modifier Function of High Temperature Curve Name,Nombre de Curva de Factor de Corrección de Razón de Combinación de Enfriamiento,Nombre de Curva de Función Modificadora de Relación de Capacidad de Enfriamiento a Temperatura Alta,Nom de la courbe modificatrice du rapport de capacité de refroidissement en fonction de la température élevée,Nom de la courbe de modificateur du rapport de capacité frigorifique à hautes températures,Y,Y
Cooling Capacity Ratio Modifier Function of Low Temperature Curve Name,Nombre de la Curva de Potencia del Compresor de Enfriamiento,Nombre de la Curva Modificadora de la Relación de Capacidad de Enfriamiento en Función de Temperatura Baja,Nom de la courbe modificatrice du rapport de capacité de refroidissement en fonction de la basse température,Nom de la courbe de modificateur du ratio de capacité de refroidissement en fonction de la température basse,Y,Y
Cooling Capacity Ratio Modifier Function of Temperature Curve,Nombre del Programa de Temperatura de Control de Enfriamiento,Función Modificadora del Cociente de Capacidad de Enfriamiento en Función de la Temperatura,Fonction modificatrice du rapport de capacité de refroidissement en fonction de la température,Courbe de modification du ratio de capacité frigorifique en fonction de la température,Y,Y
Cooling Coil,Rango de Amortiguamiento del Control de Enfriamiento,Serpentín de Enfriamiento,Serpentin de refroidissement,Serpentin de refroidissement,Y,
Cooling Coil Name,Nombre de Zona de Control de Enfriamiento o Lista de Zonas,Nombre de la Bobina de Enfriamiento,Nom de la batterie de refroidissement,Nom de la bobine de refroidissement,Y,Y
Cooling Coil Object Type,Tolerancia de Convergencia de Enfriamiento,Tipo de Objeto de Serpentín de Enfriamiento,Type d'objet de serpentin de refroidissement,Type d'objet bobine de refroidissement,Y,Y
Cooling Combination Ratio Correction Factor Curve Name,Capacidad de Diseño de Enfriamiento,Nombre de la Curva de Factor de Corrección de la Relación de Combinación de Enfriamiento,Nom de la courbe de facteur de correction du rapport de combinaison de refroidissement,Nom de la courbe de correction du facteur de rapport de combinaison en refroidissement,Y,Y
Cooling Compressor Power Curve Name,Método de Capacidad de Diseño de Enfriamiento,Nombre de la Curva de Potencia del Compresor de Enfriamiento,Nom de la courbe de puissance du compresseur de refroidissement,Nom de la courbe de puissance du compresseur de refroidissement,Y,
Cooling Control Temperature Schedule Name,Capacidad de Diseño de Enfriamiento por Área de Piso,Nombre de la Programación de Temperatura de Control de Enfriamiento,Nom de l'emploi du temps de température de contrôle du refroidissement,Nom de la Planification de la Température de Consigne de Refroidissement,Y,Y
Cooling Control Throttling Range,Nombre de Curva Límite de Relación de Entrada de Energía de Enfriamiento,Rango de Estrangulación del Control de Enfriamiento,Plage d'étranglement du contrôle de refroidissement,Plage d'Étranglement du Contrôle de Refroidissement,Y,Y
Cooling Control Zone or Zone List Name,Nombre de Curva de Función de Relación de Entrada de Energía de Enfriamiento en Función de PLR,Nombre de Zona de Control de Enfriamiento o Lista de Zonas,Nom de la zone ou de la liste de zones de contrôle du refroidissement,Nom de la zone de contrôle de refroidissement ou de la liste de zones,Y,Y
Cooling Convergence Tolerance,Nombre de Curva de Función de Relación de Entrada de Energía de Enfriamiento en Función de Temperatura,Tolerancia de Convergencia en Enfriamiento,Tolérance de Convergence du Refroidissement,Tolérance de convergence refroidissement,Y,Y
Cooling COP,COP de Enfriamiento,COP de Refrigeración,COP de refroidissement,COP de refroidissement,Y,
Cooling Design Air Flow Method,Método de Diseño del Flujo de Aire de Enfriamiento,Método de Caudal de Aire de Diseño para Enfriamiento,Méthode de débit d'air de conception de refroidissement,Méthode de débit d'air de refroidissement de conception,Y,Y
Cooling Design Air Flow Rate,Caudal de Diseño de Enfriamiento,Caudal de Aire de Diseño de Refrigeración,Débit d'air de conception du refroidissement,Débit d'air de refroidissement de conception,Y,Y
Cooling Design Capacity,Nombre de Curva Modificadora de Relación de Entrada de Energía de Enfriamiento en Función de Relación de Carga Parcial Alta,Capacidad de Diseño de Enfriamiento,Capacité de refroidissement en conception,Capacité frigorifique nominale,Y,Y
Cooling Design Capacity Method,Nombre de la Curva Modificadora de la Relación de Entrada de Energía de Enfriamiento en Función de Temperatura Alta,Método de Capacidad de Diseño de Enfriamiento,Méthode de Capacité de Refroidissement en Conception,Méthode de Capacité Frigorifique de Conception,Y,Y
Cooling Design Capacity Per Floor Area,Nombre de Curva de Función Modificadora de Relación de Entrada de Energía de Enfriamiento a Baja Relación de Carga Parcial,Capacidad de Diseño de Enfriamiento por Área de Piso,Capacité de refroidissement de conception par surface de plancher,Capacité de refroidissement par unité de surface au sol,Y,Y
Cooling Energy Input Ratio Boundary Curve Name,Nombre de Función Modificadora de Relación de Entrada de Energía de Enfriamiento de Curva de Temperatura Baja,Nombre de Curva Límite de Ratio de Entrada Energética en Enfriamiento,Nom de la courbe limite du rapport d'entrée énergétique de refroidissement,Nom de la courbe limite du rapport d'entrée énergétique en refroidissement,Y,Y
Cooling Energy Input Ratio Function of PLR Curve Name,Fracción de Enfriamiento de la Tasa de Flujo de Aire de Suministro de Enfriamiento Dimensionado Automáticamente,Nombre de Curva de Relación de Entrada de Energía de Enfriamiento en Función de PLR,Nom de la courbe de fonction du ratio d'entrée d'énergie de refroidissement en fonction du PLR,Nom de la courbe de fonction du rapport d'entrée énergétique de refroidissement en fonction du PLR,Y,Y
Cooling Energy Input Ratio Function of Temperature Curve Name,Nombre del Calendario de Eficiencia Energética de Enfriamiento,Nombre de la Curva de Función de Relación de Entrada de Energía de Enfriamiento en Función de la Temperatura,Nom de la courbe de la fonction du rapport d'entrée d'énergie de refroidissement en fonction de la température,Nom de la courbe Ratio d'apport énergétique de refroidissement en fonction de la température,Y,Y
Cooling Energy Input Ratio Modifier Function of High Part-Load Ratio Curve Name,Tipo de Combustible para Enfriamiento,Nombre de Curva Modificadora de Razón de Entrada de Energía de Enfriamiento en Función de Razón de Carga Parcial Alta,Nom de la courbe du modificateur du ratio d'entrée d'énergie de refroidissement en fonction du ratio de charge partielle élevée,Nom de la courbe de modificateur du ratio d'entrée énergétique de refroidissement en fonction du rapport de charge partielle élevée,Y,Y
Cooling Energy Input Ratio Modifier Function of High Temperature Curve Name,Nombre del Programa de Temperatura de Control Máxima de Enfriamiento,Nombre de la Curva Modificadora de la Relación de Entrada de Energía de Enfriamiento en Función de Temperatura Alta,Nom de la courbe de modification du rapport d'entrée énergétique de refroidissement en fonction de la température élevée,Nom de la courbe de fonction modificatrice du rapport d'entrée d'énergie de refroidissement à température élevée,Y,Y
Cooling Energy Input Ratio Modifier Function of Low Part-Load Ratio Curve Name,Nombre del Programa de Temperatura Alta del Agua de Enfriamiento,Nombre de Curva del Modificador de Relación de Entrada de Energía de Enfriamiento en Función de Relación de Carga Parcial Baja,Nom de la courbe modificatrice du ratio d'entrée énergétique de refroidissement en fonction du ratio de charge partielle faible,Nom de la courbe modificatrice du ratio d'entrée énergétique de refroidissement fonction du ratio de charge partielle faible,Y,Y
Cooling Energy Input Ratio Modifier Function of Low Temperature Curve Name,Límite de Enfriamiento,Nombre de Curva Modificadora de Relación de Entrada de Energía de Enfriamiento en Función de Temperatura Baja,Nom de la courbe du modificateur du ratio d'entrée énergétique de refroidissement en fonction de la basse température,Nom de la courbe de modification du rapport d'entrée d'énergie de refroidissement en fonction de la température basse,Y,Y
Cooling Fraction of Autosized Cooling Supply Air Flow Rate,Tasa de Transferencia de Calor de Umbral de Control de Carga de Enfriamiento,Fracción de Enfriamiento de la Tasa de Flujo de Aire de Suministro de Enfriamiento Autocalibrada,Fraction de refroidissement du débit d'air de soufflage de refroidissement dimensionné automatiquement,Fraction de refroidissement du débit d'air de refroidissement dimensionné automatiquement,Y,Y
Cooling Fuel Efficiency Schedule Name,Nombre del Nodo de Entrada del Circuito de Enfriamiento,Nombre de Calendario de Eficiencia Energética de Refrigeración,Nom de l'horaire d'efficacité énergétique du refroidissement,Nom de l'horaire d'efficacité énergétique du refroidissement,Y,
Cooling Fuel Type,Nombre del Nodo de Salida del Circuito de Enfriamiento,Tipo de Combustible para Enfriamiento,Type de Combustible de Refroidissement,Type de combustible pour le refroidissement,Y,Y
Cooling High Control Temperature Schedule Name,Nombre del Cronograma de Temperatura Baja de Control de Enfriamiento,Nombre del Programa de Temperatura de Control Alto para Enfriamiento,Nom de l'horaire de température de contrôle élevée du refroidissement,Nom de l'horaire de température de contrôle élevée pour le refroidissement,Y,Y
Cooling High Water Temperature Schedule Name,Nombre de Programa de Temperatura Baja de Agua de Enfriamiento,Nombre de Planificación de Temperatura Alta del Agua de Enfriamiento,Nom du planning de température d'eau élevée en refroidissement,Nom de l'Horaire de Température d'Eau Élevée pour le Refroidissement,Y,Y
Cooling Limit,Nombre de Curva de Función de Capacidad de Enfriamiento en Modo de Enfriamiento por Temperatura,Límite de Enfriamiento,Limite de refroidissement,Limite de refroidissement,Y,
Cooling Load Control Threshold Heat Transfer Rate,Relación de Carga Parcial Óptima de la Capacidad de Enfriamiento en Modo de Enfriamiento,Tasa de Transferencia de Calor del Umbral de Control de Carga de Enfriamiento,Seuil de contrôle de charge de refroidissement – Débit de transfert thermique,Débit de transfert de chaleur du seuil de contrôle de charge frigorifique,Y,Y
Cooling Loop Inlet Node Name,Nombre de Curva de Función de Relación de Entrada Eléctrica a Salida de Enfriamiento en Modo de Enfriamiento con Relación de Carga Parcial,Nombre del Nodo de Entrada del Circuito Enfriado,Nom du nœud d'entrée de la boucle de refroidissement,Nom du nœud d'entrée de la boucle de refroidissement,Y,
Cooling Loop Outlet Node Name,Nombre de Curva de Función de Razón de Entrada Eléctrica a Salida de Refrigeración en Modo de Enfriamiento,Nombre del Nodo de Salida del Circuito de Enfriamiento,Nom du nœud de sortie de la boucle de refroidissement,Nom du nœud de sortie de la boucle de refroidissement,Y,
Cooling Low Control Temperature Schedule Name,Curva de Temperatura en Modo Enfriamiento Variable Independiente Agua Condensadora,Nombre del Calendario de Temperatura de Control Baja en Refrigeración,Nom du calendrier de température de contrôle basse en refroidissement,Nom de la planification de température de contrôle bas en refroidissement,Y,Y
Cooling Low Water Temperature Schedule Name,Modo Solo Enfriamiento Disponible,Nombre de la Programación de Temperatura Baja del Agua de Enfriamiento,Nom de la planification de la température basse de l'eau de refroidissement,Nom du calendrier de température basse de l'eau de refroidissement,Y,Y
Cooling Minimum Air Flow,Caudal Mínimo de Enfriamiento,Flujo de Aire Mínimo de Enfriamiento,Débit d'air minimum en refroidissement,Débit d'air minimum pour le refroidissement,Y,Y
Cooling Minimum Air Flow Fraction,Fracción de Caudal Mínimo de Enfriamiento,Fracción de Flujo de Aire Mínimo de Enfriamiento,Fraction minimale de débit d'air en refroidissement,Fraction minimale de débit d'air en refroidissement,Y,
Cooling Minimum Air Flow per Zone Floor Area,Caudal Mínimo de Enfriamiento por Área del Piso de Zona,Flujo de Aire Mínimo de Enfriamiento por Área de Piso de Zona,Débit d'air minimum en refroidissement par unité de surface de plancher de zone,Débit d'air minimum de refroidissement par surface de zone,Y,Y
Cooling Mode Cooling Capacity Function of Temperature Curve Name,Relación de Entrada de Energía en Modo Solo Enfriamiento en Función de la Curva de Fracción de Flujo,Nombre de Curva de Función de Capacidad de Enfriamiento en Función de la Temperatura en Modo de Enfriamiento,Courbe de capacité de refroidissement en mode refroidissement en fonction de la température,Nom de la courbe de capacité frigorifique en fonction de la température en mode refroidissement,Y,Y
Cooling Mode Cooling Capacity Optimum Part Load Ratio,Función de Relación de Entrada de Energía en Modo Solo Enfriamiento respecto a la Curva de Temperatura,Relación Óptima de Carga Parcial en Modo Refrigeración,Rapport de charge partielleau point optimum en mode refroidissement,Rapport de charge partielle optimal en mode refroidissement,Y,Y
Cooling Mode Electric Input to Cooling Output Ratio Function of Part Load Ratio Curve Name,Curva de Correlación de Fracción de Carga Parcial en Modo Solo Enfriamiento,Nombre de Curva de Función de Relación de Entrada Eléctrica a Salida de Refrigeración en Modo de Enfriamiento según Relación de Carga Parcial,Nom de la courbe de fonction du rapport d'entrée électrique en mode refroidissement au rapport de sortie de refroidissement en fonction du ratio de charge partielle,Nom de la courbe de rapport d'entrée électrique au rendement frigorifique en fonction du taux de charge partielle – Mode refroidissement,Y,Y
Cooling Mode Electric Input to Cooling Output Ratio Function of Temperature Curve Name,COP Nominal en Modo Solo Enfriamiento,Nombre de Curva de Función de Relación de Entrada Eléctrica a Salida de Enfriamiento en Modo de Enfriamiento,Nom de la courbe de la fonction du ratio d'entrée électrique à la sortie de refroidissement en mode refroidissement,Nom de la courbe de fonction du rapport d'entrée électrique à sortie de refroidissement en mode refroidissement en fonction de la température,Y,Y
Cooling Mode Temperature Curve Condenser Water Independent Variable,Relación de Calor Sensible Nominal en Modo Solo Enfriamiento,Variable Independiente de Temperatura del Agua del Condensador para Curvas en Modo Enfriamiento,Courbe de température en mode refroidissement - Variable indépendante de l'eau de condenseur,Variable Indépendante de Température d'Eau du Condenseur pour Courbes en Mode Refroidissement,Y,Y
Cooling Only Mode Available,Capacidad de Enfriamiento Total del Evaporador Nominal en Modo Solo Enfriamiento,Modo Solo Enfriamiento Disponible,Mode Refroidissement Seul Disponible,Mode refroidissement seul disponible,Y,Y
Cooling Only Mode Energy Input Ratio Function of Flow Fraction Curve,Función de Ratio de Calor Sensible en Modo Solo Enfriamiento en Función de la Fracción de Flujo Curva,Curva de Ratio de Entrada de Energía en Función de la Fracción de Flujo - Modo Solo Enfriamiento,Courbe du rapport d'entrée énergétique en mode refroidissement uniquement en fonction de la fraction de débit,Courbe du Rapport d'Entrée Énergétique en Mode Refroidissement Seul en Fonction de la Fraction de Débit,Y,Y
Cooling Only Mode Energy Input Ratio Function of Temperature Curve,Curva de Relación de Calor Sensible en Función de Temperatura en Modo Solo Enfriamiento,Función de Relación de Entrada de Energía en Modo Solo Enfriamiento en Función de la Curva de Temperatura,Courbe du rapport d'entrée énergétique en mode refroidissement seul en fonction de la température,Courbe de Fonction du Ratio d'Entrée Énergétique en Mode Refroidissement Seul,Y,Y
Cooling Only Mode Part Load Fraction Correlation Curve,Función de Capacidad de Enfriamiento Total del Evaporador en Modo Solo Enfriamiento en Función de la Fracción de Flujo,Curva de Correlación de Fracción de Carga Parcial en Modo Solo Enfriamiento,Courbe de corrélation de la fraction de charge partielle en mode refroidissement uniquement,Courbe de Corrélation de Fraction de Charge Partielle en Mode Refroidissement Seul,Y,Y
Cooling Only Mode Rated COP,Curva de Función de Capacidad Total de Enfriamiento del Evaporador en Modo Solo Enfriamiento en Función de la Temperatura,COP Clasificado en Modo Solo Enfriamiento,Mode refroidissement uniquement COP nominal,COP nominal en mode refroidissement uniquement,Y,Y
Cooling Only Mode Rated Sensible Heat Ratio,Modo de Operación de Enfriamiento,Relación de Calor Sensible Nominal en Modo Solo Refrigeración,Rapport de chaleur sensible nominal en mode refroidissement uniquement,Rapport de Chaleur Sensible Nominal en Mode Refroidissement Seul,Y,Y
Cooling Only Mode Rated Total Evaporator Cooling Capacity,Nombre de la Curva de Correlación de Fracción de Carga Parcial de Enfriamiento,Capacidad de Enfriamiento Total del Evaporador Nominal en Modo Solo Enfriamiento,Capacité de refroidissement totale de l'évaporateur en mode refroidissement seul,Capacité de refroidissement totale de l'évaporateur nominale en mode refroidissement seul,Y,Y
Cooling Only Mode Sensible Heat Ratio Function of Flow Fraction Curve,Nombre de la Curva de Consumo de Potencia de Enfriamiento,Curva de la Relación de Calor Sensible en Modo Solo Enfriamiento en Función de la Fracción de Flujo,Courbe du facteur de chaleur sensible en mode refroidissement uniquement en fonction de la fraction de débit,Courbe du Facteur de Chaleur Sensible en Mode Refroidissement Seul en Fonction de la Fraction de Débit,Y,Y
Cooling Only Mode Sensible Heat Ratio Function of Temperature Curve,Relación de Calor Sensible de Enfriamiento,Curva de Función de SHR en Modo Solo Enfriamiento en Función de la Temperatura,Courbe de la fonction du ratio de chaleur sensible en mode refroidissement uniquement en fonction de la température,Courbe Fonction du Ratio de Chaleur Sensible en Mode Refroidissement Seul en Fonction de la Température,Y,Y
Cooling Only Mode Total Evaporator Cooling Capacity Function of Flow Fraction Curve,Nombre del Programa de Temperatura Establecida de Enfriamiento,Curva de Capacidad de Enfriamiento Total del Evaporador en Función de la Fracción de Flujo en Modo Solo Enfriamiento,Courbe de fonction de la capacité de refroidissement totale de l'évaporateur en mode refroidissement uniquement en fonction de la fraction de débit,Courbe de Capacité de Refroidissement Totale de l'Évaporateur en Mode Refroidissement Seul en Fonction de la Fraction de Débit,Y,Y
Cooling Only Mode Total Evaporator Cooling Capacity Function of Temperature Curve,Factor de Dimensionamiento de Enfriamiento,Curva de Función de Capacidad de Enfriamiento Total del Evaporador en Modo Solo Enfriamiento,Courbe de Fonction de la Capacité Totale de Refroidissement de l'Évaporateur en Mode Refroidissement Uniquement,Courbe de la Capacité de Refroidissement Totale de l'Évaporateur en Mode Refroidissement Seul en Fonction de la Température,Y,Y
Cooling Operation Mode,Proporción de Flujo de Aire de Suministro en Velocidad de Enfriamiento,Modo de Operación en Enfriamiento,Mode de fonctionnement en refroidissement,Mode de fonctionnement en refroidissement,Y,
Cooling Part-Load Fraction Correlation Curve Name,Temperatura de consigna del aire de suministro en modo apagado de etapa de enfriamiento,Nombre de la Curva de Correlación de Fracción de Carga Parcial de Enfriamiento,Nom de la courbe de corrélation de fraction de charge partielle en refroidissement,Nom de la courbe de corrélation de fraction de charge partielle en refroidissement,Y,
Cooling Power Consumption Curve Name,Temperatura de Consigna del Aire de Suministro en Etapa de Enfriamiento Activada,Nombre de la Curva de Consumo de Potencia en Enfriamiento,Nom de la courbe de consommation de puissance frigorifique,Nom de la courbe de consommation énergétique en refroidissement,Y,Y
Cooling Sensible Heat Ratio,Caudal de Aire de Suministro Enfriado por Área de Piso,Relación de Calor Sensible en Enfriamiento,Facteur de Chaleur Sensible du Refroidissement,Coefficient de Chaleur Sensible en Refroidissement,Y,Y
Cooling Setpoint Temperature Schedule Name,Caudal de Aire de Suministro de Enfriamiento por Unidad de Capacidad de Enfriamiento,Nombre de Programación de Temperatura de Consigna de Enfriamiento,Nom de l'agenda de température de consigne de refroidissement,Nom de la Courbe de Consigne de Température de Refroidissement,Y,Y
Cooling Sizing Factor,Cronograma Base del Punto de Referencia de Temperatura de Enfriamiento,Factor de Dimensionamiento de Enfriamiento,Facteur de dimensionnement du refroidissement,Facteur de dimensionnement du refroidissement,Y,
Cooling Speed Supply Air Flow Ratio,Rango de Temperatura de Estrangulamiento de Enfriamiento,Razón de Flujo de Aire Suministrado en Velocidad de Enfriamiento,Rapport du débit d'air de soufflage à vitesse de refroidissement,Ratio de débit d'air soufflé à vitesse de refroidissement,Y,Y
Cooling Stage Off Supply Air Setpoint Temperature,Nombre del Nodo de Entrada de Agua de Enfriamiento,Temperatura de Consigna del Aire de Suministro con Enfriamiento Desactivado,Température de consigne de l'air soufflé à l'arrêt du refroidissement par étages,Température de consigne de l'air soufflé à l'arrêt du refroidissement,Y,Y
Cooling Stage On Supply Air Setpoint Temperature,Nombre del Nodo de Salida de Agua de Enfriamiento,Temperatura del Punto de Consigna del Aire de Suministro en Etapa de Enfriamiento Activada,Température de consigne de l'air soufflé au stade de refroidissement,Température de Consigne de l'Air Soufflé en Refroidissement Activé,Y,Y
Cooling Supply Air Flow Rate Per Floor Area,Nombre de la Curva de Función COP respecto a la Fracción de Flujo de Aire,Caudal de Aire de Suministro en Refrigeración por Área de Piso,Débit d'air fourni au refroidissement par unité de surface,Débit d'air de soufflage de refroidissement par unité de surface,Y,Y
Cooling Supply Air Flow Rate Per Unit Cooling Capacity,Nombre de la Curva de Función COP en función de la Temperatura,Caudal de Aire de Suministro de Enfriamiento por Unidad de Capacidad de Enfriamiento,Débit d'air de soufflage de refroidissement par unité de capacité de refroidissement,Débit d'air de soufflage de refroidissement par unité de capacité de refroidissement,Y,
Cooling Temperature Setpoint Base Schedule,Nombre de Curva de COP en Función de la Fracción de Flujo de Agua,Horario Base del Punto de Consigna de Temperatura de Enfriamiento,Calendrier de Base du Consigne de Température de Refroidissement,Calendrier de base du point de consigne de température de refroidissement,Y,Y
Cooling Throttling Temperature Range,Costo,Rango de Temperatura de Estrangulación en Enfriamiento,Plage de température d'accélération du refroidissement,Plage de température d'étranglement du refroidissement,Y,Y
Cooling Water Inlet Node Name,Costo por Unidad Valor o Nombre de Variable,Nombre del Nodo de Entrada de Agua Fría,Nom du nœud d'entrée de l'eau de refroidissement,Nom du nœud d'entrée d'eau froide,Y,Y
Cooling Water Outlet Node Name,Unidades de Costo,Nombre del Nodo de Salida de Agua Fría,Nom du nœud de sortie eau de refroidissement,Nom du Nœud de Sortie d'Eau Froide,Y,Y
COP Function of Air Flow Fraction Curve Name,País,Nombre de Curva de COP en Función de la Fracción de Flujo de Aire,Nom de la courbe de fonction du COP en fonction de la fraction du débit d'air,Nom de la courbe COP en fonction de la fraction de débit d'air,Y,Y
COP Function of Temperature Curve Name,Factor de Convección de Cubierta,Nombre de Curva COP en Función de Temperatura,Nom de la courbe de fonction COP en fonction de la température,Nom de la Courbe COP en Fonction de la Température,Y,Y
COP Function of Water Flow Fraction Curve Name,Factor de Evaporación de Cobertura,Nombre de la Curva de COP en Función de la Fracción de Flujo de Agua,Nom de la courbe COP en fonction de la fraction de débit d'eau,Nom de la courbe Coefficient de performance en fonction de la fraction de débit d'eau,Y,Y
Cost,Factor de Radiación de Onda Larga en Cubierta,Costo,Coût,Coût,Y,
Cost per Unit Value or Variable Name,Nombre del Horario de Cobertura,Costo por Valor Unitario o Nombre de Variable,Coût par unité (valeur ou nom de variable),Coût par unité de valeur ou nom de variable,Y,Y
Cost Units,Factor de Radiación de Onda Corta de la Cubierta,Unidades de Costo,Unités de coût,Unités de coût,Y,
Country,Espaciamiento de la Cubierta,País,Pays,Pays,Y,
Cover Convection Factor,Subcategoría de Uso Final de CPU,Factor de Convección de la Cubierta,Facteur de Convection de la Couverture,Facteur de Convection du Volet,Y,Y
Cover Evaporation Factor,Nombre del Programa de Carga de CPU,Factor de Evaporación de la Cobertura,Facteur d'évaporation du revêtement,Facteur d'évaporation de la bâche,Y,Y
Cover Long-Wavelength Radiation Factor,Nombre de la Curva de Función de Entrada de Potencia de CPU en Función de Carga y Temperatura del Aire,Factor de Radiación de Onda Larga de la Cubierta,Facteur de rayonnement à grandes longueurs d'onde du revêtement,Facteur de rayonnement grandes longueurs d'onde de la couverture,Y,Y
Cover Schedule Name,Nombre de la Grieta,Nombre de Cronograma de Cubierta,Nom du calendrier de couverture,Nom de l'horaire de couverture,Y,Y
Cover Short-Wavelength Radiation Factor,Marca de Tiempo de Creación,Factor de Radiación de Onda Corta de la Cubierta,Facteur de rayonnement à courtes longueurs d'onde du revêtement,Facteur de rayonnement aux courtes longueurs d'onde de la couverture,Y,Y
Cover Spacing,Área de Sección Transversal,Espaciamiento entre Cubiertas,Espacement des revêtements,Espacement des vitres,Y,Y
CPU End-Use Subcategory,Acumulativo,Subcategoría de Uso Final de CPU,Sous-catégorie d'utilisation finale CPU,Sous-catégorie d'utilisation CPU,Y,Y
CPU Loading Schedule Name,Corriente en el Punto de Potencia Máxima,Nombre de la Programación de Carga de CPU,Nom de l'horaire de charge CPU,Nom de l'agenda de charge CPU,Y,Y
CPU Power Input Function of Loading and Air Temperature Curve Name,Nombre del Objeto Curva o Tabla,Nombre de Curva de Función de Potencia de Entrada de CPU en Función de Carga y Temperatura del Aire,Nom de la courbe de fonction de puissance d'entrée du processeur en fonction du chargement et de la température de l'air,Nom de la courbe de fonction de puissance CPU en fonction de la charge et de la température de l'air,Y,Y
Crack Name,Tipo de Curva,Nombre de Grieta,Nom de la fissure,Nom de la fissure,Y,
Crankcase Heater Capacity,Capacidad del Calentador del Cárter,Capacidad del Calentador del Cárter,Capacité du Réchauffeur de Carter,Capacité du Réchauffeur de Carter,,
Crankcase Heater Capacity Function of Temperature Curve Name,Curva de Capacidad del Calentador del Cárter en Función de Temperatura,Nombre de Curva de Capacidad del Calentador de Cárter en Función de la Temperatura,Nom de la courbe de la fonction de capacité du réchauffeur de carter en fonction de la température,Nom de la courbe de capacité du radiateur de carter en fonction de la température,Y,Y
Crankcase Heater Power per Compressor,Potencia del Calentador del Cárter por Compresor,Potencia del Calentador de Cárter por Compresor,Puissance du réchauffeur de carter par compresseur,Puissance du Réchauffeur de Carter par Compresseur,Y,Y
Creation Timestamp,Profundidad de Bloque Personalizado,Marca de Tiempo de Creación,Horodatage de création,Horodatage de création,Y,
Cross Section Area,Nombre del Material de Bloque Personalizado,Área de Sección Transversal,Aire de la section transversale,Section transversale,Y,Y
Cumulative,Posición X del Bloque Personalizado,Acumulativo,Cumulative,Cumulé,Y,Y
Current at Maximum Power Point,Posición Z del Bloque Personalizado,Corriente en el Punto de Potencia Máxima,Courant au point de puissance maximale,Courant au point de puissance maximale,Y,
Curve or Table Object Name,Nombre del Día del Calendario Personalizado1,Nombre del Objeto de Curva o Tabla,Nom de l'objet Courbe ou Tableau,Nom de l'objet courbe ou tableau,Y,Y
Curve Type,Nombre del Día de la Programación Personalizada2,Tipo de Curva,Type de courbe,Type de courbe,Y,
Custom Block Depth,Nombre de Programa de Carga Base del Cliente,Profundidad de Bloque Personalizado,Profondeur de bloc personnalisée,Profondeur du bloc personnalisé,Y,Y
Custom Block Material Name,Velocidad del Viento de Activación,Nombre de Material de Bloque Personalizado,Nom du matériau de bloc personnalisé,Nom du matériau de bloc personnalisé,Y,
Custom Block X Position,Velocidad del Viento de Corte,Posición X del Bloque Personalizado,Position X du bloc personnalisé,Position X du bloc personnalisé,Y,
Custom Block Z Position,Coeficiente de Degradación del Rendimiento en Ciclos,Posición Z del Bloque Personalizado,Position Z du bloc personnalisé,Position Z du bloc personnalisé,Y,
Custom Day 1 Schedule Name,Nombre del Horario del Día Personalizado 1,Nombre de Horario de Día Personalizado 1,Nom de l'horaire du jour personnalisé 1,Nom de l'agenda du jour personnalisé 1,Y,Y
Custom Day 2 Schedule Name,Nombre del Horario del Día Personalizado 2,Nombre de Calendario de Día Personalizado 2,Nom du calendrier du jour personnalisé 2,Nom de l'horaire du jour personnalisé 2,Y,Y
CustomDay1 Schedule:Day Name,Nombre de la Curva del Factor de Relación de Ciclos,Nombre del Día Personalizado1 Horario:Día,CustomDay1 Schedule:Nom du jour,Nom du Jour,Y,Y
CustomDay2 Schedule:Day Name,Tiempo de Ejecución en Ciclo,CustomDay2 Nombre de Día de Horario,CustomDay2 Schedule:Nom de la journée,Nom du jour de l'horaire personnalisé 2,Y,Y
Customer Baseline Load Schedule Name,Tipo de Control de Tiempo de Funcionamiento Cíclico,Nombre de Calendario de Carga Base del Cliente,Nom de l'horaire de charge de base du client,Nom de la Courbe de Charge de Base Client,Y,Y
Cut In Wind Speed,Rango Diario de Temperatura de Bulbo Seco,Velocidad de Viento de Corte Mínimo,Vitesse du vent de démarrage,Vitesse de vent de démarrage,Y,Y
Cut Out Wind Speed,Rango Diario de Temperatura de Bulbo Húmedo,Velocidad de Viento de Corte,Vitesse de coupure du vent,Vitesse du vent d'arrêt,Y,Y
Cycling Performance Degradation Coefficient,Amortiguador de Salida de Aire,Coeficiente de Degradación de Desempeño en Ciclos,Coefficient de Dégradation des Performances en Cycle,Coefficient de Dégradation de Performance en Cyclage,Y,Y
Cycling Ratio Factor Curve Name,Datos,Nombre de Curva del Factor de Ratio de Ciclaje,Nom de la courbe du facteur de rapport de cyclage,Nom de la courbe du facteur de ratio de cyclage,Y,Y
Cycling Run Time,Fuente de Datos,Tiempo de Funcionamiento en Ciclo,Temps d'exécution en cycles,Durée de cycle actif,Y,Y
Cycling Run Time Control Type,Tipo de Especificación de Fecha,Tipo de Control de Tiempo de Funcionamiento en Ciclo,Type de contrôle du temps de fonctionnement en cycle,Type de contrôle du temps de fonctionnement en cycle,Y,
Daily Dry-Bulb Temperature Range,Día,Rango Diario de Temperatura de Bulbo Seco,Plage quotidienne de température sèche,Plage quotidienne de température sèche,Y,
Daily Wet-Bulb Temperature Range,Día del mes,Rango Diario de Temperatura de Bulbo Húmedo,Plage quotidienne de température humide,Plage quotidienne de température de thermomètre humide,Y,Y
Damper Air Outlet,Día de la semana para el día de inicio,Salida de Aire del Amortiguador,Sortie d'air du clapet,Registre de la sortie d'air,Y,Y
Damper Heating Action,Acción de Calefacción del Amortiguador,Acción de Calefacción del Amortiguador,Action de chauffage du registre,Action de chauffage du clapet,,Y
Data,Nombre de Cronograma Diario,Datos,Données,Données,Y,
Data Source,Tipo de Día,Fuente de Datos,Source de données,Source de données,Y,
Date Specification Type,Tipo de Dispositivo de Redirección de Luz Natural,Tipo de Especificación de Fecha,Type de spécification de date,Type de spécification de date,Y,
Day,Indicador de Horario de Verano,Día,Jour,Jour,Y,
Day of Month,Capacidad del Sistema de Corriente Continua,Día del Mes,Jour du mois,Jour du mois,Y,
Day of Week for Start Day,Relación de Tamaño CC a CA,Día de la Semana para Día de Inicio,Jour de la semaine pour le jour de début,Jour de la semaine pour le jour de départ,Y,Y
Day Schedule Name,Eficiencia de Carga de CC a CC,Nombre de la Programación Diaria,Nom de l'horaire journalier,Nom de l'emploi du temps journalier,Y,Y
Day Type,Diferencia de Temperatura de Banda Muerta,Tipo de Día,Type de jour,Type de Jour,Y,Y
Daylight Redirection Device Type,Temperatura profunda del suelo en diciembre,Tipo de Dispositivo de Redirección de Luz Natural,Type de dispositif de redirection de la lumière du jour,Type de dispositif de redirection de la lumière du jour,Y,
Daylight Saving Time Indicator,Reflectancia del Terreno en Diciembre,Indicador de Horario de Verano,Indicateur d'heure d'été,Indicateur d'heure d'été,Y,
Daylighting Controls Availability Schedule Name,Nombre del Horario de Disponibilidad de Controles de Luz Natural,Nombre de Horario de Disponibilidad de Controles de Iluminación Natural,Nom de l'horaire de disponibilité des commandes d'éclairage naturel,Nom de l'échéancier de disponibilité des commandes d'éclairage naturel,Y,Y
DC System Capacity,Temperatura del Terreno en Diciembre,Capacidad del Sistema DC,Capacité du système DC,Capacité du système DC,Y,
DC to AC Size Ratio,Temperatura del Terreno de la Superficie en Diciembre,Relación de Tamaño CC a CA,Rapport de taille CC/CA,Ratio de dimensionnement DC vers CA,Y,Y
DC to DC Charging Efficiency,Valor de Diciembre,Eficiencia de Carga CC a CC,Efficacité de la charge CC vers CC,Rendement de la recharge CC vers CC,Y,Y
Dead Band Temperature Difference,Serpentín de Calentamiento de Agua Dedicado,Diferencia de Temperatura de Banda Muerta,Écart de température de bande morte,Différence de Température de Bande Morte,Y,Y
Deadband Temperature Difference,Diferencia de Temperatura de Zona Muerta,Diferencia de Temperatura de Banda Muerta,Différence de température de la bande morte,Écart de Température de Bande Morte,Y,Y
December Deep Ground Temperature,Profundidad de Penetración de Capa Profunda,Temperatura Profunda del Suelo en Diciembre,Température profonde du sol en décembre,Température du sol profond en décembre,Y,Y
December Ground Reflectance,Condición de Contorno de Suelo Profundo,Reflectancia del Suelo en Diciembre,Réflectance du sol en décembre,Réflectance du sol en décembre,Y,
December Ground Temperature,Profundidad de Suelo Profundo,Temperatura del Terreno en Diciembre,Température du sol en décembre,Température du sol en décembre,Y,
December Surface Ground Temperature,Nombre del Conjunto de Construcción Predeterminado,Temperatura del Terreno Superficial en Diciembre,Température du sol de surface en décembre,Température du sol en surface en décembre,Y,Y
December Value,Nombre de Construcciones de SubSuperficios Exteriores por Defecto,Valor de Diciembre,Valeur de décembre,Valeur décembre,Y,Y
Dedicated Outdoor Air High Setpoint Temperature for Design,Temperatura Máxima de Ajuste del SAED para Diseño,Temperatura de Consigna Alta del Aire Exterior Dedicado para Diseño,Température de consigne élevée de l'air extérieur dédié pour la conception,Température de Consigne Élevée de l'Air Extérieur Dédié pour la Conception,Y,Y
Dedicated Outdoor Air Low Setpoint Temperature for Design,Temperatura Mínima de Ajuste del SAED para Diseño,Temperatura de Consigna Baja de Aire Exterior Dedicado para Diseño,Température de Consigne Basse de l'Air Extérieur Dédié pour la Conception,Température de Consigne Basse de l'Air Extérieur Dédié pour la Conception,Y,
Dedicated Outdoor Air System Control Strategy,Estrategia de Control del Sistema de Aire Exterior Dedicado,Estrategia de Control del Sistema de Aire Exterior Dedicado,Stratégie de contrôle du système d'air extérieur dédié,Stratégie de Contrôle du Système d'Air Extérieur Dédié,,Y
Dedicated Water Heating Coil,Nombre de Construcciones de Superficie Exterior Predeterminadas,Serpentín de Calentamiento de Agua Dedicado,Serpentin de Chauffage d'Eau Dédié,Serpentin de chauffage d'eau dédié,Y,Y
Deep Layer Penetration Depth,Nombre de Construcciones de Superficies en Contacto con el Terreno por Defecto,Profundidad de Penetración de la Capa Profunda,Profondeur de pénétration de la couche profonde,Profondeur de Pénétration de la Couche Profonde,Y,Y
Deep-Ground Boundary Condition,Nombre de Construcciones de SubSuperficie Interior Predeterminadas,Condición de Contorno de Terreno Profundo,Condition aux limites de sol profond,Condition aux limites du sol profond,Y,Y
Deep-Ground Depth,Nombre de Construcciones de Superficies Interiores por Defecto,Profundidad de Tierra Profunda,Profondeur de l'Sol Profond,Profondeur du sol profond,Y,Y
Default Construction Set Name,Voltaje Nominal de Celda por Defecto,Nombre del Conjunto de Construcciones por Defecto,Nom de l'ensemble de construction par défaut,Nom de l'ensemble de construction par défaut,Y,
Default Day Schedule Name,Nombre del Horario del Día Predeterminado,Nombre de Horario de Día Predeterminado,Nom de l'horaire du jour par défaut,Nom de l'agenda jour par défaut,Y,Y
Default Exterior SubSurface Constructions Name,Nombre del Conjunto de Horarios por Defecto,Nombre de Construcciones Predeterminadas de SubSurface Exterior,Nom des constructions de sous-surfaces extérieures par défaut,Nom des Constructions par Défaut pour les Surfaces Extérieures Secondaires,Y,Y
Default Exterior Surface Constructions Name,Hora de Inicio de Descongelación 1,Nombre de Construcciones de Superficie Exterior Predeterminadas,Nom des constructions de surface extérieure par défaut,Nom des Constructions de Surface Extérieure par Défaut,Y,Y
Default Ground Contact Surface Constructions Name,Tiempo de Inicio de Descongelación 1 Minuto,Nombre de Construcciones Predeterminadas de Superficies en Contacto con el Terreno,Nom des Constructions de Surface en Contact avec le Sol par Défaut,Nom des constructions par défaut pour surfaces en contact avec le sol,Y,Y
Default Interior SubSurface Constructions Name,Tiempo de Inicio de Descongelamiento a las 2 Horas,Nombre de Construcciones por Defecto para SubSuperficies Interiores,Nom des constructions de sous-surfaces intérieures par défaut,Nom des Constructions par Défaut des Sous-Surfaces Intérieures,Y,Y
Default Interior Surface Constructions Name,Tiempo de Inicio de Descongelación de 2 Minutos,Nombre de Construcciones de Superficie Interior Predeterminadas,Nom des constructions de surface intérieure par défaut,Nom des Constructions de Surface Intérieure par Défaut,Y,Y
Default Nominal Cell Voltage,Hora de Inicio de Descongelación de 3 Horas,Voltaje Nominal de la Celda por Defecto,Tension cellulaire nominale par défaut,Tension Nominale par Cellule par Défaut,Y,Y
Default Schedule Set Name,Tiempo de Inicio de Descongelación de 3 Minutos,Nombre del Conjunto de Horarios Predeterminado,Nom de l'ensemble d'horaires par défaut,Nom de l'ensemble de calendriers par défaut,Y,Y
Defrost 1 Hour Start Time,Inicio de Descongelación 4 Horas,Hora de Inicio del Descongelamiento 1 Hora,Heure de début du dégivrage 1 heure,Heure de début du dégivrage 1 heure,Y,
Defrost 1 Minute Start Time,Tiempo de Inicio de Descongelación de 4 Minutos,Hora de Inicio de Descongelación 1 Minuto,Heure de début du dégivrage 1 minute,Heure de début du dégel 1 minute,Y,Y
Defrost 2 Hour Start Time,Hora de Inicio de Descongelación 5 Horas,Hora de Inicio de Descongelación 2 Horas,Heure de début du dégivrage (2 heures),Heure de début de dégivrage 2,Y,Y
Defrost 2 Minute Start Time,Tiempo de Inicio de Descongelación de 5 Minutos,Hora de Inicio de Descongelación de 2 Minutos,Heure de démarrage du dégivrage 2 minutes,Heure de début du dégivrage de 2 minutes,Y,Y
Defrost 3 Hour Start Time,Tiempo de Inicio de Descongelación a las 6 Horas,Hora de Inicio de Deshielo 3,Heure de début du dégivrage 3 heures,Heure de début du dégivrage 3,Y,Y
Defrost 3 Minute Start Time,Hora de Inicio Descongelación 6 Minutos,Hora de Inicio de Deshielo de 3 Minutos,Heure de démarrage du dégivrage 3 minutes,Heure de Début du Dégivrage 3 Minutes,Y,Y
Defrost 4 Hour Start Time,Hora de Inicio de Descongelamiento 7 Horas,Hora de Inicio del Descongelamiento a las 4 Horas,Heure de début du dégivrage 4 heures,Heure de démarrage du dégel 4 heures,Y,Y
Defrost 4 Minute Start Time,Tiempo de Inicio de Descongelación de 7 Minutos,Hora de Inicio de Descongelación 4 Minutos,Heure de début du dégivrage 4 minutes,Heure de Début du Dégel 4 (Minute),Y,Y
Defrost 5 Hour Start Time,Hora de Inicio de Descongelación 8 Horas,Hora de Inicio del Deshielo a las 5 Horas,Heure de début du dégivrage 5 heures,Heure de début du dégivrage 5 heures,Y,
Defrost 5 Minute Start Time,Tiempo de Inicio de Descongelación 8 Minutos,Hora de Inicio de Descongelación 5 Minutos,Heure de début du dégivrage de 5 minutes,Heure de début du dégivrage 5 minutes,Y,Y
Defrost 6 Hour Start Time,Tipo de Control de Descongelación,Hora de Inicio de Descongelación 6 Horas,Heure de début du dégivrage 6 heures,Heure de début du déglaçage 6 heures,Y,Y
Defrost 6 Minute Start Time,Nombre del Programa de Descongelamiento por Goteo,Hora de Inicio del Deshielo 6 Minutos,Heure de début du dégivrage 6 minutes,Heure de début du dégivrage 6 minutes,Y,
Defrost 7 Hour Start Time,Nombre de la Curva de Corrección de Energía de Descongelación,Hora de Inicio Desescarche 7,Heure de début du dégivrage 7 heures,Heure de début du dégivrage 7,Y,Y
Defrost 7 Minute Start Time,Tipo de Curva de Corrección de Energía de Descongelación,Hora de Inicio del Descongelamiento 7 Minutos,Heure de début du dégrivrage de 7 minutes,Heure de début du dégivrage 7 minutes,Y,Y
Defrost 8 Hour Start Time,Nombre de Curva de Función de Relación de Entrada de Energía de Descongelación con Respecto a la Temperatura,Hora de Inicio de Descongelación Cada 8 Horas,Heure de début du dégivrage 8 heures,Heure de début du dégivrage 8 h,Y,Y
Defrost 8 Minute Start Time,Nombre de la Curva Modificadora de la Relación de Entrada de Energía de Descongelamiento en Función de la Temperatura,Hora de Inicio de Deshielo 8 Minutos,Heure de début du dégivrage 8 minutes,Heure de début du dégrivrage 8 minutes,Y,Y
Defrost Control,Control de Desescarche,Control de Descongelación,Contrôle du dégivrage,Commande de dégivrage,Y,Y
Defrost Control Type,Fracción de Tiempo de Operación de Descongelamiento,Tipo de Control de Descongelamiento,Type de contrôle de dégivrage,Type de contrôle du dégivrage,Y,Y
Defrost Drip-Down Schedule Name,Potencia de Descongelación,Nombre de Horario de Escurrimiento Posterior al Descongelamiento,Nom du calendrier de dégel par accumulation,Nom du Calendrier d'Égouttage après Dégivrage,Y,Y
Defrost Energy Correction Curve Name,Nombre de Horario de Descongelación,Nombre de Curva de Corrección de Energía de Descongelamiento,Nom de la courbe de correction d'énergie de dégivrage,Nom de la courbe de correction de l'énergie de dégivrage,Y,Y
Defrost Energy Correction Curve Type,Tipo de Descongelación,Tipo de Curva de Corrección de Energía de Descongelación,Défrost Type Correction Courbe Énergie,Type de courbe de correction de l'énergie de dégivrage,Y,Y
Defrost Energy Input Ratio Function of Temperature Curve Name,Grado de Subenfriamiento del Bucle,Nombre de Curva de Relación de Entrada de Energía de Descongelación en Función de la Temperatura,Nom de la courbe du ratio d'énergie de dégivrage en fonction de la température,Nom de la courbe de fonction du rapport d'entrée énergétique de dégivrage en fonction de la température,Y,Y
Defrost Energy Input Ratio Modifier Function of Temperature Curve Name,Grado de Subenfriamiento,Nombre de Curva Modificadora del Ratio de Entrada de Energía de Descongelación en Función de la Temperatura,Nom de la courbe du modificateur du rapport d'entrée d'énergie de dégivrage en fonction de la température,Nom de la courbe de modificateur du rapport d'entrée d'énergie en dégivrage en fonction de la température,Y,Y
Defrost Operation Time Fraction,Grado de Subenfriamiento en Bucle de Condensado de Vapor,Fracción de Tiempo de Operación de Descongelación,Fraction de temps de fonctionnement du dégivrage,Fraction du Temps de Fonctionnement en Dégivrage,Y,Y
Defrost Power,Grado de Subenfriamiento en Generador de Vapor,Potencia de Descongelación,Puissance de dégivrage,Puissance de Dégivrage,Y,Y
Defrost Schedule Name,Tipo de Control de Deshumidificación,Nombre de Horario de Descongelación,Nom du calendrier de dégivrage,Nom de l'horaire de dégivrage,Y,Y
Defrost Strategy,Estrategia de Desescarche,Estrategia de Deshielo,Stratégie de dégivrage,Stratégie de dégivrage,Y,
Defrost Time Period Fraction,Fracción del Período de Desescarche,Fracción del Período de Descongelamiento,Fraction de la Période de Dégivrage,Fraction de la période de dégivrage,Y,Y
Defrost Type,Desempeño de Bobina Etapa 1 Modo 1 Deshumidificación,Tipo de Descongelación,Type de dégivrage,Type de dégrivrage,Y,Y
Degree of Loop SubCooling,Rendimiento de Bobina en Modo Deshumidificación Etapa 1 Más 2,Grado de Subenfriamiento del Circuito,Degré de sous-refroidissement de la boucle,Degré de sous-refroidissement de la boucle,Y,
Degree of SubCooling,Nombre del Programa de Punto de Consigna de Humedad Relativa Deshumidificadora,Grado de Subenfriamiento,Degré de Sous-Refroidissement,Degré de sous-refroidissement,Y,Y
Degree of Subcooling in Steam Condensate Loop,Diferencia de Temperatura,Grado de Subenfriamiento en el Circuito de Condensado de Vapor,Degré de sous-refroidissement dans la boucle de condensat vapeur,Degré de sous-refroidissement dans la boucle de condensat vapeur,Y,
Degree of Subcooling in Steam Generator,Nombre de Programa de Diferencia de Temperatura,Grado de Subenfriamiento en el Generador de Vapor,Degré de sous-refroidissement dans le générateur de vapeur,Degré de sous-refroidissement du générateur de vapeur,Y,Y
Dehumidification Control Type,Ventilación Controlada por Demanda,Tipo de Control de Deshumidificación,Type de Contrôle de Déshumidification,Type de contrôle de déshumidification,Y,Y
Dehumidification Mode 1 Stage 1 Coil Performance,Tipo de Ventilación Controlada por Demanda,Rendimiento de la Bobina Etapa 1 Modo 1 Deshumidificación,Performance de la Bobine de l'Étape 1 du Mode 1 de Déshumidification,Mode de Déshumidification Étape 1 Performance de la Batterie 1,Y,Y
Dehumidification Mode 1 Stage 1 Plus 2 Coil Performance,Factor de Conversión de Demanda,Desempeño de la Bobina Deshumidificación Modo 1 Etapa 1 Más 2,Performances de la Bobine Stade 1 Plus 2 Mode Déshumidification 1,Performances de la Bobine Mode Déshumidification Étage 1 Plus 2,Y,Y
Dehumidifying Relative Humidity Setpoint Schedule Name,Límite de Demanda Eléctrica Comprada del Esquema de Límite de Demanda,Nombre de Programa de Punto de Ajuste de Humedad Relativa de Deshumidificación,Nom du calendrier du point de consigne de l'humidité relative pour la déshumidification,Nom de l'Horaire de Consigne d'Humidité Relative de Déshumidification,Y,Y
Delta Temperature,Nombre del Mezclador de Demanda,Diferencia de Temperatura,Différence de Température,Différence de Température,Y,
Delta Temperature Schedule Name,Nombre de Lista de Ramales del Lado de Demanda,Nombre de Programa de Diferencia de Temperatura,Nom de l'emploi du temps de différence de température,Nom de la Plage Horaire de Différence de Température,Y,Y
Demand Controlled Ventilation,Nombre de la Lista de Conectores del Lado de la Demanda,Control de Ventilación por Demanda,Ventilation Contrôlée par la Demande,Ventilation à Débit Commandé par la Demande,Y,Y
Demand Controlled Ventilation Type,Nodo de Entrada del Lado de Demanda A,Tipo de Ventilación Controlada por Demanda,Type de ventilation à commande de demande,Type de Ventilation à Demande Contrôlée,Y,Y
Demand Conversion Factor,Nodo de Entrada del Lado de Demanda B,Factor de Conversión de Demanda,Facteur de conversion de la demande,Facteur de conversion de la demande,Y,
Demand Limit Scheme Purchased Electric Demand Limit,Nombre del Nodo de Entrada del Lado de Demanda,Límite de Demanda Eléctrica Comprada del Esquema de Límite de Demanda,Schéma de Limite de Demande - Limite de Demande Électrique Achetée,Limite de Demande Électrique Achetée du Schéma de Limitation de Demande,Y,Y
Demand Mixer Name,Nombre del Nodo de Salida del Lado de Demanda,Nombre del Mezclador de Demanda,Nom du mélangeur de demande,Nom du mélangeur de demande,Y,
Demand Side Branch List Name,Nombre del Divisor de Demanda A,Nombre de Lista de Ramas del Lado de Demanda,Nom de la liste des branches du côté de la demande,Nom de la Liste de Branches du Côté Demande,Y,Y
Demand Side Connector List Name,Nombre del Divisor de Demanda B,Nombre de la Lista de Conectores del Lado de Demanda,Nom de la liste de connecteurs côté demande,Nom de la Liste de Connecteurs du Côté Demande,Y,Y
Demand Side Inlet Node A,Nombre del Divisor de Demanda,Nodo de Entrada del Lado de Demanda A,Nœud d'entrée côté demande A,Nœud d'entrée côté demande A,Y,
Demand Side Inlet Node B,Longitud de la Ventana de Demanda,Nodo de Entrada del Lado de Demanda B,Nœud d'entrée côté demande B,Nœud d'entrée côté demande B,Y,
Demand Side Inlet Node Name,Densidad,Nombre del Nodo de Entrada del Lado de Demanda,Nom du nœud d'entrée côté demande,Nom du Nœud d'Entrée du Côté Demande,Y,Y
Demand Side Outlet Node Name,Densidad del Suelo Seco,Nombre del Nodo de Salida del Lado de Demanda,Nom du nœud de sortie côté charge,Nom du nœud de sortie du côté demande,Y,Y
Demand Splitter A Name,Método de Depreciación,Nombre del Divisor de Demanda A,Nom du séparateur de demande A,Nom du séparateur A à la demande,Y,Y
Demand Splitter B Name,Velocidad de Flujo de Aire de Diseño Potencia del Ventilador,Nombre del Divisor de Demanda B,Nom du Diviseur de Demande B,Nom du Séparateur de Débit B,Y,Y
Demand Splitter Name,Tasa de Flujo de Aire de Diseño Valor U-factor por Área,Nombre del Divisor de Demanda,Nom du séparateur de demande,Nom du diviseur de débit,Y,Y
Demand Window Length,Honorarios de Diseño e Ingeniería,Longitud de Ventana de Demanda,Durée de la Fenêtre de Demande,Durée de la Fenêtre de Demande,Y,
Density,Temperatura de Enfoque de Diseño,Densidad,Densité,Masse volumique,Y,Y
Density Basis,Base de Densidad,Base de Densidad,Densité de base,Base de densité,,Y
Density of Dry Soil,Velocidad de Flujo de Agua Enfriada de Diseño,Densidad del Suelo Seco,Masse volumique du sol sec,Densité du sol sec,Y,Y
Depreciation Method,Caudal de Volumen de Agua Enfriada de Diseño,Método de Depreciación,Méthode d'amortissement,Méthode d'amortissement,Y,
Design Air Flow Rate,Caudal de Aire de Diseño,Caudal de Aire de Diseño,Débit d'air de conception,Débit d'air de conception,,
Design Air Flow Rate Fan Power,COP del Rack de Compresor de Diseño,Potencia del Ventilador a Caudal de Aire de Diseño,Puissance du ventilateur à débit d'air de conception,Puissance du Ventilateur au Débit d'Air de Conception,Y,Y
Design Air Flow Rate U-factor Times Area Value,Potencia del Ventilador del Condensador de Diseño,Valor de Coeficiente de Transferencia de Calor por Área en Condiciones de Diseño,Valeur du facteur U multiplié par la surface pour le débit d'air de conception,Valeur UA du Coefficient de Transfert Thermique,Y,Y
Design and Engineering Fees,Temperatura de Entrada del Condensador de Diseño,Honorarios de Diseño e Ingeniería,Frais de conception et d'ingénierie,Frais de conception et d'ingénierie,Y,
Design Approach Temperature,Caudal de Agua de Diseño en el Condensador,Temperatura de Aproximación de Diseño,Température d'Approche de Conception,Température d'approche de conception,Y,Y
Design Chilled Water Flow Rate,Consumo de Potencia Eléctrica de Diseño,Caudal de Diseño del Agua Enfriada,Débit d'eau glacée de conception,Débit de conception de l'eau glacée,Y,Y
Design Chilled Water Volume Flow Rate,Eficiencia de la Fuente de Suministro Eléctrico de Diseño,Caudal de Diseño del Agua Enfriada,Débit volumétrique d'eau glacée de conception,Débit de conception d'eau glacée,Y,Y
Design Compressor Rack COP,Temperatura del Aire de Entrada de Diseño,COP del Compresor en Diseño,COP du compresseur de conception,COP nominal du groupe de compresseurs,Y,Y
Design Condenser Fan Power,Temperatura de Bulbo Húmedo del Aire de Entrada del Diseño,Potencia de Diseño del Ventilador del Condensador,Puissance de la ventilation du condenseur en conception,Puissance de conception du ventilateur du condenseur,Y,Y
Design Condenser Inlet Temperature,Temperatura de Bulbo Húmedo del Aire de Entrada de Diseño,Temperatura de Diseño del Fluido Ingreso Condensador,Température d'entrée du condenseur en conception,Température de Conception à l'Entrée du Condenseur,Y,Y
Design Condenser Water Flow Rate,Temperatura de Agua de Entrada en Diseño,Flujo de Agua del Condensador en Diseño,Débit de l'eau de condensation de conception,Débit d'eau de condenseur à l'état de conception,Y,Y
Design Electric Power Consumption,Potencia de la Bomba de Agua del Condensador Evaporativo de Diseño,Consumo de Potencia Eléctrica de Diseño,Consommation Électrique en Puissance de Conception,Consommation électrique de conception,Y,Y
Design Electric Power per Unit Flow Rate,Potencia Eléctrica de Diseño por Unidad de Caudal,Potencia Eléctrica de Diseño por Unidad de Caudal,Puissance électrique nominale par unité de débit,Puissance électrique de conception par unité de débit,,Y
Design Electric Power Supply Efficiency,Temperatura del Evaporador Diseñada o Temperatura de Entrada de Salmuera,Eficiencia de Diseño del Sistema de Suministro Eléctrico,Efficacité de l'alimentation électrique de conception,Rendement de conception du système d'alimentation électrique,Y,Y
Design Entering Air Temperature,Caudal de Aire de Diseño del Ventilador por Entrada de Potencia,Temperatura de Aire Entrante en Diseño,Température de l'air entrant en conception,Température d'Air Entrant à la Conception,Y,Y
Design Entering Air Wet-bulb Temperature,Potencia de Ventilador de Diseño,Temperatura de Bulbo Húmedo del Aire de Entrada de Diseño,Température de bulbe humide de l'air entrant en conception,Température de bulbe humide de l'air entrant en conception,Y,
Design Entering Air Wetbulb Temperature,Fracción de Potencia de Entrada del Ventilador de Diseño,Temperatura de Bulbo Húmedo del Aire de Entrada en Diseño,Température de bulbe humide de l'air entrant en conception,Température de Bulbe Humide de l'Air Entrant à la Conception,Y,Y
Design Entering Water Temperature,Caudal de Fluido del Generador de Diseño,Temperatura de Agua de Entrada en el Diseño,Température de l'eau entrant en conception,Température de l'eau entrant en conception,Y,
Design Evaporative Condenser Water Pump Power,Temperatura del Aire de Descarga de Calefacción de Diseño,Potencia de Diseño de la Bomba de Agua del Condensador Evaporativo,Puissance de la pompe d'eau du condenseur évaporatif de conception,Puissance de conception de la pompe d'eau du condenseur évaporatif,Y,Y
Design Evaporator Temperature or Brine Inlet Temperature,Caudal de Agua Caliente de Diseño,Temperatura de Diseño del Evaporador o Temperatura de Entrada de Salmuera,Température de l'évaporateur de conception ou température d'entrée de la saumure,Température de conception de l'évaporateur ou température d'entrée de saumure,Y,Y
Design Fan Air Flow Rate per Power Input,Caudal de Flujo de Volumen de Agua Caliente de Diseño,Caudal de Aire del Ventilador de Diseño por Potencia de Entrada,Débit d'air nominal du ventilateur par puissance d'entrée,Débit d'air de refroidissement par unité de puissance à la conception,Y,Y
Design Fan Power,Temperatura de Bulbo Seco del Aire de Entrada de Diseño,Potencia del Ventilador de Diseño,Puissance Nominale du Ventilateur,Puissance de ventilateur en conception,Y,Y
Design Fan Power Input Fraction,Temperatura de Bulbo Húmedo del Aire de Entrada de Diseño,Fracción de Potencia de Entrada del Ventilador en Condiciones de Diseño,Fraction de Puissance d'Entrée du Ventilateur de Conception,Fraction de Puissance de Conception pour les Ventilateurs de Refroidissement,Y,Y
Design Flow Rate,Caudal de Diseño,Caudal de Diseño,Débit de conception,Débit Volumique de Conception,,Y
Design Flow Rate Calculation Method,Método de Cálculo del Caudal de Diseño,Método de Cálculo del Caudal de Diseño,Méthode de Calcul du Débit de Conception,Méthode de calcul du débit de conception,,Y
Design Generator Fluid Flow Rate,Nivel de Diseño,Caudal de Fluido del Generador de Diseño,Débit de fluide du générateur de conception,Débit massique générateur de conception,Y,Y
Design Heat Recovery Water Flow Rate,Caudal de Agua de Recuperación de Calor de Diseño,Caudal de Diseño del Agua de Recuperación de Calor,Débit d'eau de récupération de chaleur à la conception,Débit de Conception du Fluide de Récupération de Chaleur,Y,Y
Design Heating Discharge Air Temperature,Método de Cálculo del Nivel de Diseño,Temperatura de Diseño del Aire de Descarga en Calefacción,Température de l'air en sortie de chauffage à la conception,Température de Soufflage de l'Air en Chauffage de Conception,Y,Y
Design Hot Water Flow Rate,Temperatura de Entrada del Líquido de Diseño,Caudal de Agua Caliente en Condiciones de Diseño,Débit de conception de l'eau chaude,Débit d'eau chaude de conception,Y,Y
Design Hot Water Volume Flow Rate,Caudal de Aire Máximo de Diseño,Caudal de Volumen de Agua Caliente en Diseño,Débit volumique d'eau chaude de conception,Débit volumique de conception - eau chaude,Y,Y
Design Inlet Air Dry-Bulb Temperature,Potencia de Entrada Máxima Continua de Diseño,Temperatura de Bulbo Seco del Aire de Entrada de Diseño,Température de bulbe sec de l'air d'entrée de conception,Température Sèche de l'Air à l'Entrée en Conception,Y,Y
Design Inlet Air Humidity Ratio,Relación de Humedad de Entrada de Aire de Diseño,Relación de Humedad del Aire de Entrada en Condiciones de Diseño,Ratio d'humidité de l'air d'entrée de conception,Rapport d'humidité de l'air d'entrée à la conception,Y,Y
Design Inlet Air Temperature,Temperatura de Entrada de Aire de Diseño,Temperatura de Aire de Entrada en Diseño,Température de l'air d'entrée de conception,Température de l'air à l'entrée en conditions de conception,Y,Y
Design Inlet Air Wet-Bulb Temperature,Modo de Diseño,Temperatura de Bulbo Húmedo del Aire de Entrada en Diseño,Température de bulbe humide de l'air d'entrée en conception,Température de Bulbe Humide de l'Air à l'Entrée en Conception,Y,Y
Design Inlet Water Temperature,Temperatura de Entrada de Agua de Diseño,Temperatura de Agua de Entrada en Diseño,Température de l'eau à l'entrée de conception,Température d'eau d'entrée nominale,Y,Y
Design Level,Temperatura de Vapor en la Salida de Diseño,Nivel de Diseño,Niveau de conception,Niveau de Conception,Y,Y
Design Level Calculation Method,Temperatura de Salida de Agua de Diseño,Método de Cálculo del Nivel de Diseño,Méthode de Calcul du Niveau de Conception,Méthode de Calcul du Niveau de Conception,Y,
Design Liquid Inlet Temperature,Método de Cálculo de Potencia de Diseño,Temperatura de Diseño del Líquido en la Entrada,Température d'Entrée du Liquide en Conception,Température de Conception de l'Entrée du Liquide,Y,Y
Design Loop Exit Temperature,Temperatura de Salida del Bucle de Diseño,Temperatura de Salida del Lazo de Diseño,Température de sortie de la boucle de conception,Température de sortie de boucle de conception,Y,Y
Design Maximum Air Flow Rate,Nombre del Cronograma de Potencia de Entrada en Diseño,Caudal de Aire Máximo de Diseño,Débit d'Air Maximal de Conception,Débit d'air maximal à la conception,Y,Y
Design Maximum Continuous Input Power,Método de Dimensionamiento de Potencia de Diseño,Potencia Máxima de Entrada Continua de Diseño,Puissance d'entrée continue maximale en conception,Puissance d'entrée continue maximale en conception,Y,
Design Minimum Flow Rate Fraction,Fracción del Caudal Mínimo de Diseño,Fracción de Caudal Mínimo de Diseño,Fraction de débit minimum de conception,Fraction minimale de débit en conditions de conception,Y,Y
Design Minimum Zone Ventilation Efficiency,Eficiencia Mínima de Ventilación de Zona de Diseño,Eficiencia Mínima de Ventilación de Zona de Diseño,Efficacité minimale de ventilation de zone de conception,Efficacité minimale de ventilation de zone en conception,,Y
Design Mode,Aumento de Presión de Diseño,Método de Diseño,Mode de conception,Mode de dimensionnement,Y,Y
Design Outdoor Air Flow Rate,Caudal de Aire Exterior de Diseño,Caudal de Aire Exterior de Diseño,Débit d'air extérieur de conception,Débit d'air extérieur de dimensionnement,,Y
Design Outlet Air Humidity Ratio,Relación de Humedad de Salida de Aire de Diseño,Relación de Humedad del Aire de Salida en Diseño,Taux d'humidité de l'air à la sortie en conditions de conception,Rapport d'humidité de l'air de sortie en conception,Y,Y
Design Outlet Air Temperature,Temperatura de Salida de Aire de Diseño,Temperatura de Salida del Aire de Diseño,Température de l'air à la sortie de conception,Température de sortie d'air en conditions de design,Y,Y
Design Outlet Steam Temperature,Caudal de Flujo Volumétrico de Aire Primario de Diseño,Temperatura de Diseño del Vapor de Salida,Température de la Vapeur à la Sortie en Conception,Température de Sortie Vapeur à la Conception,Y,Y
Design Outlet Water Temperature,Rango de Temperatura de Diseño,Temperatura de Salida del Agua de Diseño,Température de l'eau en sortie de conception,Température de sortie d'eau de conception,Y,Y
Design Power Consumption,Consumo de Energía de Diseño,Consumo de Potencia en Diseño,Consommation Énergétique de Conception,Consommation d'énergie nominale,Y,Y
Design Power Input Calculation Method,Fracción de Recirculación de Diseño,Método de Cálculo de Potencia de Diseño de Entrada,Méthode de calcul de la puissance d'entrée nominale,Méthode de calcul de la puissance d'entrée nominale,Y,
Design Power Input Schedule Name,Nombre del Objeto de Especificación de Velocidad Múltiple,Nombre del Cronograma de Entrada de Potencia de Diseño,Nom du planning de puissance d'entrée en conception,Nom de la Planification de la Puissance d'Entrée en Conception,Y,Y
Design Power Sizing Method,Especificación de Diseño Objeto Aire Exterior,Método de Dimensionamiento de Potencia de Diseño,Méthode de dimensionnement de la puissance nominale,Méthode de dimensionnement de la puissance de conception,Y,Y
Design Pressure Rise,Nombre del Objeto de Especificación de Aire Exterior,Aumento de Presión de Diseño,Augmentation de Pression de Conception,Augmentation de pression de conception,Y,Y
Design Primary Air Volume Flow Rate,Especificación de Diseño del Objeto de Distribución de Aire de la Zona,Caudal Volumétrico Primario de Aire en Diseño,Débit volumétrique d'air primaire de conception,Débit de conception du débit d'air primaire,Y,Y
Design Range Temperature,Especificación de Diseño Dimensionamiento ZoneHVAC,Temperatura de Rango de Diseño,Plage de Température de Conception,Température d'Approche Nominale,Y,Y
Design Recirculation Fraction,Nombre de Objeto de Especificación de Diseño para Dimensionamiento ZoneHVAC,Fracción de Recirculación en Diseño,Fraction de Recirculation de Conception,Fraction de Recirculation en Conditions de Conception,Y,Y
Design Return Air Flow Fraction of Supply Air Flow,Fracción de Caudal de Retorno de Diseño del Suministro de Aire,Fracción de Flujo de Aire de Retorno de Diseño del Flujo de Aire de Suministro,Fraction de débit d'air de retour en conception du débit d'air d'alimentation,Fraction de débit d'air de reprise de conception par rapport au débit d'air de soufflage,Y,Y
Design Shaft Power per Unit Flow Rate per Unit Head,Potencia del Eje de Diseño por Caudal y Presión,Potencia de Eje de Diseño por Unidad de Caudal por Unidad de Altura Manométrica,Puissance de l'arbre de conception par unité de débit par unité de hauteur,Puissance à l'arbre unitaire par débit par unité de charge,Y,Y
Design Specification Multispeed Object Name,Velocidad de Flujo de Agua de Diseño para Aspersión,Nombre del Objeto Especificación de Diseño Multivelocidad,Nom de l'objet Spécification de conception multivitesse,Nom de l'objet de spécification multivitesse,Y,Y
Design Specification Outdoor Air Object,Potencia de Carga del Control de Almacenamiento de Diseño,Especificación de Diseño de Aire Exterior,Objet de Spécification de Conception de l'Air Extérieur,Objet de Spécification de Conception d'Air Extérieur,Y,Y
Design Specification Outdoor Air Object Name,Potencia de Descarga del Control de Almacenamiento de Diseño,Nombre del Objeto Especificación de Diseño de Aire Exterior,Nom de l'objet Spécification de conception de l'air extérieur,Nom de l'objet Spécification Ventilation Extérieure,Y,Y
Design Specification Zone Air Distribution Object,Caudal de Aire de Suministro Diseñado por Unidad de Capacidad Durante Operación de Enfriamiento,Especificación de Diseño del Objeto de Distribución de Aire en Zona,Objet de Spécification de Conception de la Distribution d'Air de Zone,Spécification de Conception de la Distribution d'Air de Zone,Y,Y
Design Specification ZoneHVAC Sizing,Caudal de Aire de Suministro de Diseño por Unidad de Capacidad Durante Operación de Enfriamiento Cuando No se Requiere Enfriamiento ni Calefacción,Especificación de Diseño de Dimensionamiento ZoneHVAC,Spécification de conception du dimensionnement ZoneHVAC,Spécification de dimensionnement ZoneHVAC,Y,Y
Design Specification ZoneHVAC Sizing Object Name,Caudal de Aire de Suministro de Diseño Por Unidad de Capacidad Durante la Operación de Calefacción,Nombre del Objeto de Especificación de Diseño ZoneHVAC Sizing,Nom de l'objet de spécification de dimensionnement ZoneHVAC,Nom de l'objet Spécification de dimensionnement ZoneHVAC,Y,Y
Design Spray Water Flow Rate,Caudal de Aire de Suministro de Diseño Por Unidad de Capacidad Durante Operación de Calefacción Cuando No Se Requiere Enfriamiento ni Calefacción,Caudal de Diseño del Agua de Pulverización,Débit de conception de l'eau de pulvérisation,Débit de conception de l'eau pulvérisée,Y,Y
Design Storage Control Charge Power,Temperatura de Suministro de Diseño,Potencia de Carga del Control de Almacenamiento de Diseño,Puissance de Charge du Contrôle de Stockage de Conception,Puissance de Charge du Contrôle de Stockage en Conception,Y,Y
Design Storage Control Discharge Power,Levantamiento de Temperatura de Diseño,Potencia de Descarga del Control de Almacenamiento Diseñado,Puissance de Décharge du Contrôle de Stockage de Conception,Puissance de Décharge du Contrôle de Stockage de Conception,Y,
Design Supply Air Flow Rate,Caudal de Suministro de Aire de Diseño,Caudal de Aire de Suministro de Diseño,Débit d'air de soufflage de conception,Débit volumique de conception de l'air soufflé,Y,Y
Design Supply Air Flow Rate Per Unit of Capacity During Cooling Operation,Temperatura de Entrada de Vapor en el Diseño,Caudal de Aire de Suministro de Diseño por Unidad de Capacidad Durante Operación de Enfriamiento,Débit d'air de soufflage de conception par unité de capacité en mode refroidissement,Débit d'air neuf de conception par unité de capacité pendant le refroidissement,Y,Y
Design Supply Air Flow Rate Per Unit of Capacity During Cooling Operation When No Cooling or Heating is Required,Caudal de Volumen de Diseño,Caudal de Aire de Suministro de Diseño por Unidad de Capacidad Durante Operación de Enfriamiento Cuando No se Requiere Enfriamiento ni Calentamiento,Débit d'air de soufflage en conception par unité de capacité pendant le mode refroidissement quand aucun refroidissement ou chauffage n'est requis,Débit d'air fourni de conception par unité de capacité en fonctionnement refroidissement quand aucun refroidissement ou chauffage n'est requis,Y,Y
Design Supply Air Flow Rate Per Unit of Capacity During Heating Operation,Actuador de Caudal Volumétrico de Diseño,Caudal de Aire de Suministro Diseño por Unidad de Capacidad Durante Operación de Calefacción,Débit d'air soufflé en conception par unité de capacité pendant le fonctionnement en chauffage,Débit d'air de soufflage de conception par unité de capacité en mode chauffage,Y,Y
Design Supply Air Flow Rate Per Unit of Capacity During Heating Operation When No Cooling or Heating is Required,Factor de Efectividad del Punto de Rocío,Caudal de Aire de Suministro de Diseño por Unidad de Capacidad Durante Operación de Calefacción Cuando No se Requiere Enfriamiento ni Calefacción,Débit d'air de soufflage de conception par unité de capacité pendant le fonctionnement en chauffage quand aucun refroidissement ou chauffage n'est requis,Débit d'air neuf de conception par unité de capacité pendant le fonctionnement de chauffage quand aucun refroidissement ou chauffage n'est requis,Y,Y
Design Supply Temperature,Límite de Temperatura de Punto de Rocío,Temperatura de Suministro de Diseño,Température de Soufflage en Conception,Température de Départ Nominale,Y,Y
Design Temperature Lift,Rango de Temperatura de Punto de Rocío - Límite Inferior,Salto Térmico de Diseño,Écart de température de conception,Différence de Température de Conception,Y,Y
Design Vapor Inlet Temperature,Límite Superior del Rango de Temperatura de Punto de Rocío,Temperatura de Diseño del Vapor de Entrada,Température de Vapeur à l'Entrée en Mode Conception,Température de conception de l'entrée de vapeur,Y,Y
Design Volume Flow Rate,Diámetro,Caudal Volumétrico de Diseño,Débit de conception,Débit Volumique de Conception,Y,Y
Design Volume Flow Rate Actuator,Diámetro de la tubería principal que conecta la unidad exterior con la primera unión de rama,Actuador de Caudal de Diseño,Actionneur du débit volumique nominal,Actionneur Débit de Conception,Y,Y
Design Water Flow Rate,Caudal de Agua de Diseño,Caudal de Agua de Diseño,Débit d'eau de conception,Débit d'eau de conception,,
Design Water Outlet Temperature,Temperatura de Salida del Agua de Diseño,Temperatura de Salida de Agua de Diseño,Température de sortie d'eau en conception,Température de sortie d'eau de conception,Y,Y
Design Zone Air Distribution Effectiveness in Cooling Mode,Efectividad de Distribución de Aire de Zona en Modo Enfriamiento,Efectividad de la Distribución del Aire en la Zona de Diseño en Modo de Enfriamiento,Efficacité de distribution d'air de la zone de conception en mode refroidissement,Efficacité de Distribution d'Air en Mode Refroidissement,Y,Y
Design Zone Air Distribution Effectiveness in Heating Mode,Efectividad de Distribución de Aire de Zona en Modo Calefacción,Efectividad de Distribución del Aire en Zona en Modo Calefacción,Efficacité de la distribution d'air dans la zone de conception en mode chauffage,Efficacité de la distribution d'air en zone en mode chauffage,Y,Y
Design Zone Secondary Recirculation Fraction,Fracción de Recirculación Secundaria de Zona de Diseño,Fracción de Recirculación Secundaria de Zona de Diseño,Fraction de Recirculation Secondaire de la Zone de Conception,Fraction de Recirculation Secondaire de la Zone de Conception,,
Dewpoint Effectiveness Factor,Diámetro de la Tubería Principal para Gas de Descarga,Factor de Efectividad del Punto de Rocío,Facteur d'efficacité du point de rosée,Facteur d'efficacité du point de rosée,Y,
Dewpoint Temperature Limit,Diámetro de Tubería Principal para Gas de Succión,Límite de Temperatura de Punto de Rocío,Limite de température de point de rosée,Limite de Température de Point de Rosée,Y,Y
Dewpoint Temperature Range Lower Limit,Inflación del Diésel,Límite Inferior del Rango de Temperatura de Punto de Rocío,Limite inférieure de la plage de température de point de rosée,Limite inférieure de la plage de température de point de rosée,Y,
Dewpoint Temperature Range Upper Limit,Diferencia entre la Temperatura de Evaporación de la Unidad Exterior y la Temperatura del Aire Exterior en Modo de Recuperación de Calor,Límite Superior del Rango de Temperatura de Punto de Rocío,Limite supérieure de la plage de température du point de rosée,Limite Supérieure de la Plage de Température de Point de Rosée,Y,Y
Diameter,Nombre del Programa de Radiación Solar Difusa Diaria,Diámetro,Diamètre,Diamètre,Y,
Diameter of Main Pipe Connecting Outdoor Unit to the First Branch Joint,Reflectancia Solar Difusa,Diámetro de la Tubería Principal que Conecta la Unidad Exterior a la Primera Bifurcación,Diamètre du tuyau principal reliant l'unité extérieure au premier raccord de dérivation,Diamètre du conduit principal reliant l'unité extérieure à la première jonction de dérivation,Y,Y
Diameter of Main Pipe for Discharge Gas,Reflectancia Visible Difusa,Diámetro de la Tubería Principal para Gas de Descarga,Diamètre du tuyau principal pour gaz d'échappement,Diamètre du tuyau principal pour gaz d'échappement,Y,
Diameter of Main Pipe for Suction Gas,Nombre del Difusor,Diámetro de Tubería Principal para Gas de Succión,Diamètre de la conduite principale pour gaz d'aspiration,Diamètre du tuyau principal pour gaz d'aspiration,Y,Y
Diesel Inflation,Dígitos Después del Decimal,Inflación del Diésel,Inflation du Diesel,Inflation du Diesel,Y,
Difference between Outdoor Unit Evaporating Temperature and Outdoor Air Temperature in Heat Recovery Mode,Caudal de Aire de Dilución,Diferencia entre la Temperatura de Evaporación de la Unidad Exterior y la Temperatura del Aire Exterior en Modo de Recuperación de Calor,Différence entre la température d'évaporation de l'unité extérieure et la température de l'air extérieur en mode de récupération de chaleur,Différence entre la température d'évaporation de l'unité extérieure et la température de l'air extérieur en mode récupération de chaleur,Y,Y
Diffuse Solar Day Schedule Name,Nombre del Nodo de Aire de Entrada de Dilución,Nombre de Schedule de Día de Radiación Solar Difusa,Nom de l'horaire journalier du rayonnement solaire diffus,Nom du Calendrier Journalier pour le Rayonnement Solaire Diffus,Y,Y
Diffuse Solar Reflectance,Nombre del Nodo de Aire de Salida de Dilución,Reflectancia Solar Difusa,Réflectance Solaire Diffuse,Réflectance solaire diffuse,Y,Y
Diffuse Visible Reflectance,Dimensiones para el Cálculo de CTF,Reflectancia Visible Difusa,Réflectance Visible Diffuse,Réflectance Visible Diffuse,Y,
Diffuser Name,Factor de Diodo,Nombre del Difusor,Nom du diffuseur,Nom du Diffuseur,Y,Y
Digits After Decimal,Certidumbre Directa,Dígitos después del decimal,Chiffres après la virgule,Chiffres après la virgule,Y,
Dilution Air Flow Rate,Fluctuación Directa,Caudal de Aire de Dilución,Débit d'air de dilution,Débit d'air de dilution,Y,
Dilution Inlet Air Node Name,Prueba Directa Previa,Nombre del Nodo de Aire de Entrada de Dilución,Nom du nœud d'air d'entrée de dilution,Nom du nœud d'air d'admission de dilution,Y,Y
Dilution Outlet Air Node Name,Umbral Directo,Nombre del Nodo de Aire de Salida de Dilución,Nom du nœud d'air de sortie de dilution,Nom du nœud d'air de sortie de dilution,Y,
Dimensions for the CTF Calculation,Dirección del Norte Relativo,Dimensiones para el Cálculo de CTF,Dimensions pour le calcul CTF,Dimensions pour le calcul de la CTF,Y,Y
Diode Factor,Factor de Corrección por Suciedad para Transmitancia Solar y Visible,Factor de Diodo,Facteur de diode,Facteur de diode,Y,
Direct Certainty,Deshabilitar Auto-Sombreado De Grupos de Zonas de Sombreado a Otras Zonas,Certeza Directa,Certitude directe,Certitude Directe,Y,Y
Direct Jitter,Desactivar Auto-sombreado Dentro de Grupos de Zonas de Sombreado,Fluctuación Directa,Gigue directe,Gigue directe,Y,
Direct Pretest,Coeficiente de Descarga,Prueba Directa Previa,Test Direct Préalable,Pré-essai direct,Y,Y
Direct Threshold,Coeficiente de Descarga de Abertura,Umbral Directo,Seuil Direct,Seuil Direct,Y,
Direction of Relative North,Coeficiente de Descarga para Factor de Apertura,Dirección del Norte Relativo,Direction du Nord Relatif,Direction du Nord Relatif,Y,
Dirt Correction Factor for Solar and Visible Transmittance,Modo Solo Descarga Disponible,Factor de Corrección por Suciedad para la Transmitancia Solar y Visible,Facteur de correction de salissure pour la transmittance solaire et visible,Facteur de correction pour salissure de la transmittance solaire et visible,Y,Y
Disable Self-Shading From Shading Zone Groups to Other Zones,Factor de Dimensionamiento de Capacidad en Modo Solo Descarga,Desactivar Auto-Sombreado Desde Grupos de Zonas de Sombreado a Otras Zonas,Désactiver l'auto-masquage des groupes de zones d'ombrage vers les autres zones,Désactiver l'auto-ombrage des groupes de zones d'ombrage vers d'autres zones,Y,Y
Disable Self-Shading Within Shading Zone Groups,Relación de Entrada de Energía en Modo Solo Descarga en Función de la Curva de Fracción de Flujo,Desactivar Autosombreado Dentro de Grupos de Zonas de Sombra,Désactiver l'auto-ombrage dans les groupes de zones d'ombrage,Désactiver l'auto-ombrage au sein des groupes de zones d'ombrage,Y,Y
Discharge Coefficient,Relación de Entrada de Energía en Modo Solo Descarga en Función de la Curva de Temperatura,Coeficiente de Descarga,Coefficient de décharge,Coefficient de décharge,Y,
Discharge Coefficient for Opening,Curva de Correlación de Fracción de Carga Parcial en Modo Solo Descarga,Coeficiente de Descarga de la Abertura,Coefficient de décharge pour l'ouverture,Coefficient de décharge pour l'ouverture,Y,
Discharge Coefficient for Opening Factor,COP Nominal en Modo Solo Descarga,Coeficiente de Descarga para Factor de Apertura,Coefficient de décharge pour le facteur d'ouverture,Coefficient de décharge pour facteur d'ouverture,Y,Y
Discharge Only Mode Available,Relación Sensible de Calor Clasificada en Modo Solo Descarga,Modo Solo Descarga Disponible,Mode Décharge Uniquement Disponible,Mode décharge uniquement disponible,Y,Y
Discharge Only Mode Capacity Sizing Factor,Capacidad de Descarga de Almacenamiento Clasificada en Modo Solo Descarga,Factor de Dimensionamiento de la Capacidad en Modo de Descarga Únicamente,Facteur de dimensionnement de la capacité en mode décharge uniquement,Facteur de dimensionnement de la capacité en mode décharge uniquement,Y,
Discharge Only Mode Energy Input Ratio Function of Flow Fraction Curve,Función de Relación de Calor Sensible en Modo Solo Descarga en Función de la Fracción de Flujo Curva,Función de Relación de Entrada de Energía en Modo de Descarga Únicamente respecto a la Curva de Fracción de Flujo,Courbe du Rapport d'Entrée Énergétique en Mode Vidange Seule en Fonction de la Fraction de Débit,Courbe du Rapport d'Énergie Intégrée en Mode Evacuation Seule en Fonction de la Fraction de Débit,Y,Y
Discharge Only Mode Energy Input Ratio Function of Temperature Curve,Función de Relación de Calor Sensible del Modo Solo Descarga en Relación a la Temperatura,Curva de Función de Relación de Entrada de Energía en Modo Solo Descarga en Función de la Temperatura,Courbe de la fonction du rapport d'entrée énergétique en mode décharge uniquement en fonction de la température,Courbe de Rapport d'Entrée Énergétique en Mode Décharge Seule en Fonction de la Température,Y,Y
Discharge Only Mode Part Load Fraction Correlation Curve,Función de Capacidad de Descarga de Almacenamiento en Modo de Descarga Únicamente en Función de la Fracción de Caudal,Curva de Correlación de Fracción de Carga Parcial en Modo Solo Descarga,Courbe de corrélation de fraction de charge partielle en mode décharge uniquement,Courbe de corrélation de la fraction de charge partielle en mode décharge seule,Y,Y
Discharge Only Mode Rated COP,Función de Capacidad de Descarga del Almacenamiento en Modo Solo Descarga vs Temperatura,COP Nominal en Modo Solo Descarga,COP nominal en mode décharge uniquement,COP nominal en mode décharge uniquement,Y,
Discharge Only Mode Rated Sensible Heat Ratio,Curva de Descarga,Relación de Calor Sensible Nominal en Modo Descarga Solamente,Taux de chaleur sensible nominal en mode rejet uniquement,Indice de Chaleur Sensible Nominal en Mode Décharge Uniquement,Y,Y
Discharge Only Mode Rated Storage Discharging Capacity,Especificaciones de Variables de Curva de Descarga,Capacidad Nominal de Descarga en Modo Solo Descarga,Capacité de Décharge Nominale en Mode Décharge Uniquement,Capacité de décharge nominale en mode décharge uniquement,Y,Y
Discharge Only Mode Sensible Heat Ratio Function of Flow Fraction Curve,Convención de Descuento,Curva de Función de Relación de Calor Sensible en Modo Solo Descarga con Respecto a Fracción de Flujo,Courbe du rapport de chaleur sensible en mode de décharge uniquement en fonction de la fraction de débit,Courbe du Rapport de Chaleur Sensible en Fonction de la Fraction de Débit en Mode Évacuation Seule,Y,Y
Discharge Only Mode Sensible Heat Ratio Function of Temperature Curve,Nombre de Zona de Tuberías de Distribución,Curva de Función de la Razón de Calor Sensible en Modo Solo Descarga en Función de la Temperatura,Fonction de Rapport de Chaleur Sensible en Mode Décharge Uniquement selon la Courbe de Température,Courbe de Rapport de Chaleur Sensible en Mode Évacuation Seul en Fonction de la Température,Y,Y
Discharge Only Mode Storage Discharge Capacity Function of Flow Fraction Curve,COP de Enfriamiento por Distrito,Curva de Capacidad de Descarga de Almacenamiento en Modo Solo Descarga en Función de la Fracción de Flujo,Courbe de fonction de la capacité de décharge de stockage en mode décharge uniquement en fonction de la fraction de débit,Courbe de la Capacité de Décharge en Mode Décharge Uniquement en Fonction de la Fraction de Débit,Y,Y
Discharge Only Mode Storage Discharge Capacity Function of Temperature Curve,Eficiencia de Conversión de Vapor en Calefacción por Distrito,Curva de Función de Capacidad de Descarga de Almacenamiento en Modo Solo Descarga en Función de la Temperatura,Courbe de fonction de capacité de décharge de stockage en mode décharge uniquement en fonction de la température,Courbe de la Capacité de Décharge en Mode Décharge Uniquement en Fonction de la Température,Y,Y
Discharging Curve,Eficiencia del Agua de Calefacción por Distrito,Curva de Descarga,Courbe de décharge,Courbe de Décharge,Y,Y
Discharging Curve Variable Specifications,Conductancia del Divisor,Especificaciones de Variables de la Curva de Descarga,Spécifications des variables de la courbe de décharge,Spécifications des variables de la courbe de décharge,Y,
Discounting Convention,Divisor Proyección Interior,Convención de Descuento,Convention d'actualisation,Convention d'actualisation,Y,
Distribution Piping Zone Name,Divisor Proyección Externa,Nombre de la Zona de Tuberías de Distribución,Nom de zone de tuyauterie de distribution,Nom de la Zone du Tuyautage de Distribution,Y,Y
District Cooling COP,Absortancia Solar del Divisor,COP Enfriamiento de Distrito,Coefficient de Performance du Refroidissement Urbain,COP Refroidissement de District,Y,Y
District Heating Steam Conversion Efficiency,Emitancia Térmica Hemisférica del Divisor,Eficiencia de Conversión de Vapor de Calefacción Urbana,Rendement de conversion vapeur du chauffage urbain,Rendement de conversion de vapeur en chauffage urbain,Y,Y
District Heating Water Efficiency,Tipo de Divisor,Eficiencia del Agua de Calefacción Distrital,Efficacité de l'eau de chauffage urbain,Efficacité de l'eau de chauffage urbain,Y,
Divider Conductance,Absortancia Visible del Divisor,Conductancia del Divisor,Conductance du séparateur,Conductance du Diviseur,Y,Y
Divider Inside Projection,Ancho del divisor,Proyección Interior del Divisor,Projection intérieure du séparateur,Projection Intérieure du Diviseur,Y,Y
Divider Outside Projection,Realizar Simulación de Dimensionamiento HVAC para Períodos de Dimensionamiento,Proyección Exterior del Divisor,Saillie extérieure du diviseur,Projection du Diviseur Vers l'Extérieur,Y,Y
Divider Solar Absorptance,Realizar Cálculo de Dimensionamiento de la Planta,Absortancia Solar del Divisor,Absorbance solaire du diviseur,Absorptance solaire du meneau,Y,Y
Divider Thermal Hemispherical Emissivity,Realizar Balance Térmico del Espacio para la Simulación,Emisividad Térmica Hemisférica del Divisor,Émissivité Hémisphérique Thermique du Diviseur,Émissivité Thermique Hémisphérique du Diviseur,Y,Y
Divider Type,Realizar Balance de Calor del Espacio para Dimensionamiento,Tipo de Divisor,Type de diviseur,Type de Diviseur,Y,Y
Divider Visible Absorptance,Realizar Cálculo de Dimensionamiento del Sistema,Absortancia Visible del Divisor,Absorptance visible du diviseur,Absorptance Visible du Diviseur,Y,Y
Divider Width,Hacer Cálculo de Dimensionamiento de Zona,Ancho del Divisor,Largeur du diviseur,Largeur du Diviseur,Y,Y
Do HVAC Sizing Simulation for Sizing Periods,Temperatura Mínima del Aire que Sale de la Bobina Enfriadora DX DOAS,Realizar Simulación de Dimensionamiento de HVAC para Períodos de Dimensionamiento,Effectuer la simulation de dimensionnement HVAC pour les périodes de dimensionnement,Effectuer la simulation de dimensionnement HVAC pour les périodes de dimensionnement,Y,
Do Plant Sizing Calculation,Nombre del Domo,Realizar Cálculo de Dimensionamiento de Plantas,Effectuer le calcul de dimensionnement de la centrale,Effectuer le calcul du dimensionnement de la boucle,Y,Y
Do Space Heat Balance for Simulation,Nombre de Construcción de Puerta,Calcular Balance Térmico de Espacios en la Simulación,Calculer l'équilibre thermique de la zone pour la simulation,Calculer l'équilibre thermique de l'espace pour la simulation,Y,Y
Do Space Heat Balance for Sizing,Fracción de Pérdida por Arrastre,Calcular Balance de Calor en Espacios para Dimensionamiento,Effectuer l'équilibre thermique de l'espace pour le dimensionnement,Effectuer l'équilibre thermique de l'espace pour le dimensionnement,Y,
Do System Sizing Calculation,Tiempo de Goteo,Realizar Cálculo de Dimensionamiento del Sistema,Effectuer le calcul de dimensionnement du système,Effectuer le calcul de dimensionnement système,Y,Y
Do Zone Sizing Calculation,Nombre de Curva de Factor de Corrección Exterior Seco,Realizar Cálculo de Dimensionamiento de Zona,Effectuer le calcul de dimensionnement des zones,Effectuer le calcul de dimensionnement des zones,Y,
DOAS DX Cooling Coil Leaving Minimum Air Temperature,Límite Inferior del Rango de Diferencia de Temperatura de Bulbo Seco,Temperatura Mínima del Aire a la Salida de la Bobina de Enfriamiento DX del DOAS,Température minimale de l'air à la sortie de la bobine de refroidissement DX du CVCR,Température minimale de l'air à la sortie de la batterie de refroidissement DX DOAS,Y,Y
Dome Name,Límite Superior del Rango de Diferencia de Temperatura de Bulbo Seco,Nombre de la Cúpula,Nom du Dôme,Nom du dôme,Y,Y
Door Construction Name,Límite Inferior del Rango de Temperatura de Bulbo Seco,Nombre de la Construcción de la Puerta,Nom de la construction de porte,Nom de la construction de porte,Y,
Drain Water Heat Exchanger Destination,Destino del Intercambiador de Calor de Drenaje,Destino del Intercambiador de Calor de Agua Residual,Destination de l'échangeur thermique des eaux usées,Destination de l'échangeur thermique des eaux grises,Y,Y
Drain Water Heat Exchanger Type,Tipo de Intercambiador de Calor de Drenaje,Tipo de Intercambiador de Calor de Aguas Residuales,Type d'Échangeur Thermique sur Eaux de Drainage,Type d'Échangeur de Chaleur Eau de Drainage,Y,Y
Drain Water Heat Exchanger U-Factor Times Area,Valor U×A del Intercambiador de Calor de Drenaje,Factor U del Intercambiador de Calor por Área de Drenaje,Facteur U fois Surface de l'Échangeur Thermique des Eaux de Drainage,Coefficient d'échange thermique fois surface de l'échangeur de chaleur des eaux usées,Y,Y
Drift Loss Fraction,Nombre del Programa de Día Modificador del Rango de Temperatura de Bulbo Seco,Fracción de Pérdida por Arrastre,Fraction de Perte par Entraînement,Fraction de perte par entraînement,Y,Y
Drift Loss Percent,Porcentaje de Pérdida por Arrastre,Porcentaje de Pérdida por Arrastre,Pourcentage de perte par entraînement,Pourcentage de perte par entraînement,,
Drip Down Time,Tipo de Modificador de Rango de Temperatura de Bulbo Seco,Tiempo de Drenaje,Temps d'égouttage,Temps d'écoulement par gravité,Y,Y
Dry Outdoor Correction Factor Curve Name,Límite Superior del Rango de Temperatura de Bulbo Seco,Nombre de la Curva de Factor de Corrección de Aire Seco Exterior,Nom de la courbe de facteur de correction d'air extérieur sec,Nom de la Courbe de Facteur de Correction en Conditions Sèches Extérieures,Y,Y
Dry-Bulb Temperature Difference Range Lower Limit,Nombre de Curva Modificadora de Relación de Efectividad de Bulbo Seco,Límite Inferior del Rango de Diferencia de Temperatura de Bulbo Seco,Limite inférieure de la plage de différence de température de bulbe sec,Limite Inférieure de la Plage de Différence de Température Sèche,Y,Y
Dry-Bulb Temperature Difference Range Upper Limit,Longitud del Conducto,Límite Superior del Rango de Diferencia de Temperatura de Bulbo Seco,Limite Supérieure de la Plage de Différence de Température Sèche,Limite supérieure de la plage de différence de température de bulbe sec,Y,Y
Dry-Bulb Temperature Range Lower Limit,Nombre de Curva de Reinicio de Presión Estática del Conducto,Límite Inferior del Rango de Temperatura de Bulbo Seco,Limites inférieure et supérieure de la plage de température sèche,Limite inférieure de la plage de température sèche,Y,Y
Dry-Bulb Temperature Range Modifier Day Schedule Name,Emitancia de la Superficie del Conducto,Nombre de la Agenda del Día del Modificador del Rango de Temperatura de Bulbo Seco,Nom de l'emploi du temps journalier du modificateur de plage de température sèche,Nom du Jour Horaire du Modificateur de Plage de Température Sèche,Y,Y
Dry-Bulb Temperature Range Modifier Type,Fracción de Exposición de la Superficie del Conducto,Tipo de Modificador del Rango de Temperatura de Bulbo Seco,Type de modificateur de plage de température de bulbe sec,Type de modificateur de plage de température sèche,Y,Y
Dry-Bulb Temperature Range Upper Limit,Duración,Límite Superior del Rango de Temperatura de Bulbo Seco,Limite Supérieure de la Plage de Température Sèche,Limite supérieure de la plage de température sèche,Y,Y
Drybulb Effectiveness Flow Ratio Modifier Curve Name,Duración del Ciclo de Descongelación,Nombre de la Curva Modificadora de Efectividad de Bulbo Seco por Relación de Flujo,Nom de la Courbe de Modification du Rapport de Débit d'Efficacité de Température Sèche,Nom de la courbe de modification de l'efficacité thermosèche en fonction du débit relatif,Y,Y
Duct Length,Bobina de expansión directa,Longitud del Conducto,Longueur de conduit,Longueur de conduit,Y,
Duct Static Pressure Reset Curve Name,Nombre de Bobina DX,Nombre de Curva de Reinicio de Presión Estática del Conducto,Nom de la courbe de réinitialisation de la pression statique du conduit,Nom de la courbe de réinitialisation de la pression statique du conduit,Y,
Duct Surface Emittance,Nombre del Nodo de Entrada del Sistema de Serpentín de Enfriamiento DX,Emisividad de la Superficie del Conducto,Émissivité de la Surface du Conduit,Émissivité de la Paroi du Conduit,Y,Y
Duct Surface Exposure Fraction,Nombre del Nodo de Salida del Sistema de Bobina de Enfriamiento DX,Fracción de Exposición de Superficie de Conducto,Fraction d'exposition de la surface du conduit,Fraction de Surface de Conduit Exposée,Y,Y
Duration,Nombre del Nodo del Sensor del Sistema de Bobina de Enfriamiento DX,Duración,Durée,Durée,Y,
Duration of Defrost Cycle,Relación de Dimensionamiento de Bobina de Calefacción DX,Duración del Ciclo de Descongelamiento,Durée du cycle de dégivrage,Durée du cycle de dégivrage,Y,
DX Coil,Bloqueo del Economizador,Bobina DX,Serpentin à détente directe,Serpentin DX,Y,Y
DX Coil Name,Ángulo Efectivo,Nombre de la Bobina DX,Nom de la bobine DX,Nom de la Bobine DX,Y,Y
DX Cooling Coil System Inlet Node Name,Área de Fuga Efectiva,Nombre del Nodo de Entrada del Sistema de Bobina Enfriadora DX,Nom du nœud d'entrée du système de serpentin de refroidissement DX,Nom du nœud d'entrée du système de refroidissement DX,Y,Y
DX Cooling Coil System Outlet Node Name,Relación de Fuga Efectiva,Nombre del Nodo de Salida del Sistema de Serpentín de Enfriamiento DX,Nom du nœud de sortie du système de serpentin de refroidissement DX,Nom du nœud de sortie du système de refroidissement DX,Y,Y
DX Cooling Coil System Sensor Node Name,Espesor Efectivo de la Brecha del Plenum Detrás de los Módulos PV,Nombre del Nodo Sensor del Sistema de Bobina de Enfriamiento DX,Nom du nœud capteur du système de serpentin de refroidissement DX,Nom du nœud capteur du système de refroidissement DX,Y,Y
DX Heating Coil Sizing Ratio,Resistencia Térmica Efectiva,Relación de Dimensionamiento de la Serpentín de Calefacción DX,Ratio de dimensionnement de la serpentine de chauffage DX,Rapport de dimensionnement de la batterie de chauffage DX,Y,Y
Economizer Control Action Type,Tipo de Acción del Economizador,Tipo de Acción de Control del Economizador,Type d'Action de Contrôle de l'Économiseur,Type de contrôle de l'économiseur,Y,Y
Economizer Control Type,Tipo de Control del Economizador,Tipo de Control del Economizador,Type de contrôle de l'économiseur,Type de Contrôle de l'Économiseur,,Y
Economizer Lockout,Nombre de Curva Modificadora de Relación de Efectividad de Flujo,Bloqueo por Economizador,Verrouillage du récupérateur,Verrouillage par Économiseur,Y,Y
Economizer Maximum Limit Dewpoint Temperature,Temperatura Máxima Límite Punto de Rocío del Economizador,Temperatura de Punto de Rocío Límite Máximo del Economizador,Température de Point de Rosée Limite Maximale de l'Économiseur,Température de Point de Rosée Maximum Limite Economiseur,Y,Y
Economizer Maximum Limit Dry-Bulb Temperature,Temperatura Máxima Límite Bulbo Seco del Economizador,Temperatura Límite Máxima de Bulbo Seco del Economizador,Température de Bulbe Sec Limite Maximale de l'Économiseur,Température de Limite Maximale Sèche de l'Économiseur,Y,Y
Economizer Maximum Limit Enthalpy,Entalpía Máxima Límite del Economizador,Entalpía de Límite Máximo del Economizador,Enthalpie Limite Maximale de l'Économiseur,Enthalpie Maximale Limite de l'Économiseur,Y,Y
Economizer Minimum Limit Dry-Bulb Temperature,Temperatura Mínima Límite Bulbo Seco del Economizador,Temperatura de Bulbo Seco Mínima para Economizador,Température Sèche Minimale Limite de l'Économiseur,Température de Bulbe Sec Minimale pour l'Économiseur,Y,Y
Economizer Operation Staging,Escalonamiento de Operación del Economizador,Escalonamiento de Operación del Economizador,Économiseur - Étapes de fonctionnement,Étagement du fonctionnement de l'économiseur,,Y
Effective Air Leakage Area,Área de Fuga de Aire Efectiva,Área Efectiva de Infiltración de Aire,Surface effective de fuite d'air,Surface de Fuite d'Air Effective,Y,Y
Effective Angle,Eficiencia,Ángulo Efectivo,Angle effectif,Angle Effectif,Y,Y
Effective Leakage Area,Eficiencia al 10% de Potencia y Voltaje Nominal,Área de Fugas Efectiva,Aire de fuite effective,Surface de fuite effective,Y,Y
Effective Leakage Ratio,Eficiencia a 100% de Potencia y Voltaje Nominal,Relación Efectiva de Infiltración,Rapport de fuite effectif,Rapport de Fuite Effectif,Y,Y
Effective Plenum Gap Thickness Behind PV Modules,Eficiencia al 20% de potencia y voltaje nominal,Espesor Efectivo del Espacio del Plenum Detrás de Módulos FV,Épaisseur Effective de l'Espace de Plenum Derrière les Modules PV,Épaisseur effective de l'espace de plénum derrière les modules PV,Y,Y
Effective Thermal Resistance,Eficiencia al 30% de Potencia y Voltaje Nominal,Resistencia Térmica Efectiva,Résistance thermique effective,Résistance Thermique Effective,Y,Y
Effectiveness Flow Ratio Modifier Curve Name,Eficiencia al 50% de Potencia y Voltaje Nominal,Nombre de Curva Modificadora de Efectividad por Fracción de Flujo,Nom de la courbe modificatrice du rapport de débit d'efficacité,Nom de la courbe de modification de l'efficacité en fonction du rapport de débit,Y,Y
Efficiency,Eficiencia al 75% de Potencia y Voltaje Nominal,Eficiencia,Rendement,Rendement,Y,
Efficiency at 10% Power and Nominal Voltage,Modo de Curva de Eficiencia,Eficiencia al 10% de Potencia y Voltaje Nominal,Rendement à 10 % de puissance et tension nominale,Rendement à 10 % de puissance et tension nominale,Y,
Efficiency at 100% Power and Nominal Voltage,Nombre de la Curva de Eficiencia,Eficiencia al 100% de Potencia y Voltaje Nominal,Rendement à 100 % de puissance et tension nominale,Rendement à 100 % de puissance et tension nominale,Y,
Efficiency at 20% Power and Nominal Voltage,Nombre de la Curva de Potencia CC de la Función de Eficiencia,Eficiencia al 20% de Potencia y Voltaje Nominal,Rendement à 20 % de puissance et tension nominale,Rendement à 20 % de la puissance et tension nominale,Y,Y
Efficiency at 30% Power and Nominal Voltage,Nombre de la Curva de Potencia de la Función de Eficiencia,Eficiencia al 30% de Potencia y Voltaje Nominal,Rendement à 30 % de puissance et tension nominale,Rendement à 30 % de puissance et tension nominale,Y,
Efficiency at 50% Power and Nominal Voltage,Nombre del Cronograma de Eficiencia,Eficiencia al 50% de Potencia y Voltaje Nominal,Rendement à 50% de puissance et tension nominale,Rendement à 50 % de la puissance nominale,Y,Y
Efficiency at 75% Power and Nominal Voltage,Nombre de Definición de Equipo Eléctrico,Eficiencia a 75% de Potencia y Voltaje Nominal,Rendement à 75 % de puissance et tension nominale,Efficacité à 75 % de puissance et tension nominale,Y,Y
Efficiency Curve Mode,Definición de Nombre de Equipo Eléctrico ITE Enfriado por Aire,Modo de Curva de Eficiencia,Mode de Courbe d'Efficacité,Mode Courbe d'Efficacité,Y,Y
Efficiency Curve Name,Relación de Entrada Eléctrica a Salida de Enfriamiento en Función de la Curva del Tipo Relación de Carga Parcial,Nombre de Curva de Eficiencia,Nom de la courbe d'efficacité,Nom de la courbe de rendement,Y,Y
Efficiency Curve Temperature Evaluation Variable,Variable de Evaluación de Temperatura de la Curva de Eficiencia,Variable de Temperatura para Evaluación de Curva de Eficiencia,Variable d'évaluation de température de courbe d'efficacité,Variable de Température pour l'Évaluation de la Courbe de Rendement,Y,Y
Efficiency Function of DC Power Curve Name,Nombre de la Curva Modificadora de la Relación de Entrada a Salida Eléctrica en Función de la Relación de Carga Parcial,Nombre de Curva de Función de Eficiencia de Potencia DC,Nom de la courbe de puissance CC de la fonction d'efficacité,Nom de la courbe de fonction de rendement en fonction de la puissance CC,Y,Y
Efficiency Function of Power Curve Name,Nombre de la Función Modificadora de la Relación Entrada-Salida Eléctrica en función de la Curva de Temperatura,Nombre de Curva de Función de Potencia de Eficiencia,Nom de courbe de puissance de la fonction d'efficacité,Nom de la courbe de fonction de rendement par rapport à la puissance,Y,Y
Efficiency Schedule Name,Nombre de Curva de Función de Potencia Eléctrica en Función de la Fracción de Flujo,Nombre de Horario de Eficiencia,Nom du calendrier d'efficacité,Nom de la courbe de rendement,Y,Y
Electric Equipment Definition Name,Fracción de Caudal Mínimo de Potencia Eléctrica,Nombre de Definición de Equipo Eléctrico,Nom de la définition d'équipement électrique,Nom de la définition d'équipement électrique,Y,
Electric Equipment ITE AirCooled Definition Name,Potencia Eléctrica Por Unidad de Caudal,Nombre de Definición de Equipo Eléctrico ITE Enfriado por Aire,Nom de définition de l'équipement électrique de technologie de l'information refroidi par air,Nom de la Définition de l'Équipement Électrique ITE Refroidi par Air,Y,Y
Electric Equipment Schedule Name,Nombre del Horario de Equipos Eléctricos,Nombre del Programa de Equipos Eléctricos,Nom du calendrier de l'équipement électrique,Nom de la planification des équipements électriques,Y,Y
Electric Input to Cooling Output Ratio Function of Part Load Ratio Curve Name,Curva de Relación Entrada Eléctrica/Salida de Enfriamiento en Función de Carga Parcial,Nombre de la Curva de Relación de Entrada Eléctrica a Salida de Enfriamiento en Función de la Relación de Carga Parcial,Nom de la courbe de la fonction du rapport d'entrée électrique à la sortie de refroidissement en fonction du rapport de charge partielle,Nom de la courbe de fonction du rapport d'entrée électrique au débit de refroidissement en fonction du rapport de charge partielle,Y,Y
Electric Input to Cooling Output Ratio Function of Part Load Ratio Curve Type,Potencia Eléctrica por Unidad de Caudal por Unidad de Presión,Tipo de Curva de Función de Ratio de Entrada Eléctrica a Salida de Enfriamiento en Función de Ratio de Carga Parcial,Type de courbe de la fonction du rapport de la puissance électrique d'entrée au débit de refroidissement en fonction du rapport de charge partielle,Type de courbe de fonction du rapport d'entrée électrique à rendement frigorifique en fonction du PLR,Y,Y
Electric Input to Cooling Output Ratio Function of Temperature Curve Name,Curva de Relación Entrada Eléctrica/Salida de Enfriamiento en Función de Temperatura,Nombre de Curva de Función de Relación de Entrada Eléctrica a Salida de Enfriamiento en Función de Temperatura,Nom de la courbe de la fonction du rapport entre l'entrée électrique et la sortie de refroidissement en fonction de la température,Nom de la courbe de fonction du rapport d'entrée électrique à la sortie de refroidissement en fonction de la température,Y,Y
Electric Input to Output Ratio Modifier Function of Part Load Ratio Curve Name,Nombre de Curva de Función de Eficiencia del Suministro de Energía Eléctrica en Función de la Relación de Carga Parcial,Nombre de Curva Modificadora de Relación de Entrada a Salida Eléctrica en Función de la Relación de Carga Parcial,Nom de la courbe du modificateur du rapport d'entrée électrique à la sortie en fonction du ratio de charge partielle,Nom de la courbe du modificateur du rapport entrée-sortie électrique en fonction du ratio de charge partielle,Y,Y
Electric Input to Output Ratio Modifier Function of Temperature Curve Name,Subcategoría de Uso Final del Suministro de Energía Eléctrica,Nombre de la Curva Modificadora de la Relación de Entrada Eléctrica a Salida en Función de la Temperatura,Nom de la courbe de modification du ratio d'entrée électrique à sortie en fonction de la température,Courbe de modificateur du rapport d'entrée/sortie électrique en fonction de la température,Y,Y
Electric Power Function of Flow Fraction Curve Name,Tipo de Barra Eléctrica,Nombre de Curva de Función de Potencia Eléctrica en Fracción de Flujo,Nom de la courbe de fonction de puissance électrique en fonction de la fraction de débit,Nom de la courbe de fonction puissance électrique en fonction de la fraction de débit,Y,Y
Electric Power Minimum Flow Rate Fraction,Nombre de la Curva de Función de Eficiencia Eléctrica en Función de la Relación de Carga Parcial,Fracción de Caudal Mínimo para Potencia Eléctrica,Fraction du Débit Minimum en Puissance Électrique,Fraction de débit d'air minimal pour la puissance électrique,Y,Y
Electric Power Per Unit Flow Rate,Nombre de Curva de Función de Eficiencia Eléctrica en Función de Temperatura,Potencia Eléctrica por Unidad de Flujo,Puissance électrique par unité de débit,Puissance électrique par unité de débit d'air,Y,Y
Electric Power Per Unit Flow Rate Per Unit Pressure,Nombre de la Curva de Función de Potencia Eléctrica por Temperatura y Elevación,Potencia Eléctrica por Unidad de Caudal por Unidad de Presión,Puissance électrique par unité de débit par unité de pression,Puissance électrique par unité de débit par unité de pression,Y,
Electric Power Supply Efficiency Function of Part Load Ratio Curve Name,Nombre del Almacenamiento Eléctrico,Nombre de Curva de Eficiencia de la Fuente de Alimentación Eléctrica en Función de la Relación de Carga Parcial,Nom de la courbe de fonction du rendement de l'alimentation électrique en fonction du ratio de charge partielle,Nom de la courbe de fonction d'efficacité de l'alimentation électrique en fonction du ratio de charge partielle,Y,Y
Electric Power Supply End-Use Subcategory,Nombre del Objeto de Almacenamiento Eléctrico,Subcategoría de Uso Final de Suministro de Energía Eléctrica,Sous-catégorie de consommation finale pour alimentation électrique,Sous-catégorie d'utilisation finale pour l'alimentation électrique,Y,Y
Electrical Buss Type,Inflación de Electricidad,Tipo de Bus Eléctrico,Type de bus électrique,Type de Bus Électrique,Y,Y
Electrical Efficiency Function of Part Load Ratio Curve Name,Nombre de la Curva de Límite de Entalpía Electrónica,Nombre de Curva de Eficiencia Eléctrica en Función de la Relación de Carga Parcial,Nom de la courbe de fonction du rendement électrique en fonction du ratio de charge partielle,Nom de la courbe de rendement électrique en fonction du taux de charge partielle,Y,Y
Electrical Efficiency Function of Temperature Curve Name,Elevación,Nombre de la Curva de Función de Eficiencia Eléctrica en Función de la Temperatura,Nom de la courbe de fonction de rendement électrique en fonction de la température,Nom de la courbe de rendement électrique en fonction de la température,Y,Y
Electrical Power Function of Temperature and Elevation Curve Name,Emitancia de la Placa Absorbedora,Nombre de la Curva de Potencia Eléctrica en Función de Temperatura y Elevación,Nom de la courbe de fonction de puissance électrique en fonction de la température et de l'altitude,Nom de la courbe de puissance électrique en fonction de la température et de l'altitude,Y,Y
Electrical Storage Name,Emitancia de la Cubierta Interior,Nombre del Almacenamiento Eléctrico,Nom du stockage électrique,Nom du Stockage Électrique,Y,Y
Electrical Storage Object Name,Emitancia de la Cubierta Exterior,Nombre del Objeto de Almacenamiento Eléctrico,Nom de l'objet de stockage électrique,Nom de l'objet de stockage électrique,Y,
Electricity Inflation,Nombre del Programa o Subrutina EMS,Inflación de Electricidad,Inflation de l'électricité,Inflation de l'électricité,Y,
Electronic Enthalpy Limit Curve Name,Nivel de Salida de Depuración del Lenguaje de Tiempo de Ejecución EMS,Nombre de Curva de Límite de Entalpía Electrónica,Nom de la Courbe Limite d'Enthalpie Électronique,Nom de la courbe de limite d'enthalpie électronique,Y,Y
Elevation,Nombre de Variable EMS,Elevación,Altitude,Élévation,Y,Y
Emissivity of Absorber Plate,Fecha Final,Emitancia del Plato Absorbedor,Émissivité de la plaque absorbante,Émissivité de la Plaque Absorbante,Y,Y
Emissivity of Inner Cover,Día Final,Emitancia Térmica de la Cubierta Interior,Émissivité de la vitre intérieure,Émissivité de la couverture intérieure,Y,Y
Emissivity of Outer Cover,Día Final del Mes,Emitancia Térmica de la Cubierta Exterior,Émissivité de la vitre externe,Émissivité de la couverture externe,Y,Y
EMS Program or Subroutine Name,Mes Final,Nombre del Programa o Subrutina EMS,Nom du programme ou de la sous-routine EMS,Nom du programme ou de la sous-routine EMS,Y,
EMS Runtime Language Debug Output Level,Categoría de Uso Final,Nivel de Salida de Depuración del Lenguaje de Tiempo de Ejecución del EMS,Niveau de débogage de la sortie du langage d'exécution EMS,Niveau de sortie de débogage du langage d'exécution EMS,Y,Y
EMS Variable Name,Factor de Conversión de Energía,Nombre de Variable EMS,Nom de variable EMS,Nom de la variable EMS,Y,Y
Enable ASHRAE 55 Comfort Warnings,Habilitar Advertencias de Confort ASHRAE 55,Habilitar Advertencias de Confort ASHRAE 55,Activer les avertissements de confort ASHRAE 55,Activer les avertissements de confort ASHRAE 55,,
End Date,Nombre de Curva de Factor de Energía,Fecha de Finalización,Date de fin,Date de fin,Y,
End Day,Nombre de Curva de Función de Proporción de Entrada de Energía según Fracción de Flujo de Aire,Día Final,Jour de fin,Jour de fin,Y,
End Day of Month,Curva de Relación de Entrada de Energía en Función de la Fracción de Flujo,Día Final del Mes,Dernier jour du mois,Jour de fin du mois,Y,Y
End Month,Función de Relación de Entrada de Energía en Función de la Temperatura de Curva,Mes Final,Mois de fin,Mois de fin,Y,
End-Use Category,Nombre de Curva de Función de Relación de Entrada de Energía según Fracción de Flujo de Agua,Categoría de Uso Final,Catégorie d'utilisation finale,Catégorie de Fin d'Usage,Y,Y
End-Use Subcategory,Subcategoría de Uso Final,Subcategoría de Uso Final,Sous-catégorie de consommation finale,Sous-catégorie d'usage final,,Y
Energy Conversion Factor,Función Modificadora de la Relación de Entrada de Energía en función de la Curva de Fracción de Flujo de Aire,Factor de Conversión de Energía,Facteur de Conversion d'Énergie,Facteur de Conversion d'Énergie,Y,
Energy Factor Curve Name,Función Modificadora de la Relación de Entrada de Energía en Función de la Temperatura,Nombre de Curva del Factor de Energía,Nom de la courbe du facteur d'énergie,Nom de la courbe du facteur énergétique,Y,Y
Energy Input Ratio Function of Air Flow Fraction Curve Name,Nombre de Curva de Fracción de Carga Parcial de Energía,Nombre de la Curva de Función de la Relación de Entrada de Energía según la Fracción de Flujo de Aire,Nom de la courbe de fonction du ratio d'entrée énergétique en fonction de la fraction de débit d'air,Nom de la courbe de fonction du rapport d'apport énergétique en fonction de la fraction de débit d'air,Y,Y
Energy Input Ratio Function of Flow Fraction Curve,Punto de llamada del modelo EnergyPlus,Curva de Relación de Entrada de Energía en Función de la Fracción de Flujo,Courbe de ratio d'entrée d'énergie en fonction de la fraction de débit,Courbe du Rapport d'Entrée Énergétique en Fonction de la Fraction de Débit,Y,Y
Energy Input Ratio Function of Flow Fraction Curve Name,Curva de Relación de Entrada de Energía en Función de Fracción de Flujo,Nombre de la Curva de Función de Relación de Entrada de Energía por Fracción de Flujo,Nom de la courbe de rapport d'entrée énergétique en fonction de la fraction de débit,Nom de la courbe de fonction du rapport d'énergie d'entrée en fonction de la fraction de débit,Y,Y
Energy Input Ratio Function of Temperature Curve,Entalpía,Función Curva EIR en Función de Temperatura,Courbe de fonction du rapport d'entrée énergétique en fonction de la température,Courbe du Ratio d'Apport Énergétique en Fonction de la Température,Y,Y
Energy Input Ratio Function of Temperature Curve Name,Curva de Relación de Entrada de Energía en Función de Temperatura,Nombre de Curva de Razón de Entrada de Energía en Función de la Temperatura,Nom de la courbe de fonction du rapport d'entrée d'énergie en fonction de la température,Nom de la courbe de fonction du rapport d'entrée énergétique en fonction de la température,Y,Y
Energy Input Ratio Function of Water Flow Fraction Curve Name,Entalpía a Temperatura de Bulbo Seco Máxima,Nombre de Curva de Función de Relación de Entrada de Energía según Fracción de Flujo de Agua,Nom de la courbe de fonction du rapport d'entrée énergétique en fonction de la fraction de débit d'eau,Nom de la courbe de rapport d'énergie d'entrée en fonction de la fraction de débit d'eau,Y,Y
Energy Input Ratio Modifier Function of Air Flow Fraction Curve,Límite Alto de Entalpía,Función Modificadora de la Razón de Entrada de Energía en función de la Curva de Fracción de Flujo de Aire,Fonction de modification du rapport d'entrée énergétique en fonction de la courbe de fraction de débit d'air,Courbe Modificatrice du Rapport Énergétique en Fonction de la Fraction de Débit d'Air,Y,Y
Energy Input Ratio Modifier Function of Temperature Curve,Tipo de Ambiente,Función Modificadora de la Relación de Entrada de Energía en función de la Curva de Temperatura,Fonction modificatrice du rapport d'entrée énergétique en fonction de la courbe de température,Fonction de correction du rapport d'entrée énergétique en fonction de la température,Y,Y
Energy Part Load Fraction Curve Name,Clase Ambiental,Nombre de la Curva de Fracción de Carga Parcial de Energía,Nom de la courbe de fraction de charge partielle d'énergie,Nom de la courbe de fraction de charge partielle énergétique,Y,Y
EnergyPlus Model Calling Point,Longitud Equivalente de Tubería Principal que Conecta la Unidad Exterior a la Primera Derivación,Punto de Llamada del Modelo EnergyPlus,Point d'appel du modèle EnergyPlus,Point d'appel du modèle EnergyPlus,Y,
Enthalpy,Longitud de Tubería Equivalente utilizada para Factor de Corrección de Tubería en Modo Enfriamiento,Entalpía,Enthalpie,Enthalpie,Y,
Enthalpy at Maximum Dry-Bulb,Longitud de Tubería Equivalente utilizada para Factor de Corrección de Tubería en Modo Calefacción,Entalpía en Temperatura de Bulbo Seco Máxima,Enthalpie à la température sèche maximale,Enthalpie à la Température Sèche Maximale,Y,Y
Enthalpy High Limit,Relación de aspecto del rectángulo equivalente,Límite Superior de Entalpía del Aire Exterior,Limite Élevée d'Enthalpie,Limite Supérieure d'Enthalpie,Y,Y
Environment Type,Método del Rectángulo Equivalente,Tipo de Ambiente,Type d'environnement,Type d'environnement,Y,
Environmental Class,Mes de Inicio de Escalada,Clase Ambiental,Classe environnementale,Classe Environnementale,Y,Y
Equivalent Length of Main Pipe Connecting Outdoor Unit to the First Branch Joint,Año de Inicio de Escalación,Longitud Equivalente de la Tubería Principal que Conecta la Unidad Exterior a la Primera Junta de Ramificación,Longueur équivalente du tuyau principal reliant l'unité extérieure à la première jonction de branchement,Longueur équivalente de la conduite principale reliant l'unité extérieure au premier raccord de branchement,Y,Y
Equivalent Piping Length used for Piping Correction Factor in Cooling Mode,Número de Euler en Eficiencia Estática Máxima del Ventilador,Longitud de Tubería Equivalente Utilizada para Factor de Corrección de Tuberías en Modo Enfriamiento,Longueur de tuyauterie équivalente utilisée pour le facteur de correction de tuyauterie en mode refroidissement,Longueur de Tuyauterie Équivalente pour le Facteur de Correction de Tuyauterie en Mode Refroidissement,Y,Y
Equivalent Piping Length used for Piping Correction Factor in Heating Mode,Nombre de Curva de Función del Multiplicador de Capacidad Evaporativa en Función de la Temperatura,Longitud de Tubería Equivalente Utilizada para Factor de Corrección de Tuberías en Modo Calefacción,Longueur de tuyauterie équivalente utilisée pour le facteur de correction de tuyauterie en mode chauffage,Longueur de tuyauterie équivalente utilisée pour le facteur de correction de tuyauterie en mode chauffage,Y,
Equivalent Rectangle Aspect Ratio,Nombre del Programa de Disponibilidad del Condensador Evaporativo,Relación de Aspecto del Rectángulo Equivalente,Rapport d'aspect du rectangle équivalent,Rapport d'aspect du rectangle équivalent,Y,
Equivalent Rectangle Method,Capacidad del Calentador de la Cuenca del Condensador Evaporativo,Método del Rectángulo Equivalente,Méthode du Rectangle Équivalent,Méthode du Rectangle Équivalent,Y,
Escalation Start Month,Horario de Operación del Calentador de Depósito del Condensador Evaporativo,Mes de Inicio de Escalación,Mois de début de l'escalade,Mois de Début de l'Escalade,Y,Y
Escalation Start Year,Temperatura de Consigna del Calentador de la Bandeja del Condensador Evaporativo,Año de Inicio de Escalación,Année de début de l'escalade,Année de début de l'escalade,Y,
Euler Number at Maximum Fan Static Efficiency,Fracción de Potencia de la Bomba del Condensador Evaporativo,Número de Euler en Eficiencia Estática Máxima del Ventilador,Nombre d'Euler au rendement statique maximal du ventilateur,Nombre d'Euler à rendement statique maximal du ventilateur,Y,Y
Evaporation Loss Factor,Factor de Pérdida por Evaporación,Factor de Pérdida por Evaporación,Facteur de Perte par Évaporation,Facteur de perte par évaporation,,Y
Evaporation Loss Mode,Modo de Pérdida por Evaporación,Modo de Pérdida por Evaporación,Mode de Perte par Évaporation,Mode de perte par évaporation,,Y
Evaporative Capacity Multiplier Function of Temperature Curve Name,Nombre del Tanque de Almacenamiento de Agua de Suministro del Condensador Evaporativo,Nombre de la Curva del Multiplicador de Capacidad Evaporativa en Función de la Temperatura,Nom de la courbe de la fonction multiplicatrice de capacité évaporative en fonction de la température,Nom de la courbe multiplicatrice de capacité d'évaporation en fonction de la température,Y,Y
Evaporative Condenser Air Flow Rate,Caudal de Aire del Condensador Evaporativo,Caudal de Aire del Condensador Evaporativo,Débit d'air du condenseur à évaporation,Débit d'air du condenseur évaporatif,,Y
Evaporative Condenser Availability Schedule Name,Temperatura de Bulbo Seco Límite Máximo de Operación Evaporativa,Nombre de Programa de Disponibilidad del Condensador Evaporativo,Nom de l'horaire de disponibilité du condenseur à évaporation,Nom de l'horaire de disponibilité du condenseur évaporatif,Y,Y
Evaporative Condenser Basin Heater Capacity,Temperatura de Bulbo Húmedo Máxima del Límite de Operación Evaporativa,Capacidad del Calentador de Depósito del Condensador Evaporativo,Capacité du radiateur du bassin du condenseur à évaporation,Capacité du réchauffeur de bassin du condenseur évaporatif,Y,Y
Evaporative Condenser Basin Heater Operating Schedule,Temperatura Bulbo Seco Mínima de Operación Evaporativa,Horario de Operación del Calentador de Base del Condensador Evaporativo,Calendrier de fonctionnement du réchauffeur de bassin du condenseur par évaporation,Calendrier de fonctionnement du réchauffeur du bassin du condenseur à évaporation,Y,Y
Evaporative Condenser Basin Heater Setpoint Temperature,Nombre del Tanque de Suministro de Agua Evaporativa,Temperatura de Consigna del Calefactor de la Bandeja del Condensador Evaporativo,Température de consigne du radiateur du bassin du condenseur évaporatif,Température de consigne du réchauffeur de bac du condenseur évaporatif,Y,Y
Evaporative Condenser Effectiveness,Efectividad del Condensador Evaporativo,Efectividad del Condensador Evaporativo,Efficacité du condenseur évaporatif,Efficacité du condenseur à refroidissement évaporatif,,Y
Evaporative Condenser Pump Power Fraction,Tasa de Flujo de Aire del Evaporador,Fracción de Potencia de Bomba del Condensador Evaporativo,Fraction de la puissance de la pompe du condenseur évaporatif,Fraction Puissance Pompe Condenseur Évaporatif,Y,Y
Evaporative Condenser Pump Rated Power Consumption,Consumo Nominal de la Bomba del Condensador Evaporativo,Consumo de Potencia Nominal de la Bomba del Condensador Evaporativo,Consommation électrique nominale de la pompe du condenseur par évaporation,Consommation Électrique Nominale de la Pompe du Condenseur Évaporatif,Y,Y
Evaporative Condenser Supply Water Storage Tank Name,Fracción de Caudal de Aire del Evaporador,Nombre del Depósito de Almacenamiento de Agua de Suministro del Condensador Evaporativo,Nom du réservoir de stockage d'eau d'alimentation du condenseur évaporatif,Nom du réservoir de stockage d'eau d'alimentation du condenseur évaporatif,Y,
Evaporative Operation Maximum Limit Drybulb Temperature,Nodo de Entrada de Aire del Evaporador,Temperatura de Bulbo Seco Límite Máximo de Operación del Enfriador Evaporativo,Température de limite maximale de fonctionnement en mode évaporatif selon le thermomètre sec,Température Bulbe Sèche Limite Maximale d'Exploitation du Refroidisseur Évaporatif,Y,Y
Evaporative Operation Maximum Limit Wetbulb Temperature,Nombre del Nodo de Entrada de Aire del Evaporador,Temperatura de Bulbo Húmedo Máxima para Operación del Enfriador Evaporativo,Température de Bulbe Humide pour Limite Maximale de Fonctionnement Évaporatif,Température de Bulbe Humide Maximale pour le Fonctionnement du Refroidisseur Évaporatif,Y,Y
Evaporative Operation Minimum Drybulb Temperature,Nodo de Salida de Aire del Evaporador,Temperatura de Bulbo Seco Mínima para Operación Evaporativa,Température Minimale du Thermomètre Sec pour le Fonctionnement Évaporatif,Température de bulbe sec minimale d'exploitation du refroidisseur par évaporation,Y,Y
Evaporative Water Supply Tank Name,Nombre del Nodo de Salida de Aire del Evaporador,Nombre del Depósito de Suministro de Agua para Enfriamiento Evaporativo,Nom du réservoir d'alimentation en eau évaporative,Nom du réservoir d'alimentation en eau pour refroidissement évaporatif,Y,Y
Evaporator Air Flow Rate,Tipo de Temperatura del Aire del Evaporador para Objetos de Curva,Caudal de Aire del Evaporador,Débit d'air de l'évaporateur,Débit d'air de l'évaporateur,Y,
Evaporator Air Flow Rate Fraction,Diferencia de Temperatura de Aproximación del Evaporador,Fracción de Caudal de Aire en el Evaporador,Fraction du débit d'air de l'évaporateur,Fraction du débit d'air de l'évaporateur,Y,
Evaporator Air Inlet Node,Capacidad del Evaporador,Nodo de Entrada de Aire del Evaporador,Nœud d'entrée d'air de l'évaporateur,Nœud d'entrée d'air de l'évaporateur,Y,
Evaporator Air Inlet Node Name,Temperatura de Evaporación del Evaporador,Nombre del Nodo de Entrada de Aire del Evaporador,Nom du nœud d'entrée d'air de l'évaporateur,Nom du nœud d'entrée d'air de l'évaporateur,Y,
Evaporator Air Outlet Node,Potencia del Ventilador del Evaporador Incluida en el COP Nominal,Nodo de Salida de Aire del Evaporador,Nœud de sortie d'air de l'évaporateur,Nœud de sortie air évaporateur,Y,Y
Evaporator Air Outlet Node Name,Caudal del Evaporador para Fluido Secundario,Nombre del Nodo de Salida de Aire del Evaporador,Nom du nœud de sortie d'air de l'évaporateur,Nom du nœud de sortie d'air de l'évaporateur,Y,
Evaporator Air Temperature Type for Curve Objects,Nodo de Entrada del Evaporador,Tipo de Temperatura del Aire del Evaporador para Objetos de Curva,Type de température d'air de l'évaporateur pour les objets Curve,Type de température de l'air évaporateur pour les courbes,Y,Y
Evaporator Approach Temperature Difference,Nodo de Salida del Evaporador,Diferencia de Temperatura de Aproximación del Evaporador,Différence de température d'approche de l'évaporateur,Différence de Température d'Approche de l'Évaporateur,Y,Y
Evaporator Capacity,Diferencia de Temperatura del Rango del Evaporador,Capacidad del Evaporador,Capacité de l'évaporateur,Capacité de l'évaporateur,Y,
Evaporator Evaporating Temperature,Inventario de Refrigerante del Evaporador,Temperatura de Evaporación del Evaporador,Température d'évaporation de l'évaporateur,Température d'évaporation de l'évaporateur,Y,
Evaporator Fan Power Included in Rated COP,Parámetro de Cobertura del Suelo para Evapotranspiración,Potencia del Ventilador del Evaporador Incluida en el COP Nominal,Puissance du ventilateur d'évaporateur incluse dans le COP nominal,Puissance du ventilateur d'évaporateur incluse dans le COP nominal,Y,
Evaporator Flow Rate for Secondary Fluid,Relación de Aire en Exceso,Caudal del Evaporador para Fluido Secundario,Débit du fluide secondaire à l'évaporateur,Débit d'évaporateur pour le fluide secondaire,Y,Y
Evaporator Inlet Node,Límite de Entalpía del Aire de Escape,Nodo de Entrada del Evaporador,Nœud d'entrée de l'évaporateur,Nœud d'entrée de l'évaporateur,Y,
Evaporator Outlet Node,Nombre del Ventilador de Aire de Escape,Nodo de Salida del Evaporador,Nœud de sortie de l'évaporateur,Nœud de sortie de l'évaporateur,Y,
Evaporator Range Temperature Difference,Caudal de Aire de Escape,Diferencia de Temperatura del Rango del Evaporador,Différence de température de la plage de l'évaporateur,Différence de température de plage de l'évaporateur,Y,Y
Evaporator Refrigerant Inventory,Nombre de la Curva de Tasa de Flujo de Aire de Escape en Función de la Relación de Carga Parcial,Inventario de Refrigerante del Evaporador,Inventaire de Réfrigérant de l'Évaporateur,Inventaire de Réfrigérant de l'Évaporateur,Y,
Evapotranspiration Ground Cover Parameter,Nombre de la Curva de Función de Caudal de Aire de Escape respecto a la Temperatura,Parámetro de Cobertura Vegetal de Evapotranspiración,Paramètre de couverture du sol pour l'évapotranspiration,Paramètre de couverture du sol pour l'évapotranspiration,Y,
Excess Air Ratio,Nodo de Entrada de Aire de Escape,Relación de Aire en Exceso,Taux d'excès d'air,Rapport d'air excédentaire,Y,Y
Exhaust Air Enthalpy Limit,Nodo de Salida de Aire de Escape,Límite de Entalpía del Aire de Exhaust,Limite d'enthalpie de l'air d'extraction,Limite d'enthalpie de l'air extrait,Y,Y
Exhaust Air Fan Name,Nombre de Curva de Función de Temperatura del Aire de Escape respecto a la Relación de Carga Parcial,Nombre del Ventilador de Aire de Escape,Nom du ventilateur d'air d'extraction,Nom du ventilateur d'air d'échappement,Y,Y
Exhaust Air Flow Rate,Nombre de Curva de Función de Temperatura del Aire de Extracción en Función de Temperatura,Caudal de Aire de Extracción,Débit d'air d'échappement,Débit volumique d'air d'extraction,Y,Y
Exhaust Air Flow Rate Function of Part Load Ratio Curve Name,Límite de Temperatura del Aire de Escape,Nombre de la Curva de Flujo de Aire de Escape en Función de la Relación de Carga Parcial,Nom de la courbe de la fonction du débit d'air d'échappement en fonction du taux de charge partielle,Nom de la courbe de débit d'air d'extraction en fonction du rapport de charge partielle,Y,Y
Exhaust Air Flow Rate Function of Temperature Curve Name,Nombre del Nodo de Aire de Salida de Escape,Nombre de Curva de Función de Flujo de Aire de Escape en Función de la Temperatura,Nom de la courbe de fonction du débit d'air d'extraction en fonction de la température,Nom de la courbe de débit d'air d'échappement en fonction de la température,Y,Y
Exhaust Air Inlet Node,Nombre de Recurso de Combustible Existente,Nodo de Entrada de Aire de Extracción,Nœud d'entrée d'air d'échappement,Nœud d'Entrée d'Air Extrait,Y,Y
Exhaust Air Outlet Node,Exportar a BCVTB,Nodo de Salida de Aire de Escape,Nœud de sortie d'air d'échappement,Nœud de sortie d'air d'échappement,Y,
Exhaust Air Temperature Function of Part Load Ratio Curve Name,Método de Cálculo del Perímetro Expuesto,Nombre de Curva de Temperatura del Aire de Salida en Función de la Relación de Carga Parcial,Nom de la courbe de la température de l'air d'échappement en fonction du taux de charge partielle,Nom de la courbe fonction de température d'air d'extraction en fonction du taux de charge partielle,Y,Y
Exhaust Air Temperature Function of Temperature Curve Name,Fracción del Perímetro Expuesto,Nombre de Curva de Función de Temperatura del Aire de Escape respecto a Temperatura,Nom de la courbe de la fonction de température de l'air d'échappement,Nom de la courbe de fonction de température de l'air d'extraction,Y,Y
Exhaust Air Temperature Limit,Nombre de Definición de Equipo de Combustible Exterior,Límite de Temperatura del Aire de Extracción,Limite de température de l'air d'extraction,Limite de Température de l'Air Soufflé,Y,Y
Exhaust Outlet Air Node Name,Profundidad del Aislamiento Horizontal Exterior,Nombre del Nodo de Aire de Salida de Escape,Nom du nœud d'air de sortie d'échappement,Nom du nœud de sortie d'air d'échappement,Y,Y
Existing Fuel Resource Name,Nombre del Material de Aislamiento Horizontal Exterior,Nombre del Recurso Combustible Existente,Nom de la ressource énergétique existante,Nom de la ressource énergétique existante,Y,
Export To BCVTB,Ancho de Aislamiento Horizontal Exterior,Exportar a BCVTB,Exporter vers BCVTB,Exporter vers BCVTB,Y,
Exposed Perimeter Calculation Method,Nombre de Definición de Luces Exteriores,Método de Cálculo del Perímetro Expuesto,Méthode de calcul du périmètre exposé,Méthode de calcul du périmètre exposé,Y,
Exposed Perimeter Fraction,Nombre de Superficie Exterior,Fracción del Perímetro Expuesto,Fraction de Périmètre Exposé,Fraction de Périmètre Exposé,Y,
Exterior Fuel Equipment Definition Name,Profundidad del Aislamiento Vertical Exterior,Nombre de la Definición del Equipo de Combustible Exterior,Nom de la définition de l'équipement combustible extérieur,Nom de la Définition d'Équipement Combustible Extérieur,Y,Y
Exterior Horizontal Insulation Depth,Nombre del Material de Aislamiento Vertical Exterior,Profundidad del Aislamiento Horizontal Exterior,Profondeur de l'isolation horizontale extérieure,Profondeur de l'isolation horizontale extérieure,Y,
Exterior Horizontal Insulation Material Name,Nombre de Definición de Equipo de Agua Exterior,Nombre del Material de Aislamiento Horizontal Exterior,Nom du Matériau d'Isolation Horizontale Extérieure,Nom du matériau d'isolation horizontale extérieure,Y,Y
Exterior Horizontal Insulation Width,Nombre de Ventana Exterior,Ancho de Aislamiento Horizontal Exterior,Largeur de l'isolation horizontale extérieure,Largeur de l'isolation horizontale extérieure,Y,
Exterior Lights Definition Name,Coeficiente de Temperatura de Bulbo Seco Exterior,Nombre de Definición de Luces Exteriores,Nom de définition des luminaires extérieurs,Nom de la Définition des Éclairages Extérieurs,Y,Y
Exterior Surface Name,Número de Columna en Archivo Externo,Nombre de Superficie Exterior,Nom de la surface extérieure,Nom de la surface extérieure,Y,
Exterior Vertical Insulation Depth,Nombre de Archivo Externo,Profundidad del Aislamiento Vertical Exterior,Profondeur de l'isolation verticale extérieure,Profondeur de l'Isolation Verticale Extérieure,Y,Y
Exterior Vertical Insulation Material Name,Número de Fila Inicial del Archivo Externo,Nombre del Material de Aislamiento Vertical Exterior,Nom du matériau d'isolation verticale extérieure,Nom du Matériau d'Isolation Verticale Extérieure,Y,Y
Exterior Water Equipment Definition Name,Altura del Nodo Externo,Nombre de la Definición de Equipo de Agua Exterior,Nom de la définition du matériel d'eau extérieur,Nom de la Définition de l'Équipement Hydraulique Extérieur,Y,Y
Exterior Window Name,Nombre del Nodo Externo,Nombre de Ventana Exterior,Nom de la Fenêtre Extérieure,Nom de la fenêtre extérieure,Y,Y
External Dry-Bulb Temperature Coefficient,Nombre de Esquema de Fracción de Sombreado Externo,Coeficiente de Temperatura de Bulbo Seco Exterior,Coefficient de Température Sèche Extérieure,Coefficient de Température Sèche Extérieure,Y,
External File Column Number,Coeficiente de Extinción por Espesor de la Cubierta Externa,Número de Columna del Archivo Externo,Numéro de colonne du fichier externe,Numéro de colonne du fichier externe,Y,
External File Name,Coeficiente de Extinción por Espesor de la Cubierta Interior,Nombre del Archivo Externo,Nom de fichier externe,Nom de fichier externe,Y,
External File Starting Row Number,Longitud de Grieta Adicional o Altura del Eje de Pivote,Número de Fila Inicial del Archivo Externo,Numéro de ligne de démarrage du fichier externe,Numéro de ligne de départ du fichier externe,Y,Y
External Node Height,Método de Extrapolación,Altura del Nodo Externo,Hauteur du nœud externe,Hauteur du Nœud Externe,Y,Y
External Node Name,Factor F,Nombre de Nodo Externo,Nom du nœud externe,Nom du nœud externe,Y,
External Shading Fraction Schedule Name,Ancho de Fachada,Nombre del Cronograma de Fracción de Sombreado Externo,Nom de l'horaire de fraction d'ombrage externe,Nom de l'agenda de fraction d'ombrage externe,Y,Y
Extinction Coefficient Times Thickness of Outer Cover,Ventilador,Coeficiente de Extinción por Espesor de Cubierta Exterior,Coefficient d'extinction fois l'épaisseur de la couverture extérieure,Coefficient d'extinction multiplié par l'épaisseur du revêtement extérieur,Y,Y
Extinction Coefficient Times Thickness of the inner Cover,Tipo de Control del Ventilador,Coeficiente de Extinción por Espesor de la Cubierta Interior,Coefficient d'extinction multiplié par l'épaisseur du vitrage intérieur,Coefficient d'extinction multiplié par l'épaisseur de la vitre intérieure,Y,Y
Extra Crack Length or Height of Pivoting Axis,Tiempo de Retardo del Ventilador,Longitud de Grieta Adicional o Altura del Eje de Pivote,Longueur de fissure supplémentaire ou hauteur de l'axe de pivotement,Longueur de fissure supplémentaire ou hauteur de l'axe de pivotement,Y,
Extrapolation Method,Nombre de Curva de Función de Relación de Eficiencia del Ventilador respecto a la Relación de Velocidad,Método de Extrapolación,Méthode d'extrapolation,Méthode d'extrapolation,Y,
F-Factor,Subcategoría de Uso Final del Ventilador,Factor F,F-Factor,Facteur F,Y,Y
Facade Width,Nombre del Nodo de Entrada del Ventilador,Ancho de Fachada,Largeur de façade,Largeur de façade,Y,
Fan,Nombre del Ventilador,Ventilador,Ventilateur,Ventilateur,Y,
Fan Control Type,Fracción de Flujo con Ventilador Encendido,Tipo de Control del Ventilador,Type de Contrôle du Ventilateur,Type de Contrôle du Ventilateur,Y,
Fan Delay Time,Área de Salida del Ventilador,Tiempo de Retardo del Ventilador,Délai de démarrage du ventilateur,Délai d'arrêt du ventilateur,Y,Y
Fan Efficiency Ratio Function of Speed Ratio Curve Name,Nombre del Nodo de Salida del Ventilador,Nombre de Curva de Relación de Eficiencia de Ventilador en Función de Relación de Velocidad,Nom de la courbe de fonction du ratio d'efficacité du ventilateur en fonction du ratio de vitesse,Nom de la courbe de rapport d'efficacité du ventilateur en fonction du rapport de vitesse,Y,Y
Fan End-Use Subcategory,Ubicación del Ventilador,Subcategoría de Uso Final de Ventiladores,Sous-catégorie d'usage final du ventilateur,Sous-catégorie de fin d'usage des ventilateurs,Y,Y
Fan Inlet Node Name,Nombre de la Curva de Función de Entrada de Potencia del Ventilador,Nombre del Nodo de Entrada del Ventilador de Suministro,Nom du nœud d'entrée du ventilateur,Nom du nœud d'entrée du ventilateur d'alimentation,Y,Y
Fan Name,Curva de Función de Relación de Potencia del Ventilador con Respecto a la Relación de Caudal de Aire,Nombre del Ventilador,Nom du ventilateur,Nom du ventilateur,Y,
Fan On Flow Fraction,Nombre de Curva de Función de Relación de Potencia del Ventilador respecto a Relación de Velocidad,Fracción de Flujo con Ventilador Encendido,Fraction de débit avec ventilateur actif,Fraction de débit d'activation du ventilateur,Y,Y
Fan Outlet Area,Incremento de Presión del Ventilador,Área de Salida del Ventilador,Zone de sortie du ventilateur,Aire de sortie du ventilateur,Y,Y
Fan Outlet Node Name,Nombre de Curva de Aumento de Presión del Ventilador,Nombre de Nodo de Salida del Ventilador,Nom du nœud de sortie du ventilateur,Nom du Nœud de Sortie du Ventilateur,Y,Y
Fan Placement,Programa de Ventilador,Posición del Ventilador,Positionnement du ventilateur,Position du ventilateur,Y,Y
Fan Power at Design Air Flow Rate,Potencia del Ventilador al Caudal de Aire de Diseño,Potencia del Ventilador a Caudal de Aire de Diseño,Puissance du ventilateur au débit d'air de conception,Puissance de la ventilation au débit d'air nominal,Y,Y
Fan Power Coefficient 1,Coeficiente 1 de Potencia del Ventilador,Coeficiente de Potencia del Ventilador 1,Coefficient de Puissance Ventilateur 1,Coefficient de Puissance du Ventilateur 1,Y,Y
Fan Power Coefficient 2,Coeficiente 2 de Potencia del Ventilador,Coeficiente 2 de Potencia del Ventilador,Coefficient de Puissance de Ventilateur 2,Coefficient de Puissance du Ventilateur 2,,Y
Fan Power Coefficient 3,Coeficiente 3 de Potencia del Ventilador,Coeficiente de Potencia del Ventilador 3,Coefficient de Puissance du Ventilateur 3,Coefficient de Puissance du Ventilateur 3,Y,
Fan Power Coefficient 4,Coeficiente 4 de Potencia del Ventilador,Coeficiente de Potencia del Ventilador 4,Coefficient de Puissance Ventilateur 4,Coefficient de Puissance de Ventilateur 4,Y,Y
Fan Power Coefficient 5,Coeficiente 5 de Potencia del Ventilador,Coeficiente de Potencia del Ventilador 5,Coefficient de Puissance du Ventilateur 5,Coefficient de Puissance de Ventilateur 5,Y,Y
Fan Power Input Function of Flow Curve Name,Factor de Dimensionamiento del Ventilador,Nombre de Curva de Función de Potencia de Ventilador en relación al Flujo,Nom de courbe de la fonction d'entrée de puissance du ventilateur en fonction du débit,Nom de la courbe fonction de la puissance d'entrée du ventilateur en fonction du débit,Y,Y
Fan Power Minimum Air Flow Rate,Caudal de Aire Mínimo de Potencia del Ventilador,Caudal de Aire Mínimo para Potencia del Ventilador,Débit d'air minimum de la puissance du ventilateur,Débit d'air volumique minimum de puissance ventilateur,Y,Y
Fan Power Minimum Flow Fraction,Fracción de Caudal Mínimo de Potencia del Ventilador,Fracción de Flujo Mínimo para Potencia del Ventilador,Fraction Minimale de Débit de Puissance du Ventilateur,Fraction de débit minimum pour la puissance du ventilateur,Y,Y
Fan Power Minimum Flow Rate Input Method,Método de Entrada del Caudal Mínimo de Potencia del Ventilador,Método de Entrada de Caudal Mínimo de Potencia del Ventilador,Méthode d'entrée du débit minimum de puissance du ventilateur,Méthode d'entrée du débit minimum pour la puissance du ventilateur,Y,Y
Fan Power Ratio Function of Air Flow Rate Ratio Curve,Tipo de Control de Velocidad del Ventilador,Curva de Relación de Potencia del Ventilador en Función de la Relación de Caudal de Aire,Courbe du rapport de puissance du ventilateur en fonction du rapport de débit d'air,Courbe du Rapport de Puissance du Ventilateur en Fonction du Rapport de Débit d'Air,Y,Y
Fan Power Ratio Function of Speed Ratio Curve Name,Diámetro del Rodete del Ventilador,Nombre de Curva de Función de Relación de Potencia del Ventilador en Función de Relación de Velocidad,Nom de la courbe de fonction du ratio de puissance du ventilateur en fonction du ratio de vitesse,Nom de la courbe de la fonction du rapport de puissance du ventilateur en fonction du rapport de vitesse,Y,Y
Fan Pressure Rise,Ancho de Campo Lejano,Aumento de Presión del Ventilador,Augmentation de pression du ventilateur,Augmentation de pression du ventilateur,Y,
Fan Pressure Rise Curve Name,Tipo de Dato de Característica,Nombre de Curva de Incremento de Presión del Ventilador,Nom de la courbe de montée de pression du ventilateur,Nom de la courbe de montée de pression du ventilateur,Y,
Fan Schedule,Nombre de Función,Horario del Ventilador,Calendrier de ventilateur,Calendrier du Ventilateur,Y,Y
Fan Sizing Factor,Valor de Característica,Factor de Dimensionamiento del Ventilador,Facteur de dimensionnement du ventilateur,Facteur de dimensionnement du ventilateur,Y,
Fan Speed Control Type,Temperatura Profunda del Terreno en Febrero,Tipo de Control de Velocidad del Ventilador,Type de commande de vitesse du ventilateur,Type de Commande de Vitesse du Ventilateur,Y,Y
Fan Total Efficiency,Eficiencia Total del Ventilador,Eficiencia Total del Ventilador,Rendement total du ventilateur,Rendement Total du Ventilateur,,Y
Fan Wheel Diameter,Reflectancia del Terreno en Febrero,Diámetro de la Rueda del Ventilador,Diamètre de la roue du ventilateur,Diamètre de la roue du ventilateur,Y,
Far-Field Width,Temperatura del Terreno en Febrero,Ancho del Campo Lejano,Largeur du Champ Lointain,Largeur du champ lointain,Y,Y
Feature Data Type,Temperatura del Suelo Superficial en Febrero,Tipo de Dato de Característica,Type de données de la fonctionnalité,Type de Données de Caractéristique,Y,Y
Feature Name,Valor de Febrero,Nombre de Función,Nom de la fonctionnalité,Nom de la fonction,Y,Y
Feature Value,Contexto de Ensamblaje de Acristalamiento,Valor de la Característica,Valeur de la fonctionnalité,Valeur de la Caractéristique,Y,Y
February Deep Ground Temperature,Tipo de Divisor de Fenestración,Temperatura Profunda del Terreno en Febrero,Température souterraine profonde en février,Température profonde du sol en février,Y,Y
February Ground Reflectance,Tipo de Marco de Fenestración,Reflectancia del Terreno en Febrero,Réflectance du sol en février,Réflectance du sol en février,Y,
February Ground Temperature,Relleno de Gas en Fenestración,Temperatura del Terreno en Febrero,Température du sol en février,Température du sol février,Y,Y
February Surface Ground Temperature,Revestimiento de Baja Emitancia en Ventanas,Temperatura Superficial del Terreno en Febrero,Température de surface du sol en février,Température de Surface du Sol en Février,Y,Y
February Value,Número de Paneles en Fenestración,Valor de Febrero,Valeur de février,Valeur février,Y,Y
Fenestration Assembly Context,Tintado de Acristalamiento,Contexto de Conjunto de Acristalamiento,Contexte d'assemblage de fenestration,Contexte d'assemblage de fenêtre,Y,Y
Fenestration Divider Type,Tipo de Acristalamiento,Tipo de Divisor de Acristalamiento,Type de diviseur de fenêtre,Type de Diviseur de Fenêtre,Y,Y
Fenestration Frame Type,Campo,Tipo de Marco de Ventana,Type de Cadre de Fenêtre,Type de cadre de fenêtre,Y,Y
Fenestration Gas Fill,Nombre de archivo,Relleno Gaseoso de Ventanas,Remplissage gazeux des vitrages,Remplissage gazeux de la fenêtre,Y,Y
Fenestration Low Emissivity Coating,Filtro,Recubrimiento de Baja Emisividad en Ventanas,Revêtement à Faible Émissivité de Fenêtration,Revêtement à faible émissivité de la fenêtre,Y,Y
Fenestration Number of Panes,Primer Enfriador Evaporativo,Número de Capas de la Fenestración,Nombre de vitres de la fenêtration,Nombre de vitrages,Y,Y
Fenestration Tint,Factor de Fricción Fijo,Tintado de Acristalamiento,Teinte de fenêtre,Teinte de Fenêtre,Y,Y
Fenestration Type,Nombre de Construcción de Ventana Fija,Tipo de Acristalamiento,Type de fenêtrage,Type de Fenêtre,Y,Y
Field,Indicador para indicar control de carga en modo SCWH,Campo,Champ,Champ,Y,
File Name,Nombre de la Construcción del Piso,Nombre de archivo,Nom de fichier,Nom du fichier,Y,Y
Filter,Coeficiente de Flujo,Filtro,Filtre,Filtre,Y,
First Evaporative Cooler,Nombre del Calendario de Fracción de Flujo,Primer Enfriador Evaporativo,Premier Refroidisseur Évaporatif,Premier Refroidisseur Évaporatif,Y,
Fixed Friction Factor,Modo de Flujo,Factor de Fricción Fijo,Facteur de friction fixe,Facteur de friction fixe,Y,
Fixed Minimum Air Flow Rate,Caudal Mínimo de Aire Fijo,Caudal de Aire Mínimo Fijo,Débit d'air minimum fixe,Débit d'air minimum fixe,Y,
Fixed Window Construction Name,Flujo por Unidad de Área de Piso,Nombre de la Construcción de Ventana Fija,Nom de Construction de Fenêtre Fixe,Nom de la construction de fenêtre fixe,Y,Y
Flag to Indicate Load Control In SCWH Mode,Caudal por Persona,Indicador de Control de Carga en Modo SCWH,Indicateur de contrôle de charge en mode SCWH,Indicateur de Contrôle de Charge en Mode SCWH,Y,Y
Floor Area,Área del Piso,Área de Piso,Surface de plancher,Superficie au sol,Y,Y
Floor Construction Name,Caudal por Área de Piso de la Zona,Nombre de Construcción del Piso,Nom de la construction du plancher,Nom de la construction de sol,Y,Y
Flow Coefficient,Esquema de Control de Secuenciamiento de Flujo,Coeficiente de Flujo,Coefficient de débit,Coefficient de débit,Y,
Flow Fraction Schedule Name,Nodo de Entrada de Fluido,Nombre de Horario de Fracción de Flujo de Extracción,Nom du programme de fraction de débit,Nom de l'agenda de fraction de débit d'extraction,Y,Y
Flow Mode,Nodo de Salida de Fluido,Modo de Flujo,Mode de débit,Mode de Débit,Y,Y
Flow per Exterior Surface Area,Caudal por Área de Superficie Exterior,Flujo por Área de Superficie Exterior,Débit par surface extérieure,Débit par unité de surface extérieure,Y,Y
Flow per Space Floor Area,Caudal por Área de Piso del Espacio,Flujo por Área de Piso del Espacio,Débit par surface de plancher de l'espace,Débit par surface de plancher de l'espace,Y,
Flow Rate Fraction Schedule Name,Nombre del Horario de Fracción del Caudal,Nombre del Horario de Fracción de Caudal,Nom de l'horaire de fraction de débit,Nom de la planification de fraction de débit,Y,Y
Flow Rate per Floor Area,Temperatura de Clasificación del Tanque de Almacenamiento de Fluido,Caudal por Área de Piso,Débit par Surface d'Étage,Débit par unité de surface du plancher,Y,Y
Flow Rate per Person,Volumen de Almacenamiento de Fluido,Caudal por Persona,Débit par personne,Débit par Personne,Y,Y
Flow Rate per Zone Floor Area,Modelo de Transferencia de Calor del Fluido a la Superficie Radiante,Caudal por Área de Suelo de la Zona,Débit par unité de surface de plancher de la zone,Débit par surface de plancher de zone,Y,Y
Flow Sequencing Control Scheme,Tipo de Fluido,Esquema de Control de Secuencia de Flujo,Schéma de contrôle de séquençage du débit,Schéma de contrôle de la séquence de débit,Y,Y
Fluid Inlet Node,Nombre de Archivo FMU,Nodo de Entrada de Fluido,Nœud d'entrée du fluide,Nœud d'entrée du fluide,Y,
Fluid Outlet Node,Nombre de Instancia FMU,Nodo de Salida del Fluido,Nœud de sortie du fluide,Nœud de sortie du fluide,Y,
Fluid Storage Tank Rating Temperature,Registro de FMU Habilitado,Temperatura de Clasificación del Tanque de Almacenamiento de Fluido,Température de référence du réservoir de stockage de fluide,Température nominale du réservoir de stockage de fluide,Y,Y
Fluid Storage Volume,Tiempo de espera de FMU,Volumen de Almacenamiento de Fluido,Volume de Stockage du Fluide,Volume de stockage de fluide,Y,Y
Fluid to Radiant Surface Heat Transfer Model,Nombre de Variable FMU,Modelo de Transferencia de Calor del Fluido a la Superficie Radiante,Modèle de transfert de chaleur du fluide vers la surface rayonnante,Modèle de transfert thermique du fluide à la surface rayonnante,Y,Y
Fluid Type,Profundidad de la Cimentación,Tipo de Fluido,Type de fluide,Type de Fluide,Y,Y
FMU File Name,Nombre del Material de la Cimentación,Nombre de Archivo FMU,Nom du fichier FMU,Nom du fichier FMU,Y,
FMU Instance Name,Nombre de Construcción de Muro de Cimentación,Nombre de Instancia FMU,Nom de l'instance FMU,Nom de l'instance FMU,Y,
FMU LoggingOn,Fracción Latente,FMU Registro Activo,FMU LoggingOn,FMU LoggingOn,Y,
FMU Timeout,Fracción Perdida,Tiempo de espera FMU,Délai d'attente FMU,Délai d'expiration FMU,Y,Y
FMU Variable Name,Fracción del Flujo de Aire que Circunvala la Bobina,Nombre de Variable FMU,Nom de variable FMU,Nom de variable FMU,Y,
Footing Depth,Fracción de Energía del Calentador Anticongelante al Gabinete,Profundidad de la Cimentación,Profondeur de la fondation,Profondeur de la semelle,Y,Y
Footing Material Name,Fracción de la Capacidad de Diseño de Enfriamiento Dimensionada Automáticamente,Nombre del Material de Cimentación,Nom du Matériau de Fondation,Nom du matériau de fondation,Y,Y
Footing Wall Construction Name,Fracción de la Velocidad de Flujo de Aire de Suministro de Refrigeración de Diseño Dimensionado Automáticamente,Nombre de Construcción del Muro de Cimentación,Nom de la construction du mur de fondation,Nom de la Construction du Mur de Fondation,Y,Y
Fraction Latent,Fracción de la Tasa de Flujo de Aire de Suministro de Diseño Auto-Dimensionado Cuando no se Requiere Enfriamiento ni Calefacción,Fracción Latente,Fraction Latente,Fraction de Chaleur Latente,Y,Y
Fraction Lost,Fracción de la Velocidad de Flujo de Aire de Suministro de Diseño de Calefacción Autocalculada,Fracción Perdida,Fraction perdue,Fraction Perdue,Y,Y
Fraction of Air Flow Bypassed Around Coil,Fracción del Caudal de Aire de Suministro de Diseño Autocalculado para Calefacción Cuando No se Requiere Refrigeración ni Calefacción,Fracción de Flujo de Aire que Pasa Alrededor de la Bobina,Fraction de débit d'air contourné autour de la serpentin,Fraction du débit d'air contournant la batterie,Y,Y
Fraction of Anti-Sweat Heater Energy to Case,Fracción de la Capacidad de Diseño de Calefacción Automática,Fracción de Energía del Calefactor Anti-Condensación Hacia la Vitrina,Fraction de l'Énergie du Radiateur Anti-Condensation vers le Cas,Fraction de l'énergie du réchauffeur anti-condensation vers le meuble,Y,Y
Fraction of Autosized Cooling Design Capacity,Fracción de la Capacidad de la Celda Removida al Final de la Zona Exponencial,Fracción de la Capacidad de Diseño de Enfriamiento Autoajustada,Fraction de la Capacité de Refroidissement Dimensionnée Automatiquement,Fraction de la Capacité Frigorifique de Dimensionnement Autocalculée,Y,Y
Fraction of Autosized Design Cooling Supply Air Flow Rate,Fracción de la Capacidad de la Celda Removida al Final de la Zona Nominal,Fracción de la Velocidad de Flujo de Aire de Suministro de Diseño de Enfriamiento Autodimensionado,Fraction of Autosized Design Cooling Supply Air Flow Rate = Fraction de débit d'air de refroidissement dimensionné automatiquement,Fraction du débit d'air soufflé de refroidissement dimensionné,Y,Y
Fraction of Autosized Design Cooling Supply Air Flow Rate When No Cooling or Heating is Required,Fracción del Área Bruta del Colector Cubierta por Módulo FV,Fracción del Caudal de Aire de Suministro de Diseño Autocalculado Cuando No se Requiere Enfriamiento ni Calentamiento,Fraction du Débit d'Air Soufflé de Refroidissement Dimensionné Automatiquement Lorsqu'Aucun Refroidissement ou Chauffage n'est Requis,Fraction du Débit d'Air Neuf de Refroidissement Dimensionné Automatiquement Quand Aucun Refroidissement ou Chauffage n'est Requis,Y,Y
Fraction of Autosized Design Heating Supply Air Flow Rate,Fracción del Calor de la Bomba del Condensador al Agua,Fracción del Caudal de Aire de Suministro de Diseño de Calefacción Autosizado,Fraction de la Vitesse de l'Air de Soufflage de Chauffage Dimensionnée Automatiquement,Fraction du débit d'air de soufflage de chauffage dimensionné automatiquement,Y,Y
Fraction of Autosized Design Heating Supply Air Flow Rate When No Cooling or Heating is Required,Fracción de Pérdidas por Corrientes de Foucault,Fracción del Caudal de Aire de Suministro de Diseño Autocalculado Cuando No se Requiere Calefacción ni Refrigeración,Fraction du débit d'air de soufflage de conception auto-dimensionné pour le chauffage lorsqu'aucun refroidissement ou chauffage n'est requis,Fraction du débit d'air neuf de chauffage dimensionné automatiquement quand aucun refroidissement ni chauffage n'est requis,Y,Y
Fraction of Autosized Heating Design Capacity,Fracción de Pérdidas de Suministro de Energía Eléctrica hacia la Zona,Fracción de la Capacidad de Diseño de Calefacción Autoajustada,Fraction de la Capacité de Chauffage en Dimensionnement Automatique,Fraction de la Capacité de Chauffage Autocalculée,Y,Y
Fraction of Cell Capacity Removed at the End of Exponential Zone,Fracción de Entrada Convertida a Energía Latente,Fracción de Capacidad de la Celda Removida al Final de la Zona Exponencial,Fraction de la capacité de la cellule supprimée à la fin de la zone exponentielle,Fraction de la capacité cellulaire supprimée à la fin de la zone exponentielle,Y,Y
Fraction of Cell Capacity Removed at the End of Nominal Zone,Fracción de Entrada Convertida a Energía Radiante,Fracción de Capacidad de Celda Removida al Final de la Zona Nominal,Fraction de la capacité de la cellule supprimée à la fin de la zone nominale,Fraction de la capacité cellulaire éliminée à la fin de la zone nominale,Y,Y
Fraction of Collector Gross Area Covered by PV Module,Fracción de la Entrada que se Pierde,Fracción del Área Bruta del Colector Cubierta por Módulo FV,Fraction de la Surface Brute du Capteur Couverte par le Module Photovoltaïque,Fraction de surface brute du capteur couverte par module PV,Y,Y
Fraction of Compressor Electric Consumption Rejected by Condenser,Fracción del Consumo Eléctrico del Compresor Rechazado por el Condensador,Fracción del Consumo Eléctrico del Compresor Rechazada por el Condensador,Fraction de la Consommation Électrique du Compresseur Rejetée par le Condenseur,Fraction de la Consommation Électrique du Compresseur Rejetée par le Condenseur,Y,
Fraction of Condenser Pump Heat to Water,Fracción de Energía de Iluminación al Escaparate,Fracción de Calor de Bomba de Condensador Transferido al Agua,Fraction de la chaleur de la pompe du condenseur allant à l'eau,Fraction de chaleur de pompe de condenseur transférée à l'eau,Y,Y
Fraction of Eddy Current Losses,Fracción del Calor de la Bomba hacia el Agua,Fracción de Pérdidas por Corrientes de Foucault,Fraction des Pertes par Courants de Foucault,Fraction des Pertes par Courants de Foucault,Y,
Fraction of Electric Power Supply Losses to Zone,Fracción del Área de Célula PV con Respecto al Área del Módulo PV,Fracción de Pérdidas de Suministro Eléctrico Hacia la Zona,Fraction des Pertes d'Alimentation Électrique vers la Zone,Fraction des pertes du système d'alimentation électrique gagnées par la zone,Y,Y
Fraction of Input Converted to Latent Energy,Fracción de Energía Radiante Incidente en Personas,Fracción de Entrada Convertida a Energía Latente,Fraction de l'Énergie d'Entrée Convertie en Énergie Latente,Fraction d'énergie d'entrée convertie en énergie latente,Y,Y
Fraction of Input Converted to Radiant Energy,Fracción del Área de Superficie con Celdas Solares Activas,Fracción de Entrada Convertida a Energía Radiante,Fraction de l'Énergie d'Entrée Convertie en Énergie Rayonnante,Fraction de l'Entrée Convertie en Énergie Radiante,Y,Y
Fraction of Input that Is Lost,Fracción del Área de Superficie con Colector Térmico Activo,Fracción de Entrada Perdida,Fraction de l'Entrée Perdue,Fraction d'entrée perdue,Y,Y
Fraction of Lighting Energy to Case,Fracción de la Capacidad de la Torre en Régimen de Convección Libre,Fracción de Energía de Iluminación hacia la Vitrina,Fraction de l'énergie d'éclairage vers la vitrine,Fraction de l'Énergie d'Éclairage au Meuble,Y,Y
Fraction of Motor Inefficiencies to Fluid Stream,Fracción de Ineficiencias del Motor al Fluido,Fracción de Ineficiencias del Motor Transferidas al Fluido,Fraction des Inefficacités du Moteur vers le Flux de Fluide,Fraction de pertes du moteur vers le fluide,Y,Y
Fraction of Pump Heat to Water,Fracción de Zona Controlada por Control de Iluminación Natural Primario,Fracción de Calor de Bomba Transferido al Agua,Fraction de la Chaleur de Pompe vers l'Eau,Fraction de chaleur de pompe transférée à l'eau,Y,Y
Fraction of PV Cell Area to PV Module Area,Fracción de Zona Controlada por Control de Iluminación Natural Secundario,Fracción del Área de Célula FV al Área del Módulo FV,Fraction de la surface des cellules PV à la surface du module PV,Fraction de la surface des cellules photovoltaïques par rapport à la surface du module photovoltaïque,Y,Y
Fraction of Radiant Energy Incident on People,Fracción Reemplazable,Fracción de Energía Radiante Incidente en Personas,Fraction de l'Énergie Radiante Incidente sur les Personnes,Fraction d'énergie rayonnante incidente sur les occupants,Y,Y
Fraction of Surface Area with Active Solar Cells,Fracción de eficiencia del sistema,Fracción del Área de Superficie con Celdas Solares Activas,Fraction de la Surface avec Cellules Solaires Actives,Fraction de la surface couverte par des cellules solaires actives,Y,Y
Fraction of Surface Area with Active Thermal Collector,Fracción Visible,Fracción del Área de Superficie con Colector Térmico Activo,Fraction de la Surface avec Collecteur Thermique Actif,Fraction de la surface avec collecteur thermique actif,Y,Y
Fraction of Tower Capacity in Free Convection Regime,Nombre del Marco y Divisor,Fracción de la Capacidad de la Torre en Régimen de Convección Libre,Fraction de la capacité de la tour en régime de convection libre,Fraction de la Capacité de la Tour en Régime de Convection Naturelle,Y,Y
Fraction of Zone Controlled by Primary Daylighting Control,Conductancia del Marco,Fracción de Zona Controlada por Control de Iluminación Natural Primaria,Fraction de Zone Contrôlée par le Contrôle d'Éclairage Naturel Primaire,Fraction de Zone Contrôlée par Commande d'Éclairage Naturel Primaire,Y,Y
Fraction of Zone Controlled by Secondary Daylighting Control,Proyección Interior del Marco,Fracción de la Zona Controlada por Control de Iluminación Natural Secundario,Fraction de zone contrôlée par la commande d'éclairage naturel secondaire,Fraction de Zone Contrôlée par le Contrôle d'Éclairage Naturel Secondaire,Y,Y
Fraction Radiant,Fracción Radiante,Fracción Radiante,Fraction Rayonnante,Fraction Rayonnante,,
Fraction Replaceable,Proyección Externa del Marco,Fracción Reemplazable,Fraction Remplaçable,Fraction Remplaçable,Y,
Fraction system Efficiency,Absortancia Solar del Marco,Fracción de eficiencia del sistema,Fraction du rendement du système,Fraction de rendement du système,Y,Y
Fraction Visible,Emitancia Térmica Hemisférica del Marco,Fracción Visible,,,Y,
Frame and Divider Name,Absortancia Visible del Marco,Nombre de Marco y Divisor,Nom du cadre et du diviseur,Nom du Cadre et du Diviseur,Y,Y
Frame Conductance,Ancho del Marco,Conductancia del Marco,Conductance de la Trame,Conductance de la Menuiserie,Y,Y
Frame Inside Projection,Factor de Dimensionamiento de la Tasa de Flujo de Aire por Convección Libre,Proyección Interior del Marco,Projection intérieure du cadre,Projection interne du cadre,Y,Y
Frame Outside Projection,Capacidad Nominal de Convección Libre,Proyección Exterior del Marco,Projection extérieure du cadre,Projection extérieure du cadre,Y,
Frame Solar Absorptance,Factor de Dimensionamiento de Capacidad Nominal de Convección Libre,Absortancia Solar del Marco,Absorptance solaire du cadre,Absorptance solaire du dormant,Y,Y
Frame Thermal Hemispherical Emissivity,Velocidad de Flujo de Aire en Régimen de Convección Libre,Emitancia Térmica Hemisférica del Marco,Emissivité Hémisphérique Thermique du Cadre,Émissivité Thermique Hémisphérique de la Menuiserie,Y,Y
Frame Visible Absorptance,Factor de Dimensionamiento de Velocidad de Flujo de Aire en Régimen de Convección Natural,Absortancia Visible del Marco,Absorbance visible du châssis,Absorptance Visible de la Menuiserie,Y,Y
Frame Width,Factor U de Régimen de Convección Libre por Valor de Área,Ancho del Marco,Largeur du cadre,Largeur du Cadre,Y,Y
Free Convection Air Flow Rate Sizing Factor,Factor de Dimensionamiento del Valor de U-Factor por Área para Convección Libre,Factor de Dimensionamiento del Caudal de Aire en Convección Libre,Facteur de dimensionnement du débit d'air en convection libre,Facteur de dimensionnement du débit d'air en convection naturelle,Y,Y
Free Convection Capacity,Capacidad de Convección Libre,Capacidad en Convección Libre,Capacité de convection naturelle,Capacité en Convection Naturelle,Y,Y
Free Convection Nominal Capacity,Temperatura de Congelación del Medio de Almacenamiento,Capacidad Nominal en Convección Natural,Capacité Nominale en Convection Naturelle,Capacité Nominale en Convection Naturelle,Y,
Free Convection Nominal Capacity Sizing Factor,Nombre del Día de la Programación del Viernes,Factor de Dimensionamiento de Capacidad Nominal de Convección Libre,Facteur de dimensionnement de la capacité nominale en convection naturelle,Facteur de dimensionnement de la capacité nominale en convection libre,Y,Y
Free Convection Regime Air Flow Rate,Nombre de Superficie,Caudal de Aire en Régimen de Convección Libre,Débit d'air en régime de convection libre,Débit d'air en régime de convection naturelle,Y,Y
Free Convection Regime Air Flow Rate Sizing Factor,Reflectancia Frontal,Factor de Dimensionamiento de la Tasa de Flujo de Aire en Régimen de Convección Libre,Facteur de dimensionnement du débit d'air en régime de convection naturelle,Facteur de dimensionnement du débit d'air en régime de convection naturelle,Y,
Free Convection Regime U-Factor Times Area Value,Emitancia Hemisférica Infrarroja del Lado Frontal,Valor de U-Factor por Área en Régimen de Convección Libre,Facteur U en Régime de Convection Libre Times Surface (Valeur),Valeur U-Facteur Fois Surface en Régime de Convection Naturelle,Y,Y
Free Convection U-Factor Times Area Value Sizing Factor,Reflectancia Solar de Haz Frontal de Lama,Factor de Dimensionamiento del Valor U-Factor por Área en Régimen de Convección Natural,Facteur de dimensionnement de la valeur du facteur U × surface pour convection libre,Facteur de dimensionnement de la valeur U-Factor × Aire en régime de convection libre,Y,Y
Freezing Temperature of Storage Medium,Reflectancia Visible del Haz Visible del Listón del Lado Frontal,Temperatura de Congelación del Medio de Almacenamiento,Température de congélation du milieu de stockage,Température de congélation du milieu de stockage,Y,
Friday Schedule:Day Name,Reflectancia Solar Difusa del Lado Frontal de las Lamas,Viernes Calendario:Nombre del Día,Calendrier Vendredi : Nom du jour,Jour de la semaine pour la Variante Vendredi,Y,Y
From Surface Name,Reflectancia Visible Difusa del Lado Frontal de la Lámina,Nombre de la Superficie de Origen,Depuis le nom de surface,Du nom de surface,Y,Y
Front Reflectance,Emitancia Infrarroja Hemisférica del Listón del Lado Frontal,Reflectancia Frontal,Réflectance avant,Réflectance avant,Y,
Front Side Infrared Hemispherical Emissivity,Reflectancia Solar en el Lado Frontal a Incidencia Normal,Emisividad Infrarroja Hemisférica del Lado Frontal,Émissivité hémisphérique infrarouge du côté avant,Émissivité hémisphérique infrarouge côté avant,Y,Y
Front Side Slat Beam Solar Reflectance,Reflectancia Visible en el Lado Frontal a Incidencia Normal,Reflectancia Solar de Haz del Lado Frontal de la Lámina,Réflectance solaire du faisceau du côté avant des lames,Réflectance solaire directe de la lame (côté avant),Y,Y
Front Side Slat Beam Visible Reflectance,Emitancia de la Superficie Frontal,Reflectancia Visible de Haz del Slat en el Lado Frontal,Réflectance visible du faisceau des lames du côté avant,Réflectance Visible du Faisceau de la Lame - Côté Avant,Y,Y
Front Side Slat Diffuse Solar Reflectance,Tipo de Control de Escarcha,Reflectancia Solar Difusa de la Laminilla Lado Frontal,Réflectance solaire diffuse du côté avant de la lame,Réflectance Diffuse Solaire de la Lame Côté Face,Y,Y
Front Side Slat Diffuse Visible Reflectance,Factor de Ajuste Fs-cogeneración,Reflectancia Visible Difusa del Listón Lado Frontal,Réflectance Diffuse Visible du Côté Avant des Lames,Réflectance Visible Diffuse des Lames Côté Avant,Y,Y
Front Side Slat Infrared Hemispherical Emissivity,Nombre de Curva de Ajuste de Descongelamiento de Relación de Entrada de Energía de Combustible,Emitancia Infrarroja Hemisférica del Laminilla (Lado Frontal),Emissivité Hémisphérique Infrarouge du Côté Avant des Lames,Émissivité hémisphérique infrarouge des lames - face avant,Y,Y
Front Side Solar Reflectance at Normal Incidence,Nombre de Curva de Función de Relación de Energía de Combustible Respecto a PLR,Reflectancia Solar en el Lado Frontal a Incidencia Normal,Réflectance solaire de la face avant à incidence normale,Réflectance solaire côté avant à incidence normale,Y,Y
Front Side Visible Reflectance at Normal Incidence,Nombre de Curva de Función de Relación de Entrada de Energía de Combustible en Función de la Temperatura,Reflectancia Visible en Cara Frontal a Incidencia Normal,Réflectance visible du côté avant à incidence normale,Réflectance Visible de la Face Avant à Incidence Normale,Y,Y
Front Surface Emittance,Valor Calorífico Superior del Combustible,Emitancia de la Superficie Frontal,Émissivité de la surface avant,Émissivité de la Surface Avant,Y,Y
Frost Control Type,Valor Calorífico Inferior del Combustible,Tipo de Control de Escarcha,Type de contrôle du givre,Type de Contrôle du Givre,Y,Y
Fs-cogen Adjustment Factor,Nombre de la fuente de combustible,Factor de Ajuste Fs-cogeneración,Facteur d'ajustement Fs-cogen,Facteur d'ajustement Fs-cogénération,Y,Y
Fuel Energy Input Ratio Defrost Adjustment Curve Name,Modo de Modelado de Temperatura de Combustible,Nombre de Curva de Ajuste de Descongelación para la Relación de Entrada de Energía de Combustible,Nom de la courbe d'ajustement de dégivrage du rapport d'énergie du carburant,Nom de la courbe d'ajustement du dégivrage du ratio d'apport énergétique du combustible,Y,Y
Fuel Energy Input Ratio Function of PLR Curve Name,Nombre de Nodo de Referencia de Temperatura de Combustible,Nombre de Curva de Relación de Entrada de Energía de Combustible en Función de PLR,Nom de la courbe de fonction du ratio d'énergie combustible en entrée en fonction du PLR,Nom de la courbe de rapport énergétique du combustible en fonction du PLR,Y,Y
Fuel Energy Input Ratio Function of Temperature Curve Name,Nombre del Programa de Temperatura del Combustible,Nombre de Curva de Función de Ratio de Entrada de Energía de Combustible por Temperatura,Nom de la courbe du ratio d'entrée d'énergie du carburant en fonction de la température,Nom de la courbe de la fonction du ratio d'énergie combustible en fonction de la température,Y,Y
Fuel Higher Heating Value,Tipo de Combustible Utilizado,Poder Calorífico Superior del Combustible,Pouvoir calorifique supérieur du combustible,Pouvoir calorifique supérieur du combustible,Y,
Fuel Lower Heating Value,Inflación de Combustible Diésel,Poder Calorífico Inferior del Combustible,Pouvoir calorifique inférieur du combustible,Pouvoir calorifique inférieur du combustible,Y,
Fuel Supply Name,Inflación de Gasóleo 2,Nombre de Suministro de Combustible,Nom de l'approvisionnement en combustible,Nom de l'approvisionnement en combustible,Y,
Fuel Temperature Modeling Mode,Aumento de Temperatura a Carga Completa,Modo de Modelado de Temperatura del Combustible,Mode de modélisation de la température du combustible,Mode de modélisation de la température du combustible,Y,
Fuel Temperature Reference Node Name,Capacidad de Celda Completamente Cargada,Nombre del Nodo de Referencia de Temperatura del Combustible,Nom du nœud de référence de température du combustible,Nom du nœud de référence de la température du carburant,Y,Y
Fuel Temperature Schedule Name,Voltaje de Celda Completamente Cargada,Nombre del Calendario de Temperatura del Combustible,Nom de l'emploi du temps de température du carburant,Nom de la courbe de température du combustible,Y,Y
Fuel Type,Tipo de Combustible,Tipo de Combustible,Type de combustible,Type de Combustible,,Y
Fuel Use Type,Valor G de la Función G,Tipo de Combustible,Type de carburant,Type de combustible utilisé,Y,Y
FuelOil1 Inflation,Valor de G-Function Ln(T/Ts),Inflación del Combustible Nº1,Inflation du Fioul Domestique 1,Inflation du fioul domestique,Y,Y
FuelOil2 Inflation,Relación de Referencia de Función G,Inflación de Combustible Diésel,Inflation du fioul domestique 2,Inflation du Fioul Domestique,Y,Y
Full Load Temperature Rise,Fracción de Gas 1,Aumento de Temperatura a Carga Completa,Augmentation de Température à Pleine Charge,Augmentation de Température à Pleine Charge,Y,
Fully Charged Cell Capacity,Tipo de Gas 1,Capacidad de Celda Completamente Cargada,Capacité de cellule complètement chargée,Capacité de la cellule complètement chargée,Y,Y
Fully Charged Cell Voltage,Fracción Gas 2,Voltaje de la Celda Completamente Cargada,Tension de la cellule complètement chargée,Tension de Cellule Entièrement Chargée,Y,Y
G-Function G Value,Tipo de Gas 2,Valor G de la Función G,Valeur de fonction G (G Value),Valeur G de la Fonction G,Y,Y
G-Function Ln(T/Ts) Value,Fracción de Gas 3,Valor G-Función Ln(T/Ts),Valeur G-Fonction Ln(T/Ts),Valeur de la Fonction G Ln(T/Ts),Y,Y
G-Function Reference Ratio,Tipo de Gas 3,Razón de Referencia de la Función G,Rapport de Référence de la Fonction G,Ratio de référence de la G-Function,Y,Y
Gas 1 Fraction,Fracción de Gas 4,Fracción de Gas 1,Fraction de gaz 1,Fraction du gaz 1,Y,Y
Gas 1 Type,Tipo de Gas 4,Tipo de Gas 1,Type de Gaz 1,Type de gaz 1,Y,Y
Gas 2 Fraction,Tipo de Control de Velocidad del Ventilador del Enfriador de Gas,Fracción Gas 2,Fraction Gaz 2,Fraction de Gaz 2,Y,Y
Gas 2 Type,Inventario de Refrigerante en Tubería de Salida del Enfriador de Gas,Tipo de Gas 2,Type de Gaz 2,Type de gaz 2,Y,Y
Gas 3 Fraction,Inventario de Refrigerante del Receptor Enfriador de Gas,Fracción de Gas 3,Fraction de gaz 3,Fraction de gaz 3,Y,
Gas 3 Type,Inventario de Carga Operativa de Refrigerante del Enfriador de Gas,Tipo de Gas 3,Type de gaz 3,Type de gaz 3,Y,
Gas 4 Fraction,Nombre de Definición de Equipo de Gas,Fracción Gas 4,Fraction Gaz 4,Fraction de gaz 4,Y,Y
Gas 4 Type,Tipo de Gas,Tipo de Gas 4,Type de gaz 4,Type de gaz 4,Y,
Gas Burner Efficiency,Eficiencia del Quemador de Gas,Eficiencia del Quemador de Gas,Rendement du brûleur à gaz,Rendement du Brûleur à Gaz,,Y
Gas Cooler Fan Speed Control Type,Inflación de la Gasolina,Tipo de Control de Velocidad del Ventilador del Enfriador de Gas,Type de contrôle de la vitesse du ventilateur du refroidisseur à gaz,Type de contrôle de vitesse du ventilateur du refroidisseur de gaz,Y,Y
Gas Cooler Outlet Piping Refrigerant Inventory,Curva de Función de Corrección de Entrada de Calor del Generador en Función de Temperatura de Agua Enfriada,Inventario de Refrigerante en Tubería de Salida del Enfriador de Gas,Inventaire de réfrigérant de la tuyauterie de sortie du refroidisseur à gaz,Inventaire de Réfrigérant de la Tuyauterie de Sortie du Refroidisseur de Gaz,Y,Y
Gas Cooler Receiver Refrigerant Inventory,Curva de Función de Corrección de Entrada de Calor del Generador en Función de la Temperatura del Condensador,Inventario de Refrigerante del Receptor del Enfriador de Gas,Inventaire de Réfrigérant du Refroidisseur à Gaz et du Récepteur,Inventaire de Réfrigérant du Récepteur du Refroidisseur de Gaz,Y,Y
Gas Cooler Refrigerant Operating Charge Inventory,Curva de Entrada de Calor del Generador en Función de la Relación de Carga Parcial,Inventario de Carga de Refrigerante en Operación del Enfriador de Gas,Inventaire de Charge de Réfrigérant en Exploitation du Refroidisseur à Gaz,Inventaire de Charge Opérationnelle en Frigorigène du Refroidisseur de Gaz,Y,Y
Gas Equipment Definition Name,Tipo de Fuente de Calor del Generador,Nombre de Definición de Equipos de Gas,Nom de la définition d'équipement à gaz,Nom de la Définition de l'Équipement à Gaz,Y,Y
Gas Equipment Schedule Name,Nombre del Horario de Equipos de Gas,Nombre de Horario de Equipos de Gas,Nom du calendrier d'équipement à gaz,Nom du calendrier des équipements à gaz,Y,Y
Gas Type,Nodo de Entrada del Generador,Tipo de Gas,Type de gaz,Type de gaz,Y,
Gasoline Inflation,Nombre del Nodo de Entrada del Generador,Inflación de Gasolina,Inflation de l'essence,Inflation de l'essence,Y,
Generator Heat Input Correction Function of Chilled Water Temperature Curve,Nombre de la Lista de Generadores,Curva de Corrección de Entrada de Calor del Generador en Función de la Temperatura del Agua Enfriada,Courbe de correction du débit thermique d'entrée du générateur en fonction de la température de l'eau glacée,Courbe de correction de l'apport thermique du générateur en fonction de la température d'eau glacée,Y,Y
Generator Heat Input Correction Function of Condenser Temperature Curve,Nombre de Recuperación de Calor del Microturbogenerador,Curva de Función de Corrección de Entrada de Calor del Generador según Temperatura del Condensador,Courbe de correction du débit thermique d'entrée du générateur en fonction de la température du condenseur,Courbe de Correction de l'Apport Thermique du Générateur en Fonction de la Température du Condenseur,Y,Y
Generator Heat Input Function of Part Load Ratio Curve,Tipo de Esquema de Operación del Generador,Curva de Entrada de Calor del Generador en Función de la Relación de Carga Parcial,Courbe de Fonction d'Entrée de Chaleur du Générateur en Fonction du Rapport de Charge Partielle,Courbe de Puissance Thermique du Générateur en Fonction du Taux de Charge Partielle,Y,Y
Generator Heat Source Type,Nodo de Salida del Generador,Tipo de Fuente de Calor del Generador,Type de source de chaleur du générateur,Type de Source Thermique du Générateur,Y,Y
Generator Inlet Node,Nombre del Nodo de Salida del Generador,Nodo de Entrada del Generador,Nœud d'entrée du générateur,Nœud d'entrée du générateur,Y,
Generator Inlet Node Name,Nombre del Cronograma de Disponibilidad del Control de Contaminantes Genéricos,Nombre del Nodo de Entrada del Generador,Nom du nœud d'entrée du générateur,Nom du Nœud d'Entrée du Générateur,Y,Y
Generator List Name,Nombre del Programa de Punto de Consigna del Contaminante Genérico,Nombre de la Lista de Generadores,Nom de la liste de générateurs,Liste des générateurs,Y,Y
Generator MicroTurbine Heat Recovery Name,Control de Deslumbramiento está Activo,Nombre del Recuperador de Calor del Microgenerador Turbina,Nom de la récupération de chaleur de la microturbine génératrice,Nom du système de récupération thermique du microturbogénérateur,Y,Y
Generator Operation Scheme Type,Nombre de la Construcción de Puerta de Vidrio,Tipo de Esquema de Operación del Generador,Schéma de fonctionnement du générateur,Schéma de fonctionnement du générateur,Y,
Generator Outlet Node,Coeficiente de Extinción del Vidrio,Nodo de Salida del Generador,Nœud de sortie du générateur,Nœud de sortie du générateur,Y,
Generator Outlet Node Name,Nombre de Programa de Apertura de Puerta Vidriada de Alcance Manual Mirando Hacia la Zona,Nombre del Nodo de Salida del Generador,Nom du Nœud de Sortie du Générateur,Nom du Nœud de Sortie du Générateur,Y,
Generic Contaminant Control Availability Schedule Name,Valor U de Puerta Alcanzable de Vidrio Orientada a la Zona,Nombre de la Programación de Disponibilidad del Control de Contaminantes Genéricos,Nom du calendrier de disponibilité du contrôle des contaminants génériques,Nom de la planification de disponibilité du contrôle des contaminants génériques,Y,Y
Generic Contaminant Setpoint Schedule Name,Índice de Refracción del Vidrio,Nombre de Horario de Punto de Consigna de Contaminante Genérico,Nom de l'horaire du point de consigne de contaminant générique,Nom de l'horaire de consigne de polluant générique,Y,Y
Glare Control Is Active,Espesor del Vidrio,Control de Deslumbramiento Activo,Contrôle de l'éblouissement actif,Contrôle de l'éblouissement actif,Y,
Glass Door Construction Name,Concentración de Glicol,Nombre de Construcción de Puerta de Cristal,Nom de la construction de porte vitrée,Nom de la construction de porte vitrée,Y,
Glass Extinction Coefficient,Área Bruta,Coeficiente de Extinción del Vidrio,Coefficient d'extinction du verre,Coefficient d'extinction du verre,Y,
Glass Reach In Door Opening Schedule Name Facing Zone,Coeficiente de Rendimiento Bruto de Enfriamiento,Nombre de Horario de Apertura de Puerta de Alcance de Vidrio Mirando a la Zona,Nom de l'horaire d'ouverture de la porte vitrée coulissante vers la zone exposée,Nom de l'horaire d'ouverture de porte vitrée réfrigérée orientée vers la zone,Y,Y
Glass Reach In Door U Value Facing Zone,COP de Enfriamiento Clasificado Bruto,Valor U Puerta Cristal Alcance Hacia Zona,Valeur U de la porte vitrée d'accès orientée vers la zone,Valeur U de la porte vitrée de rangement Facing Zone,Y,Y
Glass Refraction Index,Capacidad Nominal Bruta de Calefacción,Índice de Refracción del Cristal,Indice de réfraction du verre,Indice de réfraction du verre,Y,
Glass Thickness,COP Nominal de Calefacción,Espesor del Vidrio,Épaisseur du verre,Épaisseur du verre,Y,
Glycol Concentration,Relación Sensible de Calor Nominal Bruto,Concentración de Glicol,Concentration en glycol,Concentration de glycol,Y,Y
Gross Area,Capacidad Total de Enfriamiento Nominal Bruta,Área Bruta,Surface Brute,Surface brute,Y,Y
Gross Cooling COP,Capacidad Total de Enfriamiento Nominal Bruta a Nivel de Velocidad Nominal Seleccionado,COP Bruto de Refrigeración,COP de refroidissement brut,COP de refroidissement brut,Y,
Gross Rated Cooling COP,Relación de Calor Sensible Bruto,COP de Enfriamiento Nominal Bruto,COP frigorifique nominal brut,COP Refroidissement Nominal Brut,Y,Y
Gross Rated Heating Capacity,Fracción de Capacidad Total de Enfriamiento Bruta,Capacidad Térmica de Calentamiento Nominal Bruta,Capacité de chauffage nominale brute,Capacité de Chauffage Nominale Brute,Y,Y
Gross Rated Heating COP,Relación de Cobertura del Terreno,COP de Calefacción Nominal Bruto,Coefficient de Performance de Chauffage Nominal Brut,COP de chauffage nominal brut,Y,Y
Gross Rated Sensible Heat Ratio,Absortividad Solar del Terreno,Relación de Calor Sensible Bruta Clasificada,Ratio de Chaleur Sensible Nominal Brut,Rapport de Chaleur Sensible Nominal Brut,Y,Y
Gross Rated Total Cooling Capacity,Nombre de Superficie de Terreno,Capacidad de Enfriamiento Total Nominal Bruta,Capacité de refroidissement totale brute nominale,Capacité de refroidissement totale nominale brute,Y,Y
Gross Rated Total Cooling Capacity At Selected Nominal Speed Level,Nombre del Calendario de Reflectancia de Superficie del Suelo,Capacidad Total de Enfriamiento Nominal Bruta a Nivel de Velocidad Nominal Seleccionado,Capacité de refroidissement totale nominale brute au niveau de vitesse nominal sélectionné,Capacité Totale de Refroidissement Brute Nominale au Niveau de Vitesse Nominal Sélectionné,Y,Y
Gross Sensible Heat Ratio,Rugosidad de la Superficie del Terreno,Relación Bruta de Calor Sensible,Rapport de chaleur sensible brute,Rapport de Chaleur Sensible Brut,Y,Y
Gross Total Cooling Capacity Fraction,Nombre del Calendario de Temperatura de Superficie del Terreno,Fracción de Capacidad de Enfriamiento Total Bruto,Fraction de Capacité Totale de Refroidissement Brute,Fraction de Capacité de Refroidissement Brute Totale,Y,Y
Ground Coverage Ratio,Factor de Visión de Superficie del Terreno,Relación de Cobertura del Terreno,Ratio de couverture du terrain,Ratio de couverture au sol,Y,Y
Ground Solar Absorptivity,Nombre del Objeto de Superficies de Suelo,Absortividad Solar del Terreno,Absorptivité solaire du sol,Absorptivité solaire du sol,Y,
Ground Surface Name,Temperatura del Terreno,Nombre de la Superficie del Terreno,Nom de la Surface de Sol,Nom de la surface au sol,Y,Y
Ground Surface Reflectance Schedule Name,Coeficiente de Temperatura del Terreno,Nombre de Programa de Reflectancia de la Superficie del Terreno,Nom du calendrier de réflectance de la surface du sol,Nom du calendrier de réflectance de la surface du sol,Y,
Ground Surface Roughness,Nombre del Cronograma de Temperatura del Terreno,Rugosidad de la Superficie del Terreno,Rugosité de la Surface du Sol,Rugosité de la Surface du Sol,Y,
Ground Surface Temperature Schedule Name,Absortividad Térmica del Terreno,Nombre de Programa de Temperatura de Superficie del Suelo,Nom de la planification de la température de surface du sol,Nom du Calendrier de Température de Surface du Sol,Y,Y
Ground Surface View Factor,Conductividad Térmica del Suelo,Factor de Vista de Superficie del Terreno,Facteur de vue de la surface du sol,Facteur de vue de surface du sol,Y,Y
Ground Surfaces Object Name,Capacidad Térmica de Calor del Terreno,Nombre del Objeto Superficies del Terreno,Nom de l'objet Surfaces au sol,Nom de l'objet surfaces au sol,Y,Y
Ground Temperature,Factor de Vista del Terreno,Temperatura del Terreno,Température du sol,Température du sol,Y,
Ground Temperature Coefficient,Nombre del Grupo,Coeficiente de Temperatura del Terreno,Coefficient de température du sol,Coefficient de Température du Sol,Y,Y
Ground Temperature Schedule Name,Nombre de Renderización de Grupo,Nombre de Horario de Temperatura del Terreno,Nom du programme de température du sol,Nom de l'agenda de température du sol,Y,Y
Ground Thermal Absorptivity,Tipo de Grupo,Absortividad Térmica del Terreno,Absorptivité Thermique du Sol,Absorptivité thermique du sol,Y,Y
Ground Thermal Conductivity,Conductividad Térmica del Mortero,Conductividad Térmica del Suelo,Conductivité thermique du sol,Conductivité thermique du sol,Y,
Ground Thermal Heat Capacity,Tipo de Modelo de Intercambio de Calor,Capacidad Térmica de Calor del Suelo,Capacité Thermique du Sol,Capacité thermique du sol,Y,Y
Ground View Factor,Intercambiador de Calor,Factor de Vista del Terreno,Facteur de vue au sol,Facteur de vue sur le sol,Y,Y
Group Name,Método de Cálculo del Intercambiador de Calor,Nombre del Grupo,Nom du groupe,Nom du groupe,Y,
Group Rendering Name,Nombre del Intercambiador de Calor,Nombre de Renderización de Grupo,Nom de rendu du groupe,Nom d'affichage du groupe,Y,Y
Group Type,Desempeño del Intercambiador de Calor,Tipo de Grupo,Type de groupe,Type de catégorie,Y,Y
Grout Thermal Conductivity,Nombre del Nodo de Consigna del Intercambiador de Calor,Conductividad Térmica del Relleno,Conductivité thermique du coulis,Conductivité thermique du coulis,Y,
Heat Exchange Model Type,Tipo de Intercambiador de Calor,Tipo de Modelo de Intercambiador de Calor,Type de modèle d'échange thermique,Type de Modèle d'Échangeur de Chaleur,Y,Y
Heat Exchanger,Factor U del Intercambiador de Calor Multiplicado por el Área,Intercambiador de Calor,Échangeur de chaleur,Échangeur de chaleur,Y,
Heat Exchanger Calculation Method,Algoritmo del Índice de Calor,Método de Cálculo del Intercambiador de Calor,Méthode de calcul de l'échangeur thermique,Méthode de calcul de l'échangeur de chaleur,Y,Y
Heat Exchanger Configuration,Configuración del Intercambiador de Calor,Configuración del Intercambiador de Calor,Configuration de l'échangeur de chaleur,Configuration de l'échangeur thermique,,Y
Heat Exchanger Name,Modo de Flujo de Agua de la Bobina de la Bomba de Calor,Nombre del Intercambiador de Calor,Nom de l'échangeur thermique,Nom de l'échangeur thermique,Y,
Heat Exchanger Performance,Control de Descongelación de Bomba de Calor,Desempeño del Intercambiador de Calor,Performances de l'échangeur de chaleur,Performance de l'Échangeur Thermique,Y,Y
Heat Exchanger Setpoint Node Name,Fracción del Período de Tiempo de Descongelación de la Bomba de Calor,Nombre del Nodo de Punto de Consigna del Intercambiador de Calor,Nom du nœud de consigne de l'échangeur thermique,Nom du nœud de consigne de l'échangeur thermique,Y,
Heat Exchanger Type,Multiplicador de Bomba de Calor,Tipo de Intercambiador de Calor,Type d'échangeur thermique,Type d'échangeur de chaleur,Y,Y
Heat Exchanger U-Factor Times Area Value,Método de Dimensionamiento de Bomba de Calor,Valor de Coeficiente Global de Transferencia U por Área del Intercambiador,Valeur du coefficient U fois la surface de l'échangeur de chaleur,Valeur de la Conductance Thermique Surfacique de l'Échangeur (UA),Y,Y
Heat Index Algorithm,Nombre de Curva de Función de Eficiencia de Recuperación de Calor por Temperatura,Algoritmo de Índice de Calor,Algorithme d'indice de chaleur,Algorithme d'indice de chaleur,Y,
Heat Pump Coil Water Flow Mode,Eficiencia de Recuperación de Calor Recuperado,Modo de Flujo de Agua en Serpentín de Bomba de Calor,Mode de débit d'eau de la bobine de pompe à chaleur,Mode de débit d'eau de la bobine de pompe à chaleur,Y,
Heat Pump Defrost Control,Nombre de Curva Función Modificadora de la Capacidad de Recuperación de Calor por Temperatura,Control de Descongelación de Bomba de Calor,Contrôle de dégivrage de la pompe à chaleur,Contrôle de Dégivrage de la Pompe à Chaleur,Y,Y
Heat Pump Defrost Time Period Fraction,Nombre de la Curva Modificadora de la Capacidad de Enfriamiento con Recuperación de Calor,Fracción del Período de Tiempo de Descongelación de la Bomba de Calor,Fraction de la période de dégivrage de la pompe à chaleur,Fraction de la période de dégivrage de la pompe à chaleur,Y,
Heat Pump Multiplier,Constante de Tiempo de Capacidad de Enfriamiento de Recuperación de Calor,Multiplicador de Bomba de Calor,Multiplicateur de Pompe à Chaleur,Multiplicateur de Pompe à Chaleur,Y,
Heat Pump Sizing Method,Nombre de Curva Modificadora de Energía de Enfriamiento por Recuperación de Calor,Método de Dimensionamiento de Bomba de Calor,Méthode de dimensionnement de la pompe à chaleur,Méthode de dimensionnement de la pompe à chaleur,Y,
Heat Pump Waste Heat Recovery,Recuperación de Calor Residual de la Bomba de Calor,Recuperación de Calor Residual de la Bomba de Calor,Récupération de chaleur perdue de la pompe à chaleur,Récupération de la Chaleur Perdue de la Pompe à Chaleur,,Y
Heat Reclaim Efficiency Function of Temperature Curve Name,Constante de Tiempo de Energía de Enfriamiento de Recuperación de Calor,Nombre de Curva de Función de Eficiencia de Recuperación de Calor en Función de la Temperatura,Nom de la courbe de la fonction d'efficacité de récupération de chaleur en fonction de la température,Nom de la courbe de fonction d'efficacité de récupération de chaleur en fonction de la température,Y,Y
Heat Reclaim Recovery Efficiency,Nombre de Curva del Modificador de la Relación de Entrada Eléctrica a Salida de Recuperación de Calor en Función de Temperatura,Eficiencia de Recuperación de Calor Reclamado,Efficacité de Récupération de Chaleur Perdue,Efficacité de récupération de chaleur utile,Y,Y
Heat Recovery Bypass Control Type,Tipo de Control de Bypass de Recuperación de Calor,Tipo de Control de Bypass de Recuperación de Calor,Type de contrôle du contournement de récupération de chaleur,Type de contrôle de contournement de récupération de chaleur,,Y
Heat Recovery Capacity Modifier Function of Temperature Curve Name,Nombre de la Curva Modificadora de Capacidad de Calefacción de Recuperación de Calor,Nombre de Curva Modificadora de la Capacidad de Recuperación de Calor en Función de la Temperatura,Nom de la courbe du modificateur de capacité de récupération de chaleur en fonction de la température,Nom de la courbe de modification de la capacité de récupération de chaleur en fonction de la température,Y,Y
Heat Recovery Cooling Capacity Modifier Curve Name,Constante de Tiempo de Capacidad Térmica de Recuperación de Calor,Nombre de la Curva Modificadora de Capacidad de Enfriamiento en Recuperación de Calor,Nom de la courbe modificatrice de la capacité de refroidissement de récupération de chaleur,Nom de la courbe modificatrice de capacité de refroidissement en mode récupération de chaleur,Y,Y
Heat Recovery Cooling Capacity Time Constant,Nombre de Curva Modificadora de Energía de Calefacción de Recuperación de Calor,Constante de Tiempo de Capacidad de Enfriamiento en Recuperación de Calor,Constante de temps de la capacité de refroidissement par récupération thermique,Constante de temps de la capacité de refroidissement en récupération de chaleur,Y,Y
Heat Recovery Cooling Energy Modifier Curve Name,Constante de Tiempo de Energía de Calefacción de Recuperación de Calor,Nombre de Curva Modificadora de Energía de Enfriamiento en Recuperación de Calor,Nom de la courbe de modificateur d'énergie de refroidissement par récupération de chaleur,Nom de la courbe de modification de l'énergie de refroidissement en mode récupération de chaleur,Y,Y
Heat Recovery Cooling Energy Time Constant,Nombre del Horario Límite de Temperatura Alta de Entrada de Recuperación de Calor,Constante de Tiempo de Energía de Enfriamiento con Recuperación de Calor,Constante de temps de l'énergie de refroidissement par récupération de chaleur,Constante de temps d'énergie de refroidissement en récupération de chaleur,Y,Y
Heat Recovery Electric Input to Output Ratio Modifier Function of Temperature Curve Name,Nombre del Nodo de Entrada de Recuperación de Calor,Nombre de Curva Modificadora de la Relación de Entrada a Salida Eléctrica del Recuperador de Calor en Función de la Temperatura,Nom de la courbe du modificateur du rapport d'entrée électrique à la sortie de récupération de chaleur en fonction de la température,Nom de la courbe de modification du rapport d'entrée électrique à sortie pour récupération de chaleur en fonction de la température,Y,Y
Heat Recovery Heating Capacity Modifier Curve Name,Nombre del Nodo de Consigna de Temperatura de Salida de Recuperación de Calor,Nombre de Curva Modificadora de Capacidad de Calefacción en Recuperación de Calor,Nom de la courbe modificatrice de la capacité de chauffage de la récupération de chaleur,Nom de la Courbe de Modificateur de Capacité de Chauffage en Récupération de Chaleur,Y,Y
Heat Recovery Heating Capacity Time Constant,Nombre del Nodo de Salida del Recuperador de Calor,Constante de Tiempo de Capacidad de Calefacción de Recuperación de Calor,Constante de temps de la capacité de chauffage de la récupération de chaleur,Constante de temps de capacité de chauffage en récupération thermique,Y,Y
Heat Recovery Heating Energy Modifier Curve Name,Nombre de la Curva de Función de Tasa de Recuperación de Calor Respecto a la Temperatura del Agua de Entrada,Nombre de Curva Modificadora de Energía de Calefacción en Recuperación de Calor,Nom de la courbe modificatrice de l'énergie de chauffage par récupération de chaleur,Nom de la Courbe de Modificateur d'Énergie de Chauffage en Récupération de Chaleur,Y,Y
Heat Recovery Heating Energy Time Constant,Nombre de la Curva de Función de Tasa de Recuperación de Calor en Función de la Relación de Carga Parcial,Constante de Tiempo de Energía de Calentamiento en Recuperación de Calor,Constante de temps de l'énergie de chauffage de récupération de chaleur,Constante de temps énergétique de récupération de chaleur en chauffage,Y,Y
Heat Recovery Inlet High Temperature Limit Schedule Name,Nombre de Curva de Función de Tasa de Recuperación de Calor respecto al Caudal de Agua,Nombre de Programa Límite Superior de Temperatura en Entrada de Recuperación de Calor,Nom de la planification de la limite haute de température à l'entrée de la récupération de chaleur,Nom du calendrier de limite haute de température à l'entrée de la récupération de chaleur,Y,Y
Heat Recovery Inlet Node Name,Tasa de Flujo de Referencia de Recuperación de Calor,Nombre del Nodo de Entrada de Recuperación de Calor,Nom du nœud d'entrée de récupération de chaleur,Nom du nœud d'entrée de récupération de chaleur,Y,
Heat Recovery Leaving Temperature Setpoint Node Name,Tipo de Recuperación de Calor,Nombre del Nodo de Punto de Consigna de Temperatura de Salida de Recuperación de Calor,Nom du nœud de consigne de température de départ de récupération de chaleur,Nom du nœud de consigne de température de départ en récupération de chaleur,Y,Y
Heat Recovery Outlet Node Name,Modo de Funcionamiento del Flujo de Agua de Recuperación de Calor,Nombre del Nodo de Salida de Recuperación de Calor,Nom du nœud de sortie de récupération de chaleur,Nom du nœud de sortie de récupération de chaleur,Y,
Heat Recovery Rate Function of Inlet Water Temperature Curve Name,Nombre de la Curva de Función de Caudal de Agua de Recuperación de Calor según Temperatura y Potencia,Nombre de la Curva de Función de Velocidad de Recuperación de Calor según Temperatura del Agua de Entrada,Nom de la courbe de fonction du taux de récupération de chaleur en fonction de la température de l'eau à l'entrée,Nom de la courbe de fonction du taux de récupération thermique en fonction de la température de l'eau d'entrée,Y,Y
Heat Recovery Rate Function of Part Load Ratio Curve Name,Nodo de Entrada de Agua de Recuperación de Calor,Nombre de Curva de Función de Tasa de Recuperación de Calor según Relación de Carga Parcial,Nom de la courbe fonction du taux de récupération thermique par rapport au ratio de charge partielle,Nom de la courbe de taux de récupération thermique en fonction du ratio de charge partielle,Y,Y
Heat Recovery Rate Function of Water Flow Rate Curve Name,Nombre del Nodo de Entrada de Agua de Recuperación de Calor,Nombre de Curva de Función de Tasa de Recuperación de Calor según Caudal de Agua,Nom de la courbe du débit de récupération thermique en fonction du débit d'eau,Nom de la courbe de débit de récupération de chaleur en fonction du débit d'eau,Y,Y
Heat Recovery Reference Flow Rate,Tasa Máxima de Flujo de Agua de Recuperación de Calor,Caudal de Referencia de Recuperación de Calor,Débit de Référence de Récupération de Chaleur,Débit de Référence du Récupérateur de Chaleur,Y,Y
Heat Recovery Type,Nodo de Salida de Agua de Recuperación de Calor,Tipo de Recuperación de Calor,Type de récupération de chaleur,Type de récupération de chaleur,Y,
Heat Recovery Water Flow Operating Mode,Nombre del Nodo de Salida de Agua de Recuperación de Calor,Modo de Operación del Flujo de Agua de Recuperación de Calor,Mode de fonctionnement du débit d'eau de récupération de chaleur,Mode de fonctionnement du débit d'eau de récupération de chaleur,Y,
Heat Recovery Water Flow Rate Function of Temperature and Power Curve Name,Relación de Tamaño de Capacidad de Rechazo de Calor y Capacidad Nominal,Nombre de Curva de Caudal de Agua de Recuperación de Calor en Función de Temperatura y Potencia,Nom de la courbe de la fonction du débit d'eau de récupération de chaleur en fonction de la température et de la puissance,Nom de la courbe de débit d'eau de récupération thermique en fonction de la température et de la puissance,Y,Y
Heat Recovery Water Inlet Node,Ubicación de Rechazo de Calor,Nodo de Entrada de Agua de Recuperación de Calor,Nœud d'entrée d'eau de récupération de chaleur,Nœud d'entrée d'eau de récupération thermique,Y,Y
Heat Recovery Water Inlet Node Name,Nombre de Zona de Rechazo de Calor,Nombre del Nodo de Entrada de Agua de Recuperación de Calor,Nom du nœud d'entrée d'eau de récupération de chaleur,Nom du Nœud d'Entrée d'Eau de Récupération de Chaleur,Y,Y
Heat Recovery Water Maximum Flow Rate,Coeficiente de Transferencia de Calor Entre Batería y Ambiente,Caudal Máximo de Agua de Recuperación de Calor,Débit d'eau maximal de la récupération de chaleur,Débit d'eau maximal de récupération de chaleur,Y,Y
Heat Recovery Water Outlet Node,Modo de Integración de Transferencia de Calor,Nodo de Salida de Agua de Recuperación de Calor,Nœud de sortie d'eau de récupération de chaleur,Nœud de sortie d'eau de récupération de chaleur,Y,
Heat Recovery Water Outlet Node Name,Tipo de Uso Final de Medición de Transferencia de Calor,Nombre del Nodo de Salida de Agua de Recuperación de Calor,Nom du nœud de sortie d'eau de récupération de chaleur,Nom du nœud de sortie d'eau de récupération de chaleur,Y,
Heat Rejection Capacity and Nominal Capacity Sizing Ratio,Coeficiente de Transmitancia Térmica (Factor U) para Construcción de Pared de Conducto,Relación de Capacidad de Rechazo de Calor a Capacidad Nominal,Rapport de dimensionnement de la capacité de rejet de chaleur et de la capacité nominale,Rapport de Dimensionnement de la Capacité de Rejet de Chaleur à la Capacité Nominale,Y,Y
Heat Rejection Location,Retraso de Encendido del Calefactor,Ubicación de Rechazo de Calor,Emplacement du Rejet de Chaleur,Localisation du rejet de chaleur,Y,Y
Heat Rejection Zone Name,Caudal Mínimo de Ignición del Calentador,Nombre de la Zona de Rechazo de Calor,Nom de la zone de rejet de chaleur,Nom de la Zone de Rejet de Chaleur,Y,Y
Heat Stress Temperature Threshold,Umbral de Temperatura de Estrés por Calor,Temperatura Umbral de Estrés Térmico,Seuil de température de stress thermique,Seuil de Température de Stress Thermique,Y,Y
Heat Transfer Coefficient Between Battery and Ambient,Nombre del Programa de Disponibilidad de Calefacción,Coeficiente de Transferencia de Calor Entre Batería y Ambiente,Coefficient de transfert thermique entre la batterie et l'ambiance,Coefficient de transfert thermique entre batterie et ambiance,Y,Y
Heat Transfer Integration Mode,Nombre de Curva de Capacidad de Calefacción,Modo de Integración de Transferencia de Calor,Mode d'intégration du transfert de chaleur,Mode d'intégration du transfert de chaleur,Y,
Heat Transfer Metering End Use Type,Curva de Capacidad de Calefacción en Función de la Fracción del Flujo de Aire,Tipo de Uso Final para Medición de Transferencia de Calor,Type d'Utilisation Finale de Mesure de Transfert de Chaleur,Type de fin d'utilisation de comptage de transfert de chaleur,Y,Y
Heat Transmittance Coefficient (U-Factor) for Duct Wall Construction,Nombre de la Curva de Función de Capacidad de Calefacción respecto a Fracción de Flujo de Aire,Coeficiente de Transmitancia Térmica (Factor U) para la Construcción de la Pared del Conducto,Coefficient de transmission thermique (facteur U) pour la construction de la paroi du conduit,Coefficient de transmission thermique (Facteur U) pour la construction de paroi de conduit,Y,Y
Heater 1 Capacity,Capacidad del Calentador 1,Capacidad del Calentador 1,Capacité du Radiateur 1,Puissance du Réchauffeur 1,,Y
Heater 1 Deadband Temperature Difference,Diferencia de Temperatura de Zona Muerta del Calentador 1,Diferencia de Temperatura de Banda Muerta del Calentador 1,Différence de température de bande morte du radiateur 1,Différence de Température de Bande Morte de l'Élément Chauffant 1,Y,Y
Heater 1 Height,Altura del Calentador 1,Altura del Calentador 1,Hauteur du radiateur 1,Hauteur du Réchauffeur 1,,Y
Heater 1 Setpoint Temperature Schedule Name,Nombre del Horario de Temperatura de Ajuste del Calentador 1,Nombre de la Programación de Temperatura de Consigna del Calentador 1,Nom de l'horaire de température de consigne du radiateur 1,Nom de la Chronique de Température de Consigne du Radiateur 1,Y,Y
Heater 2 Capacity,Capacidad del Calentador 2,Capacidad del Calentador 2,Capacité du radiateur 2,Capacité du radiateur 2,,
Heater 2 Deadband Temperature Difference,Diferencia de Temperatura de Zona Muerta del Calentador 2,Diferencia de Temperatura de Banda Muerta del Calentador 2,Différence de température de bande morte du Chauffage 2,Différence de Température de Bande Morte du Chauffage 2,Y,Y
Heater 2 Height,Altura del Calentador 2,Altura del Calentador 2,Hauteur du radiateur 2,Hauteur du Réchauffeur 2,,Y
Heater 2 Setpoint Temperature Schedule Name,Nombre del Horario de Temperatura de Ajuste del Calentador 2,Nombre de Programa de Temperatura de Consigna del Calefactor 2,Nom de la planification de la température de consigne du radiateur 2,Nom de la Courbe de Consigne de Température du Réchauffeur 2,Y,Y
Heater Control Type,Tipo de Control del Calentador,Tipo de Control del Calentador,Type de contrôle du chauffage,Type de contrôle du chauffage,,
Heater Fuel Type,Tipo de Combustible del Calentador,Tipo de Combustible del Calentador,Type de combustible du chauffage,Type de combustible du chauffage,,
Heater Ignition Delay,Nombre de Curva de Función de Capacidad de Calefacción respecto a Fracción de Flujo,Retardo de Encendido del Calentador,Délai d'allumage du chauffage,Délai d'allumage du chauffage,Y,
Heater Ignition Minimum Flow Rate,Curva de Función de Capacidad de Calefacción en Función de la Temperatura,Caudal Mínimo de Encendido del Calentador,Débit Minimum d'Allumage du Réchauffeur,Débit minimum d'allumage du brûleur,Y,Y
Heater Maximum Capacity,Capacidad Máxima del Calentador,Capacidad Máxima del Calentador,Capacité maximale du radiateur,Capacité maximale du chauffage,,Y
Heater Minimum Capacity,Capacidad Mínima del Calentador,Capacidad Mínima del Calentador,Capacité Minimale du Chauffage,Capacité Minimale du Réchauffeur,,Y
Heater Priority Control,Control de Prioridad del Calentador,Control de Prioridad de Calentadores,Contrôle de priorité du chauffage,Contrôle de Priorité des Réchauffeurs,Y,Y
Heater Thermal Efficiency,Eficiencia Térmica del Calentador,Eficiencia Térmica del Calentador,Rendement Thermique du Chauffage,Rendement Thermique du Réchauffeur,,Y
Heating Availability Schedule Name,Nombre de Curva de Función de Capacidad de Calefacción en Función de Temperatura,Nombre de la Programación de Disponibilidad de Calefacción,Nom du calendrier de disponibilité du chauffage,Nom de l'horaire de disponibilité pour le chauffage,Y,Y
Heating Capacity,Capacidad de Calefacción,Capacidad de Calefacción,Capacité de chauffage,Capacité de chauffage,,
Heating Capacity Curve Name,Curva de Capacidad de Calefacción en Función de la Fracción de Flujo de Agua,Nombre de la Curva de Capacidad de Calefacción,Nom de la courbe de capacité de chauffage,Nom de la courbe de capacité de chauffage,Y,
Heating Capacity Function of Air Flow Fraction Curve,Nombre de la Curva de Función de Capacidad de Calefacción en Relación a la Fracción de Flujo de Agua,Curva de Capacidad de Calefacción en Función de la Fracción del Flujo de Aire,Courbe de fonction de capacité de chauffage en fonction de la fraction du débit d'air,Courbe de la Capacité de Chauffage en Fonction de la Fraction de Débit d'Air,Y,Y
Heating Capacity Function of Air Flow Fraction Curve Name,Función Modificadora de la Capacidad de Calefacción en relación a la Fracción de Flujo,Nombre de Curva de Capacidad de Calefacción en Función de la Fracción de Flujo de Aire,Nom de la courbe de capacité de chauffage en fonction de la fraction de débit d'air,Nom de la courbe de modification de la capacité de chauffage en fonction de la fraction de débit d'air,Y,Y
Heating Capacity Function of Flow Fraction Curve Name,Nombre de la Curva Límite de Relación de Capacidad de Calefacción,Nombre de Curva de Capacidad de Calefacción en Función de la Fracción de Flujo,Nom de la courbe de fonction de capacité de chauffage en fonction de la fraction de débit,Nom de la courbe de capacité de chauffage en fonction de la fraction de débit,Y,Y
Heating Capacity Function of Temperature Curve,Nombre de la Función Modificadora de la Relación de Capacidad de Calefacción en función de la Curva de Temperatura Alta,Curva de Capacidad de Calefacción en Función de la Temperatura,Courbe de fonction de capacité de chauffage en fonction de la température,Courbe de Capacité de Chauffage en Fonction de la Température,Y,Y
Heating Capacity Function of Temperature Curve Name,Nombre de Función Modificadora de Relación de Capacidad de Calefacción de Curva de Temperatura Baja,Nombre de Curva de Función de Capacidad de Calefacción en Función de la Temperatura,Nom de la courbe de fonction de la capacité de chauffage en fonction de la température,Nom de la courbe de fonction capacité de chauffage en fonction de la température,Y,Y
Heating Capacity Function of Water Flow Fraction Curve,Función Modificadora de la Relación de Capacidad de Calefacción en función de la Curva de Temperatura,Curva de Capacidad de Calefacción en Función de la Fracción de Flujo de Agua,Courbe de Capacité de Chauffage en Fonction de la Fraction de Débit d'Eau,Courbe de Capacité de Chauffage en Fonction de la Fraction de Débit d'Eau,Y,
Heating Capacity Function of Water Flow Fraction Curve Name,Unidades de Capacidad de Calefacción,Nombre de Curva de Función de Capacidad de Calentamiento por Fracción de Flujo de Agua,Nom de la courbe de fonction de capacité de chauffage en fonction de la fraction de débit d'eau,Nom de la courbe Fonction de la capacité de chauffage selon la fraction de débit d'eau,Y,Y
Heating Capacity Modifier Function of Flow Fraction Curve,Serpentín de Calefacción,Curva Modificadora de Capacidad de Calefacción en Función de la Fracción de Flujo,Courbe de modification de capacité de chauffage en fonction de la fraction de débit,Courbe de Modificateur de Capacité de Chauffage en Fonction de la Fraction de Débit,Y,Y
Heating Capacity Ratio Boundary Curve Name,Nombre de la Bobina de Calefacción,Nombre de la Curva de Límite de Relación de Capacidad de Calefacción,Nom de la courbe limite du rapport de capacité de chauffage,Nom de la courbe limite du rapport de capacité de chauffage,Y,
Heating Capacity Ratio Modifier Function of High Temperature Curve Name,Nombre de la Curva del Factor de Corrección de la Relación de Combinación de Calefacción,Nombre de Curva Modificadora de Relación de Capacidad de Calefacción en Función de Temperatura Alta,Nom de la courbe de modificateur du rapport de capacité de chauffage en fonction de la température haute,Nom de la Courbe de Modificateur du Rapport de Capacité de Chauffage en Fonction de la Température Élevée,Y,Y
Heating Capacity Ratio Modifier Function of Low Temperature Curve Name,Nombre de Curva de Potencia del Compresor de Calefacción,Nombre de Curva Modificadora de Relación de Capacidad de Calefacción en Función de Temperatura Baja,Nom de la courbe modificatrice du ratio de capacité de chauffage en fonction de la température basse,Nom de la courbe de modification du ratio de capacité de chauffage en fonction de la basse température,Y,Y
Heating Capacity Ratio Modifier Function of Temperature Curve,Nombre del Calendario de Temperatura de Control de Calefacción,Función Modificadora de la Relación de Capacidad de Calefacción en Función de la Temperatura,Fonction de modification du rapport de capacité de chauffage en fonction de la courbe de température,Fonction de correction du rapport de capacité de chauffage en fonction de la température,Y,Y
Heating Capacity Units,Rango de Modulación del Control de Calefacción,Unidades de Capacidad de Calefacción,Unités de Capacité de Chauffage,Unités de capacité de chauffage,Y,Y
Heating Coil,Tipo de Control de Calefacción,Serpentín de Calefacción,Batterie de chauffage,Serpentin de chauffage,Y,Y
Heating Coil Name,Nombre de Zona de Control de Calefacción o Lista de Zonas,Nombre de la Bobina de Calefacción,Nom de la batterie de chauffage,Nom de la batterie de chauffage,Y,
Heating Coil Sizing Method,Método de Dimensionamiento del Serpentín de Calefacción,Método de Dimensionamiento de Serpentín de Calefacción,Méthode de dimensionnement de la batterie de chauffage,Méthode de dimensionnement de la batterie de chauffage,Y,
Heating Combination Ratio Correction Factor Curve Name,Tolerancia de Convergencia de Calefacción,Nombre de la Curva de Factor de Corrección de Relación de Combinación para Calefacción,Nom de la courbe de facteur de correction du ratio de combinaison de chauffage,Nom de la courbe de correction du facteur de rapport de combinaison de chauffage,Y,Y
Heating Compressor Power Curve Name,Curva de COP de Calefacción en Función de la Fracción de Flujo de Aire,Nombre de Curva de Potencia del Compresor de Calefacción,Nom de la courbe de puissance du compresseur de chauffage,Nom de la courbe de puissance du compresseur de chauffage,Y,
Heating Control Temperature Schedule Name,Nombre de Curva de COP de Calefacción en Función de Fracción de Flujo de Aire,Nombre del Calendario de Temperatura de Control de Calefacción,Nom du calendrier de température de contrôle du chauffage,Nom du calendrier de température de consigne de chauffage,Y,Y
Heating Control Throttling Range,Función COP de Calefacción Dependiente de Temperatura,Rango de Regulación del Control de Calefacción,Plage d'étranglement de contrôle de chauffage,Plage de modulation du contrôle de chauffage,Y,Y
Heating Control Type,Nombre de Curva de Función COP de Calefacción en Función de la Temperatura,Tipo de Control de Calefacción,Type de contrôle du chauffage,Type de Contrôle du Chauffage,Y,Y
Heating Control Zone or Zone List Name,Curva de COP de Calefacción en Función de la Fracción de Flujo de Agua,Nombre de Zona de Control de Calefacción o Lista de Zonas,Nom de la zone ou de la liste de zones de contrôle de chauffage,Nom de la Zone de Commande de Chauffage ou Liste de Zones,Y,Y
Heating Convergence Tolerance,Capacidad de Diseño de Calefacción,Tolerancia de Convergencia de Calefacción,Tolérance de Convergence du Chauffage,Tolérance de convergence du chauffage,Y,Y
Heating COP Function of Air Flow Fraction Curve,Método de Capacidad de Diseño de Calefacción,Curva de COP de Calefacción en Función de la Fracción de Flujo de Aire,Courbe de COP de chauffage en fonction de la fraction de débit d'air,Courbe COP de chauffage en fonction de la fraction du débit d'air,Y,Y
Heating COP Function of Air Flow Fraction Curve Name,Capacidad de Diseño de Calefacción por Área de Piso,Nombre de la Curva de Función COP de Calentamiento en Fracción de Flujo de Aire,Nom de la courbe de fonction du COP de chauffage en fonction de la fraction de débit d'air,Nom de la courbe de fonction COP chauffage en fonction de la fraction de débit d'air,Y,Y
Heating COP Function of Temperature Curve,Nombre de Curva Límite de Relación de Entrada de Energía de Calefacción,Curva de COP de Calefacción en Función de la Temperatura,Courbe de fonction COP de chauffage en fonction de la température,Courbe de COP de chauffage en fonction de la température,Y,Y
Heating COP Function of Temperature Curve Name,Nombre de la Curva de Función de Relación de Entrada de Energía de Calefacción con Respecto a PLR,Nombre de Curva de COP de Calefacción en Función de la Temperatura,Nom de la courbe de fonction COP de chauffage en fonction de la température,Nom de la courbe de la fonction COP de chauffage en fonction de la température,Y,Y
Heating COP Function of Water Flow Fraction Curve,Nombre de la Curva de Función de Relación de Entrada de Energía de Calefacción Respecto a la Temperatura,Curva de COP de Calefacción en Función de la Fracción de Caudal de Agua,Courbe de la fonction COP de chauffage selon la fraction de débit d'eau,Courbe de COP Chauffage en Fonction de la Fraction de Débit d'Eau,Y,Y
Heating Design Air Flow Method,Método de Diseño del Flujo de Aire de Calefacción,Método de Caudal de Aire de Diseño para Calefacción,Méthode de débit d'air de conception du chauffage,Méthode de débit de conception pour chauffage,Y,Y
Heating Design Air Flow Rate,Caudal de Diseño de Calefacción,Caudal de Aire de Diseño de Calefacción,Débit d'air de conception chauffage,Débit d'Air de Conception pour le Chauffage,Y,Y
Heating Design Capacity,Nombre de la Curva del Modificador de la Relación de Entrada de Energía de Calefacción en Función de la Relación de Carga Parcial Alta,Capacidad de Diseño de Calefacción,Capacité de Chauffage en Conception,Capacité de chauffage en conception,Y,Y
Heating Design Capacity Method,Nombre de Curva Modificadora de Relación de Entrada de Energía de Calefacción en Función de Temperatura Alta,Método de Capacidad de Diseño de Calefacción,Méthode de Capacité de Dimensionnement du Chauffage,Méthode de Capacité Calorifique de Conception,Y,Y
Heating Design Capacity Per Floor Area,Nombre de la Curva Modificadora del Ratio de Entrada de Energía de Calefacción en Función de la Relación de Carga Parcial Baja,Capacidad de Diseño de Calefacción por Área de Piso,Capacité de Chauffage de Conception par Superficie d'Étage,Capacité de Chauffage Dimensionnée par Unité de Surface,Y,Y
Heating Energy Input Ratio Boundary Curve Name,Nombre de Función Modificadora de Relación de Entrada Energética de Calentamiento de Curva de Temperatura Baja,Nombre de Curva Límite de Relación de Entrada de Energía de Calefacción,Nom de la courbe limite du rapport d'entrée d'énergie de chauffage,Nom de la courbe limite du rapport d'énergie d'entrée en chauffage,Y,Y
Heating Energy Input Ratio Function of PLR Curve Name,Fracción de Calefacción del Caudal de Aire de Suministro de Enfriamiento Autoajustado,Nombre de la Curva de Función de Ratio de Entrada de Energía de Calefacción en función de PLR,Nom de la courbe du ratio d'entrée d'énergie de chauffage en fonction de PLR,Nom de la courbe - Fonction du rapport d'entrée énergétique de chauffage en fonction du PLR,Y,Y
Heating Energy Input Ratio Function of Temperature Curve Name,Fracción de Calentamiento de la Velocidad de Flujo de Aire de Suministro de Calentamiento Autocalculada,Nombre de Curva de Función de Relación de Entrada de Energía de Calefacción respecto a Temperatura,Nom de la courbe de la fonction du rapport d'entrée énergétique de chauffage en fonction de la température,Nom de la courbe de rapport d'entrée énergétique en chauffage en fonction de la température,Y,Y
Heating Energy Input Ratio Modifier Function of High Part-Load Ratio Curve Name,Nombre del Horario de Eficiencia del Combustible de Calefacción,Nombre de Curva del Modificador de Relación de Entrada de Energía de Calefacción en Función de Alta Relación de Carga Parcial,Nom de la courbe modificatrice du rapport d'entrée énergétique de chauffage en fonction du ratio de charge partielle élevée,Nom de la courbe du modificateur du ratio d'entrée énergétique en chauffage en fonction du ratio de charge partielle élevée,Y,Y
Heating Energy Input Ratio Modifier Function of High Temperature Curve Name,Tipo de Combustible de Calefacción,Nombre de Curva Modificadora de Relación de Entrada de Energía de Calefacción en Función de Temperatura Alta,Nom de courbe du modificateur du rapport d'entrée d'énergie de chauffage en fonction de la température élevée,Nom de la courbe de modification du rapport d'entrée énergétique en chauffage en fonction de la température élevée,Y,Y
Heating Energy Input Ratio Modifier Function of Low Part-Load Ratio Curve Name,Nombre del Calendario de Temperatura de Control Alto de Calefacción,Nombre de Curva Modificadora de Relación de Entrada de Energía de Calefacción en Función de Razón de Carga Parcial Baja,Nom de la courbe du modificateur du ratio d'entrée énergétique de chauffage en fonction du ratio de charge partielle faible,Nom de la courbe de modificateur du rapport d'entrée énergétique en chauffage en fonction du rapport de charge partielle faible,Y,Y
Heating Energy Input Ratio Modifier Function of Low Temperature Curve Name,Nombre del Calendario de Temperatura Alta del Agua de Calefacción,Nombre de Curva Modificadora de Relación de Entrada de Energía de Calefacción en Función de Temperatura Baja,Nom de la courbe du modificateur du ratio d'entrée énergétique de chauffage en fonction de la basse température,Nom de la courbe de modification du rapport d'entrée d'énergie de chauffage à basse température,Y,Y
Heating Fraction of Autosized Cooling Supply Air Flow Rate,Límite de Calefacción,Fracción del Caudal de Aire de Suministro de Refrigeración Autoajustado para Calefacción,Fraction de chauffage du débit d'air de soufflage de refroidissement redimensionné automatiquement,Fraction de débit d'air de refroidissement dimensionné pour le chauffage,Y,Y
Heating Fraction of Autosized Heating Supply Air Flow Rate,Nombre del Nodo de Entrada del Circuito de Calefacción,Fracción de Calentamiento del Caudal de Aire de Suministro de Calentamiento Autoajustado,Fraction de chauffage du débit d'air de soufflage de chauffage autorisé,Fraction de débit d'air de chauffage autosisé pour l'air de chauffage,Y,Y
Heating Fuel Efficiency Schedule Name,Nombre del Nodo de Salida del Circuito de Calefacción,Nombre de Programa de Eficiencia del Combustible de Calefacción,Nom de l'horaire d'efficacité du carburant de chauffage,Nom de la planification d'efficacité énergétique de chauffage,Y,Y
Heating Fuel Type,Nombre del Programa de Temperatura de Control Baja para Calefacción,Tipo de Combustible de Calefacción,Type de combustible de chauffage,Type de combustible de chauffage,Y,
Heating High Control Temperature Schedule Name,Nombre del Programa de Temperatura Baja del Agua de Calefacción,Nombre de la Programación de Temperatura de Control Alto para Calefacción,Nom de l'horaire de température de contrôle élevée pour le chauffage,Nom du programme de température de consigne élevée pour le chauffage,Y,Y
Heating High Water Temperature Schedule Name,Nombre de Curva de Función de Capacidad de Refrigeración en Modo Calefacción por Temperatura,Nombre de la Programación de Temperatura de Agua Alta para Calefacción,Nom de l'emploi du temps de température d'eau élevée pour le chauffage,Nom de l'agenda de température d'eau élevée en chauffage,Y,Y
Heating Limit,Relación de Carga Parcial Óptima de Capacidad de Enfriamiento en Modo de Calefacción,Límite de Calefacción,Limite de chauffage,Limite de Chauffage,Y,Y
Heating Loop Inlet Node Name,Nombre de la Curva de Función de Relación de Entrada Eléctrica a Salida de Enfriamiento en Modo Calefacción Respecto a la Relación de Carga Parcial,Nombre del Nodo de Entrada del Circuito de Calefacción,Nom du nœud d'entrée de la boucle de chauffage,Nom du nœud d'entrée de la boucle de chauffage,Y,
Heating Loop Outlet Node Name,Nombre de la Curva de Función de la Relación de Entrada Eléctrica en Modo Calefacción a Salida de Enfriamiento en Función de la Temperatura,Nombre del Nodo de Salida del Circuito de Calefacción,Nom du nœud de sortie de la boucle de chauffage,Nom du nœud de sortie de la boucle de chauffage,Y,
Heating Low Control Temperature Schedule Name,Límite Inferior de Temperatura del Agua Enfriada de Entrada en Modo Calefacción,Nombre de Horario de Temperatura de Control Baja en Calefacción,Nom de l'horaire de température de contrôle basse de chauffage,Nom de la courbe de température basse de contrôle de chauffage,Y,Y
Heating Low Water Temperature Schedule Name,Curva de Temperatura en Modo Calefacción Variable Independiente del Agua del Condensador,Nombre de Programa de Temperatura Baja del Agua de Calefacción,Nom du calendrier de température basse de l'eau de chauffage,Nom de l'échéancier de température basse de l'eau de chauffage,Y,Y
Heating Maximum Air Flow,Caudal Máximo de Calefacción,Flujo de Aire Máximo de Calefacción,Débit d'air maximal en chauffage,Débit d'air maximal de chauffage,Y,Y
Heating Maximum Air Flow Fraction,Fracción de Caudal Máximo de Calefacción,Fracción Máxima de Flujo de Aire de Calefacción,Fraction de débit d'air maximal en chauffage,Fraction de débit d'air maximal de chauffage,Y,Y
Heating Maximum Air Flow per Zone Floor Area,Caudal Máximo de Calefacción por Área del Piso de Zona,Flujo de Aire Máximo de Calefacción por Área de Piso de Zona,Débit d'air maximum de chauffage par unité de surface de plancher de zone,Débit d'air de chauffage maximal par surface de zone,Y,Y
Heating Mode Cooling Capacity Function of Temperature Curve Name,Modo de Operación de Calefacción,Nombre de Curva de Función de Capacidad de Enfriamiento en Modo Calefacción Dependiente de Temperatura,Nom de la courbe de fonction de capacité de refroidissement en mode chauffage par rapport à la température,Courbe de fonction de capacité de refroidissement en mode chauffage en fonction de la température,Y,Y
Heating Mode Cooling Capacity Optimum Part Load Ratio,Nombre de la Curva de Correlación de Fracción de Carga Parcial de Calefacción,Nombre de Curva de la Función de Relación de Entrada Eléctrica a Salida de Refrigeración en Modo de Calefacción respecto a la Relación de Carga Parcial,Ratio de Charge Partielle Optimal de la Capacité de Refroidissement en Mode Chauffage,Nom de la courbe du ratio d'entrée électrique en mode chauffage sur ratio de sortie de refroidissement en fonction du ratio de charge partielle,Y,Y
Heating Mode Electric Input to Cooling Output Ratio Function of Part Load Ratio Curve Name,Tipo de Temperatura Exterior de la Curva de Desempeño de Calefacción,Nombre de Curva de Relación de Entrada Eléctrica a Salida de Enfriamiento en Función de Relación de Carga Parcial - Modo Calefacción,Courbe du nom de fonction du rapport d'entrée électrique en mode chauffage au rapport de sortie de refroidissement en fonction du rapport de charge partielle,Nom de la courbe de rapport EIR en fonction du ratio de charge partielle en mode chauffage avec refroidissement simultané,Y,Y
Heating Mode Electric Input to Cooling Output Ratio Function of Temperature Curve Name,Nombre de la Curva de Consumo de Potencia de Calefacción,Nombre de Curva de Función de Relación de Entrada Eléctrica a Salida de Enfriamiento en Función de Temperatura en Modo Calefacción,Nom de la courbe de fonction du ratio de l'entrée électrique au rendement en refroidissement en mode chauffage,Nom de la courbe de fonction du rapport d'entrée électrique à sortie de refroidissement en mode chauffage en fonction de la température,Y,Y
Heating Mode Entering Chilled Water Temperature Low Limit,Nombre de Programa de Potencia de Calefacción,Límite Mínimo de Temperatura del Agua Enfriada en Entrada - Modo Calefacción,Limite basse de la température d'eau glacée à l'entrée en mode chauffage,Température minimale de l'eau glacée entrant en mode chauffage,Y,Y
Heating Mode Temperature Curve Condenser Water Independent Variable,Nombre de Programa de Temperatura de Consigna de Calefacción,Variable Independiente de Temperatura del Agua del Condensador en Modo Calefacción,Courbe de température en mode chauffage - Variable indépendante de l'eau du condenseur,Variable Indépendante Température Condenseur Courbe Mode Chauffage,Y,Y
Heating Operation Mode,Factor de Dimensionamiento de Calefacción,Modo de Operación de Calefacción,Mode de fonctionnement du chauffage,Mode de fonctionnement en chauffage,Y,Y
Heating Part-Load Fraction Correlation Curve Name,Nombre de Fuente de Calefacción,Nombre de la Curva de Correlación de Fracción de Carga Parcial de Calefacción,Nom de la courbe de corrélation de fraction de charge partielle en chauffage,Nom de la courbe de corrélation de fraction de charge partielle en chauffage,Y,
Heating Performance Curve Outdoor Temperature Type,Relación de Flujo de Aire de Suministro en Velocidad de Calefacción,Tipo de Temperatura Exterior para Curvas de Desempeño de Calefacción,Type de température extérieure de la courbe de performance de chauffage,Type de température extérieure pour la courbe de performance en chauffage,Y,Y
Heating Power Consumption Curve Name,Temperatura de Consigna del Aire de Suministro en Etapa de Calefacción Desactivada,Nombre de la Curva de Consumo de Potencia de Calefacción,Nom de la courbe de consommation énergétique de chauffage,Nom de la courbe de consommation énergétique de chauffage,Y,
Heating Power Schedule Name,Temperatura de Punto de Referencia del Aire de Suministro en Etapa de Calefacción Activada,Nombre del Calendario de Potencia de Calefacción,Nom de la planification de puissance de chauffage,Nom de la Calendrier Puissance de Chauffage,Y,Y
Heating Setpoint Temperature Schedule Name,Caudal de Aire de Suministro de Calefacción Por Área de Piso,Nombre de Calendario de Temperatura Consigna de Calefacción,Nom du calendrier de température de consigne de chauffage,Nom de la plage horaire de consigne de chauffage,Y,Y
Heating Sizing Factor,Flujo de Aire de Suministro de Calefacción por Unidad de Capacidad de Calefacción,Factor de Dimensionamiento de Calefacción,Facteur de dimensionnement du chauffage,Facteur de dimensionnement du chauffage,Y,
Heating Source Name,Programa de Punto de Consigna de Temperatura de Calefacción,Nombre de la Fuente de Calentamiento,Nom de la source de chauffage,Nom de la source de chaleur,Y,Y
Heating Speed Supply Air Flow Ratio,Rango de Estrangulación de Calefacción,Relación de Flujo de Aire Suministrado en Velocidad de Calefacción,Ratio du débit d'air soufflé en mode chauffage rapide,Ratio de débit d'air soufflé à vitesse de chauffage,Y,Y
Heating Stage Off Supply Air Setpoint Temperature,Rango de Temperatura de Estrangulación de Calefacción,Temperatura de Consigna del Aire de Suministro en Etapa de Calefacción Desactivada,Température de consigne de l'air soufflé en mode chauffage arrêté,Température de Consigne de l'Air Soufflé à l'Arrêt du Chauffage,Y,Y
Heating Stage On Supply Air Setpoint Temperature,Relación de Dimensionamiento de Capacidad de Calefacción a Enfriamiento,Temperatura de Consigna de Aire de Suministro en Etapa de Calefacción Activada,Température de consigne de l'air soufflé à l'activation du chauffage,Température de Consigne de l'Air Soufflé à l'Activation du Chauffage,Y,Y
Heating Supply Air Flow Rate Per Floor Area,Nombre del Nodo de Entrada de Agua de Calefacción,Caudal de Aire de Suministro de Calefacción por Área de Piso,Débit d'air de soufflage de chauffage par unité de surface,Débit d'air de soufflage de chauffage par surface de plancher,Y,Y
Heating Supply Air Flow Rate Per Unit Heating Capacity,Nombre del Nodo de Salida del Agua de Calefacción,Caudal de Aire de Suministro de Calefacción por Unidad de Capacidad de Calefacción,Débit d'air soufflé chauffage par unité de capacité de chauffage,Débit d'air de chauffage par unité de capacité thermique,Y,Y
Heating Temperature Setpoint Schedule,Nombre de Zona o Lista de Zonas Solo con Ventiladores de Calefacción,Cronograma de Punto de Consigna de Temperatura de Calefacción,Calendrier de consigne de température de chauffage,Calendrier de Consigne de Température de Chauffage,Y,Y
Heating Throttling Range,Altura,Rango de Modulación de Calefacción,Plage d'étranglement du chauffage,Plage de modulation de chauffage,Y,Y
Heating Throttling Temperature Range,Relación de Aspecto de Altura,Rango de Temperatura de Estrangulación en Calefacción,Plage de température d'étranglement du chauffage,Plage de température d'étranglement au chauffage,Y,Y
Heating To Cooling Capacity Sizing Ratio,Dependencia de la Altura de la Temperatura del Nodo Externo,Relación de Dimensionamiento de Capacidad de Calefacción a Refrigeración,Rapport de dimensionnement de la capacité chauffage/refroidissement,Ratio de dimensionnement capacité chauffage sur refroidissement,Y,Y
Heating Water Inlet Node Name,Diferencia de Altura,Nombre del Nodo de Entrada de Agua Caliente,Nom du nœud d'entrée d'eau de chauffage,Nom du nœud d'entrée d'eau chaude,Y,Y
Heating Water Outlet Node Name,Diferencia de Altura Entre la Unidad Exterior y las Unidades Interiores,Nombre del Nodo de Salida de Agua Caliente,Nom du nœud de sortie d'eau de chauffage,Nom du nœud de sortie d'eau chaude,Y,Y
Heating Zone Fans Only Zone or Zone List Name,Factor de Altura para Factor de Apertura,Nombre de Zona o Lista de Zonas Calefacción Solo Ventiladores de Zona,Nom de la zone ou de la liste de zones du ventilateur uniquement de la zone de chauffage,Nom de la Zone ou de la Liste de Zones pour Ventilateurs de Zone Chauffage Uniquement,Y,Y
Height,Altura para Velocidad Promedio del Viento Local,Altura,Hauteur,Hauteur,Y,
Height Aspect Ratio,Altura de Puertas de Cristal de Acceso Directo Orientadas a la Zona,Relación de Aspecto de Altura,Rapport d'aspect en hauteur,Rapport d'aspect hauteur,Y,Y
Height Dependence of External Node Temperature,Altura de Plantas,Dependencia de la Altura de la Temperatura del Nodo Externo,Dépendance à la hauteur de la température du nœud externe,Dépendance à la hauteur de la température du nœud externe,Y,
Height Difference,Altura de Puertas de Almacenamiento Orientadas a la Zona,Diferencia de Altura,Différence de hauteur,Différence de Hauteur,Y,Y
Height Difference Between Outdoor Unit and Indoor Units,Altura del Pozo,Diferencia de Altura entre Unidad Exterior y Unidades Interiores,Différence de hauteur entre l'unité extérieure et les unités intérieures,Différence de hauteur entre l'unité extérieure et les unités intérieures,Y,
Height Factor for Opening Factor,Selección de Altura para Cálculo de Presión de Viento Local,Factor de Altura para Factor de Apertura,Facteur de hauteur pour le facteur d'ouverture,Facteur de hauteur pour le facteur d'ouverture,Y,
Height for Local Average Wind Speed,Factor de Emisión de Hg,Altura para Velocidad Local Promedio del Viento,Hauteur pour la Vitesse Moyenne Locale du Vent,Hauteur pour vitesse moyenne du vent local,Y,Y
Height of Glass Reach In Doors Facing Zone,Nombre del Cronograma de Factor de Emisión de Hg,Altura de Puertas Cristalería de Acceso Frontal Hacia la Zona,Hauteur des portes vitrées réfrigérées face à la zone,Hauteur des portes vitrées côté zone,Y,Y
Height of Plants,Tasa de Flujo de Aire a Velocidad Alta del Ventilador,Altura de las Plantas,Hauteur des plantes,Hauteur de la Végétation,Y,Y
Height of Stocking Doors Facing Zone,Potencia del Ventilador a Velocidad Alta,Altura de las Puertas de Almacenamiento Orientadas a la Zona,Hauteur des portes de distribution face à la zone,Hauteur des portes de stockage orientées vers la zone,Y,Y
Height of Well,Factor U en Velocidad Alta del Ventilador Multiplicado por el Área,Altura del Pozo,Hauteur du Puits,Hauteur du puits,Y,Y
Height Selection for Local Wind Pressure Calculation,Factor U a Velocidad Alta del Ventilador Multiplicado por Área,Selección de Altura para Cálculo de Presión de Viento Local,Sélection de la hauteur pour le calcul de la pression de vent local,Sélection de la hauteur pour le calcul de la pression dynamique locale du vent,Y,Y
Hg Emission Factor,Control de Humedad Alta,Factor de Emisión de Hg,Facteur d'émission Hg,Facteur d'émission de Hg,Y,Y
Hg Emission Factor Schedule Name,Bandera de Control de Humedad Alta,Nombre del Calendario del Factor de Emisión de Hg,Nom de l'horaire du facteur d'émission de Hg,Nom du calendrier du facteur d'émission Hg,Y,Y
High Fan Speed Air Flow Rate,Relación de Flujo de Aire Exterior en Humedad Alta,Caudal de Aire a Velocidad Alta del Ventilador,Débit d'air à vitesse élevée du ventilateur,Débit d'air à vitesse élevée du ventilateur,Y,
High Fan Speed Fan Power,Temperatura de Aire de Descarga de Calefacción de Límite Máximo,Potencia del Ventilador a Velocidad Alta,Puissance du ventilateur à vitesse élevée,Puissance de Ventilateur à Vitesse Élevée,Y,Y
High Fan Speed U-Factor Times Area Value,Nombre de Lista de Compresor de Alta Presión,Valor de U-Factor por Área a Velocidad Alta del Ventilador,Valeur du facteur U multipliée par la surface à vitesse de ventilation élevée,Valeur U × A à Vitesse Ventilateur Élevée,Y,Y
High Fan Speed U-factor Times Area Value,Relación de Humedad de Referencia Alta,Valor UA (Factor U por Área) a Velocidad Alta del Ventilador,Valeur du coefficient U multiplié par la surface à haut régime du ventilateur,Valeur UA à Vitesse Ventilateur Élevée,Y,Y
High Humidity Control,Temperatura de Referencia Alta,Control de Humedad Alta,Contrôle de l'humidité élevée,Contrôle de l'humidité élevée,Y,
High Humidity Control Flag,Nombre del Esquema de Punto de Referencia Alto,Bandera de Control de Humedad Alta,Indicateur de contrôle d'humidité élevée,Indicateur de contrôle de l'humidité élevée,Y,Y
High Humidity Outdoor Air Flow Ratio,Tasa de Flujo de Aire del Condensador Evaporativo de Alta Velocidad,Relación de Flujo de Aire Exterior Control de Humedad Alta,Ratio de débit d'air extérieur à humidité élevée,Ratio de Débit d'Air Extérieur à Humidité Élevée,Y,Y
High Limit Heating Discharge Air Temperature,Efectividad del Condensador Evaporativo de Alta Velocidad,Temperatura Máxima de Aire de Descarga en Calefacción,Température limite élevée de l'air de sortie en chauffage,Température limite maximale de l'air de soufflage en chauffage,Y,Y
High Pressure CompressorList Name,Consumo de Potencia Nominal de la Bomba del Condensador Evaporativo de Alta Velocidad,Nombre de Lista de Compresores de Alta Presión,Nom de la liste du compresseur haute pression,Nom de la Liste de Compresseurs Haute Pression,Y,Y
High Reference Humidity Ratio,Capacidad Nominal a Velocidad Alta,Relación de Humedad de Referencia Máxima,Rapport d'humidité de référence élevé,Ratio d'humidité de référence élevé,Y,Y
High Reference Temperature,Factor de Dimensionamiento de Alta Velocidad,Temperatura de Referencia Alta,Température de Référence Élevée,Température de Référence Élevée,Y,
High Setpoint Schedule Name,Capacidad de Diseño Estándar de Alta Velocidad,Nombre de Horario de Punto de Consigna Alto,Nom du calendrier du point de consigne élevé,Nom de la plage horaire de consigne élevée,Y,Y
High Speed Evaporative Condenser Air Flow Rate,Capacidad de Diseño Especificada por el Usuario a Alta Velocidad,Caudal de Aire del Condensador Evaporativo a Velocidad Alta,Débit d'air du condenseur évaporatif à vitesse élevée,Débit d'air du condenseur évaporatif à vitesse élevée,Y,
High Speed Evaporative Condenser Effectiveness,Diferencia de Temperatura Alta de la Curva de Congelación,Efectividad del Condensador Evaporativo a Velocidad Alta,Efficacité du condenseur évaporatif à haute vitesse,Efficacité du condenseur à évaporation à vitesse élevée,Y,Y
High Speed Evaporative Condenser Pump Rated Power Consumption,Diferencia de Temperatura Alta de la Curva de Fusión,Consumo de Potencia Nominal de la Bomba del Condensador Evaporativo a Velocidad Alta,Consommation électrique nominale de la pompe du condenseur évaporatif haute vitesse,Consommation d'Énergie Nominale de la Pompe du Condenseur Évaporatif à Vitesse Élevée,Y,Y
High Speed Nominal Capacity,Nombre de Lista de Compresor de Etapa Alta,Capacidad Nominal a Velocidad Alta,Capacité nominale à haut régime,Capacité Nominale à Vitesse Élevée,Y,Y
High Speed Sizing Factor,Horario de Vacaciones:Nombre del Día,Factor de Dimensionamiento a Velocidad Alta,Facteur de dimensionnement à vitesse élevée,Facteur de dimensionnement à vitesse élevée,Y,
High Speed Standard Design Capacity,Espaciamiento Horizontal Entre Tuberías,Capacidad de Diseño Estándar a Velocidad Alta,Capacité de conception standard à vitesse élevée,Capacité de Conception Standard à Vitesse Élevée,Y,Y
High Speed User Specified Design Capacity,Nodo de Entrada de Aire Caliente,Capacidad de Diseño Especificada por Usuario a Velocidad Alta,Capacité de Conception Spécifiée par l'Utilisateur à Haut Débit,Capacité de Conception Spécifiée par l'Utilisateur à Vitesse Élevée,Y,Y
High Temperature Difference of Freezing Curve,Nodo Caliente,Diferencia de Temperatura Elevada de la Curva de Congelación,Différence de température élevée de la courbe de congélation,Différence de température élevée de la courbe de congélation,Y,
High Temperature Difference of Melting Curve,Nombre de Definición de Equipo de Agua Caliente,Diferencia de Temperatura Alta de la Curva de Fusión,Différence de température élevée de la courbe de fusion,Différence de Température Élevée de la Courbe de Fusion,Y,Y
High-Stage CompressorList Name,Nombre del Nodo de Entrada de Agua Caliente,Nombre de Lista de Compresores de Etapa Alta,Nom de la liste de compresseurs d'étage supérieur,Nom de la Liste de Compresseurs Haute Pression,Y,Y
Holiday Schedule Name,Nombre del Horario de Días Festivos,Nombre del Programa de Vacaciones,Nom de l'horaire de vacances,Nom de l'Horaire de Congés,Y,Y
Holiday Schedule:Day Name,Nombre del Nodo de Salida de Agua Caliente,Calendario de Días Festivos: Nombre del Día,Calendrier de Congés : Nom du Jour,Jour du calendrier de congés,Y,Y
Horizontal Spacing Between Pipes,Hora a Simular,Espaciado Horizontal entre Tuberías,Espacement horizontal entre les tuyaux,Espacement Horizontal Entre les Conduites,Y,Y
Hot Air Inlet Node,Tipo de Control de Humidificación,Nodo de Entrada de Aire Caliente,Nœud d'entrée d'air chaud,Nœud d'entrée d'air chaud,Y,
Hot Node,Nombre de la Programación del Punto de Consigna de Humedad Relativa de Humidificación,Nodo Caliente,Nœud Chaud,Nœud Chaud,Y,
Hot Water Equipment Definition Name,Nombre de Zona de Control del Higrostato,Nombre de Definición de Equipo de Agua Caliente,Nom de la définition de l'équipement d'eau chaude,Nom de la Définition du Matériel d'Eau Chaude,Y,Y
Hot Water Equipment Schedule Name,Nombre del Horario de Equipos de Agua Caliente,Nombre de Calendario de Equipo de Agua Caliente,Nom du calendrier d'équipement d'eau chaude,Nom de la période d'utilisation de l'équipement d'eau chaude,Y,Y
Hot Water Inlet Node Name,Nombre del Humidostato,Nombre del Nodo de Entrada de Agua Caliente,Nom du nœud d'entrée d'eau chaude,Nom du Nœud d'Entrée Eau Chaude,Y,Y
Hot Water Outlet Node Name,Humedad a Energía de Calentador Anti-Condensación Cero,Nombre del Nodo de Salida de Agua Caliente,Nom du nœud de sortie d'eau chaude,Nom du Nœud de Sortie d'Eau Chaude,Y,Y
Hot Water Supply Temperature Schedule Name,Nombre del Horario de Temperatura del Agua Caliente de Suministro,Nombre del Programa de Temperatura de Suministro de Agua Caliente,Nom de l'emploi du temps de la température d'alimentation en eau chaude,Nom de la Planification de la Température d'Alimentation en Eau Chaude,Y,Y
Hour,Hora,Hora,Heure,Heure,,
Hour to Simulate,Multiplicador de Capacidad de Humedad,Hora a Simular,Heure à simuler,Heure à simuler,Y,
Hours of Operation Schedule Name,Nombre del Horario de Horas de Operación,Nombre de la Programación de Horas de Operación,Nom du calendrier des heures d'exploitation,Nom de l'emploi du temps des heures de fonctionnement,Y,Y
Humidification Control Type,Nombre de Programa de Día de Condición de Humedad,Tipo de Control de Humidificación,Type de contrôle de l'humidification,Type de contrôle de l'humidification,Y,
Humidifying Relative Humidity Setpoint Schedule Name,Tipo de Condición de Humedad,Nombre de Programa del Punto de Consigna de Humedad Relativa de Humidificación,Nom de l'horaire du point de consigne d'humidité relative pour l'humidification,Nom de la consigne d'humidité relative pour l'humidification,Y,Y
Humidistat Control Zone Name,Relación de Humedad en Temperatura de Bulbo Seco Máxima,Nombre de la Zona de Control de Humidostato,Nom de la zone de contrôle de l'hygromètre,Nom de la zone de contrôle du humidistat,Y,Y
Humidistat Name,Coeficiente 1 de la Ecuación de Relación de Humedad,Nombre del Humidostato,Nom du Humidistat,Nom du Humidistat,Y,
Humidity at Zero Anti-Sweat Heater Energy,Coeficiente 2 de la Ecuación de Relación de Humedad,Humedad Relativa a Energía Cero del Calefactor Antiempañante,Humidité à Énergie Zéro du Réchauffeur Anti-Condensation,Humidité relative à énergie de résistance anti-buée nulle,Y,Y
Humidity Capacity Multiplier,Coeficiente 3 de la Ecuación de Proporción de Humedad,Multiplicador de Capacidad de Humedad,Multiplicateur de Capacité d'Humidité,Multiplicateur de Capacité Hygrométrique,Y,Y
Humidity Condition Day Schedule Name,Coeficiente 4 de la Ecuación de Relación de Humedad,Nombre de Programa de Día de Condición de Humedad,Nom de l'agenda de jour de condition d'humidité,Nom de la journée-type pour la condition d'humidité,Y,Y
Humidity Condition Type,Coeficiente 5 de la Ecuación de Relación de Humedad,Tipo de Condición de Humedad,Type de condition d'humidité,Type de condition d'humidité,Y,
Humidity Ratio at Maximum Dry-Bulb,Coeficiente 6 de la Ecuación de Relación de Humedad,Relación de Humedad a Temperatura de Bulbo Seco Máxima,Rapport d'humidité à la température sèche maximale,Rapport d'humidité à la température sèche maximale,Y,
Humidity Ratio Equation Coefficient 1,Coeficiente 7 de la Ecuación de Relación de Humedad,Coeficiente 1 de la Ecuación de Relación de Humedad,Coefficient 1 de l'équation du rapport d'humidité,Coefficient 1 de l'équation du ratio d'humidité,Y,Y
Humidity Ratio Equation Coefficient 2,Coeficiente 8 de la Ecuación de la Relación de Humedad,Coeficiente 2 de la Ecuación de Relación de Humedad,Coefficient 2 de l'équation du ratio d'humidité,Coefficient 2 de l'équation du rapport d'humidité,Y,Y
Humidity Ratio Equation Coefficient 3,Componente HVAC,Coeficiente 3 de la Ecuación de Relación de Humedad,Coefficient 3 de l'équation du rapport d'humidité,Coefficient 3 de l'équation du rapport d'humidité,Y,
Humidity Ratio Equation Coefficient 4,Componente HVAC,Coeficiente 4 de la Ecuación de Razón de Humedad,Coefficient 4 de l'équation du rapport d'humidité,Coefficient 4 de l'équation du rapport d'humidité,Y,
Humidity Ratio Equation Coefficient 5,Diámetro Hidráulico,Coeficiente 5 de la ecuación de razón de humedad,Coefficient 5 de l'équation du ratio d'humidité,Coefficient 5 de l'équation du ratio d'humidité,Y,
Humidity Ratio Equation Coefficient 6,Conductividad de Tuberías Hidrónicas,Coeficiente 6 de la Ecuación de Razón de Humedad,Coefficient 6 de l'équation du rapport d'humidité,Coefficient 6 de l'équation du rapport d'humidité,Y,
Humidity Ratio Equation Coefficient 7,Diámetro Interior de la Tubería Hidrónica,Coeficiente 7 de la Ecuación de Razón de Humedad,Coefficient 7 de l'équation du rapport d'humidité,Coefficient 7 de l'équation du rapport d'humidité,Y,
Humidity Ratio Equation Coefficient 8,Longitud de Tubería Hidrónica,Coeficiente 8 de la Ecuación de Relación de Humedad,Coefficient 8 de l'équation du rapport d'humidité,Coefficient 8 de l'équation du rapport d'humidité,Y,
HVAC Component,Diámetro Exterior de la Tubería Hidrónica,Componente HVAC,Composant HVAC,Composant HVAC,Y,
HVACComponent,Capacidad de Almacenamiento de Hielo,Componente HVAC,HVACComponent,Composant HVAC,Y,Y
Hydraulic Diameter,Tipo de Colector ICS,Diámetro Hidráulico,Diamètre hydraulique,Diamètre hydraulique,Y,
Hydronic Tubing Conductivity,Ruta del archivo IES,Conductividad del Tubo Hidrónico,Conductivité du tuyautage hydronique,Conductivité thermique du tube,Y,Y
Hydronic Tubing Inside Diameter,Nombre del Mapa de Iluminancia,Diámetro Interior de la Tubería Hidrónica,Diamètre intérieur du tube hydronique,Diamètre intérieur du tube hydronique,Y,
Hydronic Tubing Length,Punto de Referencia de Iluminancia,Longitud del Tubo Hidrónico,Longueur de la tuyauterie hydrothermique,Longueur du tube hydronic,Y,Y
Hydronic Tubing Outside Diameter,Diámetro del Impulsor,Diámetro Exterior de la Tubería Hidrónica,Diamètre extérieur du tube hydraulique,Diamètre extérieur du tube hydraulique,Y,
Ice Storage Capacity,Multiplicador de Radiación Solar Incidente,Capacidad de Almacenamiento de Hielo,Capacité de stockage de glace,Capacité de stockage de glace,Y,
ICS Collector Type,Nombre del Plan de Multiplicador Solar Incidente,Tipo de Colector ICS,Type de Collecteur ICS,Type de Capteur ICS,Y,Y
IES File Path,Nombre de la Lista de Variables Independientes,Ruta del archivo IES,Chemin du fichier IES,Chemin du fichier IES,Y,
Illuminance Map Name,Nombre de Planificación de Temperatura de Punto de Consigna Alternativo Indirecto,Nombre del Mapa de Iluminancia,Nom de la carte d'illuminance,Nom de la carte d'éclairement,Y,Y
Illuminance Setpoint,Nombre del Nodo de Entrada de Aire Interior,Punto de Consigna de Iluminancia,Consigne d'illuminance,Point de consigne d'éclairement,Y,Y
Impeller Diameter,Nombre del Nodo de Salida de Aire Interior,Diámetro del Impulsor,Diamètre de la roue,Diamètre de la roue,Y,
Incident Solar Multiplier,Límite Inferior de la Diferencia de Entalpía Interior y Exterior para Factor Máximo de Ventilación Abierta,Multiplicador de Radiación Solar Incidente,Multiplicateur de rayonnement solaire incident,Multiplicateur de rayonnement solaire incident,Y,
Incident Solar Multiplier Schedule Name,Límite Superior de la Diferencia de Entalpía Interior y Exterior para Factor de Apertura de Ventilación Mínima,Nombre de Calendario de Multiplicador Solar Incidente,Nom du calendrier du multiplicateur de rayonnement solaire incident,Nom du Calendrier de Multiplicateur de Rayonnement Solaire Incident,Y,Y
Independent Variable List Name,Diferencia de Temperatura Interior y Exterior Límite Inferior para Factor de Apertura de Ventilación Máxima,Nombre de Lista de Variables Independientes,Nom de la liste de variables indépendantes,Nom de la Liste de Variables Indépendantes,Y,Y
Indirect Alternate Setpoint Temperature Schedule Name,Límite Superior de Diferencia de Temperatura Interior y Exterior para Factor de Apertura de Ventilación Mínima,Nombre del Programa de Temperatura de Consigna Alternativa Indirecta,Nom de l'Horaire de Température de Consigne Alternative Indirecte,Nom de la planification alternative du point de consigne en température (mode indirect),Y,Y
Indirect Water Heating Recovery Time,Tiempo de Recuperación del Calentamiento Indirecto de Agua,Tiempo de Recuperación del Calentamiento Indirecto de Agua,Temps de Récupération du Chauffage Indirect de l'Eau,Temps de récupération du chauffage indirect de l'eau,,Y
Indoor Air Inlet Node Name,Temperatura Interior por Encima de la Cual el Calentador de Agua Tiene Mayor Prioridad,Nombre del Nodo de Entrada de Aire Interior,Nom du nœud d'entrée d'air intérieur,Nom du Nœud d'Entrée d'Air Intérieur,Y,Y
Indoor Air Outlet Node Name,Límite de Temperatura Interior para Modo SCWH,Nombre del Nodo de Salida de Aire Interior,Nom du nœud de sortie d'air intérieur,Nom du nœud de sortie d'air intérieur,Y,
Indoor and Outdoor Enthalpy Difference Lower Limit For Maximum Venting Open Factor,Función de Temperatura de Condensación de la Unidad Interior en función de la Curva de Subenfriamiento,Límite Inferior de la Diferencia de Entalpía Interior y Exterior para el Factor de Apertura Máxima de Ventilación,Limite Inférieure de la Différence d'Enthalpie Intérieure et Extérieure pour le Facteur d'Ouverture de Ventilation Maximale,Limite inférieure de la différence d'enthalpie intérieure-extérieure pour le facteur d'ouverture de ventilation maximal,Y,Y
Indoor and Outdoor Enthalpy Difference Upper Limit for Minimum Venting Open Factor,Función de Temperatura de Evaporación de la Unidad Interior en Función de la Curva de Sobrecalentamiento,Límite Superior de la Diferencia de Entalpía Interior y Exterior para el Factor de Apertura de Ventilación Mínima,Limite Supérieure de la Différence d'Enthalpie Intérieure et Extérieure pour le Facteur d'Ouverture de Ventilation Minimum,Limite supérieure de la différence d'enthalpie intérieure-extérieure pour le facteur d'ouverture de ventilation minimale,Y,Y
Indoor and Outdoor Temperature Difference Lower Limit For Maximum Venting Open Factor,Subcenfriamiento de Referencia de la Unidad Interior,Límite Inferior de Diferencia de Temperatura Interior y Exterior para Factor de Apertura de Ventilación Máxima,Limite inférieure de la différence de température intérieure et extérieure pour le facteur d'ouverture de ventilation maximal,Différence de Température Intérieure-Extérieure Limite Inférieure pour Facteur d'Ouverture de Ventilation Maximal,Y,Y
Indoor and Outdoor Temperature Difference Upper Limit for Minimum Venting Open Factor,Referencia de Sobrecalentamiento de la Unidad Interior,Límite Superior de Diferencia de Temperatura Interior y Exterior para Factor de Apertura de Ventilación Mínima,Limite supérieure de la différence de température intérieure et extérieure pour le facteur d'ouverture de ventilation minimal,Limite supérieure de différence de température intérieure et extérieure pour le facteur d'ouverture de ventilation minimal,Y,Y
Indoor Temperature Above Which WH Has Higher Priority,Nombre del Nodo de Entrada de Aire Inducido,Temperatura Interior Arriba de la Cual el Calentador de Agua Tiene Mayor Prioridad,Température intérieure au-dessus de laquelle le CES a une priorité plus élevée,Température intérieure au-dessus de laquelle le WH a une priorité plus élevée,Y,Y
Indoor Temperature Limit For SCWH Mode,Lista de Puertos de Salida de Aire Inducido,Límite de Temperatura Interior para Modo SCWH,Limite de température intérieure pour le mode SCWH,Limite de Température Intérieure en Mode SCWH,Y,Y
Indoor Unit Condensing Temperature Function of Subcooling Curve,Relación de Inducción,Curva de Temperatura de Condensación de la Unidad Interior en Función del Subenfriamiento,Courbe de Fonction de Température de Condensation de l'Unité Intérieure en Fonction du Sous-Refroidissement,Courbe Fonction de la Température de Condensation de l'Unité Intérieure en fonction du Sous-refroidissement,Y,Y
Indoor Unit Evaporating Temperature Function of Superheating Curve,Método de Equilibrio de Infiltración,Función de Temperatura de Evaporación de Unidad Interior en Función de la Curva de Sobrecalentamiento,Fonction de courbe de surchauffe de la température d'évaporation de l'unité intérieure,Courbe de la température d'évaporation de l'unité intérieure en fonction du surchauffage,Y,Y
Indoor Unit Reference Subcooling,Zonas de Balanceo de Infiltración,Subenfriamiento de Referencia de la Unidad Interior,Sous-refroidissement de Référence de l'Unité Intérieure,Sous-refroidissement de Référence de l'Unité Intérieure,Y,
Indoor Unit Reference Superheating,Inflación,Sobrecalentamiento de Referencia de la Unidad Interior,Surchauffe de Référence de l'Unité Intérieure,Surchauffe de Référence de l'Unité Intérieure,Y,
Induced Air Inlet Node Name,Enfoque de Inflación,Nombre del Nodo de Entrada de Aire Inducido,Nom du nœud d'entrée d'air induit,Nom du nœud d'admission d'air induit,Y,Y
Induced Air Outlet Port List,Emitancia Hemisférica Infrarroja,Lista de Puertos de Salida de Aire Inducido,Liste des ports de sortie d'air induit,Liste des ports de sortie d'air induit,Y,
Induction Ratio,Transmitancia Infrarroja a Incidencia Normal,Relación de Inducción,Ratio d'induction,Rapport d'induction,Y,Y
Infiltration Balancing Method,Estado de Carga Inicial,Método de Equilibrio de Infiltración,Méthode d'équilibrage des infiltrations,Méthode d'équilibrage de l'infiltration,Y,Y
Infiltration Balancing Zones,Fracción de Tiempo de Descongelación Inicial,Zonas de Equilibrio de Infiltración,Zones d'équilibrage de l'infiltration,Zones d'équilibrage d'infiltration,Y,Y
Infiltration Schedule Name,Nombre del Horario de Infiltración,Nombre de Calendario de Infiltración,Nom de l'horaire d'infiltration,Nom de la Planification de l'Infiltration,Y,Y
Inflation,Estado Inicial de Carga Fraccionada,Inflación,Inflation,Inflation,Y,
Inflation Approach,Fracción Inicial de Capacidad de Enfriamiento de Recuperación de Calor,Enfoque de Inflación,Approche d'inflation,Approche de l'inflation,Y,Y
Infrared Hemispherical Emissivity,Fracción de Energía de Enfriamiento por Recuperación de Calor Inicial,Emisividad Hemisférica en Infrarrojo,Émissivité hémisphérique infrarouge,Émissivité hémisphérique infrarouge,Y,
Infrared Transmittance at Normal Incidence,Fracción Inicial de Capacidad de Calefacción de Recuperación de Calor,Transmitancia Infrarroja a Incidencia Normal,Transmittance infrarouge à incidence normale,Transmittance infrarouge à incidence normale,Y,
Initial Charge State,Fracción Inicial de Energía de Calefacción de Recuperación de Calor,Estado de Carga Inicial,État de charge initial,État de charge initial,Y,
Initial Defrost Time Fraction,Temperatura Inicial del Aire Interior,Fracción de Tiempo de Descongelamiento Inicial,Fraction de Temps de Dégivrage Initial,Fraction de Durée de Dégivrage Initiale,Y,Y
Initial Fractional State of Charge,Velocidad Inicial de Evaporación de Humedad Dividida entre Capacidad de Aire Acondicionado Latente en Estado Estable,Estado de Carga Fraccional Inicial,État de charge fractionnaire initial,État de charge fractionnaire initial,Y,
Initial Heat Recovery Cooling Capacity Fraction,Estado Inicial de Carga,Fracción Inicial de Capacidad de Enfriamiento en Recuperación de Calor,Fraction initiale de capacité de refroidissement de la récupération de chaleur,Fraction initiale de capacité de refroidissement en récupération de chaleur,Y,Y
Initial Heat Recovery Cooling Energy Fraction,Gradiente de Temperatura Inicial durante Enfriamiento,Fracción Inicial de Energía de Enfriamiento en Recuperación de Calor,Fraction initiale d'énergie de refroidissement par récupération de chaleur,Fraction initiale d'énergie frigorifique en récupération de chaleur,Y,Y
Initial Heat Recovery Heating Capacity Fraction,Gradiente de Temperatura Inicial durante la Calefacción,Fracción de Capacidad de Calefacción en Recuperación de Calor Inicial,Fraction de capacité de chauffage initial de la récupération de chaleur,Fraction initiale de capacité de chauffage en récupération thermique,Y,Y
Initial Heat Recovery Heating Energy Fraction,Valor Inicial,Fracción Inicial de Energía de Calefacción en Recuperación de Calor,Fraction initiale d'énergie de chauffage de récupération thermique,Fraction initiale d'énergie de chauffage de la récupération thermique,Y,Y
Initial Indoor Air Temperature,Contenido Volumétrico Inicial de Humedad de la Capa de Suelo,Temperatura Inicial del Aire Interior,Température initiale de l'air intérieur,Température initiale de l'air intérieur,Y,
Initial Moisture Evaporation Rate Divided by Steady-State AC Latent Capacity,Nombre del Programa de Simulación de Inicialización,Tasa Inicial de Evaporación de Humedad Dividida por Capacidad Latente de CA en Estado Estacionario,Taux initial d'évaporation d'humidité divisé par la capacité latente de climatisation en régime stable,Taux d'évaporation initiale d'humidité divisé par la capacité de refroidissement latent en régime permanent,Y,Y
Initial State of Charge,Tipo de Inicialización,Estado de Carga Inicial,État initial de charge,État de charge initial,Y,Y
Initial Temperature Gradient during Cooling,Configuración del Aire de Entrada,Gradiente de Temperatura Inicial durante Enfriamiento,Gradient de température initial pendant le refroidissement,Gradient de température initial en refroidissement,Y,Y
Initial Temperature Gradient during Heating,Cronograma de Humedad del Aire de Entrada,Gradiente de Temperatura Inicial durante Calefacción,Gradient de Température Initial pendant le Chauffage,Gradient de température initial en mode chauffage,Y,Y
Initial Value,Nombre del Programa de Humedad del Aire de Entrada,Valor Inicial,Valeur initiale,Valeur initiale,Y,
Initial Volumetric Moisture Content of the Soil Layer,Cronograma del Mezclador de Aire de Entrada,Contenido Volumétrico Inicial de Humedad de la Capa de Suelo,Teneur volumétrique initiale en humidité de la couche de sol,Teneur en eau volumétrique initiale de la couche de sol,Y,Y
Initialization Simulation Program Name,Nombre del Calendario de Mezclador de Aire de Entrada,Nombre del Programa de Simulación Inicial,Nom du Programme de Simulation d'Initialisation,Nom du programme de simulation d'initialisation,Y,Y
Initialization Type,Cronograma de Temperatura del Aire de Entrada,Tipo de Inicialización,Type d'initialisation,Type d'initialisation,Y,
Inlet Air Configuration,Nombre de Calendario de Temperatura del Aire de Entrada,Configuración del Aire de Entrada,Configuration de l'air d'entrée,Configuration de l'air d'entrée,Y,
Inlet Air Humidity Schedule,Nombre de Rama de Entrada,Programación de Humedad del Aire de Entrada,Calendrier d'humidité d'air d'entrée,Calendrier d'humidité de l'air d'entrée,Y,Y
Inlet Air Humidity Schedule Name,Modo de Entrada,Nombre de la Programación de Humedad del Aire de Entrada,Nom de l'horaire d'humidité de l'air d'entrée,Nom de la courbe de variation de l'humidité relative de l'air d'entrée,Y,Y
Inlet Air Mixer Schedule,Nodo de Entrada,Horario de Mezclador de Aire de Entrada,Calendrier du mélangeur d'air d'entrée,Agenda du Mélangeur d'Air d'Entrée,Y,Y
Inlet Air Mixer Schedule Name,Nombre del Nodo de Entrada,Nombre de Programación de Mezclador de Aire de Entrada,Nom de l'agenda du mélangeur d'air d'entrée,Nom de l'horaire du mélangeur d'air d'entrée,Y,Y
Inlet Air Temperature Schedule,Puerto de Entrada,Programa de Temperatura del Aire de Entrada,Calendrier de température de l'air d'entrée,Calendrier de Température de l'Air à l'Entrée,Y,Y
Inlet Air Temperature Schedule Name,Opción de Temperatura del Agua de Entrada,Nombre del Calendario de Temperatura del Aire de Entrada,Nom de l'horaire de température d'air à l'entrée,Nom de la planification de température d'air d'entrée,Y,Y
Inlet Branch Name,Tipo de Unidad de Entrada para v,Nombre de Rama de Entrada,Nom de la branche d'entrée,Nom de la Branche d'Entrée,Y,Y
Inlet Mode,Solucionador,Modo de Entrada,Mode d'entrée,Mode d'entrée,Y,
Inlet Node,Tipo de Unidad de Entrada para X,Nodo de Entrada,Nœud d'entrée,Nœud d'entrée,Y,
Inlet Node Name,Tipo de unidad de entrada para x,Nombre del Nodo de Entrada,Nom du nœud d'entrée,Nom du Nœud d'Entrée,Y,Y
Inlet Port,Tipo de Unidad de Entrada para X1,Puerto de Entrada,Port d'entrée,Port d'entrée,Y,
Inlet Water Temperature Option,Tipo de Unidad de Entrada para X2,Opción de Temperatura del Agua de Entrada,Option de température d'eau à l'entrée,Option de température d'eau d'entrée,Y,Y
Input Unit Type for v,Tipo de Unidad de Entrada para X3,Tipo de Unidad de Entrada para v,Type d'unité d'entrée pour v,Type d'unité d'entrée pour v,Y,
Input Unit Type for w,Tipo de Unidad de Entrada para X4,Tipo de Unidad de Entrada para w,Type d'unité d'entrée pour w,Type d'unité d'entrée pour w,Y,
Input Unit Type for X,Tipo de Unidad de Entrada para X5,Tipo de Unidad de Entrada para X,Type d'unité d'entrée pour X,Type d'unité d'entrée pour X,Y,
Input Unit Type for x,Tipo de Unidad de Entrada para Y,Tipo de Unidad de Entrada para x,Unité d'entrée de type pour x,Type d'unité d'entrée pour x,Y,Y
Input Unit Type for X1,Tipo de Unidad de Entrada para y,Tipo de Unidad de Entrada para X1,Type d'unité d'entrée pour X1,Type d'unité d'entrée pour X1,Y,
Input Unit Type for X2,Tipo de unidad de entrada para z,Tipo de Unidad de Entrada para X2,Type d'unité d'entrée pour X2,Unité d'entrée de type pour X2,Y,Y
Input Unit Type for X3,Tipo de Unidad de Entrada para Z,Tipo de Unidad de Entrada para X3,Unité d'entrée pour X3,Type d'unité d'entrée pour X3,Y,Y
Input Unit Type for X4,Coeficiente de Convección Interior,Tipo de Unidad de Entrada para X4,Type d'unité d'entrée pour X4,Type d'unité d'entrée pour X4,Y,
Input Unit Type for X5,Profundidad de la Repisa Interior,Tipo de Unidad de Entrada para X5,Type d'unité d'entrée pour X5,Type d'unité d'entrée pour X5,Y,
Input Unit Type for Y,Absortancia Solar de La Cara Interior,Tipo de Unidad de Entrada para Y,Type d'unité d'entrée pour Y,Type d'unité d'entrée pour Y,Y,
Input Unit Type for y,Nombre del Estante Interior,Tipo de Unidad de Entrada para y,Type d'unité d'entrée pour y,Type d'unité d'entrée pour y,Y,
Input Unit Type for z,Profundidad del Alféizar Interior,Tipo de Unidad de Entrada para z,Type d'unité d'entrée pour z,Type d'unité d'entrée pour z,Y,
Input Unit Type for Z,Absortancia Solar del Alféizar Interior,Tipo de Unidad de Entrada para Z,Type d'unité d'entrée pour Z,Type d'unité d'entrée pour Z,Y,
Inside Convection Coefficient,Potencia de Iluminación de Vitrina Instalada por Puerta,Coeficiente de Convección Interior,Coefficient de Convection Intérieur,Coefficient de Convection Intérieure,Y,Y
Inside Reveal Depth,Potencia de Iluminación de Vitrina Instalada por Unidad de Longitud,Profundidad de Alféizar Interior,Profondeur de Révélation Intérieure,Profondeur de Révélé Intérieur,Y,Y
Inside Reveal Solar Absorptance,Área de Superficie de Piso Aislado,Absortancia Solar de la Cara Interna de la Jamba,Inside Reveal Solar Absorptance,Absorptance solaire des surfaces de révélation intérieure,Y,Y
Inside Shelf Name,Valor U del Piso Aislado,Nombre del Estante Interior,Nom du Rayonnage Intérieur,Nom du Rebord Intérieur,Y,Y
Inside Sill Depth,Valor U de Superficie Aislada Orientado hacia la Zona,Profundidad del Alféizar Interior,Profondeur de l'appui intérieur,Profondeur de l'appui intérieur,Y,
Inside Sill Solar Absorptance,Tipo de Aislamiento,Absortancia Solar de la Repisa Interna,Absorptance Solaire du Rebord Intérieur,Absorbance solaire du rebord intérieur,Y,Y
Installed Case Lighting Power per Door,Parámetros de Colector de Almacenamiento Integral Nombre,Potencia Instalada de Iluminación del Escaparate por Puerta,Puissance d'éclairage de porte-à-porte installée,Puissance d'éclairage installée du boîtier par porte,Y,Y
Installed Case Lighting Power per Unit Length,Tipo de Superficie Previsto,Potencia de Iluminación de Caso Instalada por Unidad de Longitud,Puissance d'éclairage installée par unité de longueur,Puissance d'éclairage installée par unité de longueur du meuble frigorifique,Y,Y
Insulated Floor Surface Area,Tipo de Enfriador Intermedio,Área de Superficie de Piso Aislado,Surface de plancher isolée,Surface de plancher isolée,Y,
Insulated Floor U-Value,Profundidad del Aislamiento Horizontal Interior,Valor U del Piso Aislado,Valeur U du plancher isolé,Valeur U du plancher isolé,Y,
Insulated Surface U-Value Facing Zone,Nombre del Material de Aislamiento Horizontal Interior,Valor U de Superficie Aislada Orientada a la Zona,Valeur U de la surface isolée orientée vers la zone,Valeur U de la Surface Isolée Faisant Face à la Zone,Y,Y
Insulation Type,Ancho de Aislamiento Horizontal Interior,Tipo de Aislamiento,Type d'isolation,Type d'isolation,Y,
IntegralCollectorStorageParameters Name,Nombre de Construcción de Partición Interior,Nombre de Parámetros de Almacenamiento con Colector Integral,Paramètres du collecteur-stockage intégré Nom,Nom des Paramètres du Collecteur avec Stockage Intégral,Y,Y
Intended Surface Type,Nombre del Grupo de Superficie de Partición Interior,Tipo de Superficie Prevista,Type de surface prévu,Type de surface prévu,Y,
Intercooler Type,Profundidad del Aislamiento Vertical Interior,Tipo de Interenfriador,Type d'intercooler,Type d'Intercooler,Y,Y
Interior Horizontal Insulation Depth,Nombre del Material de Aislamiento Vertical Interior,Profundidad del Aislamiento Horizontal Interior,Profondeur de l'isolation horizontale intérieure,Profondeur de l'isolant horizontal intérieur,Y,Y
Interior Horizontal Insulation Material Name,Nombre de Clave del Índice de Datos Internos,Nombre del Material de Aislamiento Horizontal Interior,Nom du matériau d'isolation horizontale intérieure,Nom du matériau d'isolation horizontale intérieure,Y,
Interior Horizontal Insulation Width,Tipo de Dato Interno,Ancho del Aislamiento Horizontal Interior,Largeur de l'isolation horizontale intérieure,Largeur de l'isolation horizontale intérieure,Y,
Interior Partition Construction Name,Nombre de Definición de Masa Interna,Nombre de Construcción de Partición Interior,Nom de la construction de partition intérieure,Nom de la construction de partition intérieure,Y,
Interior Partition Surface Group Name,Diccionario de Disponibilidad de Variables Internas Reportes,Nombre del Grupo de Superficie de Partición Interior,Nom du groupe de surface de partition intérieure,Nom du groupe de surface de partition intérieure,Y,
Interior Vertical Insulation Depth,Método de Interpolación,Profundidad de Aislamiento Vertical Interior,Profondeur de l'Isolation Verticale Intérieure,Profondeur de l'Isolation Verticale Intérieure,Y,
Interior Vertical Insulation Material Name,Longitud del Intervalo,Nombre del Material de Aislamiento Vertical Interior,Nom du matériau d'isolation verticale intérieure,Nom du matériau d'isolation verticale intérieure,Y,
Internal Data Index Key Name,Eficiencia del Inversor,Nombre de Clave del Índice de Datos Internos,Nom de clé d'index de données interne,Nom de Clé d'Index de Données Internes,Y,Y
Internal Data Type,Modo de Cálculo de Eficiencia del Inversor,Tipo de Dato Interno,Type de données interne,Type de données interne,Y,
Internal Mass Definition Name,Nombre del Inversor,Nombre de Definición de Masa Interna,Nom de la définition de masse interne,Nom de la définition de masse interne,Y,
Internal Variable Availability Dictionary Reporting,¿Es año bisiesto?,Informe de Disponibilidad del Diccionario de Variables Internas,Rapport sur le Dictionnaire de Disponibilité des Variables Internes,Rapportage du Dictionnaire de Disponibilité des Variables Internes,Y,Y
Interpolate to Timestep,Interpolar al Paso de Tiempo,Interpolar al Intervalo de Tiempo,Interpoler au pas de temps,Interpolation au pas de temps,Y,Y
Interpolation Method,Formato ISO 8601,Método de Interpolación,Méthode d'interpolation,Méthode d'interpolation,Y,
Interval Length,Nombre del Elemento,Duración del Intervalo,Longueur d'intervalle,Durée de l'intervalle,Y,Y
Inverter Efficiency,Tipo de Artículo,Eficiencia del Inversor,Rendement de l'onduleur,Rendement de l'onduleur,Y,
Inverter Efficiency Calculation Mode,Temperatura Profunda del Terreno en Enero,Modo de Cálculo de Eficiencia del Inversor,Mode de calcul du rendement de l'onduleur,Mode de Calcul du Rendement de l'Onduleur,Y,Y
Inverter Name,Reflectancia del Terreno en Enero,Nombre del Inversor,Nom de l'onduleur,Nom de l'onduleur,Y,
Is Leap Year,Temperatura del Terreno en Enero,¿Es Año Bisiesto?,Est une année bissextile,Est Année Bissextile,Y,Y
ISO 8601 Format,Temperatura de Superficie del Terreno en Enero,Formato ISO 8601,Format ISO 8601,Format ISO 8601,Y,
Item Name,Valor de Enero,Nombre del Elemento,Nom de l'élément,Nom de l'élément,Y,
Item Type,Temperatura Profunda del Terreno en Julio,Tipo de Elemento,Type d'élément,Type d'article,Y,Y
January Deep Ground Temperature,Reflectancia del Terreno de Julio,Temperatura Profunda del Suelo en Enero,Température du sol profond en janvier,Température Souterraine Profonde en Janvier,Y,Y
January Ground Reflectance,Temperatura del Suelo en Julio,Reflectancia del Suelo en Enero,Réflectance du sol en janvier,Réflectance du sol en janvier,Y,
January Ground Temperature,Temperatura Superficial del Suelo en Julio,Temperatura del Terreno en Enero,Température du sol en janvier,Température du sol en janvier,Y,
January Surface Ground Temperature,Valor de Julio,Temperatura Superficial del Terreno en Enero,Température du sol de surface en janvier,Température de Surface du Sol en Janvier,Y,Y
January Value,Temperatura Profunda del Terreno en Junio,Valor de Enero,Valeur de janvier,Valeur de janvier,Y,
July Deep Ground Temperature,Reflectancia del Terreno en Junio,Temperatura Profunda del Terreno en Julio,Température profonde du sol en juillet,Température Profonde du Sol en Juillet,Y,Y
July Ground Reflectance,Temperatura del Terreno en Junio,Reflectancia del Suelo en Julio,Réflectance du sol en juillet,Réflectance du sol en juillet,Y,
July Ground Temperature,Temperatura de Superficie del Terreno en Junio,Temperatura del Terreno en Julio,Température du Sol en Juillet,Température du sol en juillet,Y,Y
July Surface Ground Temperature,Valor de Junio,Temperatura Superficial del Terreno en Julio,Température de surface du sol en juillet,Température du sol en surface en juillet,Y,Y
July Value,Mantener Información de Ubicación del Sitio,Valor de Julio,Valeur de Juillet,Valeur Juillet,Y,Y
June Deep Ground Temperature,Clave,Temperatura Profunda del Terreno en Junio,Température Profonde du Sol en Juin,Température Profonde du Sol en Juin,Y,
June Ground Reflectance,Campo Clave,Reflectancia del Terreno en Junio,Réflectance du sol en juin,Réflectance du sol en juin,Y,
June Ground Temperature,Nombre de Clave,Temperatura del Terreno en Junio,Température du sol en juin,Température du sol en juin,Y,
June Surface Ground Temperature,Valor clave,Temperatura del Terreno en Junio,Température de surface du sol en juin,Température du sol en surface en juin,Y,Y
June Value,Densidad de Muestreo Klems,Valor de junio,Valeur de juin,Valeur de Juin,Y,Y
Keep Site Location Information,Nombre de la Curva de Crédito por Caso Latente,Mantener la Información de Ubicación del Sitio,Conserver les informations de localisation du site,Conserver les informations de localisation du site,Y,
Key,Tipo de Curva de Crédito por Carga Latente,Clave,Clé,Clé,Y,
Key Field,Efectividad Latente al 100% del Flujo de Aire de Enfriamiento,Campo de Clave,Champ clé,Champ clé,Y,
Key Name,Efectividad Latente al 100% del Flujo de Aire de Calefacción,Nombre de Clave,Nom de clé,Nom de la clé,Y,Y
Key Value,Nombre de Curva de Efectividad Latente del Flujo de Aire de Enfriamiento,Valor de Clave,Paire clé-valeur,Valeur de clé,Y,Y
Klems Sampling Density,Nombre de la Curva de Efectividad Latente del Flujo de Aire de Calefacción,Densidad de Muestreo Klems,Densité d'échantillonnage Klems,Densité d'échantillonnage KLEMS,Y,Y
Latent Capacity Time Constant,Constante de Tiempo de Capacidad Latente,Constante de Tiempo de Capacidad Latente,Constante de temps de capacité latente,Constante de temps de la capacité latente,,Y
Latent Case Credit Curve Name,Calor latente durante todo el proceso de cambio de fase,Nombre de Curva de Crédito Latente de Vitrina,Nom de la courbe de crédit de charge latente,Nom de la courbe de crédit latent du meuble frigorifique,Y,Y
Latent Case Credit Curve Type,Efectividad de Recuperación de Calor Latente,Tipo de Curva de Crédito Latente de Vitrina,Type de courbe de crédit de cas latent,Type de Courbe de Crédit Latent du Meuble Frigorifique,Y,Y
Latent Effectiveness at 100% Cooling Air Flow,Control de Carga Latente,Efectividad Latente al 100% de Flujo de Aire de Enfriamiento,Efficacité latente à 100% du débit d'air de refroidissement,Efficacité Latente à 100% du Débit d'Air de Refroidissement,Y,Y
Latent Effectiveness at 100% Heating Air Flow,Latitud,Efectividad Latente al 100% del Flujo de Aire en Calefacción,Efficacité Latente à 100 % du Débit d'Air de Chauffage,Efficacité latente à 100% du débit d'air de chauffage,Y,Y
Latent Effectiveness of Cooling Air Flow Curve Name,Capa,Nombre de Curva de Efectividad Latente del Flujo de Aire de Enfriamiento,Nom de la courbe du débit d'air de refroidissement en efficacité latente,Nom de la courbe d'efficacité latente du débit d'air de refroidissement,Y,Y
Latent Effectiveness of Heating Air Flow Curve Name,Índice de Área Foliar,Nombre de Curva de Efectividad Latente del Flujo de Aire de Calentamiento,Nom de la courbe d'efficacité latente du débit d'air de chauffage,Nom de la courbe d'efficacité latente du débit d'air de chauffage,Y,
Latent Fraction Schedule Name,Nombre del Horario de Fracción Latente,Nombre de Horario de Fracción Latente,Nom de l'horaire de fraction latente,Nom de l'horaire de fraction latente,Y,
Latent Heat during the Entire Phase Change Process,Emissividad de la Hoja,Calor Latente durante todo el Proceso de Cambio de Fase,Chaleur latente pendant tout le processus de changement de phase,Chaleur latente pendant l'ensemble du processus de changement de phase,Y,Y
Latent Heat Recovery Effectiveness,Reflectividad de Hojas,Efectividad de Recuperación de Calor Latente,Efficacité de la récupération de chaleur sensible,Efficacité de la récupération de chaleur latente,Y,Y
Latent Load Control,Nombre del Componente de Fuga,Control de Carga Latente,Contrôle de Charge Latente,Contrôle de Charge Latente,Y,
Latitude,Diámetro Interior de Tubería de Salida,Latitud,Latitude,Latitude,Y,
Layer,Multiplicador de Apertura del Lado Izquierdo,Capa,Couche,Couche,Y,
Leaf Area Index,Multiplicador de Abertura del Lado Izquierdo,Índice de Área Foliar,Indice de Surface Foliaire,Indice de Surface Foliaire,Y,
Leaf Emissivity,Longitud,Emisividad de Hojas,Émissivité des feuilles,Émissivité des feuilles,Y,
Leaf Reflectivity,Longitud de Tubería Principal que Conecta la Unidad Exterior a la Primera Unión de Rama,Reflectividad de la Hoja,Réflectivité des feuilles,Réflectivité des feuilles,Y,
Leakage Component Name,Duración del Período de Estudio en Años,Nombre del Componente de Fugas,Nom du composant de fuite,Nom du composant de fuite,Y,
Leaving Chilled Water Lower Temperature Limit,Límite Inferior de Temperatura del Agua Fría a la Salida,Límite Inferior de Temperatura del Agua Fría de Salida,Limite inférieure de température de l'eau refroidie en sortie,Limite Inférieure de Température de l'Eau Glacée en Sortie,Y,Y
Leaving Pipe Inside Diameter,Modelo de Vida Útil,Diámetro Interior de la Tubería de Salida,Diamètre intérieur du tuyau de départ,Diamètre intérieur de la conduite de départ,Y,Y
Left Side Opening Multiplier,Tipo de Control de Iluminación,Multiplicador de Apertura del Lado Izquierdo,Multiplicateur d'ouverture du côté gauche,Multiplicateur d'ouverture côté gauche,Y,Y
Left-Side Opening Multiplier,Nivel de Iluminación,Multiplicador de Abertura Lado Izquierdo,Multiplicateur d'Ouverture Côté Gauche,Multiplicateur d'ouverture côté gauche,Y,Y
Length,Potencia de Iluminación,Longitud,Longueur,Longueur,Y,
Length of Main Pipe Connecting Outdoor Unit to the First Branch Joint,Nombre de Definición de Iluminación,Longitud de la tubería principal que conecta la unidad exterior a la primera conexión de rama,Longueur du tuyau principal reliant l'unité extérieure au premier joint de branchement,Longueur de la tuyauterie principale reliant l'unité extérieure au premier raccord de distribution,Y,Y
Length of Study Period in Years,Peso Límite DMX,Duración del Período de Estudio en Años,Durée de la période d'étude en années,Durée de la période d'étude en années,Y,
Lifetime Model,Límite de Peso VMX,Modelo de Vida Útil,Modèle de durée de vie,Modèle de durée de vie,Y,
Lighting Control Type,Nombre de Enlace,Tipo de Control de Iluminación,Type de commande d'éclairage,Type de commande d'éclairage,Y,
Lighting Level,Factor de Emisión de CO2 del Combustible Genérico Líquido,Nivel de Iluminación,Niveau d'éclairage,Puissance d'éclairage,Y,Y
Lighting Power,Valor Calorífico Superior del Combustible Genérico Líquido,Potencia de Iluminación,Puissance d'éclairage,Puissance d'éclairage,Y,
Lighting Schedule Name,Nombre del Horario de Iluminación,Nombre de Calendario de Iluminación,Nom de l'horaire d'éclairage,Nom de l'horaire d'éclairage,Y,
Lights Definition Name,Valor Calorífico Inferior del Combustible Genérico Líquido,Nombre de Definición de Iluminación,Nom de la définition d'éclairage,Nom de la Définition d'Éclairage,Y,Y
Limit Weight DMX,Peso Molecular del Combustible Líquido Genérico,Peso Límite DMX,Poids limite DMX,Poids limite DMX,Y,
Limit Weight VMX,Densidad en Estado Líquido,Límite de Peso VMX,Poids limite VMX,Limite de Poids VMX,Y,Y
Linkage Name,Calor Específico en Estado Líquido,Nombre del Vínculo,Nom de liaison,Nom du Lien,Y,Y
Liquid Generic Fuel CO2 Emission Factor,Conductividad Térmica en Estado Líquido,Factor de Emisión de CO2 de Combustible Genérico Líquido,Facteur d'émission de CO2 du carburant générique liquide,Facteur d'Émission de CO2 du Combustible Liquide Générique,Y,Y
Liquid Generic Fuel Higher Heating Value,Diferencia de Temperatura de Subenfriamiento en el Diseño de Aspiración Líquida,Poder Calorífico Superior del Combustible Genérico Líquido,Valeur de chauffage supérieure du carburant générique liquide,Pouvoir calorifique supérieur du combustible liquide générique,Y,Y
Liquid Generic Fuel Lower Heating Value,Nombre del Subcooler del Intercambiador de Calor de Succión Líquida,Valor Calorífico Inferior del Combustible Líquido Genérico,Pouvoir calorifique inférieur du carburant générique liquide,Pouvoir calorifique inférieur du combustible liquide générique,Y,Y
Liquid Generic Fuel Molecular Weight,Límite Inferior del Rango de Carga,Peso Molecular del Combustible Genérico Líquido,Poids Moléculaire du Carburant Générique Liquide,Poids Moléculaire du Combustible Liquide Générique,Y,Y
Liquid State Density,Límite Superior del Rango de Carga,Densidad en Estado Líquido,Densité à l'état liquide,Masse volumique à l'état liquide,Y,Y
Liquid State Specific Heat,Nombre del Programa de Carga,Calor Específico en Estado Líquido,Chaleur spécifique à l'état liquide,Chaleur spécifique à l'état liquide,Y,
Liquid State Thermal Conductivity,Nombre del Nodo de Entrada del Lado de Carga,Conductividad Térmica en Estado Líquido,Conductivité thermique à l'état liquide,Conductivité thermique à l'état liquide,Y,
Liquid Suction Design Subcooling Temperature Difference,Nombre del Nodo de Salida del Lado de Carga,Diferencia de Temperatura de Subenfriamiento de Diseño Líquido-Succión,Différence de température de sous-refroidissement dans la conception de ligne liquide-aspiration,Différence de Température de Sous-refroidissement Conception Liquide-Aspiration,Y,Y
Liquid Suction Heat Exchanger Subcooler Name,Caudal de Referencia del Lado de Carga,Nombre del Subenfriador con Intercambiador de Calor Líquido-Succión,Nom du Sous-refroidisseur Échangeur de Chaleur Aspiration Liquide,Nom du Sous-Refroidisseur à Échangeur Thermique Liquide-Aspiration,Y,Y
Load Distribution Scheme,Esquema de Distribución de Carga,Esquema de Distribución de Carga,Schéma de Distribution de Charge,Schéma de distribution de charge,,Y
Load Range Lower Limit,Índice de Carga Lista,Límite Inferior del Rango de Carga,Limite Inférieure de la Plage de Charge,Limite Inférieure de la Plage de Charge,Y,
Load Range Upper Limit,Valor de Tolerancia de Convergencia de Cargas,Límite Superior del Rango de Carga,Limite supérieure de la plage de charge,Limite supérieure de la plage de charge,Y,
Load Schedule Name,Longitud,Nombre de Programa de Carga,Nom de l'horaire de charge,Nom de l'horaire de charge,Y,
Load Side Inlet Node Name,Caudal de Diseño del Lado de Demanda del Circuito,Nombre del Nodo de Entrada del Lado de Carga,Nom du nœud d'entrée côté charge,Nom du nœud d'entrée côté charge,Y,
Load Side Outlet Node Name,Nodo de Entrada del Lado de Demanda del Circuito,Nombre del Nodo de Salida del Lado de Carga,Nom du nœud de sortie côté charge,Nom du nœud de sortie du côté charge,Y,Y
Load Side Reference Flow Rate,Nodo de Salida del Lado de Demanda del Circuito,Caudal de Referencia del Lado de Carga,Débit de Référence Côté Charge,Débit de Référence Côté Charge,Y,
Loading Index List,Caudal de Diseño del Lado de Suministro del Circuito,Índice de Lista de Carga,Chargement de la liste d'index,Liste d'index de charge,Y,Y
Loads Convergence Tolerance Value,Nodo de Entrada del Lado de Suministro del Bucle,Valor de Tolerancia de Convergencia de Cargas,Valeur de Tolérance de Convergence des Charges,Valeur de Tolérance de Convergence des Charges,Y,
Lockout Type,Tipo de Bloqueo,Tipo de Bloqueo,Type de verrouillage,Type de Verrouillage,,Y
Longitude,Nodo de Salida del Lado de Suministro del Circuito,Longitud,Longitude,Longitude,Y,
Loop Demand Side Design Flow Rate,Nombre del Nodo de Punto de Consigna de Temperatura del Circuito,Caudal de Diseño del Lado de Demanda del Circuito,Débit de conception côté demande de la boucle,Débit de conception côté demande de boucle,Y,Y
Loop Demand Side Inlet Node,Caudal de Flujo de Aire a Baja Velocidad del Ventilador,Nudo de Entrada del Lado de Demanda del Circuito,Nœud d'entrée du côté demande de la boucle,Nœud d'entrée côté demande de la boucle,Y,Y
Loop Demand Side Outlet Node,Factor de Dimensionamiento de la Velocidad de Flujo de Aire a Baja Velocidad del Ventilador,Nodo de Salida del Lado de Demanda del Circuito,Nœud de sortie du côté demande de la boucle,Nœud de sortie côté demande de la boucle,Y,Y
Loop Design Temperature Difference,Diferencia de Temperatura de Diseño del Bucle,Diferencia de Temperatura de Diseño del Lazo,Différence de température de conception de la boucle,Différence de température de conception de la boucle,Y,
Loop Supply Side Design Flow Rate,Potencia del Ventilador a Baja Velocidad,Caudal de Diseño del Lado de Suministro del Circuito,Débit de conception du côté alimentation de la boucle,Débit de Conception du Côté Alimentation de la Boucle,Y,Y
Loop Supply Side Inlet Node,Factor de Dimensionamiento de Potencia del Ventilador a Baja Velocidad,Nodo de Entrada del Lado de Suministro del Circuito,Nœud d'entrée du côté alimentation de la boucle,Nœud d'entrée côté alimentation de la boucle,Y,Y
Loop Supply Side Outlet Node,Factor de Tamaño para Coeficiente U por Área a Baja Velocidad del Ventilador,Nodo de Salida del Lado de Suministro del Circuito,Nœud de sortie du côté alimentation de la boucle,Nœud de sortie côté alimentation de la boucle,Y,Y
Loop Temperature Setpoint Node Name,Valor de Factor U por Área a Velocidad de Ventilador Baja,Nombre del Nodo de Consigna de Temperatura del Circuito,Nom du nœud de consigne de température de la boucle,Nom du nœud de consigne de température de boucle,Y,Y
Loop Type,Tipo de Bucle,Tipo de Circuito,Type de boucle,Type de Boucle,Y,Y
Low Fan Speed Air Flow Rate,Valor de Factor U por Área en Velocidad de Ventilador Baja,Velocidad de Aire Baja - Caudal de Aire,Débit d'air à faible vitesse du ventilateur,Débit d'air à vitesse ventilateur basse,Y,Y
Low Fan Speed Air Flow Rate Sizing Factor,Nombre de Lista de Compresores de Baja Presión,Factor de Dimensionamiento del Caudal de Aire a Velocidad Baja del Ventilador,Facteur de dimensionnement du débit d'air à faible vitesse de ventilateur,Facteur de dimensionnement du débit d'air à vitesse de ventilateur faible,Y,Y
Low Fan Speed Fan Power,Proporción de Humedad de Referencia Baja,Potencia del Ventilador a Velocidad Baja del Ventilador,Puissance du ventilateur à vitesse réduite,Puissance du ventilateur à vitesse basse,Y,Y
Low Fan Speed Fan Power Sizing Factor,Temperatura de Referencia Baja,Factor de Dimensionamiento de Potencia del Ventilador a Baja Velocidad,Facteur de dimensionnement de la puissance du ventilateur à faible vitesse,Facteur de dimensionnement de la puissance du ventilateur à vitesse réduite,Y,Y
Low Fan Speed U-Factor Times Area Sizing Factor,Nombre del Programa de Punto de Consigna Bajo,Factor de Dimensionamiento del Producto UA a Velocidad Baja del Ventilador,Facteur de dimensionnement du facteur U multiplié par la surface à faible vitesse du ventilateur,Facteur de Dimensionnement du Produit Coefficient de Transfert-Surface à Faible Vitesse de Ventilateur,Y,Y
Low Fan Speed U-Factor Times Area Value,Nombre de la Curva de Relación de Entrada de Energía a Baja Velocidad en Función de la Temperatura,Valor de Factor U por Área a Velocidad Baja del Ventilador,Valeur du Facteur U multiplié par la Superficie à Faible Vitesse du Ventilateur,Valeur UA à Vitesse Basse du Ventilateur,Y,Y
Low Fan Speed U-factor Times Area Value,Caudal de Aire del Condensador Evaporativo a Baja Velocidad,Valor de Factor U por Área a Velocidad Baja del Ventilador,Facteur U × Valeur de Surface à Basse Vitesse de Ventilateur,Valeur du coefficient d'échange thermique (UA) à vitesse de ventilateur basse,Y,Y
Low Pressure CompressorList Name,Efectividad del Condensador Evaporativo de Baja Velocidad,Nombre de Lista de Compresores de Baja Presión,Nom de la Liste de Compresseurs Basse Pression,Nom de la liste des compresseurs basse pression,Y,Y
Low Reference Humidity Ratio,Consumo de Potencia Nominal de la Bomba del Condensador Evaporativo de Baja Velocidad,Relación de Humedad de Referencia Baja,Rapport d'humidité de référence faible,Ratio d'humidité bas de référence,Y,Y
Low Reference Temperature,Capacidad Nominal a Velocidad Baja,Temperatura de Referencia Baja,Température de Référence Basse,Température de Référence Basse,Y,
Low Setpoint Schedule Name,Factor de Dimensionamiento de Capacidad Nominal a Baja Velocidad,Nombre de Horario de Setpoint Bajo,Nom de l'agenda de consigne basse,Nom de l'Ordonnance de Consigne Basse,Y,Y
Low Speed Energy Input Ratio Function of Temperature Curve Name,Factor de Dimensionamiento de Capacidad Estándar a Baja Velocidad,Nombre de Curva de Función de Relación de Entrada de Energía a Baja Velocidad en Función de la Temperatura,Nom de la courbe de fonction du rapport d'entrée énergétique à vitesse réduite en fonction de la température,Nom de la courbe de fonction du rapport d'entrée énergétique à vitesse réduite en fonction de la température,Y,
Low Speed Evaporative Condenser Air Flow Rate,Capacidad de Diseño Estándar a Baja Velocidad,Caudal de Aire del Condensador Evaporativo a Velocidad Baja,Débit d'air du condenseur évaporatif à faible vitesse,Débit d'air du condenseur évaporatif à vitesse basse,Y,Y
Low Speed Evaporative Condenser Effectiveness,Relación de Flujo de Aire de Suministro a Baja Velocidad,Efectividad del Condensador Evaporativo a Baja Velocidad,Efficacité du condenseur à évaporation à basse vitesse,Efficacité du condenseur évaporatif à bas régime,Y,Y
Low Speed Evaporative Condenser Pump Rated Power Consumption,Nombre de Curva de Función de Capacidad Total de Enfriamiento a Baja Velocidad en Función de Temperatura,Consumo de Potencia Nominal de la Bomba del Condensador Evaporativo a Velocidad Baja,Consommation Énergétique Nominale de la Pompe du Condenseur Évaporatif à Basse Vitesse,Consommation électrique nominale de la pompe du condenseur évaporatif à vitesse réduite,Y,Y
Low Speed Nominal Capacity,Capacidad de Diseño Especificada por el Usuario a Velocidad Baja,Capacidad Nominal a Baja Velocidad,Capacité nominale à faible vitesse,Capacité nominale en vitesse lente,Y,Y
Low Speed Nominal Capacity Sizing Factor,Factor de Dimensionamiento de Capacidad de Diseño Especificado por el Usuario a Baja Velocidad,Factor de Dimensionamiento de Capacidad Nominal a Baja Velocidad,Facteur de dimensionnement de la capacité nominale à basse vitesse,Facteur de dimensionnement de la capacité nominale à bas régime,Y,Y
Low Speed Standard Capacity Sizing Factor,Nombre de Serpentín de Enfriamiento de Flujo Constante Radiante de Baja Temperatura,Factor de Dimensionamiento de Capacidad Estándar a Baja Velocidad,Facteur de dimensionnement de la capacité à vitesse basse standard,Facteur de dimensionnement de la capacité nominale à basse vitesse,Y,Y
Low Speed Standard Design Capacity,Nombre de la Bobina de Calefacción Radiante de Flujo Constante a Baja Temperatura,Capacidad de Diseño Estándar a Baja Velocidad,Capacité de Conception Standard à Vitesse Réduite,Capacité de Conception Normalisée à Basse Vitesse,Y,Y
Low Speed Supply Air Flow Ratio,Nombre de Bobina de Enfriamiento Radiante a Baja Temperatura de Flujo Variable,Relación de Flujo de Aire de Suministro a Velocidad Baja,Rapport de débit d'air d'alimentation à vitesse réduite,Rapport de débit d'air soufflé à faible vitesse,Y,Y
Low Speed Total Cooling Capacity Function of Temperature Curve Name,Nombre de la Bobina de Calefacción Radiante de Temperatura Baja de Flujo Variable,Nombre de la Curva de Función de Capacidad Total de Enfriamiento a Velocidad Baja en Función de la Temperatura,Nom de la courbe de la fonction de capacité de refroidissement total à basse vitesse en fonction de la température,Nom de la courbe de fonction de capacité de refroidissement total à vitesse basse en fonction de la température,Y,Y
Low Speed User Specified Design Capacity,Diferencia de Baja Temperatura de la Curva de Congelación,Capacidad de Diseño Especificada por Usuario a Velocidad Baja,Capacité de conception spécifiée par l'utilisateur à faible vitesse,Capacité de Conception Spécifiée par l'Utilisateur à Vitesse Réduite,Y,Y
Low Speed User Specified Design Capacity Sizing Factor,Diferencia de Temperatura Baja de la Curva de Fusión,Factor de Dimensionamiento de la Capacidad de Diseño Especificada por el Usuario a Baja Velocidad,Facteur de dimensionnement de la capacité de conception spécifiée par l'utilisateur à basse vitesse,Facteur de dimensionnement de la capacité de conception spécifiée par l'utilisateur à vitesse réduite,Y,Y
Low Temp Radiant Constant Flow Cooling Coil Name,Nombre de la Lista de Mostrador Refrigerado a Baja Temperatura y Cámara Frigorífica,Nombre de Bobina de Enfriamiento de Flujo Constante Radiante de Baja Temperatura,Nom du serpentin de refroidissement à débit constant pour rayonnement basse température,Nom de la Bobine de Refroidissement à Débit Constant pour Rayonnement Basse Température,Y,Y
Low Temp Radiant Constant Flow Heating Coil Name,Nombre de Zona de Tubería de Succión de Baja Temperatura,Nombre de la Bobina de Calefacción de Radiante de Baja Temperatura de Flujo Constante,Nom de la bobine de chauffage à débit constant avec rayonnement basse température,Nom de la Bobine de Chauffage Rayonnant Basse Température à Débit Constant,Y,Y
Low Temp Radiant Variable Flow Cooling Coil Name,Valor Límite Inferior,Nombre de Serpentín de Enfriamiento de Flujo Variable de Radiación de Baja Temperatura,Nom de la serpentine de refroidissement à débit variable pour rayonnement basse température,Nom de la bobine de refroidissement à débit variable de rayonnement basse température,Y,Y
Low Temp Radiant Variable Flow Heating Coil Name,Nombre de Definición de Luminaria,Nombre de la Bobina de Calefacción Radiante a Baja Temperatura con Flujo Variable,Nom de la bobine de chauffage à débit variable pour rayonnement basse température,Nom de la bobine de chauffage à débit variable basse température rayonnant,Y,Y
Low Temperature Difference of Freezing Curve,Nombre del Gestor de Llamadas del Programa Modelo Principal,Diferencia de Temperatura Baja de la Curva de Congelación,Faible différence de température de la courbe de congélation,Différence de température basse de la courbe de congélation,Y,Y
Low Temperature Difference of Melting Curve,Nombre del Programa del Modelo Principal,Diferencia de Temperatura Baja de Curva de Fusión,Différence de température faible de la courbe de fusion,Différence de Température Basse de la Courbe de Fusion,Y,Y
Low Temperature Refrigerated CaseAndWalkInList Name,Conductividad Térmica del Aislamiento de Tubería Principal,Nombre de Lista de Casos Refrigerados y Cuartos Fríos de Baja Temperatura,Nom de la Liste des Vitrines Réfrigérées et Chambres Froides Basse Température,Nom de la liste des vitrines et salles frigorifiques basse température,Y,Y
Low Temperature Suction Piping Zone Name,Espesor de Aislamiento de Tubería Principal,Nombre de Zona de Tubería de Aspiración de Baja Temperatura,Nom de la zone de tuyauterie d'aspiration basse température,Nom de la zone de tuyauterie d'aspiration basse température,Y,
Lower Limit Value,Nombre del Programa de Suministro de Agua de Reposición,Valor Límite Inferior,Valeur de Limite Inférieure,Valeur limite inférieure,Y,Y
Luminaire Definition Name,Temperatura Profunda del Terreno en Marzo,Nombre de Definición de Luminaria,Nom de Définition de Luminaire,Nom de la Définition du Luminaire,Y,Y
Main Model Program Calling Manager Name,Reflectancia del Terreno en Marzo,Nombre del Gestor de Llamadas del Programa Principal del Modelo,Nom du gestionnaire d'appels du programme principal du modèle,Nom du gestionnaire d'appel du programme principal du modèle,Y,Y
Main Model Program Name,Temperatura del Terreno en Marzo,Nombre del Programa Principal del Modelo,Nom du programme du modèle principal,Nom du programme principal du modèle,Y,Y
Main Pipe Insulation Thermal Conductivity,Temperatura del Suelo en la Superficie en Marzo,Conductividad Térmica del Aislamiento de Tubería Principal,Conductivité Thermique de l'Isolation du Tuyau Principal,Conductivité thermique de l'isolation du tuyau principal,Y,Y
Main Pipe Insulation Thickness,Valor de Marzo,Espesor de Aislamiento de Tubería Principal,Épaisseur d'isolation du tuyau principal,Épaisseur de l'isolation du tuyau principal,Y,Y
Make-up Water Supply Schedule Name,Actuador de Caudal Másico,Nombre de Cronograma de Suministro de Agua de Reposición,Nom du programme d'alimentation en eau d'appoint,Nom de l'Emploi du Temps d'Alimentation en Eau de Compensation,Y,Y
March Deep Ground Temperature,Nombre del Material,Temperatura Profunda del Suelo en Marzo,Température Profonde du Sol en Mars,Température du sol profond en mars,Y,Y
March Ground Reflectance,Material Estándar,Reflectancia del Terreno Marzo,Réflectance du sol en mars,Réflectance du sol en mars,Y,
March Ground Temperature,Material Fuente Estándar,Temperatura del Terreno en Marzo,Température du sol en mars,Température du sol en mars,Y,
March Surface Ground Temperature,Diferencia de Temperatura Máxima Permitida,Temperatura del Suelo de la Superficie en Marzo,Température du Sol de Surface en Mars,Température du sol de surface en mars,Y,Y
March Value,Flujo Máximo Accionado,Valor de Marzo,Valeur de mars,Valeur de Mars,Y,Y
Mass Flow Rate Actuator,Probabilidad Máxima Permitida de Deslumbramiento por Luz Natural,Actuador de Caudal Másico,Actionneur de débit massique,Actionneur de débit massique,Y,
Master Thermostat Priority Control Type,Tipo de Control de Prioridad del Termostato Maestro,Tipo de Control de Prioridad del Termostato Principal,Type de contrôle de priorité du thermostat principal,Type de Contrôle de Priorité du Thermostat Principal,Y,Y
Material Name,Índice de Deslumbramiento Incómodo Máximo Permitido,Nombre del Material,Nom du matériau,Nom du matériau,Y,
Material Standard,Temperatura Ambiente Máxima para Operación del Calentador de Cárter,Material Estándar,Matériau Standard,Matériau Standard,Y,
Material Standard Source,Temperatura de Aproximación Máxima,Fuente de Material Estándar,Source Standard du Matériau,Matériau Source Standard,Y,Y
MaxAllowedDelTemp,Nombre de la Curva de Eficiencia Máxima de la Correa,Diferencia de Temperatura Máxima Permitida,MaxAllowedDelTemp,Écart de Température Maximum Autorisé,Y,Y
Maximum Actuated Flow,Factor de Capacidad Máxima,Flujo Máximo Accionado,Débit Actionné Maximum,Débit Actionné Maximum,Y,
Maximum Air Flow Rate,Caudal Máximo de Aire,Caudal de Aire Máximo,Débit d'air maximal,Débit d'air maximum,Y,Y
Maximum Allowable Daylight Glare Probability,Coeficiente de Crecimiento Máximo de Célula,Probabilidad Máxima Permisible de Deslumbramiento por Luz Natural,Probabilité maximale admissible d'éblouissement par la lumière du jour,Probabilité maximale admissible d'éblouissement dû à la lumière du jour,Y,Y
Maximum Allowable Discomfort Glare Index,Caudal Máximo de Agua Enfriada,Índice de Deslumbramiento Máximo Permitido,Indice d'éblouissement inconfortable maximum autorisé,Indice maximal de l'éblouissement inconfortable autorisé,Y,Y
Maximum Ambient Temperature for Crankcase Heater Operation,Flujo Máximo de Agua Fría,Temperatura Ambiente Máxima para Operación del Calentador del Cárter,Température ambiante maximale pour le fonctionnement du réchauffeur de carter,Température Ambiante Maximale pour le Fonctionnement du Réchauffeur de Carter,Y,Y
Maximum Approach Temperature,Caudal Máximo de Agua Fría,Temperatura de Aproximación Máxima,Température d'approche maximale,Température d'Approche Maximale,Y,Y
Maximum Belt Efficiency Curve Name,Caudal Máximo de Aire de Enfriamiento,Nombre de la Curva de Eficiencia Máxima de la Correa,Nom de la courbe de rendement maximal de la courroie,Nom de la courbe d'efficacité maximale de la courroie,Y,Y
Maximum Capacity Factor,Salida Máxima de la Curva,Factor de Capacidad Máxima,Facteur de capacité maximal,Facteur de capacité maximale,Y,Y
Maximum Cell Growth Coefficient,Caudal Máximo de Aire del Amortiguador,Coeficiente Máximo de Crecimiento Celular,Coefficient de croissance cellulaire maximal,Coefficient de Croissance Cellulaire Maximum,Y,Y
Maximum Chilled Water Flow Rate,Diferencia Máxima en Temperaturas Promedio Mensuales del Aire Exterior,Flujo Volumétrico Máximo de Agua Enfriada,Débit maximal d'eau glacée,Débit volumétrique maximal d'eau glacée,Y,Y
Maximum Cold Water Flow,Flujo de Aire Adimensional Máximo del Ventilador,Flujo Máximo de Agua Fría,Débit d'eau froide maximal,Débit maximal d'eau froide,Y,Y
Maximum Cold Water Flow Rate,Temperatura de Bulbo Seco Máxima,Caudal Máximo de Agua Fría,Débit d'eau froide maximal,Débit volumique maximal d'eau froide,Y,Y
Maximum Cooling Air Flow Rate,Temperatura de Bulbo Seco Máxima para Operación del Deshumedecedor,Caudal Máximo de Aire en Refrigeración,Débit d'air maximum de refroidissement,Débit d'Air Maximum en Refroidissement,Y,Y
Maximum Curve Output,Potencia Eléctrica Máxima al Panel,Salida Máxima de la Curva,Sortie Maximale de la Courbe,Sortie Maximale de la Courbe,Y,
Maximum Cycling Rate,Tasa Máxima de Ciclado,Velocidad Máxima de Ciclos,Taux de Cyclage Maximum,Taux de Cyclage Maximal,Y,Y
Maximum Damper Air Flow Rate,Eficiencia Estática Máxima del Ventilador,Velocidad Máxima de Flujo de Aire del Amortiguador,Débit d'air maximal du clapet,Débit d'air maximal du registre,Y,Y
Maximum Difference In Monthly Average Outdoor Air Temperatures,Cifras Máximas en Cálculos de Superposición de Sombras,Diferencia Máxima en las Temperaturas Medias Mensuales del Aire Exterior,Différence Maximale Dans les Températures Moyennes Mensuelles de l'Air Extérieur,Différence Maximale des Températures Moyennes Mensuelles de l'Air Extérieur,Y,Y
Maximum Dimensionless Fan Airflow,Potencia Eléctrica de Salida Máxima a Carga Completa,Flujo de Aire Adimensional Máximo del Ventilador,Débit d'air adimensionnel maximal du ventilateur,Débit volumique adimensionnel maximal du ventilateur,Y,Y
Maximum Dry-Bulb Temperature,Temperatura Máxima de Salida de Recuperación de Calor,Temperatura de Bulbo Seco Máxima,Température de bulbe sec maximale,Température sèche maximale,Y,Y
Maximum Dry-Bulb Temperature for Dehumidifier Operation,Caudal Máximo de Agua de Recuperación de Calor,Temperatura de Bulbo Seco Máxima para Operación del Deshumidificador,Température de Bulbe Sec Maximale pour le Fonctionnement du Déshumidificateur,Température sèche maximale pour le fonctionnement du déshumidificateur,Y,Y
Maximum Electrical Power to Panel,Temperatura Máxima del Agua de Recuperación de Calor,Potencia Eléctrica Máxima al Panel,Puissance électrique maximale vers le panneau,Puissance Électrique Maximale vers le Panneau,Y,Y
Maximum Fan Static Efficiency,Caudal Máximo de Aire de Calefacción,Eficiencia Estática Máxima del Ventilador,Rendement statique maximal du ventilateur,Rendement Statique Maximum du Ventilateur,Y,Y
Maximum Figures in Shadow Overlap Calculations,Capacidad Máxima de Calefacción en Kmol por Segundo,Máximo de Figuras en Cálculos de Superposición de Sombras,Nombre maximal de figures dans les calculs de chevauchement d'ombrage,Nombre Maximum de Figures dans les Calculs de Chevauchement d'Ombres,Y,Y
Maximum Flow Fraction During Reheat,Fracción de Caudal Máximo durante Recalentamiento,Fracción de Flujo Máximo Durante Recalentamiento,Fraction de débit maximale pendant le réchauffage,Fraction de Débit Maximal Pendant la Réchauffage,Y,Y
Maximum Flow per Zone Floor Area During Reheat,Caudal Máximo por Área del Piso durante Recalentamiento,Factor de Flujo Máximo por Área de Piso de Zona Durante Recalentamiento,Débit maximal par zone de surface au sol pendant la relocalisation thermique,Débit Massique Maximum par Unité de Surface de Zone Pendant la Réchauffage,Y,Y
Maximum Flow Rate,Caudal Máximo,Caudal Máximo,Débit maximum,Débit volumique maximal,,Y
Maximum Fraction of Outdoor Air Schedule Name,Nombre del Horario de Fracción Máxima de Aire Exterior,Nombre de Programa de Fracción Máxima de Aire Exterior,Nom de l'agenda de fraction maximale d'air extérieur,Nom du Planning de Fraction Maximale d'Air Extérieur,Y,Y
Maximum Full Load Electrical Power Output,Capacidad Máxima de Calefacción en Watts,Potencia Eléctrica de Salida Máxima a Carga Plena,Puissance électrique maximale en pleine charge,Puissance Électrique de Sortie Maximale à Charge Nominale,Y,Y
Maximum Heat Recovery Outlet Temperature,Relación de Tamaño Máximo entre Capacidad de Calefacción y Capacidad de Refrigeración,Temperatura Máxima de Salida de Recuperación de Calor,Température de sortie maximale de récupération de chaleur,Température maximale de sortie de la récupération de chaleur,Y,Y
Maximum Heat Recovery Water Flow Rate,Relación de Humedad Máxima del Aire de Suministro de Calefacción,Caudal Máximo de Agua de Recuperación de Calor,Débit d'eau maximal de récupération de chaleur,Débit d'eau maximal de récupération de chaleur,Y,
Maximum Heat Recovery Water Temperature,Temperatura Máxima del Aire de Suministro de Calefacción,Temperatura Máxima del Agua de Recuperación de Calor,Température maximale de l'eau de récupération de chaleur,Température Maximale de l'Eau de Récupération de Chaleur,Y,Y
Maximum Heating Air Flow Rate,Flujo Máximo de Agua Caliente,Flujo de Aire Máximo de Calefacción,Débit d'air maximal de chauffage,Débit d'air maximal en chauffage,Y,Y
Maximum Heating Capacity in Kmol per Second,Caudal Máximo de Agua Caliente,Capacidad Máxima de Calefacción en kmol por segundo,Capacité de chauffage maximale en kmol par seconde,Capacité thermique maximale en kmol par seconde,Y,Y
Maximum Heating Capacity in Watts,Iteraciones Máximas de HVAC,Capacidad Máxima de Calentamiento en Watts,Capacité maximale de chauffage en watts,Capacité de chauffage maximale en watts,Y,Y
Maximum Heating Capacity To Cooling Capacity Sizing Ratio,Temperatura Interior Máxima,Relación de Dimensionamiento de Capacidad Máxima de Calefacción a Capacidad de Enfriamiento,Ratio de dimensionnement maximal de la capacité de chauffage à la capacité de refroidissement,Ratio de dimensionnement capacité calorifique maximale sur capacité frigorifique,Y,Y
Maximum Heating Capacity To Cooling Load Sizing Ratio,Relación de Capacidad Máxima de Calefacción a Carga de Enfriamiento,Relación Máxima de Capacidad de Calefacción a Carga de Enfriamiento para Dimensionamiento,Ratio Maximum de Capacité de Chauffage par Rapport au Dimensionnement de la Charge de Refroidissement,Ratio Maximum de Capacité de Chauffage au Dimensionnement de la Charge de Refroidissement,Y,Y
Maximum Heating Supply Air Humidity Ratio,Nombre de Cronograma de Temperatura Interior Máxima,Relación de Humedad Máxima del Aire de Suministro de Calefacción,Rapport d'humidité maximal de l'air soufflé en chauffage,Rapport d'humidité maximal de l'air soufflé en chauffage,Y,
Maximum Heating Supply Air Temperature,Temperatura Máxima del Aire de Entrada para la Operación del Compresor,Temperatura Máxima del Aire de Suministro para Calefacción,Température maximale de l'air de soufflage de chauffage,Température maximale de l'air de soufflage pour chauffage,Y,Y
Maximum Hot Water Flow,Temperatura de Bulbo Húmedo del Aire de Entrada Máxima,Flujo Máximo de Agua Caliente,Débit d'eau chaude maximal,Débit maximal d'eau chaude,Y,Y
Maximum Hot Water Flow Rate,Temperatura Máxima del Agua de Entrada para Recuperación de Calor,Caudal Máximo de Agua Caliente,Débit d'eau chaude maximal,Débit volumétrique d'eau chaude maximal,Y,Y
Maximum Hot Water or Steam Flow Rate,Caudal Máximo de Agua Caliente o Vapor,Caudal Máximo de Agua Caliente o Vapor,Débit maximal d'eau chaude ou de vapeur,Débit volumétrique maximal d'eau chaude ou de vapeur,,Y
Maximum HVAC Iterations,Nombre de Curva de Temperatura Máxima del Agua de Salida,Iteraciones HVAC Máximas,Itérations HVAC maximales,Nombre maximum d'itérations HVAC,Y,Y
Maximum Indoor Temperature,Duración Máxima de la Simulación,Temperatura Interior Máxima,Température Intérieure Maximale,Température intérieure maximale,Y,Y
Maximum Indoor Temperature Schedule Name,Temperatura Setpoint Límite Máximo,Nombre del Programa de Temperatura Interior Máxima,Nom du calendrier de température intérieure maximale,Nom de l'Horaire de Température Intérieure Maximale,Y,Y
Maximum Inlet Air Temperature for Compressor Operation,Relación Máxima de Líquido a Gas,Temperatura Máxima del Aire de Entrada para Operación del Compresor,Température maximale de l'air d'entrée pour le fonctionnement du compresseur,Température d'entrée maximale de l'air pour le fonctionnement du compresseur,Y,Y
Maximum Inlet Air Wet-Bulb Temperature,Actuador de Capacidad Máxima de Carga,Temperatura de Bulbo Húmedo Máxima del Aire de Entrada,Température humide maximale de l'air d'entrée,Température à Bulbe Humide de l'Air d'Entrée Maximale,Y,Y
Maximum Inlet Water Temperature for Heat Reclaim,Actuador de Caudal Másico Máximo,Temperatura Máxima de Agua de Entrada para Recuperación de Calor,Température d'eau d'entrée maximale pour la récupération de chaleur,Température maximale d'entrée d'eau pour la récupération de chaleur,Y,Y
Maximum Leaving Water Temperature Curve Name,Nombre de la Curva de Eficiencia Máxima del Motor,Nombre de Curva de Temperatura Máxima del Agua de Salida,Nom de la courbe de température maximale de l'eau à la sortie,Nom de la courbe de température maximale de l'eau de sortie,Y,Y
Maximum Length of Simulation,Potencia Máxima de Salida del Motor,Duración Máxima de la Simulación,Longueur maximale de la simulation,Durée Maximale de la Simulation,Y,Y
Maximum Limit Setpoint Temperature,Número Máximo de Pasadas de Simulación de Dimensionamiento HVAC,Temperatura de Consigna - Límite Máximo,Température de Consigne de Limite Maximale,Température de Consigne Limite Maximale,Y,Y
Maximum Liquid to Gas Ratio,Número Máximo de Iteraciones,Relación Máxima Líquido a Gas,Rapport maximum liquide-gaz,Rapport Liquide/Gaz Maximal,Y,Y
Maximum Loading Capacity Actuator,Número Máximo de Personas,Actuador de Capacidad de Carga Máxima,Actionneur de Capacité de Charge Maximale,Actionneur de Capacité de Charge Maximale,Y,
Maximum Loop Flow Rate,Caudal Máximo del Bucle,Caudal Máximo del Circuito,Débit de boucle maximal,Débit Maximal de la Boucle,Y,Y
Maximum Loop Temperature,Temperatura Máxima del Bucle,Temperatura Máxima del Circuito,Température maximale de la boucle,Température maximale de la boucle,Y,
Maximum Mass Flow Rate Actuator,Número Máximo de Días de Calentamiento,Actuador de Caudal Másico Máximo,Actionneur de débit massique maximal,Actionneur de Débit Massique Maximum,Y,Y
Maximum Motor Efficiency Curve Name,Número Máximo de Días de Precalentamiento,Nombre de Curva de Eficiencia Máxima del Motor,Nom de la courbe de rendement moteur maximal,Nom de la courbe de rendement maximal du moteur,Y,Y
Maximum Motor Output Power,Punto de Funcionamiento Máximo,Potencia Máxima de Salida del Motor,Puissance de sortie moteur maximale,Puissance de Sortie Moteur Maximale,Y,Y
Maximum Number of HVAC Sizing Simulation Passes,Presión Máxima de Operación,Número Máximo de Pasadas de Simulación de Dimensionamiento de HVAC,Nombre maximum de passages de simulation de dimensionnement HVAC,Nombre Maximum de Passes de Simulation de Dimensionnement HVAC,Y,Y
Maximum Number of Iterations,Límite Máximo de Temperatura del Otro Lado,Número Máximo de Iteraciones,Nombre maximum d'itérations,Nombre Maximum d'Itérations,Y,Y
Maximum Number of People,Nombre de Cronograma de Fracción Máxima de Aire Exterior o Temperatura,Número Máximo de Personas,Nombre maximal de personnes,Nombre Maximum de Personnes,Y,Y
Maximum Number of Warmup Days,Temperatura Máxima de Aire Exterior,Número Máximo de Días de Calentamiento,Nombre maximum de jours de préchauffage,Nombre Maximum de Jours de Préchauffage,Y,Y
Maximum Number Warmup Days,Temperatura Máxima del Aire Exterior en Modo de Enfriamiento,Número Máximo de Días de Precalentamiento,Nombre maximal de jours de préchauffage,Nombre Maximum de Jours de Préchauffage,Y,Y
Maximum Operating Point,Temperatura Máxima del Aire Exterior en Modo Solo Enfriamiento,Punto de Operación Máximo,Point de Fonctionnement Maximal,Point de fonctionnement maximal,Y,Y
Maximum Operating Pressure,Temperatura Máxima del Aire Exterior en Modo Calefacción,Presión Operativa Máxima,Pression de fonctionnement maximale,Pression de Fonctionnement Maximale,Y,Y
Maximum Other Side Temperature Limit,Temperatura Máxima del Aire Exterior en Modo Solo Calefacción,Límite de Temperatura Máxima del Otro Lado,Limite de Température Maximale de l'Autre Côté,Limite Maximale de Température de l'Autre Côté,Y,Y
Maximum Outdoor Air Flow Rate,Caudal Máximo de Aire Exterior,Caudal Máximo de Aire Exterior,Débit d'air extérieur maximal,Débit d'air extérieur maximal,,
Maximum Outdoor Air Fraction or Temperature Schedule Name,Punto de Rocío Exterior Máximo,Nombre de Programación de Fracción Máxima de Aire Exterior o Temperatura,Nom du programme de fraction d'air extérieur maximal ou de température,Nom de l'agenda de fraction maximale d'air extérieur ou de température,Y,Y
Maximum Outdoor Air Temperature,Temperatura Máxima de Bulbo Seco Exterior para Operación de Descongelación,Temperatura Máxima del Aire Exterior,Température Extérieure Maximale,Température Extérieure Maximale,Y,
Maximum Outdoor Air Temperature in Cooling Mode,Temperatura Máxima de Bulbo Seco Exterior para Calentador de Cárter,Temperatura Máxima del Aire Exterior en Modo Enfriamiento,Température extérieure maximale en mode refroidissement,Température Extérieure Maximale en Mode Refroidissement,Y,Y
Maximum Outdoor Air Temperature in Cooling Only Mode,Temperatura Máxima de Bulbo Seco Exterior para Calentador de Cárter,Temperatura Máxima del Aire Exterior en Modo Solo Enfriamiento,Température extérieure maximale en mode refroidissement uniquement,Température Extérieure Maximale en Mode Refroidissement Seul,Y,Y
Maximum Outdoor Air Temperature in Heating Mode,Temperatura Máxima de Bulbo Seco Exterior para Operación de Descongelación,Temperatura Máxima del Aire Exterior en Modo Calefacción,Température extérieure maximale en mode chauffage,Température Extérieure Maximale en Mode Chauffage,Y,Y
Maximum Outdoor Air Temperature in Heating Only Mode,Temperatura Exterior Máxima de Bulbo Seco para Operación del Calentador Suplementario,Temperatura Máxima del Aire Exterior en Modo Solo Calefacción,Température extérieure maximale en mode chauffage seul,Température Extérieure Maximale en Mode Chauffage Uniquement,Y,Y
Maximum Outdoor Dewpoint,Entalpía Exterior Máxima,Punto de Rocío Exterior Máximo,Température de rosée extérieure maximale,Température de rosée extérieure maximale,Y,
Maximum Outdoor Dry Bulb Temperature For Defrost Operation,Temperatura Exterior Máxima,Temperatura Máxima de Bulbo Seco Exterior Para Operación de Descongelación,Température de Bulbe Sec Extérieure Maximale pour le Fonctionnement du Dégivrage,Température Sèche Extérieure Maximale Pour Fonctionnement de Dégivrage,Y,Y
Maximum Outdoor Dry-bulb Temperature for Crankcase Heater,Temperatura Exterior Máxima en Modo de Recuperación de Calor,Temperatura Exterior Máxima de Bulbo Seco para Calentador del Cárter,Température de bulbe sec extérieure maximale pour le réchauffeur de carter,Température sèche extérieure maximale pour le réchauffeur de carter,Y,Y
Maximum Outdoor Dry-Bulb Temperature for Crankcase Heater,Nombre del Programa de Temperatura Exterior Máxima,Temperatura Máxima de Bulbo Seco Exterior para Calentador de Cárter,Température sèche extérieure maximale pour le réchauffeur de carter,Température Sèche Extérieure Maximale pour Réchauffeur de Carter,Y,Y
Maximum Outdoor Dry-Bulb Temperature for Crankcase Heater Operation,Temperatura Máxima Bulbo Seco Exterior para Operación del Calentador del Cárter,Temperatura Máxima de Bulbo Seco Exterior para Operación del Calentador del Cárter,Température maximale de l'air extérieur (bulbe sec) pour le fonctionnement du réchauffeur de carter,Température Sèche Extérieure Maximale pour le Fonctionnement du Réchauffeur de Carter,Y,Y
Maximum Outdoor Dry-Bulb Temperature for Defrost Operation,Temperatura Máxima Exterior para Operación de Desescarche,Temperatura Máxima Exterior de Bulbo Seco para Operación de Descongelación,Température sèche extérieure maximale pour le fonctionnement du dégivrage,Température sèche extérieure maximale pour le fonctionnement du dégivrage,Y,
Maximum Outdoor Dry-bulb Temperature for Defrost Operation,Temperatura Máxima del Aire de Salida Durante Operación de Calefacción,Temperatura Exterior Máxima de Bulbo Seco para Operación de Descongelamiento,Température de bulbe sec extérieure maximale pour le fonctionnement du dégivrage,Température Extérieure Sèche Maximale pour le Dégivrage,Y,Y
Maximum Outdoor Dry-Bulb Temperature for Supplemental Heater Operation,Salida Máxima,Temperatura Exterior Máxima de Bulbo Seco para Operación del Calefactor Suplementario,Température sèche extérieure maximale pour le fonctionnement du chauffage d'appoint,Température extérieure sèche maximale pour le fonctionnement du chauffage supplémentaire,Y,Y
Maximum Outdoor Enthalpy,Iteraciones Máximas de la Planta,Entalpía Exterior Máxima,Enthalpie Extérieure Maximale,Enthalpie Extérieure Maximale,Y,
Maximum Outdoor Temperature,Coeficiente de Potencia Máximo,Temperatura Exterior Máxima,Température Extérieure Maximale,Température Extérieure Maximale,Y,
Maximum Outdoor Temperature in Cooling Mode,Temperatura Máxima Exterior en Modo Enfriamiento,Temperatura Exterior Máxima en Modo Enfriamiento,Température extérieure maximale en mode refroidissement,Température Extérieure Maximale en Mode Refroidissement,Y,Y
Maximum Outdoor Temperature in Heat Recovery Mode,Potencia Máxima para Carga,Temperatura Exterior Máxima en Modo Recuperación de Calor,Température extérieure maximale en mode récupération de chaleur,Température extérieure maximale en mode récupération de chaleur,Y,
Maximum Outdoor Temperature in Heating Mode,Temperatura Máxima Exterior en Modo Calefacción,Temperatura Exterior Máxima en Modo Calefacción,Température extérieure maximale en mode chauffage,Température Extérieure Maximale en Mode Chauffage,Y,Y
Maximum Outdoor Temperature Schedule Name,Potencia Máxima de Descarga,Nombre de la Programación de Temperatura Exterior Máxima,Nom de l'horaire de température extérieure maximale,Nom de la plage horaire de température extérieure maximale,Y,Y
Maximum Outlet Air Temperature During Heating Operation,Entrada de Potencia Máxima,Temperatura Máxima de Aire de Salida Durante Operación de Calefacción,Température maximale de l'air à la sortie pendant le mode de chauffage,Température de sortie d'air maximale pendant le chauffage,Y,Y
Maximum Output,Umbral de Porcentaje Máximo Predicho de Insatisfechos,Salida Máxima,Sortie maximale,Sortie Maximum,Y,Y
Maximum Part Load Ratio,Relación de Carga Parcial Máxima,Relación de Carga Parcial Máxima,Rapport de charge partielle maximal,Rapport de Charge Partielle Maximum,,Y
Maximum Plant Iterations,Cronograma de Presión Máxima,Iteraciones Máximas de Plant,Maximum des itérations de la centrale,Itérations maximales de la boucle primaire,Y,Y
Maximum Power Coefficient,Flujo Máximo de Aire Primario,Coeficiente de Potencia Máxima,Coefficient de Puissance Maximum,Coefficient de Puissance Maximal,Y,Y
Maximum Power for Charging,Relación de Humedad Máxima del Aire de Entrada del Proceso para la Ecuación de Relación de Humedad,Potencia Máxima para Carga,Puissance maximale de charge,Puissance Maximale de Charge,Y,Y
Maximum Power for Discharging,Relación de Humedad Máxima del Aire de Entrada del Proceso para la Ecuación de Temperatura,Potencia Máxima de Descarga,Puissance maximale pour la décharge,Puissance maximale de décharge,Y,Y
Maximum Power Input,Humedad Relativa Máxima del Aire de Entrada del Proceso para la Ecuación de Relación de Humedad,Potencia de Entrada Máxima,Puissance d'entrée maximale,Puissance d'Entrée Maximale,Y,Y
Maximum Predicted Percentage of Dissatisfied Threshold,Humedad Relativa Máxima del Aire de Entrada del Proceso para la Ecuación de Temperatura,Umbral Máximo de Porcentaje Predicho de Insatisfechos,Seuil du pourcentage maximal de personnes insatisfaites prédites,Seuil de Pourcentage Maximal de Personnes Insatisfaites,Y,Y
Maximum Pressure Schedule,Temperatura Máxima del Aire de Entrada del Proceso para la Ecuación de Relación de Humedad,Programación de Presión Máxima,Calendrier de Pression Maximale,Calendrier de Pression Maximale,Y,
Maximum Primary Air Flow Rate,Temperatura Máxima del Aire de Entrada del Proceso para la Ecuación de Temperatura,Caudal Máximo de Aire Primario,Débit d'air primaire maximal,Débit d'air primaire maximal,Y,
Maximum Process Inlet Air Humidity Ratio for Humidity Ratio Equation,Temperatura de Rango Máximo,Relación de Humedad Máxima del Aire de Entrada al Proceso para la Ecuación de Relación de Humedad,Ratio d'humidité maximale de l'air d'entrée du procédé pour l'équation du ratio d'humidité,Rapport d'humidité maximal de l'air d'entrée du procédé pour l'équation du rapport d'humidité,Y,Y
Maximum Process Inlet Air Humidity Ratio for Temperature Equation,Nombre del Programa de Temperatura Máxima de Recepción,Relación de Humedad Máxima del Aire de Entrada del Proceso para Ecuación de Temperatura,Rapport d'humidité maximale de l'air d'entrée du procédé pour l'équation de température,Rapport d'humidité maximal de l'air d'entrée du processus pour l'équation de température,Y,Y
Maximum Process Inlet Air Relative Humidity for Humidity Ratio Equation,Velocidad Máxima del Aire de Regeneración para la Ecuación de Relación de Humedad,Humedad Relativa Máxima del Aire de Entrada del Proceso para la Ecuación de Relación de Humedad,Humidité relative maximale de l'air à l'entrée du procédé pour l'équation du rapport d'humidité,Humidité relative maximale de l'air d'entrée du processus pour l'équation du rapport d'humidité,Y,Y
Maximum Process Inlet Air Relative Humidity for Temperature Equation,Velocidad Máxima del Aire de Regeneración para la Ecuación de Temperatura,Humedad Relativa Máxima del Aire de Entrada del Proceso para la Ecuación de Temperatura,Humidité Relative Maximale de l'Air à l'Entrée du Procédé pour l'Équation de Température,Humidité Relative Maximale de l'Air Entrant du Processus pour l'Équation de Température,Y,Y
Maximum Process Inlet Air Temperature for Humidity Ratio Equation,Relación de Humedad Máxima del Aire de Entrada de Regeneración para la Ecuación de Relación de Humedad,Temperatura Máxima del Aire de Entrada del Proceso para la Ecuación de Relación de Humedad,Température maximale d'entrée de l'air du processus pour l'équation du ratio d'humidité,Température Maximale de l'Air à l'Entrée du Processus pour l'Équation du Ratio d'Humidité,Y,Y
Maximum Process Inlet Air Temperature for Temperature Equation,Relación de Humedad del Aire de Entrada de Regeneración Máxima para Ecuación de Temperatura,Temperatura Máxima del Aire de Entrada de Proceso para Ecuación de Temperatura,Température maximale de l'air d'entrée du processus pour l'équation de température,Température maximale d'entrée du flux de procédé pour l'équation de température,Y,Y
Maximum Range Temperature,Humedad Relativa Máxima del Aire de Entrada de Regeneración para la Ecuación de Razón de Humedad,Temperatura de Rango Máxima,Température de Plage Maximale,Température d'écart maximal,Y,Y
Maximum Receiving Temperature Schedule Name,Humedad Relativa Máxima del Aire de Entrada de Regeneración para Ecuación de Temperatura,Nombre de Programa de Temperatura Máxima de Recepción,Nom du calendrier de température maximale de réception,Nom de la Planification de Température de Réception Maximale,Y,Y
Maximum Regeneration Air Velocity for Humidity Ratio Equation,Temperatura Máxima del Aire de Entrada de Regeneración para Ecuación de Relación de Humedad,Velocidad Máxima de Aire de Regeneración para Ecuación de Razón de Humedad,Vitesse maximale de l'air de régénération pour l'équation du rapport d'humidité,Vitesse maximale de l'air de régénération pour l'équation du ratio d'humidité,Y,Y
Maximum Regeneration Air Velocity for Temperature Equation,Temperatura Máxima del Aire de Entrada de Regeneración para Ecuación de Temperatura,Velocidad Máxima de Aire de Regeneración para Ecuación de Temperatura,Vitesse maximale de l'air de régénération pour l'équation de température,Vitesse maximale de l'air de régénération pour l'équation de température,Y,
Maximum Regeneration Inlet Air Humidity Ratio for Humidity Ratio Equation,Relación de Humedad Máxima del Aire de Salida de Regeneración para la Ecuación de Relación de Humedad,Relación de Humedad Máxima del Aire de Entrada de Regeneración para la Ecuación de Relación de Humedad,Taux d'humidité maximal de l'air à l'entrée de régénération pour l'équation du taux d'humidité,Rapport d'humidité maximal de l'air d'entrée de régénération pour l'équation du rapport d'humidité,Y,Y
Maximum Regeneration Inlet Air Humidity Ratio for Temperature Equation,Temperatura Máxima de Salida del Aire de Regeneración para Ecuación de Temperatura,Relación Máxima de Humedad del Aire de Entrada de Regeneración para la Ecuación de Temperatura,Rapport d'humidité maximal de l'air à l'entrée de régénération pour l'équation de température,Rapport d'humidité maximal de l'air d'entrée de régénération pour l'équation de température,Y,Y
Maximum Regeneration Inlet Air Relative Humidity for Humidity Ratio Equation,Programa de RPM Máximo,Humedad Relativa Máxima del Aire de Entrada de Regeneración para Ecuación de Razón de Humedad,Humidité relative maximale de l'air d'entrée de régénération pour l'équation du ratio d'humidité,Humidité Relative Maximale de l'Air d'Entrée de Régénération pour l'Équation du Rapport d'Humidité,Y,Y
Maximum Regeneration Inlet Air Relative Humidity for Temperature Equation,Tiempo de Funcionamiento Máximo Antes de Permitir el Uso de Calor de Resistencia Eléctrica Durante Modo SHDWH,Humedad Relativa Máxima del Aire de Entrada de Regeneración para Ecuación de Temperatura,Humidité Relative Maximale de l'Air d'Entrée de Régénération pour l'Équation de Température,Humidité Relative Maximale de l'Air d'Entrée de Régénération pour l'Équation de Température,Y,
Maximum Regeneration Inlet Air Temperature for Humidity Ratio Equation,Caudal Máximo de Aire Secundario,Temperatura Máxima de Entrada de Aire de Regeneración para la Ecuación de Relación de Humedad,Température maximale de l'air d'entrée de régénération pour l'équation du rapport d'humidité,Température maximale de l'air d'entrée de régénération pour l'équation du rapport d'humidité,Y,
Maximum Regeneration Inlet Air Temperature for Temperature Equation,Capacidad Máxima de Calefacción Sensible,Temperatura Máxima de Entrada del Aire de Regeneración para Ecuación de Temperatura,Température maximale d'entrée d'air de régénération pour l'équation de température,Température d'entrée de régénération maximale pour l'équation de température,Y,Y
Maximum Regeneration Outlet Air Humidity Ratio for Humidity Ratio Equation,Relación de Humedad del Punto de Consigna Máximo,Relación de Humedad Máxima del Aire de Salida de Regeneración para la Ecuación de Relación de Humedad,Rapport d'humidité maximal de l'air de sortie de régénération pour l'équation du rapport d'humidité,Rapport d'humidité maximal de l'air de sortie de régénération pour l'équation du rapport d'humidité,Y,
Maximum Regeneration Outlet Air Temperature for Temperature Equation,Ángulo Máximo de la Lámina,Temperatura Máxima de Salida de Aire de Regeneración para Ecuación de Temperatura,Température maximale de sortie d'air de régénération pour l'équation de température,Température maximale de sortie de l'air de régénération pour l'équation de température,Y,Y
Maximum Reheat Air Temperature,Temperatura Máxima del Aire de Recalentamiento,Temperatura Máxima del Aire de Recalentamiento,Température maximale de l'air de réchauffage,Température maximale de l'air de réchauffage,,
Maximum RPM Schedule,Temperatura Máxima de Entrada de Fuente,Calendario de RPM Máximo,Calendrier RPM maximal,Calendrier RPM Maximum,Y,Y
Maximum Running Time Before Allowing Electric Resistance Heat Use During SHDWH Mode,Nombre del Horario de Temperatura Máxima de la Fuente,Tiempo de Funcionamiento Máximo Antes de Permitir Uso de Resistencia Eléctrica Durante Modo SHDWH,Temps d'exécution maximal avant de permettre l'utilisation de la résistance électrique pendant le mode SHDWH,Durée maximale de fonctionnement avant autorisation du chauffage électrique en mode SHDWH,Y,Y
Maximum Secondary Air Flow Rate,Capacidad Máxima de Almacenamiento,Caudal Máximo de Aire Secundario,Débit d'air secondaire maximal,Débit d'air secondaire maximal,Y,
Maximum Sensible Heating Capacity,Fracción Máxima de Estado de Carga de Almacenamiento,Capacidad Máxima de Calefacción Sensible,Capacité maximale de chauffage sensible,Capacité maximale de chauffage sensible,Y,
Maximum Setpoint Humidity Ratio,Caudal Máximo de Aire de Suministro,Relación de Humedad Máxima del Punto de Consigna,Rapport d'humidité de consigne maximale,Rapport d'humidité maximal du point de consigne,Y,Y
Maximum Setpoint Temperature,Temperatura Máxima del Punto de Ajuste,Temperatura Máxima del Punto de Consigna,Température de consigne maximale,Température de Consigne Maximale,Y,Y
Maximum Slat Angle,Temperatura Máxima del Aire de Suministro del Calentador Complementario,Ángulo Máximo de Lámina,Angle de latte maximum,Angle de lame maximal,Y,Y
Maximum Source Inlet Temperature,Temperatura Máxima del Aire de Suministro en Modo de Calefacción,Temperatura Máxima de Entrada de la Fuente,Température d'entrée source maximale,Température maximale d'entrée source,Y,Y
Maximum Source Temperature Schedule Name,Nombre de la Curva de Temperatura Máxima del Agua de Suministro,Nombre de la Schedule de Temperatura Máxima de la Zona Fuente,Nom du calendrier de température source maximale,Nom de la Planification Température Source Maximale,Y,Y
Maximum Storage Capacity,Valor Máximo del Coeficiente de Transferencia de Calor por Convección en Superficie,Capacidad Máxima de Almacenamiento,Capacité de Stockage Maximale,Capacité de stockage maximale,Y,Y
Maximum Storage State of Charge Fraction,Salida Máxima de Tabla,Fracción Máxima de Carga del Estado de Almacenamiento,Fraction maximale d'état de charge du stockage,Fraction d'État de Charge du Stockage Maximale,Y,Y
Maximum Supply Air Flow Rate,Diferencia de Temperatura Máxima entre el Aire de Entrada y la Temperatura de Evaporación,Caudal Máximo de Aire de Suministro,Débit d'air soufflé maximal,Débit d'air soufflé maximal,Y,
Maximum Supply Air Temperature,Temperatura Máxima del Aire de Suministro,Temperatura Máxima del Aire de Suministro,Température maximale de l'air soufflé,Température maximale de l'air soufflé,,
Maximum Supply Air Temperature from Supplemental Heater,Temperatura Máxima para Recuperación de Calor,Temperatura Máxima del Aire de Suministro del Calefactor Suplementario,Température maximale de l'air soufflé en provenance du chauffage d'appoint,Température Maximale de l'Air Pulsé du Chauffage Supplémentaire,Y,Y
Maximum Supply Air Temperature in Heating Mode,Caudal de Aire Máximo en Terminal,Temperatura Máxima del Aire de Suministro en Modo de Calentamiento,Température maximale de l'air soufflé en mode chauffage,Température maximale de l'air soufflé en mode chauffage,Y,
Maximum Supply Water Temperature Curve Name,Relación de Velocidad Periférica Máxima,Nombre de Curva de Temperatura Máxima del Agua de Suministro,Nom de la courbe de température maximale de l'eau de distribution,Nom de la courbe de température maximale de l'eau de distribution,Y,
Maximum Surface Convection Heat Transfer Coefficient Value,Velocidad Máxima Total de Flujo de Aire,Valor Máximo del Coeficiente de Transferencia de Calor por Convección en Superficie,Valeur du coefficient maximum de transfert de chaleur par convection de surface,Valeur Maximale du Coefficient de Transfert Thermique par Convection Superficielle,Y,Y
Maximum Table Output,Caudal Volumétrico Máximo Total de Agua Enfriada,Salida Máxima de Tabla,Sortie Tableau Maximale,Résultat Maximum du Tableau,Y,Y
Maximum Temperature Difference Between Inlet Air and Evaporating Temperature,Capacidad Máxima Total de Enfriamiento,Diferencia de Temperatura Máxima Entre Aire de Entrada y Temperatura de Evaporación,Différence de température maximale entre l'air d'admission et la température d'évaporation,Différence de Température Maximale entre l'Air d'Entrée et la Température d'Évaporation,Y,Y
Maximum Temperature for Heat Recovery,Valor Máximo,Temperatura Máxima para Recuperación de Calor,Température maximale pour la récupération de chaleur,Température Maximale pour Récupération de Chaleur,Y,Y
Maximum Temperature Limit,Límite Máximo de Temperatura,Límite de Temperatura Máxima,Limite de température maximale,Limite Maximale de Température,Y,Y
Maximum Terminal Air Flow Rate,Valor Máximo para Tiempo de Inicio Óptimo,Caudal de Aire Máximo en Terminal,Débit d'air maximal au terminal,Débit d'air maximal au terminal,Y,
Maximum Tip Speed Ratio,Valor Máximo de Psm,Relación de Velocidad Máxima en la Punta,Rapport de vitesse en bout maximum,Rapport de Vitesse d'Extrémité Maximum,Y,Y
Maximum Total Air Flow Rate,Valor Máximo de Qfan,Caudal de Aire Total Máximo,Débit d'air total maximal,Débit d'air total maximal,Y,
Maximum Total Chilled Water Volumetric Flow Rate,Valor Máximo de v,Flujo Volumétrico Máximo de Agua Enfriada Total,Débit volumétrique maximal total d'eau glacée,Débit volumétrique maximal d'eau glacée,Y,Y
Maximum Total Cooling Capacity,Valor Máximo de w,Capacidad Máxima de Enfriamiento Total,Capacité de Refroidissement Totale Maximale,Capacité de Refroidissement Totale Maximale,Y,
Maximum Value,Valor Máximo de x,Valor Máximo,Valeur maximale,Valeur maximale,Y,
Maximum Value for Optimum Start Time,Valor Máximo de X1,Valor Máximo para Hora de Inicio Óptimo,Valeur maximale pour le temps de démarrage optimal,Valeur Maximale de l'Heure de Démarrage Optimum,Y,Y
Maximum Value of Psm,Valor Máximo de X2,Valor Máximo de Psm,Valeur maximale de Psm,Valeur Maximale de Psm,Y,Y
Maximum Value of Qfan,Valor Máximo de X3,Valor Máximo de Qfan,Valeur maximale de Qfan,Valeur Maximale de Qfan,Y,Y
Maximum Value of v,Valor Máximo de X4,Valor Máximo de v,Valeur maximale de v,Valeur Maximale de v,Y,Y
Maximum Value of w,Valor Máximo de X5,Valor Máximo de w,Valeur maximale de w,Valeur maximale de w,Y,
Maximum Value of x,Valor máximo de y,Valor Máximo de x,Valeur maximale de x,Valeur maximale de x,Y,
Maximum Value of X1,Valor Máximo de z,Valor Máximo de X1,Valeur maximale de X1,Valeur Maximale de X1,Y,Y
Maximum Value of X2,Potencia Máxima de Salida del VFD,Valor Máximo de X2,Valeur maximale de X2,Valeur maximale de X2,Y,
Maximum Value of X3,Relación Máxima de Caudal de Agua,Valor Máximo de X3,Valeur maximale de X3,Valeur maximale de X3,Y,
Maximum Value of X4,Volumen Máximo de Flujo de Agua Antes de Cambiar del Modo SCDWH al Modo SCWH,Valor Máximo de X4,Valeur maximale de X4,Valeur maximale de X4,Y,
Maximum Value of X5,Velocidad Máxima del Viento,Valor Máximo de X5,Valeur maximale de X5,Valeur maximale de X5,Y,
Maximum Value of y,Diferencia Máxima de Temperatura de Zona,Valor Máximo de y,Valeur maximale de y,Valeur Maximale de y,Y,Y
Maximum Value of z,Temperatura Profunda del Terreno en Mayo,Valor Máximo de z,Valeur maximale de z,Valeur Maximale de z,Y,Y
Maximum VFD Output Power,Reflectancia del Terreno en Mayo,Potencia de Salida Máxima del VFD,Puissance de sortie VFD maximale,Puissance de Sortie VFD Maximale,Y,Y
Maximum Water Flow Rate,Caudal Máximo de Agua,Flujo Másico de Agua Máximo,Débit d'eau maximal,Débit d'eau maximal,Y,
Maximum Water Flow Rate Ratio,Temperatura del Terreno en Mayo,Relación Máxima de Flujo de Agua,Rapport de Débit d'Eau Maximal,Ratio Maximum de Débit d'Eau,Y,Y
Maximum Water Flow Volume Before Switching From SCDWH To SCWH Mode,Temperatura de Superficie de Suelo de Mayo,Volumen Máximo de Flujo de Agua Antes de Cambiar de Modo SCDWH a SCWH,Volume Maximum d'Eau Avant Passage du Mode SCDWH au Mode SCWH,Volume d'eau maximal avant commutation du mode SCDWH au mode SCWH,Y,Y
Maximum Wind Speed,Valor de Mayo,Velocidad del Viento Máxima,Vitesse du vent maximale,Vitesse du Vent Maximale,Y,Y
MaxZoneTempDiff,Nombre del Subenfriador Mecánico,Diferencia Máxima de Temperatura de Zona,MaxZoneTempDiff,Différence Max Temp Zone,Y,Y
May Deep Ground Temperature,Relación de Flujo de Aire de Suministro a Velocidad Media,Temperatura Profunda del Suelo en Mayo,Température profonde du sol en mai,Température Souterraine Profonde en Mai,Y,Y
May Ground Reflectance,Nombre de Lista de Vitrinas Refrigeradas y Cámaras de Temperatura Media,Reflectancia del Terreno en Mayo,Réflectance du sol en mai,Réflectance du sol en mai,Y,
May Ground Temperature,Nombre de Zona de Tuberías de Succión de Temperatura Media,Temperatura del Terreno en Mayo,Température du sol en mai,Température du sol en mai,Y,
May Surface Ground Temperature,Categoría de Uso Final del Medidor,Temperatura del Terreno en Superficie en Mayo,Température du sol en surface en mai,Température du sol en surface en mai,Y,
May Value,Archivo de medidor solamente,Valor de Mayo,Valeur de mai,Valeur de mai,Y,
Mean Radiant Temperature Calculation Type,Tipo de Cálculo de Temperatura Media Radiante,Tipo de Cálculo de Temperatura Media Radiante,Type de calcul de température moyenne de rayonnement,Type de calcul de la température radiante moyenne,,Y
Mechanical Subcooler Name,Ubicación de Instalación del Medidor,Nombre del Subenfriador Mecánico,Nom du sous-refroidisseur mécanique,Nom du Sous-refroidisseur Mécanique,Y,Y
Medium Speed Supply Air Flow Ratio,Nombre del Medidor,Relación de Flujo de Aire de Suministro a Velocidad Media,Ratio de débit d'air fourni à vitesse moyenne,Rapport de Débit d'Air Soufflé à Vitesse Moyenne,Y,Y
Medium Temperature Refrigerated CaseAndWalkInList Name,Uso Final Específico del Medidor,Nombre de Lista de Caso Refrigerado y Cámara de Temperatura Media,Nom de la liste Étagère réfrigérée et Chambre froide à température moyenne,Nom de liste de Cas réfrigérés et chambres froides à température moyenne,Y,Y
Medium Temperature Suction Piping Zone Name,Ubicación Específica de Instalación del Medidor,Nombre de Zona de Tuberías de Succión a Temperatura Media,Nom de la zone du tuyautage d'aspiration à température moyenne,Nom de la Zone de Tuyauterie d'Aspiration Température Moyenne,Y,Y
Meter End Use Category,Efectividad del Intercambiador de Calor Método 1,Categoría de Uso Final del Medidor,Catégorie d'utilisation finale du compteur,Catégorie d'utilisation finale du compteur,Y,
Meter File Only,Parámetro hxs0 del Método 2,Archivo de Medidor Solamente,Fichier de compteur uniquement,Fichier de compteurs uniquement,Y,Y
Meter Install Location,Parámetro hxs1 del Método 2,Ubicación de Instalación del Medidor,Localisation d'installation du compteur,Emplacement d'installation du compteur,Y,Y
Meter Name,Parámetro hxs2 del Método 2,Nombre del Medidor,Nom du compteur,Nom du compteur,Y,
Meter Specific End Use,Parámetro hxs3 del Método 2,Uso Final Específico del Medidor,Consommation finale spécifique du compteur,Consommation finale spécifique du compteur,Y,
Meter Specific Install Location,Parámetro hxs4 Método 2,Ubicación Específica de Instalación del Medidor,Emplacement d'installation spécifique du compteur,Emplacement Spécifique du Compteur,Y,Y
Method 1 Heat Exchanger Effectiveness,Factor de Ajuste Método 3 F,Efectividad del Intercambiador de Calor Método 1,Efficacité de l'échangeur thermique - Méthode 1,Efficacité de l'Échangeur de Chaleur Méthode 1,Y,Y
Method 2 Parameter hxs0,Método 3 Área de Gas,Parámetro de Método 2 hxs0,Paramètre Méthode 2 hxs0,Paramètre Méthode 2 hxs0,Y,
Method 2 Parameter hxs1,Coeficiente de Agua h0 Método 3,Parámetro Método 2 hxs1,Paramètre Méthode 2 hxs1,Paramètre Méthode 2 hxs1,Y,
Method 2 Parameter hxs2,Coeficiente h0 Gas Método 3,Parámetro Método 2 hxs2,Paramètre de Méthode 2 hxs2,Paramètre Méthode 2 hxs2,Y,Y
Method 2 Parameter hxs3,Coeficiente de Método 3 m,Parámetro Método 2 hxs3,Méthode 2 Paramètre hxs3,Paramètre de la Méthode 2 hxs3,Y,Y
Method 2 Parameter hxs4,Coeficiente n del Método 3,Parámetro Método 2 hxs4,Paramètre Method 2 hxs4,Paramètre de Méthode 2 hxs4,Y,Y
Method 3 F Adjustment Factor,Método 3 Coeficiente N punto Agua ref,Factor de Ajuste Método 3 F,Facteur d'ajustement Méthode 3 F,Facteur d'Ajustement Méthode 3 F,Y,Y
Method 3 Gas Area,Coeficiente Ndot de Gas de Referencia del Método 3,Área de Gas Método 3,Méthode 3 Zone Gaz,Méthode 3 – Superficie gaz,Y,Y
Method 3 h0 Water Coefficient,Método 3 Área de Agua,Coeficiente de Agua h0 Método 3,Coefficient h0 Eau Méthode 3,Coefficient h0 Eau Méthode 3,Y,
Method 3 h0Gas Coefficient,Umbral de Condensación Método 4,Coeficiente h0 Gas Método 3,Coefficient h0Gaz Méthode 3,Coefficient h0 Gaz Méthode 3,Y,Y
Method 3 m Coefficient,Coeficiente Método 4 hxl1,Coeficiente del Método 3 m,Coefficient de la méthode 3 m,Coefficient Méthode 3 m,Y,Y
Method 3 n Coefficient,Coeficiente de Método 4 hxl2,Coeficiente del Método 3 n,Coefficient Méthode 3,Coefficient Méthode 3 n,Y,Y
Method 3 N dot Water ref Coefficient,Flujo Mínimo Accionado,Coeficiente Método 3 N dot Agua ref,Méthode 3 Coefficient N point Eau réf,Coefficient de débit d'eau de référence Méthode 3,Y,Y
Method 3 NdotGasRef Coefficient,Relación Mínima de Caudal de Aire,Coeficiente NdotGasRef Método 3,Coefficient NdotGasRef Méthode 3,Coefficient NdotGasRef Méthode 3,Y,
Method 3 Water Area,Nombre de la Programación de Reducción Mínima del Flujo de Aire,Área de Agua Método 3,Méthode 3 Zone d'Eau,Zone de captage d'eau Méthode 3,Y,Y
Method 4 Condensation Threshold,Diferencia Mínima de Temperatura Aire-Agua,Umbral de Condensación Método 4,Seuil de condensation Méthode 4,Seuil de condensation Méthode 4,Y,
Method 4 hxl1 Coefficient,Potencia Mínima del Calentador Anticongelante por Puerta,Coeficiente hxl1 Método 4,Coefficient Méthode 4 hxl1,Coefficient de la méthode 4 hxl1,Y,Y
Method 4 hxl2 Coefficient,Potencia Mínima del Calentador Antiempañante por Unidad de Longitud,Coeficiente del Método 4 hxl2,Coefficient hxl2 Méthode 4,Coefficient Méthode 4 hxl2,Y,Y
Minimum Actuated Flow,Temperatura Mínima de Aproximación,Flujo Actuado Mínimo,Débit Actionné Minimum,Débit Minimum Commandé,Y,Y
Minimum Air Flow Fraction Schedule Name,Nombre del Horario de Fracción de Caudal Mínimo de Aire,Nombre de la Programación de Fracción de Flujo de Aire Mínimo,Nom du calendrier de fraction de débit d'air minimum,Nom de la planification de la fraction de débit d'air minimal,Y,Y
Minimum Air Flow Rate Ratio,Factor de Capacidad Mínimo,Relación Mínima de Caudal de Aire,Rapport de Débit d'Air Minimum,Rapport Minimal de Débit d'Air,Y,Y
Minimum Air Flow Turndown Schedule Name,Nombre del Calendario de Concentración Mínima de Dióxido de Carbono,Nombre de Calendario de Reducción de Flujo de Aire Mínimo,Nom du calendrier de réduction minimale du débit d'air,Nom de la plage horaire de réduction du débit d'air minimum,Y,Y
Minimum Air To Water Temperature Offset,Dimensión Mínima de Celda,Offset Mínimo de Temperatura Aire-Agua,Décalage de température minimum air-eau,Décalage Minimum de Température Air-Eau,Y,Y
Minimum Anti-Sweat Heater Power per Door,Tiempo Mínimo de Cierre,Potencia Mínima del Calentador Anticongelación por Puerta,Puissance minimale du radiateur anti-condensation par porte,Puissance minimale du réchauffeur anti-condensation par porte,Y,Y
Minimum Anti-Sweat Heater Power per Unit Length,Caudal Mínimo de Agua Fría,Potencia Mínima del Calentador Anti-Condensación por Unidad de Longitud,Puissance minimale du réchauffeur anti-buée par unité de longueur,Puissance minimale du réchauffeur anti-condensation par unité de longueur,Y,Y
Minimum Approach Temperature,Temperatura Mínima de Condensación,Temperatura de Aproximación Mínima,Température d'approche minimale,Température d'Approche Minimale,Y,Y
Minimum Capacity Factor,Relación de Humedad Mínima del Aire de Suministro de Enfriamiento,Factor de Capacidad Mínima,Facteur de capacité minimum,Facteur de Capacité Minimum,Y,Y
Minimum Carbon Dioxide Concentration Schedule Name,Temperatura Mínima del Aire de Suministro de Enfriamiento,Nombre de Calendario de Concentración Mínima de Dióxido de Carbono,Nom de l'horaire de concentration minimale de dioxyde de carbone,Nom de la Programmation de la Concentration Minimale en Dioxyde de Carbone,Y,Y
Minimum Cell Dimension,Salida Mínima de la Curva,Dimensión Mínima de Celda,Dimension minimale de cellule,Dimension Minimale de la Cellule,Y,Y
Minimum Closing Time,Diferencia de Densidad Mínima para Flujo Bidireccional,Tiempo Mínimo de Cierre,Temps de fermeture minimum,Temps de fermeture minimal,Y,Y
Minimum Cold Water Flow Rate,Temperatura Seca Mínima para Operación del Deshumidificador,Flujo Volumétrico Mínimo de Agua Fría,Débit d'eau froide minimum,Débit volumétrique minimal d'eau froide,Y,Y
Minimum Condensing Temperature,Relación Mínima de Flujo de Aire del Ventilador,Temperatura Mínima de Condensación,Température de condensation minimale,Température de condensation minimale,Y,
Minimum Cooling Supply Air Humidity Ratio,Relación Mínima de Reducción del Ventilador,Relación de Humedad Mínima del Aire de Suministro Frío,Rapport d'humidité minimal de l'air d'alimentation en refroidissement,Rapport d'humidité minimal de l'air soufflé de refroidissement,Y,Y
Minimum Cooling Supply Air Temperature,Fracción de Caudal Mínimo,Temperatura Mínima del Aire de Suministro para Enfriamiento,Température minimale de l'air soufflé en refroidissement,Température minimale de l'air de refroidissement soufflé,Y,Y
Minimum Curve Output,Salida de Potencia Eléctrica Mínima a Carga Completa,Salida Mínima de la Curva,Sortie de courbe minimale,Sortie de courbe minimale,Y,
Minimum Density Difference for Two-Way Flow,Temperatura Mínima de Salida del Recuperador de Calor,Diferencia de Densidad Mínima para Flujo Bidireccional,Différence de densité minimale pour flux bidirectionnel,Différence de Densité Minimale pour un Flux Bidirectionnel,Y,Y
Minimum Dry-Bulb Temperature for Dehumidifier Operation,Caudal Mínimo de Agua en Recuperador de Calor,Temperatura de Bulbo Seco Mínima para Funcionamiento del Deshumidificador,Température Sèche Minimale pour le Fonctionnement du Déshumidificateur,Température sèche minimale pour le fonctionnement du déshumidificateur,Y,Y
Minimum Fan Air Flow Ratio,Capacidad mínima de calefacción en Kmol por segundo,Relación Mínima de Flujo de Aire del Ventilador,Rapport de débit d'air minimum du ventilateur,Fraction minimale du débit d'air du ventilateur,Y,Y
Minimum Fan Turn Down Ratio,Capacidad Mínima de Calefacción en Watts,Relación Mínima de Reducción del Ventilador,Ratio minimum de réduction de ventilateur,Ratio de Réduction Minimale du Ventilateur,Y,Y
Minimum Flow Rate,Caudal Mínimo,Caudal Mínimo,Débit minimum,Débit volumique minimum,,Y
Minimum Flow Rate Fraction,Caudal Mínimo de Agua Caliente,Fracción de Caudal Mínimo,Fraction minimale de débit,Fraction de débit minimal,Y,Y
Minimum Fraction of Outdoor Air Schedule Name,Nombre del Horario de Fracción Mínima de Aire Exterior,Nombre de Horario de Fracción Mínima de Aire Exterior,Nom du calendrier de fraction minimale d'air extérieur,Nom de la Plage de Variation de la Fraction Minimale d'Air Extérieur,Y,Y
Minimum Full Load Electrical Power Output,Tiempo Mínimo de Operación HVAC,Potencia Eléctrica de Salida Mínima a Carga Total,Puissance électrique de sortie minimale à pleine charge,Puissance électrique minimale à charge complète,Y,Y
Minimum Heat Pump Part-Load Ratio,Relación de Carga Parcial Mínima de la Bomba de Calor,Relación de Carga Parcial Mínima de la Bomba de Calor,Ratio de Charge Partielle Minimum de la Pompe à Chaleur,Rapport de Charge Partielle Minimum de la Pompe à Chaleur,,Y
Minimum Heat Recovery Outlet Temperature,Temperatura Interior Mínima,Temperatura Mínima de Salida del Recuperador de Calor,Température minimale de sortie de récupération de chaleur,Température Minimale de Sortie de la Récupération de Chaleur,Y,Y
Minimum Heat Recovery Water Flow Rate,Nombre del Programa de Temperatura Interior Mínima,Caudal Mínimo de Agua en Recuperación de Calor,Débit d'eau minimum pour récupération de chaleur,Débit d'eau minimal de récupération de chaleur,Y,Y
Minimum Heating Capacity in Kmol per Second,Temperatura Mínima del Aire de Entrada para Operación del Compresor,Capacidad Mínima de Calefacción en kmol por Segundo,Capacité de chauffage minimale en kmol par seconde,Capacité Thermique Minimale en kmol/s,Y,Y
Minimum Heating Capacity in Watts,Temperatura de Bulbo Húmedo Mínima del Aire de Entrada,Capacidad Mínima de Calefacción en Vatios,Capacité de chauffage minimale en watts,Capacité de chauffage minimale en watts,Y,
Minimum Hot Water Flow Rate,Fracción de Potencia de Entrada Mínima para Control de Atenuación Continua,Flujo Volumétrico Mínimo de Agua Caliente,Débit d'eau chaude minimum,Débit volumétrique minimum d'eau chaude,Y,Y
Minimum Hot Water or Steam Flow Rate,Caudal Mínimo de Agua Caliente o Vapor,Caudal Mínimo de Agua Caliente o Vapor,Débit minimum d'eau chaude ou de vapeur,Débit volumétrique minimum d'eau chaude ou de vapeur,,Y
Minimum HVAC Operation Time,Nombre de la Curva de Temperatura Mínima del Agua de Salida,Tiempo Mínimo de Operación del HVAC,Durée minimale de fonctionnement du HVAC,Temps Minimum de Fonctionnement du Système HVAC,Y,Y
Minimum Indoor Temperature,Fracción Mínima de Salida de Luz para Control de Atenuación Continua,Temperatura Interior Mínima,Température intérieure minimale,Température intérieure minimale,Y,
Minimum Indoor Temperature Schedule Name,Temperatura de Punto de Ajuste Límite Mínimo,Nombre de Horario de Temperatura Interior Mínima,Nom du calendrier de température intérieure minimale,Nom de l'agenda de température intérieure minimale,Y,Y
Minimum Inlet Air Temperature for Compressor Operation,Actuador de Capacidad Mínima de Carga,Temperatura Mínima de Aire de Entrada para Operación del Compresor,Température minimale d'air d'entrée pour le fonctionnement du compresseur,Température minimale d'air à l'entrée pour le fonctionnement du compresseur,Y,Y
Minimum Inlet Air Wet-Bulb Temperature,Actuador de Caudal Másico Mínimo,Temperatura de Bulbo Húmedo Mínima del Aire de Entrada,Température de bulbe humide minimale de l'air à l'entrée,Température de bulbe humide minimale de l'air d'entrée,Y,Y
Minimum Input Power Fraction for Continuous Dimming Control,Cargo Mínimo Mensual o Nombre de Variable,Fracción Mínima de Potencia de Entrada para Control de Atenuación Continua,Fraction de puissance d'entrée minimale pour contrôle de gradation continu,Fraction d'Énergie d'Entrée Minimale pour Commande d'Éclairage Continu,Y,Y
Minimum Leaving Water Temperature Curve Name,Número Mínimo de Días de Calentamiento,Nombre de la Curva de Temperatura Mínima del Agua de Salida,Nom de la courbe de température minimale de l'eau de sortie,Nom de la courbe de température minimale de l'eau à la sortie,Y,Y
Minimum Light Output Fraction for Continuous Dimming Control,Tiempo Mínimo de Apertura,Fracción Mínima de Salida de Luz para Control de Atenuación Continua,Fraction minimale de sortie lumineuse pour contrôle d'atténuation continue,Fraction minimale de sortie lumineuse pour contrôle de gradation continu,Y,Y
Minimum Limit Setpoint Temperature,Punto de Funcionamiento Mínimo,Temperatura de Punto de Consigna Mínima,Température de Consigne Limite Minimale,Température de Consigne Limite Minimale,Y,
Minimum Limit Type,Tipo de Límite Mínimo,Tipo de Límite Mínimo,Type de limite minimum,Type de Limite Minimale,,Y
Minimum Loading Capacity Actuator,Límite de Temperatura Mínima del Otro Lado,Actuador de Capacidad de Carga Mínima,Actionneur de Capacité de Charge Minimale,Actionneur de Capacité de Charge Minimale,Y,
Minimum Loop Flow Rate,Caudal Mínimo del Bucle,Caudal Mínimo del Circuito,Débit minimal de la boucle,Débit Minimal de la Boucle,Y,Y
Minimum Loop Temperature,Temperatura Mínima del Bucle,Temperatura Mínima del Bucle,Température Minimale de la Boucle,Température Minimale de la Boucle,,
Minimum Mass Flow Rate Actuator,Temperatura Mínima de Aire Exterior,Actuador de Caudal Másico Mínimo,Actionneur du débit massique minimum,Actionneur de débit massique minimum,Y,Y
Minimum Monthly Charge or Variable Name,Temperatura Mínima de Aire Exterior en Modo de Enfriamiento,Cargo Mensual Mínimo o Nombre de Variable,Facturation Mensuelle Minimale ou Nom de Variable,Charge Mensuelle Minimale ou Nom de Variable,Y,Y
Minimum Number of Warmup Days,Temperatura Mínima de Aire Exterior en Modo Solo Enfriamiento,Número mínimo de días de precalentamiento,Nombre minimal de jours de préchauffage,Nombre minimum de jours de précalcul,Y,Y
Minimum Opening Time,Temperatura Mínima del Aire Exterior en Modo de Calefacción,Tiempo Mínimo de Apertura,Temps d'ouverture minimum,Temps d'ouverture minimum,Y,
Minimum Operating Point,Temperatura Mínima del Aire Exterior en Modo Solo Calefacción,Punto Mínimo de Operación,Point de Fonctionnement Minimum,Point de Fonctionnement Minimum,Y,
Minimum Other Side Temperature Limit,Mínimo Punto de Rocío Exterior,Límite Mínimo de Temperatura del Otro Lado,Limite de Température Minimale de l'Autre Côté,Limite minimale de température côté autre face,Y,Y
Minimum Outdoor Air Flow Rate,Caudal Mínimo de Aire Exterior,Caudal de Aire Exterior Mínimo,Débit minimum d'air extérieur,Débit d'air extérieur minimum,Y,Y
Minimum Outdoor Air Schedule Name,Nombre del Horario de Aire Exterior Mínimo,Nombre de Programa de Aire Exterior Mínimo,Nom du calendrier d'air extérieur minimum,Nom de l'horaire d'air extérieur minimal,Y,Y
Minimum Outdoor Air Temperature,Entalpía Exterior Mínima,Temperatura Mínima de Aire Exterior,Température Extérieure Minimale,Température minimale de l'air extérieur,Y,Y
Minimum Outdoor Air Temperature in Cooling Mode,Temperatura Exterior Mínima,Temperatura Mínima del Aire Exterior en Modo Enfriamiento,Température extérieure minimale en mode refroidissement,Température Minimale de l'Air Extérieur en Mode Refroidissement,Y,Y
Minimum Outdoor Air Temperature in Cooling Only Mode,Temperatura Exterior Mínima en Modo de Recuperación de Calor,Temperatura Exterior Mínima en Modo Solo Enfriamiento,Température extérieure minimale en mode refroidissement uniquement,Température Extérieure Minimale en Mode Refroidissement Seul,Y,Y
Minimum Outdoor Air Temperature in Heating Mode,Nombre del Programa de Temperatura Exterior Mínima,Temperatura Mínima del Aire Exterior en Modo Calefacción,Température extérieure minimale en mode chauffage,Température Extérieure Minimale en Mode Chauffage,Y,Y
Minimum Outdoor Air Temperature in Heating Only Mode,Horario Mínimo de Aire Exterior de Ventilación,Temperatura Mínima del Aire Exterior en Modo Solo Calefacción,Température minimale de l'air extérieur en mode chauffage uniquement,Température Extérieure Minimale en Mode Chauffage Seul,Y,Y
Minimum Outdoor Dewpoint,Temperatura Mínima del Aire de Salida Durante Operación de Enfriamiento,Punto de Rocío Exterior Mínimo,Température de point de rosée extérieur minimum,Température de point de rosée extérieur minimum,Y,
Minimum Outdoor Dry-Bulb Temperature for Compressor Operation,Temperatura Mínima Bulbo Seco Exterior para Operación del Compresor,Temperatura Exterior Mínima de Bulbo Seco para Operación del Compresor,Température de Bulbe Sec Extérieur Minimale pour le Fonctionnement du Compresseur,Température sèche extérieure minimale pour le fonctionnement du compresseur,Y,Y
Minimum Outdoor Enthalpy,Salida Mínima,Entalpía Exterior Mínima,Enthalpie Extérieure Minimale,Enthalpie Extérieure Minimale,Y,
Minimum Outdoor Temperature,Iteraciones Mínimas de la Planta,Temperatura Exterior Mínima,Température Extérieure Minimale,Température Extérieure Minimale,Y,
Minimum Outdoor Temperature in Cooling Mode,Temperatura Mínima Exterior en Modo Enfriamiento,Temperatura Exterior Mínima en Modo Enfriamiento,Température extérieure minimale en mode refroidissement,Température extérieure minimale en mode refroidissement,Y,
Minimum Outdoor Temperature in Heat Recovery Mode,Cronograma de Presión Mínima,Temperatura Exterior Mínima en Modo de Recuperación de Calor,Température extérieure minimale en mode récupération de chaleur,Température Extérieure Minimale en Mode Récupération de Chaleur,Y,Y
Minimum Outdoor Temperature in Heating Mode,Temperatura Mínima Exterior en Modo Calefacción,Temperatura Exterior Mínima en Modo Calefacción,Température Extérieure Minimale en Mode Chauffage,Température Extérieure Minimale en Mode Chauffage,Y,
Minimum Outdoor Temperature Schedule Name,Fracción Mínima de Flujo de Aire Primario,Nombre del Calendario de Temperatura Exterior Mínima,Nom de l'horaire de température extérieure minimale,Nom de la planification de température extérieure minimale,Y,Y
Minimum Outdoor Ventilation Air Schedule,Relación de Humedad Mínima del Aire de Entrada del Proceso para la Ecuación de Relación de Humedad,Horario de Aire Mínimo de Ventilación Exterior,Calendrier de l'air de ventilation extérieur minimum,Calendrier de l'air de ventilation extérieure minimum,Y,Y
Minimum Outlet Air Temperature During Cooling Operation,Relación de Humedad Mínima del Aire de Entrada del Proceso para la Ecuación de Temperatura,Temperatura Mínima del Aire de Salida Durante Operación de Enfriamiento,Température de sortie d'air minimale pendant le fonctionnement en refroidissement,Température minimale de l'air à la sortie en mode refroidissement,Y,Y
Minimum Output,Humedad Relativa Mínima del Aire de Entrada del Proceso para la Ecuación de Relación de Humedad,Salida Mínima,Sortie minimale,Sortie Minimale,Y,Y
Minimum Part Load Ratio,Relación de Carga Parcial Mínima,Relación Mínima de Carga Parcial,Rapport de charge partielle minimum,Rapport de Charge Partielle Minimal,Y,Y
Minimum Plant Iterations,Humedad Relativa Mínima del Aire de Entrada del Proceso para Ecuación de Temperatura,Iteraciones Mínimas del Circuito Primario,Itérations minimales de la centrale,Itérations Minimales de Boucle de Distribution,Y,Y
Minimum Pressure Schedule,Temperatura Mínima del Aire de Entrada del Proceso para la Ecuación de Relación de Humedad,Programa de Presión Mínima,Calendrier de Pression Minimale,Agenda de Pression Minimale,Y,Y
Minimum Primary Air Flow Fraction,Temperatura Mínima de Entrada de Aire del Proceso para Ecuación de Temperatura,Fracción Mínima de Flujo de Aire Primario,Fraction minimale du débit d'air primaire,Fraction minimale du débit d'air primaire,Y,
Minimum Process Inlet Air Humidity Ratio for Humidity Ratio Equation,Temperatura Mínima del Rango,Relación de Humedad Mínima del Aire de Entrada del Proceso para la Ecuación de Relación de Humedad,Rapport d'humidité minimum de l'air d'entrée du processus pour l'équation du rapport d'humidité,Rapport d'humidité minimal de l'air à l'entrée du processus pour l'équation du rapport d'humidité,Y,Y
Minimum Process Inlet Air Humidity Ratio for Temperature Equation,Nombre del Programa de Temperatura Mínima de Recepción,Relación de Humedad Mínima del Aire de Entrada del Proceso para la Ecuación de Temperatura,Ratio d'humidité minimale de l'air d'entrée du processus pour l'équation de température,Rapport d'humidité minimal de l'air d'entrée du processus pour l'équation de température,Y,Y
Minimum Process Inlet Air Relative Humidity for Humidity Ratio Equation,Velocidad Mínima del Aire de Regeneración para la Ecuación de Proporción de Humedad,Humedad Relativa Mínima del Aire de Entrada del Proceso para la Ecuación de Relación de Humedad,Humidité relative minimale de l'air d'admission du procédé pour l'équation du rapport d'humidité,Humidité relative minimale de l'air d'entrée du processus pour l'équation du rapport d'humidité,Y,Y
Minimum Process Inlet Air Relative Humidity for Temperature Equation,Velocidad Mínima del Aire de Regeneración para Ecuación de Temperatura,Humedad Relativa Mínima del Aire de Entrada del Proceso para la Ecuación de Temperatura,Humidité relative minimale de l'air à l'entrée du processus pour l'équation de température,Humidité Relative Minimale de l'Air d'Entrée du Processus pour l'Équation de Température,Y,Y
Minimum Process Inlet Air Temperature for Humidity Ratio Equation,Relación de Humedad Mínima del Aire de Entrada de Regeneración para la Ecuación de Relación de Humedad,Temperatura Mínima de Aire de Entrada del Proceso para Ecuación de Relación de Humedad,Température minimale de l'air d'entrée du processus pour l'équation du ratio d'humidité,Température minimale de l'air à l'entrée du procédé pour l'équation du ratio d'humidité,Y,Y
Minimum Process Inlet Air Temperature for Temperature Equation,Relación de Humedad del Aire de Entrada de Regeneración Mínima para la Ecuación de Temperatura,Temperatura Mínima de Aire de Entrada del Proceso para Ecuación de Temperatura,Température minimale d'air d'entrée du processus pour l'équation de température,Température minimale d'entrée d'air du processus pour l'équation de température,Y,Y
Minimum Range Temperature,Humedad Relativa Mínima del Aire de Entrada de Regeneración para la Ecuación de Relación de Humedad,Temperatura de Rango Mínimo,Température Minimale de la Plage,Température d'écart minimale,Y,Y
Minimum Receiving Temperature Schedule Name,Humedad Relativa Mínima del Aire de Entrada de Regeneración para la Ecuación de Temperatura,Nombre de Calendario de Temperatura Mínima de Zona Receptora,Nom de la planification de température de réception minimale,Nom de la Planification de la Température de Réception Minimale,Y,Y
Minimum Regeneration Air Velocity for Humidity Ratio Equation,Temperatura Mínima del Aire de Entrada de Regeneración para la Ecuación de Relación de Humedad,Velocidad Mínima del Aire de Regeneración para la Ecuación de Relación de Humedad,Vitesse minimale de l'air de régénération pour l'équation du ratio d'humidité,Vitesse minimale de l'air de régénération pour l'équation du rapport d'humidité,Y,Y
Minimum Regeneration Air Velocity for Temperature Equation,Temperatura Mínima del Aire de Entrada de Regeneración para Ecuación de Temperatura,Velocidad Mínima del Aire de Regeneración para la Ecuación de Temperatura,Vitesse minimale de l'air de régénération pour l'équation de température,Vitesse minimale de l'air de régénération pour l'équation de température,Y,
Minimum Regeneration Inlet Air Humidity Ratio for Humidity Ratio Equation,Relación de Humedad Mínima del Aire de Salida de Regeneración para la Ecuación de Relación de Humedad,Relación de Humedad Mínima del Aire de Entrada de Regeneración para la Ecuación de Relación de Humedad,Ratio d'humidité minimal de l'air d'entrée de régénération pour l'équation du ratio d'humidité,Rapport d'humidité minimum de l'air à l'entrée de régénération pour l'équation du rapport d'humidité,Y,Y
Minimum Regeneration Inlet Air Humidity Ratio for Temperature Equation,Temperatura Mínima de Salida del Aire de Regeneración para Ecuación de Temperatura,Relación de Humedad Mínima del Aire de Entrada de Regeneración para la Ecuación de Temperatura,Rapport d'humidité minimale de l'air entrant de régénération pour l'équation de température,Rapport d'humidité minimal de l'air d'entrée de régénération pour l'équation de température,Y,Y
Minimum Regeneration Inlet Air Relative Humidity for Humidity Ratio Equation,Cronograma de RPM Mínimo,Humedad Relativa Mínima del Aire de Entrada de Regeneración para la Ecuación de Relación de Humedad,Humidité relative minimale de l'air d'entrée de régénération pour l'équation du rapport d'humidité,Humidité relative minimale de l'air d'entrée de régénération pour l'équation de rapport d'humidité,Y,Y
Minimum Regeneration Inlet Air Relative Humidity for Temperature Equation,Tiempo Mínimo de Funcionamiento Antes del Cambio de Modo Operativo,Humedad Relativa Mínima del Aire de Entrada de Regeneración para la Ecuación de Temperatura,Humidité relative minimale de l'air d'entrée de régénération pour l'équation de température,Humidité Relative Minimale de l'Air d'Entrée de Régénération pour l'Équation de Température,Y,Y
Minimum Regeneration Inlet Air Temperature for Humidity Ratio Equation,Razón de Humedad Mínima de Ajuste,Temperatura Mínima de Aire de Entrada de Regeneración para la Ecuación de Relación de Humedad,Température minimale d'entrée d'air de régénération pour l'équation du rapport d'humidité,Température minimale d'entrée de l'air de régénération pour l'équation du rapport d'humidité,Y,Y
Minimum Regeneration Inlet Air Temperature for Temperature Equation,Ángulo Mínimo de Lámina,Temperatura Mínima de Aire de Entrada de Regeneración para Ecuación de Temperatura,Température minimale d'entrée d'air de régénération pour l'équation de température,Température minimale d'entrée d'air de régénération pour l'équation de température,Y,
Minimum Regeneration Outlet Air Humidity Ratio for Humidity Ratio Equation,Temperatura Mínima de Entrada de la Fuente,Proporción de Humedad Mínima del Aire de Salida de Regeneración para la Ecuación de Proporción de Humedad,Ratio d'humidité minimal de l'air à la sortie de régénération pour l'équation du ratio d'humidité,Rapport d'humidité minimum de l'air de sortie de régénération pour l'équation du rapport d'humidité,Y,Y
Minimum Regeneration Outlet Air Temperature for Temperature Equation,Nombre del Programa de Temperatura Mínima de Fuente,Temperatura mínima de salida del aire de regeneración para la ecuación de temperatura,Température minimale de sortie d'air de régénération pour l'équation de température,Température minimale de sortie air régénéré pour équation de température,Y,Y
Minimum RPM Schedule,Nivel Mínimo de Velocidad para Modo SCDWH,Horario RPM Mínimo,Calendrier RPM Minimum,Calendrier RPM Minimum,Y,
Minimum Runtime Before Operating Mode Change,Nivel de Velocidad Mínima Para Modo SCWH,Tiempo Mínimo de Funcionamiento Antes del Cambio de Modo de Operación,Durée de fonctionnement minimale avant changement de mode opératoire,Durée minimale d'exécution avant changement de mode de fonctionnement,Y,Y
Minimum Setpoint Humidity Ratio,Nivel de velocidad mínimo para modo SHDWH,Relación de Humedad Mínima del Punto de Consigna,Ratio d'humidité minimal du point de consigne,Rapport d'humidité minimal du consigne,Y,Y
Minimum Setpoint Temperature,Temperatura Mínima del Punto de Ajuste,Temperatura Mínima del Punto de Consigna,Température de consigne minimale,Température de Consigne Minimale,Y,Y
Minimum Slat Angle,Resistencia Estomatal Mínima,Ángulo de Lámina Mínimo,Angle de lame minimum,Angle de lame minimal,Y,Y
Minimum Source Inlet Temperature,Fracción Mínima del Estado de Carga del Almacenamiento,Temperatura Mínima de Entrada de Fuente,Température minimale à l'entrée de la source,Température minimale à l'entrée de la source,Y,
Minimum Source Temperature Schedule Name,Temperatura Mínima del Aire de Suministro en Modo Enfriamiento,Nombre de la Programación de Temperatura Mínima de la Zona Fuente,Nom de la planification de la température source minimale,Nom de l'horaire de température minimale de la zone source,Y,Y
Minimum Speed Level For SCDWH Mode,Nombre de la Curva de Temperatura Mínima del Agua de Suministro,Nivel de Velocidad Mínimo para Modo SCDWH,Niveau de vitesse minimum pour le mode SCDWH,Niveau de Vitesse Minimum en Mode SCDWH,Y,Y
Minimum Speed Level For SCWH Mode,Valor Mínimo del Coeficiente de Transferencia de Calor por Convección en la Superficie,Nivel Mínimo de Velocidad para Modo SCWH,Niveau de vitesse minimum pour le mode SCWH,Niveau de vitesse minimum pour le mode SCWH,Y,
Minimum Speed Level For SHDWH Mode,Paso de tiempo mínimo del sistema,Nivel Mínimo de Velocidad para Modo SHDWH,Niveau de vitesse minimum pour le mode SHDWH,Niveau de Vitesse Minimum pour Mode SHDWH,Y,Y
Minimum Stomatal Resistance,Salida Mínima de Tabla,Resistencia Estomática Mínima,Résistance Stomatique Minimale,Résistance stomatique minimale,Y,Y
Minimum Storage State of Charge Fraction,Diferencia de Temperatura Mínima para Activar el Intercambiador de Calor,Fracción Mínima de Carga del Estado de Almacenamiento,Fraction minimale de l'état de charge du stockage,Fraction minimale d'état de charge du stockage,Y,Y
Minimum Supply Air Temperature,Temperatura Mínima del Aire de Suministro,Temperatura Mínima del Aire de Suministro,Température minimale de l'air soufflé,Température Minimale de l'Air Soufflé,,Y
Minimum Supply Air Temperature in Cooling Mode,Límite Mínimo de Temperatura,Temperatura Mínima del Aire de Suministro en Modo Enfriamiento,Température minimale de l'air soufflé en mode refroidissement,Température minimale de l'air soufflé en mode refroidissement,Y,
Minimum Supply Water Temperature Curve Name,Relación Mínima de Modulación,Nombre de Curva de Temperatura Mínima del Agua de Suministro,Nom de la Courbe de Température Minimale de l'Eau de Conditionnement,Nom de la courbe de température minimale de l'eau de départ,Y,Y
Minimum Surface Convection Heat Transfer Coefficient Value,Valor Mínimo,Valor Mínimo del Coeficiente de Transferencia de Calor por Convección en Superficie,Valeur minimale du coefficient de transfert de chaleur par convection en surface,Valeur Minimale du Coefficient de Transfert de Chaleur par Convection de Surface,Y,Y
Minimum System Timestep,Valor Mínimo de Psm,Paso de Tiempo Mínimo del Sistema,Pas de Temps Minimum du Système,Pas de temps système minimum,Y,Y
Minimum Table Output,Valor Mínimo de Qfan,Salida Mínima de Tabla,Sortie de Table Minimale,Sortie Minimale du Tableau,Y,Y
Minimum Temperature Difference to Activate Heat Exchanger,Valor mínimo de v,Diferencia Mínima de Temperatura para Activar el Intercambiador de Calor,Différence de Température Minimale pour Activer l'Échangeur de Chaleur,Différence de Température Minimale pour Activer l'Échangeur de Chaleur,Y,
Minimum Temperature Limit,Valor Mínimo de w,Límite de Temperatura Mínima,Limite de température minimale,Limite de Température Minimale,Y,Y
Minimum Turndown Ratio,Valor Mínimo de x,Relación Mínima de Reducción de Flujo,Ratio de réduction minimum,Rapport de Réduction Minimal,Y,Y
Minimum Unloading Ratio,Relación Mínima de Descarga,Relación Mínima de Descarga,Ratio de Décharge Minimum,Rapport de Décharge Minimum,,Y
Minimum Value,Valor Mínimo de X1,Valor Mínimo,Valeur minimale,Valeur Minimale,Y,Y
Minimum Value of Psm,Valor Mínimo de X2,Valor Mínimo de Psm,Valeur minimale de Psm,Valeur minimale de Psm,Y,
Minimum Value of Qfan,Valor Mínimo de X3,Valor Mínimo de Qfan,Valeur minimale de Qfan,Valeur Minimale de Qfan,Y,Y
Minimum Value of v,Valor Mínimo de X4,Valor Mínimo de v,Valeur minimale de v,Valeur Minimale de v,Y,Y
Minimum Value of w,Valor Mínimo de X5,Valor Mínimo de w,Valeur minimale de w,Valeur minimale de w,Y,
Minimum Value of x,Valor Mínimo de y,Valor Mínimo de x,Valeur minimale de x,Valeur minimale de x,Y,
Minimum Value of X1,Valor Mínimo de z,Valor Mínimo de X1,Valeur minimale de X1,Valeur minimale de X1,Y,
Minimum Value of X2,Tiempo Mínimo de Ventilación,Valor Mínimo de X2,Valeur minimale de X2,Valeur minimale de X2,Y,
Minimum Value of X3,Factor Mínimo de Apertura de Ventilación,Valor Mínimo de X3,Valeur minimale de X3,Valeur Minimale de X3,Y,Y
Minimum Value of X4,Relación Mínima de Caudal de Agua,Valor Mínimo de X4,Valeur minimale de X4,Valeur minimale de X4,Y,
Minimum Value of X5,Temperatura Mínima del Bucle de Agua Para Recuperación de Calor,Valor Mínimo de X5,Valeur minimale de X5,Valeur Minimale de X5,Y,Y
Minimum Value of y,Nombre del Programa de Límite Mínimo de Temperatura de Zona,Valor Mínimo de y,Valeur minimale de y,Valeur minimale de y,Y,
Minimum Value of z,Coeficiente de Pérdida Menor,Valor Mínimo de z,Valeur minimale de z,Valeur minimale de z,Y,
Minimum Ventilation Time,Minuto a simular,Tiempo Mínimo de Ventilación,Durée minimale de ventilation,Temps de ventilation minimal,Y,Y
Minimum Venting Open Factor,Minutos por Elemento,Factor Mínimo de Apertura para Ventilación,Facteur d'ouverture minimal de ventilation,Facteur d'ouverture minimal pour ventilation,Y,Y
Minimum Water Flow Rate Ratio,Costo Misceláneo por Área Acondicionada,Relación Mínima del Caudal de Agua,Rapport de débit d'eau minimal,Rapport de débit d'eau minimal,Y,
Minimum Water Loop Temperature For Heat Recovery,Nombre del Nodo de Aire Mixto,Temperatura Mínima del Circuito de Agua para Recuperación de Calor,Température Minimale de la Boucle d'Eau pour la Récupération de Chaleur,Température Minimale de la Boucle d'Eau pour la Récupération de Chaleur,Y,
Minimum Zone Temperature Limit Schedule Name,Nombre del Nodo de Corriente de Aire Mixto,Nombre del Programa de Límite Mínimo de Temperatura de Zona,Nom de l'agenda de limite de température minimale de la zone,Nom de la Plage horaire de limite de température minimale de zone,Y,Y
Minor Loss Coefficient,Modo de Operación,Coeficiente de Pérdida Secundaria,Coefficient de Perte Mineure,Coefficient de perte singulière,Y,Y
Minute,Minuto,Minuto,Minute,Minute,,
Minute to Simulate,Coeficiente del Modelo,Minuto a Simular,Minute à simuler,Minute à simuler,Y,
Minutes per Item,Objeto del Modelo,Minutos por Artículo,Minutes par élément,Minutes par article,Y,Y
Miscellaneous Cost per Conditioned Area,Parámetro del Modelo a,Costo Miscellaneous por Área Acondicionada,Coût divers par unité de surface conditionée,Coût divers par zone climatisée,Y,Y
Mixed Air Node Name,Parámetro del Modelo a0,Nombre del Nodo de Aire Mezclado,Nom du nœud d'air mélangé,Nom du Nœud d'Air Mélangé,Y,Y
Mixed Air Stream Node Name,Parámetro del Modelo K1,Nombre del Nodo de Aire Mezclado,Nom du nœud du flux d'air mélangé,Nom du nœud d'air mélangé,Y,Y
Mode of Operation,Parámetro del Modelo n,Modo de Operación,Mode de fonctionnement,Mode de fonctionnement,Y,
Model Coefficient,Parámetro del Modelo n1,Coeficiente del Modelo,Coefficient du modèle,Coefficient du modèle,Y,
Model Object,Parámetro del Modelo n2,Objeto de Modelo,Objet du modèle,Objet de modèle,Y,Y
Model Parameter a,Parámetro de modelo n3,Parámetro de Modelo a,Paramètre de modèle a,Paramètre du modèle a,Y,Y
Model Parameter a0,Nombre del Administrador de Llamadas del Programa de Configuración de Modelo y Dimensionamiento,Parámetro del Modelo a0,Paramètre de modèle a0,Paramètre de modèle a0,Y,
Model Parameter K1,Tipo de Modelo,Parámetro del Modelo K1,Paramètre de modèle K1,Paramètre Modèle K1,Y,Y
Model Parameter n,Corriente del Módulo a Potencia Máxima,Parámetro del Modelo n,Paramètre de modèle n,Paramètre de modèle n,Y,
Model Parameter n1,Coeficiente de Pérdida de Calor del Módulo,Parámetro del modelo n1,Paramètre de modèle n1,Paramètre de modèle n1,Y,
Model Parameter n2,Nombre del Rendimiento del Módulo,Parámetro de Modelo n2,Paramètre de modèle n2,Paramètre de modèle n2,Y,
Model Parameter n3,Tipo de módulo,Parámetro del Modelo n3,Paramètre de modèle n3,Paramètre de modèle n3,Y,
Model Setup and Sizing Program Calling Manager Name,Voltaje del módulo a potencia máxima,Nombre del Gestor de Llamadas del Programa de Configuración y Dimensionamiento del Modelo,Nom du gestionnaire d'appels du programme de configuration et de dimensionnement du modèle,Nom du gestionnaire d'appel du programme de configuration et dimensionnement du modèle,Y,Y
Model Type,Método de Cálculo de Difusión de Humedad,Tipo de Modelo,Type de modèle,Type de modèle,Y,
Module Current at Maximum Power,Coeficiente a de la ecuación de humedad,Corriente del Módulo a Potencia Máxima,Courant du module à puissance maximale,Courant du module à puissance maximale,Y,
Module Heat Loss Coefficient,Coeficiente b de la Ecuación de Humedad,Coeficiente de Pérdida de Calor del Módulo,Coefficient de Perte Thermique du Module,Coefficient de Perte Thermique du Module,Y,
Module Performance Name,Coeficiente c de la ecuación de humedad,Nombre del Desempeño del Módulo,Nom de la Performance du Module,Nom de la Performance du Module,Y,
Module Type,Coeficiente d de la Ecuación de Humedad,Tipo de Módulo,Type de Module,Type de Module,Y,
Module Voltage at Maximum Power,Fracción Molar,Voltaje del Módulo en Potencia Máxima,Tension du module à puissance maximale,Tension du module à puissance maximale,Y,
Moisture Diffusion Calculation Method,Peso Molecular,Método de Cálculo de Difusión de Humedad,Méthode de calcul de la diffusion d'humidité,Méthode de calcul de diffusion d'humidité,Y,Y
Moisture Equation Coefficient a,Nombre del Día de Programación del Lunes,Coeficiente a de la Ecuación de Humedad,Coefficient a de l'équation d'humidité,Coefficient a de l'équation d'humidité,Y,
Moisture Equation Coefficient b,Unidad Monetaria,Coeficiente b de la Ecuación de Humedad,Coefficient b de l'équation d'humidité,Coefficient b de l'équation d'humidité,Y,
Moisture Equation Coefficient c,Mes,Coeficiente c de la Ecuación de Humedad,Coefficient c de l'équation d'humidité,Coefficient d'équation d'humidité c,Y,Y
Moisture Equation Coefficient d,Nombre del Programa Mensual,Coeficiente de Ecuación de Humedad d,Coefficient d de l'équation d'humidité,Coefficient d de l'équation d'humidité,Y,
Molar Fraction,Cargo Mensual o Nombre de Variable,Fracción Molar,Fraction molaire,Fraction molaire,Y,
Molecular Weight,Meses desde el Inicio,Peso Molecular,Masse molaire,Masse Molaire,Y,Y
Monday Schedule:Day Name,Relación de Poleas del Motor del Ventilador,Lunes Horario:Nombre del Día,Emploi du temps du lundi : Nom du jour,Planification jour de lundi:Nom du jour,Y,Y
Monetary Unit,Fracción del Motor en la Corriente de Aire,Unidad Monetaria,Unité monétaire,Unité monétaire,Y,
Month,Fracción Radiativa de Pérdidas del Motor,Mes,Mois,Mois,Y,
Month Schedule Name,Nombre de Zona de Pérdida del Motor,Nombre de Calendario Mensual,Nom du calendrier mensuel,Nom de l'Emploi du Temps Mensuel,Y,Y
Monthly Charge or Variable Name,Velocidad Máxima del Motor,Cargo Mensual o Nombre de Variable,Frais mensuels ou nom de variable,Frais mensuels ou Nom de variable,Y,Y
Months from Start,Factor de Dimensionamiento del Motor,Meses desde el inicio,Mois depuis le début,Mois depuis le début,Y,
Motor Efficiency,Eficiencia del Motor,Eficiencia del Motor,Rendement du moteur,Rendement du moteur,,
Motor Fan Pulley Ratio,Tipo de Control de Superficie Múltiple,Relación de Poleas Motor-Ventilador,Rapport de Poulie Moteur-Ventilateur,Rapport de Diamètre des Poulies Moteur/Ventilateur,Y,Y
Motor In Air Stream Fraction,Valor del Multiplicador o Nombre de Variable,Fracción del Motor en la Corriente de Aire,Fraction du moteur dans le flux d'air,Fraction de Moteur dans le Flux d'Air,Y,Y
Motor In Airstream Fraction,Fracción del Motor en la Corriente de Aire,Fracción del Motor en la Corriente de Aire,Fraction du moteur dans le flux d'air,Fraction de Moteur dans le Flux d'Air,,Y
Motor Loss Radiative Fraction,Factor de Emisión de N2O,Fracción Radiante de Pérdidas del Motor,Fraction Radiative des Pertes Moteur,Fraction radiative des pertes moteur,Y,Y
Motor Loss Zone Name,Nombre del Cronograma del Factor de Emisión de N2O,Nombre de la Zona de Pérdidas del Motor,Nom de la zone de perte moteur,Nom de la Zone des Pertes Moteur,Y,Y
Motor Maximum Speed,Velocidad Máxima del Motor,Velocidad Máxima del Motor,Vitesse Maximale du Moteur,Vitesse Maximale du Moteur,,
Motor Sizing Factor,Nombre de Interfaz Externa,Factor de Tamaño del Motor,Facteur de Dimensionnement du Moteur,Facteur de dimensionnement du moteur,Y,Y
Multiple Surface Control Type,Nombre del Objeto,Tipo de Control de Superficie Múltiple,Type de Contrôle de Surface Multiple,Type de contrôle de surfaces multiples,Y,Y
Multiplier,Multiplicador,Multiplicador,Multiplicateur,Multiplicateur,,
Multiplier Value or Variable Name,Eficiencia Nominal,Valor del Multiplicador o Nombre de Variable,Valeur multiplicatrice ou nom de variable,Valeur du Multiplicateur ou Nom de Variable,Y,Y
N2O Emission Factor,Inflación de Gas Natural,Factor de Emisión de N2O,Facteur d'émission de N2O,Facteur d'émission N2O,Y,Y
N2O Emission Factor Schedule Name,Tipo de Producto NFRC para Cálculos de Ensamble,Nombre de la Programación del Factor de Emisión de N2O,Nom du calendrier du facteur d'émission N2O,Nom de l'horaire du facteur d'émission N2O,Y,Y
Name,Nombre,Nombre,Nom,Nom,,
Name of a Python Plugin Variable,Factor de emisión de NH3,Nombre de una Variable de Complemento de Python,Nom d'une variable de plugin Python,Nom d'une variable de plugin Python,Y,
Name of External Interface,Nombre de Calendario del Factor de Emisión de NH3,Nombre de Interfaz Externa,Nom de l'Interface Externe,Nom de l'Interface Externe,Y,
Name of Object,Pérdida de Potencia de Tara Nocturna,Nombre del Objeto,Nom de l'objet,Nom de l'objet,Y,
Nameplate Efficiency,Fracción de Flujo en Modo de Ventilación Nocturna,Eficiencia de Placa,Rendement nominal,Rendement nominal,Y,
NaturalGas Inflation,Modo de Ventilación Nocturna Aumento de Presión,Inflación de Gas Natural,Inflation du gaz naturel,Inflation du gaz naturel,Y,
NFRC Product Type for Assembly Calculations,Fracción de Flujo de Ventilación Nocturna,Tipo de Producto NFRC para Cálculos de Ensamblaje,Type de produit NFRC pour les calculs d'assemblage,Type de produit NFRC pour les calculs d'assemblage,Y,
NH3 Emission Factor,Región NIST,Factor de Emisión de NH3,Facteur d'émission NH3,Facteur d'émission NH3,Y,
NH3 Emission Factor Schedule Name,Sector NIST,Nombre de Calendario del Factor de Emisión de NH3,Nom de l'horaire du facteur d'émission NH3,Nom de l'horaire du facteur d'émission NH3,Y,
Night Tare Loss Power,Factor de Emisión de COVNM,Potencia de Pérdida en Reposo Nocturno,Puissance de perte de tare nocturne,Puissance de pertes parasites nocturnes,Y,Y
Night Ventilation Mode Flow Fraction,Nombre del Programa de Factor de Emisión de NMVOC,Fracción de Flujo en Modo de Ventilación Nocturna,Fraction du débit en mode ventilation nocturne,Fraction de débit du mode ventilation nocturne,Y,Y
Night Ventilation Mode Pressure Rise,Velocidad Mínima de Control de Caudal de Aire de Suministro sin Carga,Aumento de Presión en Modo Ventilación Nocturna,Augmentation de Pression en Mode Ventilation Nocturne,Augmentation de pression en mode ventilation nocturne,Y,Y
Night Venting Flow Fraction,Relación de Caudal de Aire de Suministro sin Carga,Fracción de Flujo de Ventilación Nocturna,Fraction de débit de ventilation nocturne,Fraction du débit de ventilation nocturne,Y,Y
NIST Region,Coeficiente de Pérdida Adicional del Nodo 1,Región NIST,Région NIST,Région NIST,Y,
NIST Sector,Nombre del Nodo 1,Sector NIST,Secteur NIST,Secteur NIST,Y,
NMVOC Emission Factor,Coeficiente de Pérdida Adicional del Nodo 10,Factor de Emisión de NMVOC,Facteur d'émission de COVNM,Facteur d'émission NMVOC,Y,Y
NMVOC Emission Factor Schedule Name,Coeficiente de Pérdida Adicional del Nodo 11,Nombre de Cronograma del Factor de Emisión de COVNM,Nom de l'agenda du facteur d'émission COVNM,Nom de la planification du facteur d'émission COVNM,Y,Y
No Load Supply Air Flow Rate Control Set To Low Speed,Coeficiente de Pérdida Adicional del Nodo 12,Control de Caudal de Suministro en Condición sin Carga Establecido en Velocidad Baja,Contrôle du débit d'air fourni à débit nul réglé à faible vitesse,Contrôle du débit d'air de soufflage à charge nulle réglé sur vitesse basse,Y,Y
No Load Supply Air Flow Rate Ratio,Coeficiente de Pérdida Adicional del Nodo 2,Relación de Caudal de Aire de Suministro sin Carga,Rapport du débit d'air neuf fourni à charge nulle,Fraction de débit d'air de soufflage à charge nulle,Y,Y
Node 1 Additional Loss Coefficient,Nombre del Nudo 2,Coeficiente de Pérdida Adicional Nodo 1,Coefficient de Perte Supplémentaire du Nœud 1,Coefficient de perte supplémentaire du nœud 1,Y,Y
Node 1 Name,Coeficiente de Pérdida Adicional del Nodo 3,Nombre del Nodo 1,Nom du nœud 1,Nom du nœud 1,Y,
Node 10 Additional Loss Coefficient,Coeficiente de Pérdida Adicional del Nodo 4,Coeficiente de Pérdida Adicional del Nodo 10,Coefficient de perte supplémentaire du nœud 10,Coefficient de perte supplémentaire du nœud 10,Y,
Node 11 Additional Loss Coefficient,Coeficiente de Pérdida Adicional del Nodo 5,Coeficiente de Pérdida Adicional del Nodo 11,Coefficient de perte supplémentaire du nœud 11,Coefficient de Perte Supplémentaire du Nœud 11,Y,Y
Node 12 Additional Loss Coefficient,Coeficiente de Pérdida Adicional del Nodo 6,Coeficiente de Pérdida Adicional del Nodo 12,Coefficient de perte supplémentaire du nœud 12,Coefficient de perte supplémentaire du nœud 12,Y,
Node 2 Additional Loss Coefficient,Coeficiente de Pérdida Adicional del Nodo 7,Coeficiente de Pérdida Adicional Nodo 2,Coefficient de perte supplémentaire du nœud 2,Coefficient de Perte Supplémentaire du Nœud 2,Y,Y
Node 2 Name,Coeficiente de Pérdida Adicional del Nodo 8,Nombre del Nodo 2,Nom du Nœud 2,Nom du nœud 2,Y,Y
Node 3 Additional Loss Coefficient,Coeficiente de Pérdida Adicional del Nodo 9,Coeficiente de Pérdida Adicional del Nodo 3,Coefficient de perte supplémentaire du nœud 3,Coefficient de Perte Supplémentaire du Nœud 3,Y,Y
Node 4 Additional Loss Coefficient,Altura del Nodo,Coeficiente de Pérdidas Adicionales Nodo 4,Coefficient de perte supplémentaire du nœud 4,Coefficient de Perte Supplémentaire du Nœud 4,Y,Y
Node 5 Additional Loss Coefficient,Velocidad Nominal del Aire en la Cara,Coeficiente de Pérdida Adicional del Nodo 5,Coefficient de Perte Supplémentaire du Nœud 5,Coefficient de Perte Supplémentaire du Nœud 5,Y,
Node 6 Additional Loss Coefficient,Caudal de Aire Nominal,Coeficiente de Pérdida Adicional Nodo 6,Coefficient de perte supplémentaire du nœud 6,Coefficient de Perte Supplémentaire du Nœud 6,Y,Y
Node 7 Additional Loss Coefficient,Potencia Eléctrica Auxiliar Nominal,Coeficiente de Pérdida Adicional del Nodo 7,Coefficient de perte supplémentaire du nœud 7,Coefficient de perte supplémentaire du nœud 7,Y,
Node 8 Additional Loss Coefficient,Eficiencia Energética Nominal de Carga,Coeficiente de Pérdida Adicional del Nodo 8,Coefficient de perte supplémentaire du nœud 8,Coefficient de perte supplémentaire du nœud 8,Y,
Node 9 Additional Loss Coefficient,Capacidad Nominal de Enfriamiento,Coeficiente de Pérdida Adicional del Nodo 9,Coefficient de perte supplémentaire du nœud 9,Coefficient de Perte Additionnelle du Nœud 9,Y,Y
Node Height,COP Nominal,Altura del Nodo,Hauteur du nœud,Hauteur du nœud,Y,
Nominal Air Face Velocity,Eficiencia Energética Nominal de Descarga,Velocidad Nominal del Aire en la Cara del Intercambiador,Vitesse nominale de l'air en façade,Vitesse nominale de l'air en face d'échangeur,Y,Y
Nominal Air Flow Rate,Tasa de Descuento Nominal,Caudal de Aire Nominal,Débit d'air nominal,Débit d'air nominal,Y,
Nominal Auxiliary Electric Power,Eficiencia Nominal,Potencia Eléctrica Auxiliar Nominal,Puissance électrique auxiliaire nominale,Puissance électrique auxiliaire nominale,Y,
Nominal Capacity,Capacidad Nominal,Capacidad Nominal,Capacité nominale,Capacité nominale,,
Nominal Charging Energetic Efficiency,Potencia Eléctrica Nominal,Eficiencia Energética Nominal de Carga,Rendement énergétique nominal à la charge,Rendement Énergétique Nominal en Charge,Y,Y
Nominal Cooling Capacity,Potencia Eléctrica Nominal,Capacidad Nominal de Enfriamiento,Capacité nominale de refroidissement,Capacité de refroidissement nominale,Y,Y
Nominal COP,Eficiencia Energética Nominal para la Carga,COP Nominal,COP nominal,COP nominal,Y,
Nominal Discharging Energetic Efficiency,Potencia Nominal de la Bomba del Condensador Evaporativo,Eficiencia Energética Nominal en Descarga,Rendement Énergétique Nominal en Décharge,Rendement Énergétique Nominal en Décharge,Y,
Nominal Discount Rate,Temperatura Nominal de Salida del Aire de Escape,Tasa de Descuento Nominal,Taux d'escompte nominal,Taux d'actualisation nominal,Y,Y
Nominal Efficiency,Altura Nominal de Piso a Techo,Eficiencia Nominal,Efficacité nominale,Rendement Nominal,Y,Y
Nominal Electric Power,Altura Nominal Entre Pisos,Potencia Eléctrica Nominal,Puissance électrique nominale,Puissance électrique nominale,Y,
Nominal Electrical Power,Capacidad Nominal de Calefacción,Potencia Eléctrica Nominal,Puissance électrique nominale,Puissance électrique nominale,Y,
Nominal Energetic Efficiency for Charging,Temperatura Ambiente de Prueba de Temperatura de Celda de Operación Nominal,Eficiencia Energética Nominal en Carga,Rendement Énergétique Nominal pour la Charge,Rendement énergétique nominal en charge,Y,Y
Nominal Evaporative Condenser Pump Power,Temperatura Nominal de Celda en Operación Temperatura de Celda de Prueba,Potencia Nominal de la Bomba del Condensador Evaporativo,Puissance Nominale de la Pompe du Condenseur Évaporatif,Puissance Nominale de la Pompe du Condenseur Évaporatif,Y,
Nominal Exhaust Air Outlet Temperature,Temperatura de Funcionamiento Nominal de la Célula Insolación de Prueba,Temperatura Nominal de Salida del Aire de Escape,Température nominale de sortie d'air d'échappement,Température nominale de sortie d'air d'échappement,Y,
Nominal Floor to Ceiling Height,Potencia Nominal de Bombeo,Altura Nominal de Piso a Techo,Hauteur nominale du sol au plafond,Hauteur nominale du sol au plafond,Y,
Nominal Floor to Floor Height,Nivel de Velocidad Nominal,Altura Nominal Piso a Piso,Hauteur nominale plancher à plancher,Hauteur nominale étage à étage,Y,Y
Nominal Heating Capacity,Número de Velocidad Nominal,Capacidad Nominal de Calefacción,Capacité de chauffage nominale,Capacité Nominale de Chauffage,Y,Y
Nominal Operating Cell Temperature Test Ambient Temperature,Temperatura Nominal de Chimenea,Temperatura Ambiente de Prueba de Temperatura de Célula Nominal en Operación,Température Ambiante d'Essai de la Température Nominale de Fonctionnement des Cellules,Température ambiante du test de température nominale de fonctionnement de la cellule,Y,Y
Nominal Operating Cell Temperature Test Cell Temperature,Caudal Nominal de Aire de Suministro,Temperatura de Celda en Prueba de Temperatura Nominal de Operación,Température nominale de fonctionnement de la cellule Test Température de la cellule,Température de Cellule Nominale de Fonctionnement - Température de Cellule d'Essai,Y,Y
Nominal Operating Cell Temperature Test Insolation,Volumen Nominal del Tanque para Autosizing de Conexiones del Sistema,Insolación de Prueba de Temperatura Nominal de Operación de Celda,Insolation d'essai de la température nominale de fonctionnement de la cellule,Insolation d'essai de température nominale de fonctionnement des cellules,Y,Y
Nominal Pumping Power,Tiempo nominal para que el condensado comience a salir de la bobina,Potencia de Bombeo Nominal,Puissance de Pompage Nominale,Puissance de pompage nominale,Y,Y
Nominal Speed Level,Voltaje de Entrada Nominal,Nivel de Velocidad Nominal,Niveau de vitesse nominale,Niveau de Vitesse Nominal,Y,Y
Nominal Speed Number,Coordenada Z Nominal,Número de Velocidad Nominal,Numéro de vitesse nominale,Numéro de Vitesse Nominale,Y,Y
Nominal Stack Temperature,Rendimiento de la Bobina Etapa 1 Modo Normal,Temperatura Nominal de la Chimenea,Température nominale de tirage thermique,Température de pile nominale,Y,Y
Nominal Supply Air Flow Rate,Rendimiento de Bobina Modo Normal Etapa 1 Más 2,Caudal de Aire Primario Nominal,Débit d'air nominal à l'alimentation,Débit d'air nominal au primaire,Y,Y
Nominal Tank Volume for Autosizing Plant Connections,Divisor de Normalización,Volumen de Tanque Nominal para Autoajuste de Conexiones de Planta,Volume nominale du réservoir pour l'autodimensionnement des connexions de la centrale,Volume nominal du réservoir pour l'autoajustement des connexions de boucle,Y,Y
Nominal Thermal Efficiency,Eficiencia Térmica Nominal,Eficiencia Térmica Nominal,Rendement Thermique Nominal,Rendement Thermique Nominal,,
Nominal Time for Condensate Removal to Begin,Tiempo Nominal para Inicio de Drenaje de Condensado,Tiempo Nominal para que Comience la Eliminación de Condensados,Temps nominal du début de l'élimination du condensat,Temps nominal de début de l'évacuation du condensat,Y,Y
Nominal Time for Condensate to Begin Leaving the Coil,Método de Normalización,Tiempo Nominal para que el Condensado Comience a Salir de la Bobina,Temps nominal pour que le condensat commence à quitter la bobine,Temps nominal de début de drainage du condensat de la serpentine,Y,Y
Nominal Voltage Input,Referencia de Normalización,Voltaje de Entrada Nominal,Tension d'entrée nominale,Tension d'entrée nominale,Y,
Nominal Z Coordinate,Valor de Referencia de Normalización,Coordenada Z Nominal,Coordonnée Z nominale,Cote Z nominale,Y,Y
Normal Mode Stage 1 Coil Performance,Nombre de Curva de Eficiencia de Correa Normalizada - Región 1,Desempeño de la Bobina Etapa 1 Modo Normal,Performances de la bobine - Mode Normal Étage 1,Performances de la Bobine en Mode Normal Étage 1,Y,Y
Normal Mode Stage 1 Plus 2 Coil Performance,Nombre de Curva de Eficiencia de Correa Normalizada - Región 2,Rendimiento de Bobina Normal Modo Etapa 1 Más 2,Performance de la Bobine Étape 1 Plus 2 en Mode Normal,Rendement de la Bobine Étage 1 Plus 2 Mode Normal,Y,Y
Normalization Divisor,Nombre de la Curva de Eficiencia Normalizada de Correa - Región 3,Divisor de Normalización,Diviseur de normalisation,Diviseur de normalisation,Y,
Normalization Method,Nombre de Curva de Función de Capacidad Normalizada en Función de Temperatura,Método de Normalización,Méthode de normalisation,Méthode de normalisation,Y,
Normalization Reference,Nombre de Curva de Función de Capacidad de Enfriamiento Normalizada en Función de la Temperatura,Referencia de Normalización,Référence de Normalisation,Référence de Normalisation,Y,
Normalization Reference Value,Nombre de Curva de Flujo de Aire Adimensional Normalizado - Región Sin Pérdida de Sustentación,Valor de Referencia de Normalización,Valeur de Référence de Normalisation,Valeur de Référence de Normalisation,Y,
Normalized Belt Efficiency Curve Name - Region 1,Nombre de la Curva de Flujo de Aire Adimensional Normalizado-Región de Pérdida de Sustentación,Nombre de Curva de Eficiencia de Correa Normalizada - Región 1,Nom de courbe de rendement de courroie normalisé - Région 1,Nom de la courbe de rendement de courroie normalisé - Région 1,Y,Y
Normalized Belt Efficiency Curve Name - Region 2,Nombre de la Curva de Eficiencia Estática Normalizada del Ventilador - Región Sin Pérdida de Sustentación,Nombre de Curva de Eficiencia de Correa Normalizada - Región 2,Nom de la courbe d'efficacité de courroie normalisée - Région 2,Nom de la courbe d'efficacité de la courroie normalisée - Région 2,Y,Y
Normalized Belt Efficiency Curve Name - Region 3,Nombre de la Curva de Eficiencia Estática Normalizada del Ventilador - Región de Pérdida de Sustentación,Nombre de la Curva de Eficiencia de la Correa Normalizada - Región 3,Nom de la courbe d'efficacité de courroie normalisée - Région 3,Nom de la courbe de rendement de la courroie normalisé - Région 3,Y,Y
Normalized Boiler Efficiency Curve Name,Nombre de la Curva de Eficiencia Normalizada de la Caldera,Nombre de Curva de Eficiencia Normalizada de Caldera,Nom de la courbe d'efficacité normalisée de la chaudière,Nom de la courbe d'efficacité thermique normalisée de la chaudière,Y,Y
Normalized Capacity Function of Temperature Curve Name,Nombre de Curva de Función de Capacidad de Calefacción Normalizada en Función de la Temperatura,Nombre de Curva de Función de Capacidad Normalizada en Función de Temperatura,Nom de la courbe de fonction de capacité normalisée en fonction de la température,Nom de la courbe de fonction de capacité normalisée en fonction de la température,Y,
Normalized Cooling Capacity Function of Temperature Curve Name,Nombre de Curva de Eficiencia de Motor Normalizada,Nombre de Curva de Función de Capacidad de Enfriamiento Normalizada en Función de Temperatura,Nom de la courbe de fonction de capacité de refroidissement normalisée en fonction de la température,Nom de la Courbe de Fonction de Capacité de Refroidissement Normalisée en Fonction de la Température,Y,Y
Normalized Dimensionless Airflow Curve Name-Non-Stall Region,Eje Norte,Nombre de la Curva de Flujo de Aire Adimensional Normalizado - Región Sin Pérdida de Carga,Nom de courbe de flux d'air adimensionnel normalisé - Région sans décrochage,Nom de la Courbe de Débit d'Air Adimensionnel Normalisé - Région Sans Décrochage,Y,Y
Normalized Dimensionless Airflow Curve Name-Stall Region,Temperatura Profunda del Terreno en Noviembre,Nombre de Curva de Flujo de Aire Adimensional Normalizado-Región de Pérdida,Nom de la courbe de débit d'air sans dimension normalisé - Région de décrochage,Nom de la courbe de débit d'air adimensionnel normalisé - région de décrochage,Y,Y
Normalized Fan Static Efficiency Curve Name-Non-Stall Region,Reflectancia del Terreno en Noviembre,Nombre de Curva de Eficiencia Estática Normalizada del Ventilador - Región sin Pérdida de Carga,Nom de la courbe d'efficacité statique normalisée du ventilateur - Région sans décrochage,Nom de la courbe d'efficacité statique du ventilateur normalisée - Région sans décrochage,Y,Y
Normalized Fan Static Efficiency Curve Name-Stall Region,Temperatura del Terreno en Noviembre,Nombre de Curva de Eficiencia Estática Normalizada del Ventilador-Región de Pérdida,Nom de la courbe d'efficacité statique du ventilateur normalisée - Région de décrochage,Nom de la courbe de rendement statique normalisé du ventilateur - Région de décrochage,Y,Y
Normalized Heating Capacity Function of Temperature Curve Name,Temperatura de Superficie del Terreno en Noviembre,Nombre de la Curva de Función de Capacidad de Calefacción Normalizada en Función de la Temperatura,Nom de la courbe de la fonction de capacité de chauffage normalisée en fonction de la température,Nom de la courbe de fonction de capacité de chauffage normalisée en fonction de la température,Y,Y
Normalized Motor Efficiency Curve Name,Valor de Noviembre,Nombre de Curva de Eficiencia del Motor Normalizada,Nom de la courbe d'efficacité moteur normalisée,Nom de la courbe d'efficacité moteur normalisée,Y,
North Axis,Factor de Emisión de NOx,Eje Norte del Edificio,Axe Nord,Axe Nord du bâtiment,Y,Y
November Deep Ground Temperature,Nombre del Cronograma de Factor de Emisión de NOx,Temperatura Profunda del Terreno en Noviembre,Température Profonde du Sol en Novembre,Température Profonde du Sol en Novembre,Y,
November Ground Reflectance,Factor de Emisión de Nivel Alto Nuclear,Reflectancia del Terreno en Noviembre,Réflectance du sol en novembre,Réflectance du sol en novembre,Y,
November Ground Temperature,Nombre de Programa de Factor de Emisión Nuclear de Alto Nivel,Temperatura del Terreno en Noviembre,Température du sol en novembre,Température du sol en novembre,Y,
November Surface Ground Temperature,Factor de Emisión Bajo Nivel Nuclear,Temperatura Superficial del Terreno en Noviembre,Température du sol de surface en novembre,Température du sol de surface en novembre,Y,
November Value,Nombre de Horario del Factor de Emisión Bajo Nivel Nuclear,Valor de Noviembre,Valeur de novembre,Valeur novembre,Y,Y
NOx Emission Factor,Número de Baños,Factor de Emisión de NOx,Facteur d'émission NOx,Facteur d'émission NOx,Y,
NOx Emission Factor Schedule Name,Número de Vigas,Nombre de Schedule del Factor de Emisión de NOx,Nom du calendrier du facteur d'émission NOx,Nom de l'Horaire du Facteur d'Émission NOx,Y,Y
Nuclear High Level Emission Factor,Número de Dormitorios,Factor de Emisión de Residuos Nucleares de Alto Nivel,Facteur d'émission élevé du nucléaire,Coefficient d'Émission Nucléaire de Haut Niveau,Y,Y
Nuclear High Level Emission Factor Schedule Name,Número de Palas,Nombre de Calendario de Factor de Emisión de Alto Nivel Nuclear,Nom de l'horaire du facteur d'émission nucléaire haute niveau,Nom de l'agenda du facteur d'émission des déchets nucléaires haute activité,Y,Y
Nuclear Low Level Emission Factor,Número de Perforaciones,Factor de Emisión Nuclear de Bajo Nivel,Facteur d'émission faible du nucléaire,Facteur d'émission nucléaire bas niveau,Y,Y
Nuclear Low Level Emission Factor Schedule Name,Número de Etapas de Capacidad,Nombre de Horario de Factor de Emisión de Bajo Nivel Nuclear,Nom de l'horaire du facteur d'émission faible du nucléaire,Nom du calendrier du facteur d'émission faible niveau nucléaire,Y,Y
Number of Bathrooms,Número de Celdas,Número de Baños,Nombre de salles de bain,Nombre de salles de bains,Y,Y
Number of Beams,Número de Celdas en Paralelo,Número de Vigas,Nombre de poutres,Nombre de poutres,Y,
Number of Bedrooms,Número de Celdas en Serie,Número de Dormitorios,Nombre de chambres,Nombre de chambres,Y,
Number of Blades,Número de Módulos de Enfriador-Calefactor,Número de Aspas,Nombre de pales,Nombre de pales,Y,
Number of Bore Holes,Número de Circuitos,Número de Pozos de Sondeo,Nombre de forages,Nombre de forages,Y,
Number of Capacity Stages,Número de Constituyentes en Suministro de Combustible Constituyente Gaseoso,Número de Etapas de Capacidad,Nombre d'étapes de capacité,Nombre de paliers de capacité,Y,Y
Number of Cells,Número de Etapas de Enfriamiento,Número de Celdas,Nombre de cellules,Nombre de cellules,Y,
Number of Cells in Parallel,Número de Cubiertas,Número de Celdas en Paralelo,Nombre de cellules en parallèle,Nombre de cellules en parallèle,Y,
Number of Cells in Series,Número de Vistas de Iluminación Natural,Número de Celdas en Serie,Nombre de cellules en série,Nombre de cellules en série,Y,
Number of Chiller Heater Modules,Número de Días en Período de Facturación,Número de Módulos de Enfriador-Calentador,Nombre de modules refroidisseur-réchauffeur,Nombre de modules refroidisseur-chauffeur,Y,Y
Number of Circuits,Número De Puertas,Número de Circuitos,Nombre de circuits,Nombre de circuits,Y,
Number of Compressors,Número de Compresores,Número de Compresores,Nombre de compresseurs,Nombre de compresseurs,,
Number of Constituents in Gaseous Constituent Fuel Supply,Número de Modos de Deshumidificación Mejorada,Número de Constituyentes en Suministro de Combustible Gaseoso,Nombre de constituants dans l'alimentation en carburant à constituant gazeux,Nombre de constituants dans l'approvisionnement en combustible gazeux,Y,Y
Number of Cooling Stages,Número de Gases en la Mezcla,Número de Etapas de Enfriamiento,Nombre d'étapes de refroidissement,Nombre d'étapes de refroidissement,Y,
Number of Covers,Número de Vectores de Vista de Deslumbramiento,Número de Cubiertas,Nombre de couvertures,Nombre de vitrages,Y,Y
Number of Daylighting Views,Número de Etapas de Calefacción,Número de Vistas de Iluminación Natural,Nombre de vues d'éclairage naturel,Nombre de vues d'éclairage naturel,Y,
Number of Days in Billing Period,Número de Divisores Horizontales,Número de Días en Período de Facturación,Nombre de jours dans la période de facturation,Nombre de jours dans la période de facturation,Y,
Number Of Doors,Número de Horas de Datos,Número de Puertas,Nombre de portes,Nombre de portes,Y,
Number of Enhanced Dehumidification Modes,Número de Variables Independientes,Número de Modos de Deshumidificación Mejorada,Nombre de modes de déshumidification améliorée,Nombre de modes de déshumidification renforcée,Y,Y
Number of Gases in Mixture,Número de Puntos de Interpolación,Número de Gases en la Mezcla,Nombre de gaz dans le mélange,Nombre de gaz dans le mélange,Y,
Number of Glare View Vectors,Número de Módulos en Paralelo,Número de Vectores de Vista de Deslumbramiento,Nombre de vecteurs de vue d'éblouissement,Nombre de vecteurs de vue pour l'éblouissement,Y,Y
Number of Heating Stages,Número de Módulos en Serie,Número de Etapas de Calefacción,Nombre d'étages de chauffage,Nombre d'étapes de chauffage,Y,Y
Number of Horizontal Dividers,Número de Meses,Número de Divisores Horizontales,Nombre de diviseurs horizontaux,Nombre de traverses horizontales,Y,Y
Number of Hours of Data,Número de Días Anteriores,Número de Horas de Datos,Nombre d'heures de données,Nombre d'heures de données,Y,
Number of Independent Variables,Número de Bombas en el Banco,Número de Variables Independientes,Nombre de variables indépendantes,Nombre de variables indépendantes,Y,
Number of Interpolation Points,Número de Bombas en el Circuito,Número de Puntos de Interpolación,Nombre de points d'interpolation,Nombre de points d'interpolation,Y,
Number of Modules in Parallel,Número de Horas de Funcionamiento al Inicio de la Simulación,Número de Módulos en Paralelo,Nombre de modules en parallèle,Nombre de modules en parallèle,Y,
Number of Modules in Series,Número de Velocidades para Enfriamiento,Número de Módulos en Serie,Nombre de modules en série,Nombre de modules en série,Y,
Number of Months,Número de Velocidades para Calefacción,Número de Meses,Nombre de mois,Nombre de mois,Y,
Number of Nodes,Número de Nodos,Número de Nodos,Nombre de nœuds,Nombre de nœuds,,
Number of People,Número de Personas,Número de Personas,Nombre d'occupants,Nombre de personnes,,Y
Number of People Calculation Method,Método de Cálculo del Número de Personas,Método de Cálculo del Número de Personas,Méthode de calcul du nombre de personnes,Méthode de calcul du nombre d'occupants,,Y
Number of People Schedule Name,Nombre del Horario de Número de Personas,Nombre del Calendario de Número de Personas,Nom de l'emploi du temps du nombre de personnes,Nom de l'Emploi du Temps du Nombre d'Occupants,Y,Y
Number of Previous Days,Número de Pasos de Control Escalonado,Número de Días Anteriores,Nombre de jours précédents,Nombre de jours précédents,Y,
Number of Pumps in Bank,Número de Paradas al Inicio de la Simulación,Número de Bombas en el Banco,Nombre de pompes dans le groupe,Nombre de pompes dans la batterie,Y,Y
Number of Pumps in Loop,Número de Cadenas en Paralelo,Número de Bombas en el Circuito,Nombre de pompes dans la boucle,Nombre de pompes dans la boucle,Y,
Number of Run Hours at Beginning of Simulation,Número de Hilos Permitidos,Número de Horas de Funcionamiento al Inicio de la Simulación,Nombre d'heures d'exécution au début de la simulation,Nombre d'heures de fonctionnement au début de la simulation,Y,Y
Number of Speeds for Cooling,Número de Veces que el Período de Simulación se Repetirá,Número de Velocidades para Enfriamiento,Nombre de vitesses pour le refroidissement,Nombre de vitesses de refroidissement,Y,Y
Number of Speeds for Heating,Número de Pasos de Tiempo por Hora,Número de Velocidades para Calefacción,Nombre de vitesses pour le chauffage,Nombre de vitesses pour le chauffage,Y,
Number of Stepped Control Steps,Número de Pasos de Tiempo a Registrar,Número de Escalones de Control Escalonado,Nombre d'étapes de contrôle échelonné,Nombre d'étapes de contrôle progressif,Y,Y
Number of Stops at Start of Simulation,Número de Zanjas,Número de Paradas al Inicio de la Simulación,Nombre d'arrêts au début de la simulation,Nombre d'arrêts au début de la simulation,Y,
Number of Strings in Parallel,Número de Unidades,Número de Strings en Paralelo,Nombre de chaînes en parallèle,Nombre de chaînes en parallèle,Y,
Number of Threads Allowed,Número de Constituyentes Definidos por el Usuario,Número de Subprocesos Permitidos,Nombre de threads autorisés,Nombre de threads autorisés,Y,
Number of Times Runperiod to be Repeated,Número de Divisores Verticales,Número de Repeticiones del Período de Simulación,Nombre de fois que la période de simulation doit être répétée,Nombre de répétitions de la période de simulation,Y,Y
Number of Timesteps per Hour,Número de Vértices,Número de Pasos de Tiempo por Hora,Nombre d'intervalles de temps par heure,Nombre d'intervalles de temps par heure,Y,
Number of Timesteps to be Logged,Número de Puntos de Cuadrícula X,Número de Pasos de Tiempo a Registrar,Nombre d'intervalles de temps à enregistrer,Nombre de pas de temps à enregistrer,Y,Y
Number of Trenches,Número de Puntos de Cuadrícula en Y,Número de Zanjas,Nombre de tranchées,Nombre de tranchées,Y,
Number of Units,Tipo Numérico,Número de Unidades,Nombre d'unités,Nombre d'unités,Y,
Number of UserDefined Constituents,Nombre de Objeto,Número de Constituyentes Definidos por el Usuario,Nombre de constituants définis par l'utilisateur,Nombre de constituants définis par l'utilisateur,Y,
Number of Vertical Dividers,Verificación de Ocupación,Número de Divisores Verticales,Nombre de séparateurs verticaux,Nombre de montants verticaux,Y,Y
Number of Vertices,Diversidad de Ocupantes,Número de Vértices,Nombre de sommets,Nombre de sommets,Y,
Number of X Grid Points,Nombre del Control de Ventilación del Ocupante,Número de Puntos de Cuadrícula en X,Nombre de points de grille X,Nombre de points de grille en X,Y,Y
Number of Y Grid Points,Temperatura Profunda del Terreno en Octubre,Número de Puntos de Cuadrícula en Y,Nombre de points de grille Y,Nombre de points de grille en Y,Y,Y
Numeric Type,Reflectancia del Terreno en Octubre,Tipo Numérico,Type Numérique,Type Numérique,Y,
Object Name,Temperatura del Terreno en Octubre,Nombre del Objeto,Nom de l'objet,Nom de l'Objet,Y,Y
Occupancy Check,Temperatura del Terreno de la Superficie en Octubre,Verificación de Ocupación,Vérification de l'occupation,Vérification de l'Occupation,Y,Y
Occupant Diversity,Valor de Octubre,Diversidad de Ocupantes,Diversité des occupants,Diversité d'occupants,Y,Y
Occupant Ventilation Control Name,Coeficiente de Pérdida de Gases de Combustión en Ciclo Desactivado a Temperatura Ambiente,Nombre del Control de Ventilación del Ocupante,Nom de la commande de ventilation des occupants,Nom du contrôle de ventilation des occupants,Y,Y
October Deep Ground Temperature,Fracción de Pérdida de Gases de Escape Fuera del Ciclo hacia la Zona,Temperatura Profunda del Suelo en Octubre,Température Profonde du Sol en Octobre,Température profonde du sol en octobre,Y,Y
October Ground Reflectance,Fracción de Pérdida Fuera de Ciclo hacia la Zona Térmica,Reflectancia del Terreno en Octubre,Réflectance du sol en octobre,Réflectance du sol en octobre,Y,
October Ground Temperature,Carga Eléctrica Parásita Fuera de Ciclo,Temperatura del Terreno en Octubre,Température du sol en octobre,Température du sol en octobre,Y,
October Surface Ground Temperature,Altura del Consumo Auxiliar Fuera de Ciclo,Temperatura del Suelo de Superficie en Octubre,Température du sol en octobre,Température du sol de surface en octobre,Y,Y
October Value,Carga Eléctrica Parásita Fuera de Ciclo,Valor de Octubre,Valeur octobre,Valeur Octobre,Y,Y
Off Cycle Flue Loss Coefficient to Ambient Temperature,Valor de Desplazamiento o Nombre de Variable,Coeficiente de Pérdida de Gases de Combustión en Ciclo Apagado a Temperatura Ambiente,Coefficient de perte de fumée hors cycle par rapport à la température ambiante,Coefficient de Perte de Gaz d'Échappement en Arrêt vers la Température Ambiante,Y,Y
Off Cycle Flue Loss Fraction to Zone,Caudal de Diseño del Enfriador de Aceite,Fracción de Pérdidas por Chimenea en Ciclo Inactivo a la Zona,Fraction de pertes de conduit hors cycle vers la zone,Fraction de perte de tirage en cycle arrêt vers la zone,Y,Y
Off Cycle Loss Coefficient to Ambient Temperature,Coeficiente de Pérdida en Ciclo Inactivo a Temperatura Ambiente,Coeficiente de Pérdida en Ciclo Inactivo a Temperatura Ambiente,Coefficient de perte hors cycle par rapport à la température ambiante,Coefficient de perte hors cycle à la température ambiante,,Y
Off Cycle Loss Fraction to Thermal Zone,Nombre del Nodo de Entrada del Enfriador de Aceite,Fracción de Pérdidas en Ciclo Apagado hacia la Zona Térmica,Fraction de perte hors cycle vers la zone thermique,Fraction de Perte Hors Cycle vers la Zone Thermique,Y,Y
Off Cycle Loss Fraction to Zone,Fracción de Pérdida en Ciclo Inactivo a Zona,Fracción de Pérdida en Ciclo Inactivo hacia la Zona,Fraction de perte hors cycle vers la zone,Fraction de perte hors cycle vers la zone,Y,
Off Cycle Parasitic Electric Load,Nombre del Nodo de Salida del Enfriador de Aceite,Carga Eléctrica Parásita Fuera de Ciclo,Charge électrique parasite hors cycle,Charge Électrique Parasite Hors Cycle,Y,Y
Off Cycle Parasitic Fuel Consumption Rate,Tasa de Consumo de Combustible Parásito en Ciclo Inactivo,Tasa de Consumo de Combustible Parasitario Fuera de Ciclo,Consommation de combustible parasite en cycle arrêt,Débit de consommation parasitaire de combustible à l'arrêt,Y,Y
Off Cycle Parasitic Fuel Load,Carga de Combustible Parásita en Ciclo Inactivo,Carga Parasitaria de Combustible en Ciclo Apagado,Charge thermique parasitaire en cycle arrêt,Charge parasitaire carburant hors cycle,Y,Y
Off Cycle Parasitic Fuel Type,Tipo de Combustible Parásito en Ciclo Inactivo,Tipo de Combustible Parásito en Ciclo Apagado,Type de Carburant Parasitaire Hors Cycle,Type de Combustible Parasitaire Hors Cycle,Y,Y
Off Cycle Parasitic Gas Load,Carga de Gas Parásita en Ciclo Inactivo,Carga Parasitaria de Gas en Ciclo Apagado,Charge Parasitaire Hors Cycle au Gaz,Charge Parasitaire Gaz en Cycle Arrêt,Y,Y
Off Cycle Parasitic Heat Fraction to Tank,Fracción de Calor Parásito al Depósito en Ciclo Inactivo,Fracción de Calor Parásito del Ciclo Apagado hacia el Tanque,Fraction de chaleur parasite hors cycle vers le réservoir,Fraction de chaleur parasite hors cycle vers le réservoir,Y,
Off Cycle Parasitic Height,Fracción de Pérdida en Ciclo hacia la Zona Térmica,Altura Parásita en Ciclo Apagado,Hauteur parasitaire hors cycle,Hauteur parasite hors cycle,Y,Y
Off-Cycle Parasitic Electric Load,Altura Parasitaria en Ciclo,Carga Eléctrica Parásita en Ciclo Inactivo,Charge Électrique Parasite hors Cycle,Consommation Électrique Parasite en Régime Arrêté,Y,Y
Offset Temperature Difference,Diferencia de Temperatura de Compensación,Diferencia de Temperatura de Compensación,Écart de Température Décalé,Écart de température de décalage,,Y
Offset Value or Variable Name,Carga Eléctrica Parásita en Ciclo Activo,Valor de Desplazamiento o Nombre de Variable,Valeur de décalage ou nom de variable,Valeur de décalage ou nom de variable,Y,
Oil Cooler Design Flow Rate,Voltaje de Circuito Abierto,Caudal de Diseño del Enfriador de Aceite,Débit de conception du refroidisseur d'huile,Débit de conception du refroidisseur d'huile,Y,
Oil Cooler Inlet Node Name,Área de Apertura,Nombre del Nodo de Entrada del Enfriador de Aceite,Nom du nœud d'entrée du refroidisseur d'huile,Nom du Nœud d'Entrée du Refroidisseur d'Huile,Y,Y
Oil Cooler Outlet Node Name,Nombre de Cronograma de Fracción de Área de Abertura,Nombre del Nodo de Salida del Enfriador de Aceite,Nom du nœud de sortie du refroidisseur d'huile,Nom du nœud de sortie du refroidisseur d'huile,Y,
On Cycle Loss Coefficient to Ambient Temperature,Coeficiente de Pérdida en Ciclo Activo a Temperatura Ambiente,Coeficiente de Pérdida en Ciclo Hacia Temperatura Ambiente,Coefficient de perte à l'arrêt par rapport à la température ambiante,Coefficient de perte en cycle fermé vers la température ambiante,Y,Y
On Cycle Loss Fraction to Thermal Zone,Efectividad de Abertura,Fracción de Pérdida en Ciclo Activo a la Zona Térmica,Fraction de perte en cycle thermique vers la zone thermique,Fraction des pertes en cycle actif vers la zone thermique,Y,Y
On Cycle Loss Fraction to Zone,Fracción de Pérdida en Ciclo Activo a Zona,Fracción de Pérdidas en Ciclo Activo hacia la Zona,Fraction des pertes du cycle actif vers la zone,Fraction de Perte en Cycle Actif vers la Zone,Y,Y
On Cycle Parasitic Electric Load,Carga Eléctrica Parásita en Ciclo Activo,Carga Eléctrica Parásita en Ciclo Activo,Consommation électrique parasite en cycle de fonctionnement,Charge Électrique Parasite en Fonctionnement,,Y
On Cycle Parasitic Fuel Consumption Rate,Tasa de Consumo de Combustible Parásito en Ciclo Activo,Tasa de Consumo de Combustible Parasitario en Ciclo Activo,Débit de Consommation de Carburant Parasite en Cycle Activé,Consommation Électrique Parasite en Régime,Y,Y
On Cycle Parasitic Fuel Type,Tipo de Combustible Parásito en Ciclo Activo,Tipo de Combustible Parasitario en Ciclo Activo,Type de combustible parasitaire en cycle allumé,Type de Carburant Parasite en Cycle Actif,Y,Y
On Cycle Parasitic Heat Fraction to Tank,Fracción de Calor Parásito al Depósito en Ciclo Activo,Fracción de Calor Parásito en Ciclo a Depósito,Fraction parasitaire thermique du cycle fonctionnement vers réservoir,Fraction de chaleur parasite au réservoir en régime de fonctionnement,Y,Y
On Cycle Parasitic Height,Factor de Apertura,Altura Parasitaria en Ciclo Activo,Hauteur parasite en marche,Hauteur parasite en cycle actif,Y,Y
On-Cycle Parasitic Electric Load,Función del Factor de Apertura en Función de la Velocidad del Viento,Carga Eléctrica Parásita en Ciclo de Funcionamiento,Charge électrique parasite en cycle actif,Charge Électrique Parasite en Mode Marche,Y,Y
Open Circuit Voltage,Nombre del Programa de Probabilidad de Apertura,Voltaje de circuito abierto,Tension de circuit ouvert,Tension en circuit ouvert,Y,Y
Opening Area,Nombre de Construcción de Ventana Operable,Área de Apertura,Superficie d'ouverture,Surface d'ouverture,Y,Y
Opening Area Fraction Schedule Name,Potencia del Ventilador de Operación por Puerta,Nombre del Programa de Fracción de Área de Abertura,Nom de l'horaire de fraction de surface d'ouverture,Nom du calendrier de fraction de surface d'ouverture,Y,Y
Opening Effectiveness,Potencia del Ventilador de Caja Operativa por Unidad de Longitud,Efectividad de la Abertura,Efficacité d'ouverture,Efficacité de l'ouverture,Y,Y
Opening Factor,Método de Control del Modo de Operación,Factor de Apertura,Facteur d'ouverture,Facteur d'ouverture,Y,
Opening Factor Function of Wind Speed Curve,Opción de Control del Modo de Operación para Unidades Múltiples,Curva de Factor de Apertura en Función de la Velocidad del Viento,Courbe de facteur d'ouverture en fonction de la vitesse du vent,Courbe du Facteur d'Ouverture en Fonction de la Vitesse du Vent,Y,Y
Opening Probability Schedule Name,Nombre de Schedule de Control de Modo de Operación,Nombre del Programa de Probabilidad de Apertura,Nom de l'agenda de probabilité d'ouverture,Nom de l'agenda de probabilité d'ouverture,Y,
Operable Window Construction Name,Temperatura de Funcionamiento,Nombre de la Construcción de Ventana Operable,Nom de la construction de fenêtre opérable,Nom de la Construction de Fenêtre Opérable,Y,Y
Operating Case Fan Power per Door,Límite de Temperatura Máxima de Operación,Potencia del Ventilador de la Puerta del Armario en Operación,Puissance du ventilateur de porte en fonctionnement,Puissance du ventilateur de porte en cas de fonctionnement,Y,Y
Operating Case Fan Power per Unit Length,Límite Mínimo de Temperatura de Operación,Potencia del Ventilador de Carcasa por Unidad de Longitud en Operación,Puissance du ventilateur de boîtier en fonctionnement par unité de longueur,Puissance ventilateur en service par unité de longueur,Y,Y
Operating Mode Control Method,Cronograma de Control del Modo de Operación,Método de Control del Modo de Operación,Méthode de Contrôle du Mode de Fonctionnement,Méthode de contrôle du mode de fonctionnement,Y,Y
Operating Mode Control Option for Multiple Unit,Temperatura de Datos Ópticos,Opción de Control del Modo de Operación para Unidades Múltiples,Option de contrôle du mode de fonctionnement pour unités multiples,Option de contrôle du mode de fonctionnement pour unités multiples,Y,
Operating Mode Control Schedule Name,Tipo de Datos Ópticos,Nombre del Calendario de Control del Modo de Operación,Nom du calendrier de contrôle du mode de fonctionnement,Nom de l'horaire de contrôle du mode de fonctionnement,Y,Y
Operating Temperature,Actuador de Capacidad de Carga Óptima,Temperatura de Operación,Température de fonctionnement,Température de fonctionnement,Y,
Operation Maximum Temperature Limit,Tipo de Opción,Límite Máximo de Temperatura de Operación,Limite de température maximale de fonctionnement,Limite maximale de température de fonctionnement,Y,Y
Operation Minimum Temperature Limit,Valor Inicial Opcional,Límite Mínimo de Temperatura de Operación,Limite de température minimale de fonctionnement,Limite Minimale de Température de Fonctionnement,Y,Y
Operation Mode Control Schedule,Coordenada X del Origen,Calendario de Control del Modo de Operación,Calendrier de Contrôle du Mode de Fonctionnement,Calendrier de contrôle du mode de fonctionnement,Y,Y
Optical Data Temperature,Coordenada Y de Origen,Temperatura de Datos Ópticos,Température des Données Optiques,Température des données optiques,Y,Y
Optical Data Type,Coordenada Z de Origen,Tipo de Datos Ópticos,Type de données optiques,Type de données optiques,Y,
Optimal Loading Capacity Actuator,Nombre de Definición de Otro Equipo,Actuador de Capacidad de Carga Óptima,Actionneur de Capacité de Chargement Optimale,Actionneur de Capacité de Charge Optimale,Y,Y
Optimum Part Load Ratio,Relación de Carga Parcial Óptima,Relación de Carga Parcial Óptima,Ratio de Charge Partielle Optimal,Taux de charge partielle optimum,,Y
Option Type,Tipo de Capa Perturbable Adicional,Tipo de Opción,Type d'option,Type d'option,Y,
Optional Initial Value,Inflación de Combustible Alternativo 1,Valor Inicial Opcional,Valeur initiale facultative,Valeur Initiale Optionnelle,Y,Y
Origin X-Coordinate,Inflación de Combustible Alternativo 2,Coordenada X de Origen,Coordonnée X de l'origine,Coordonnée X de l'origine,Y,
Origin Y-Coordinate,Valor Fuera de Rango,Coordenada Y de Origen,Coordonnée Y de l'origine,Coordonnée Y d'origine,Y,Y
Origin Z-Coordinate,Tipo de Control de Aire Exterior,Coordenada Z de Origen,Coordonnée Z de l'origine,Coordonnée Z de l'origine,Y,
Other Equipment Definition Name,Tipo de Economizador de Aire Exterior,Nombre de Definición de Equipo Adicional,Nom de la Définition d'Équipement Supplémentaire,Nom de la définition d'équipement supplémentaire,Y,Y
Other Equipment Schedule Name,Nombre del Horario de Otros Equipos,Nombre del Calendario de Equipos Adicionales,Nom de l'emploi du temps pour les équipements autres,Nom de l'agenda pour équipements divers,Y,Y
Other Perturbable Layer Type,Nombre de la Lista de Equipos de Aire Exterior,Tipo de Capa Perturbable Adicional,Type de couche perturbable alternatif,Type de couche perturbable supplémentaire,Y,Y
OtherFuel1 Inflation,Programa Multiplicador de Caudal de Aire Exterior,Inflación de Combustible Alternativo 1,Inflation du Carburant Supplémentaire 1,Inflation Autre Combustible 1,Y,Y
OtherFuel2 Inflation,Nodo de Entrada de Aire Exterior,Inflación de Combustible Adicional 2,Inflation du Carburant Alternatif 2,Inflation Combustible Auxiliaire 2,Y,Y
Out Of Range Value,Nombre del Nodo de Entrada de Aire Exterior,Valor Fuera de Rango,Valeur Hors Limites,Valeur Hors Plage,Y,Y
Outdoor Air Control Type,Mezclador de Aire Exterior,Tipo de Control de Aire Exterior,Type de contrôle de l'air extérieur,Type de contrôle de l'air extérieur,Y,
Outdoor Air Economizer Type,Nombre del Mezclador de Aire Exterior,Tipo de Economizador de Aire Exterior,Type d'Économiseur d'Air Extérieur,Type d'économiseur d'air extérieur,Y,Y
Outdoor Air Equipment List Name,Tipo de Objeto Mezclador de Aire Exterior,Nombre de la Lista de Equipos de Aire Exterior,Nom de la liste d'équipements d'air extérieur,Nom de la liste d'équipements d'air extérieur,Y,
Outdoor Air Flow Air Changes per Hour,Cambios de Aire Exterior por Hora,Cambios de Aire por Hora del Flujo de Aire Exterior,Débit d'air extérieur Changements d'air par heure,Débit d'air extérieur en nombre de renouvellements d'air par heure,Y,Y
Outdoor Air Flow per Floor Area,Caudal de Aire Exterior por Área de Piso,Flujo de Aire Exterior por Área de Piso,Débit d'air extérieur par unité de surface,Débit d'air extérieur par unité de surface,Y,
Outdoor Air Flow per Person,Caudal de Aire Exterior por Persona,Flujo de Aire Exterior por Persona,Débit d'air extérieur par personne,Débit d'air extérieur par personne,Y,
Outdoor Air Flow Rate,Caudal de Aire Exterior,Caudal de Aire Exterior,Débit d'air extérieur,Débit d'air extérieur,,
Outdoor Air Flow Rate During Cooling Operation,Caudal de Aire Exterior durante Operación de Enfriamiento,Caudal de Aire Exterior Durante Operación de Enfriamiento,Débit d'air extérieur pendant le fonctionnement en refroidissement,Débit d'air extérieur pendant le fonctionnement en refroidissement,Y,
Outdoor Air Flow Rate During Heating Operation,Caudal de Aire Exterior durante Operación de Calefacción,Caudal de Aire Exterior Durante la Operación de Calefacción,Débit d'air extérieur lors du fonctionnement en chauffage,Débit d'air extérieur pendant le fonctionnement en chauffage,Y,Y
Outdoor Air Flow Rate Fraction Schedule Name,Nombre del Horario de Fracción de Caudal de Aire Exterior,Nombre de la Programación de Fracción de Caudal de Aire Exterior,Nom du planning de fraction du débit d'air extérieur,Nom de l'agenda de fraction du débit d'air extérieur,Y,Y
Outdoor Air Flow Rate Multiplier Schedule,Nodo de Aire Exterior,Esquema de Multiplicador de Caudal de Aire Exterior,Multiplicateur de calendrier du débit d'air extérieur,Calendrier de multiplicateur de débit d'air extérieur,Y,Y
Outdoor Air Flow Rate When No Cooling or Heating is Needed,Caudal de Aire Exterior cuando no se Necesita Enfriamiento ni Calefacción,Caudal de Aire Exterior Cuando No Se Requiere Enfriamiento ni Calentamiento,Débit d'air extérieur lorsqu'aucun refroidissement ou chauffage n'est nécessaire,Débit d'air extérieur quand ni refroidissement ni chauffage n'est nécessaire,Y,Y
Outdoor Air Inlet Node,Nombre del Nodo de Aire Exterior,Nodo de Entrada de Aire Exterior,Nœud d'entrée d'air extérieur,Nœud d'admission d'air extérieur,Y,Y
Outdoor Air Inlet Node Name,Nombre del Programa de Aire Exterior,Nombre del Nodo de Entrada de Aire Exterior,Nom du nœud d'entrée d'air extérieur,Nom du nœud d'entrée d'air extérieur,Y,
Outdoor Air Method,Método de Aire Exterior,Método de Aire Exterior,Méthode d'air extérieur,Méthode d'air extérieur,,
Outdoor Air Mixer,Nombre del Nodo de Corriente de Aire Exterior,Mezclador de Aire Exterior,Mélangeur d'air extérieur,Mélangeur d'Air Extérieur,Y,Y
Outdoor Air Mixer Name,Sistema de Aire Exterior,Nombre del Mezclador de Aire Exterior,Nom du Mélangeur d'Air Extérieur,Nom du mélangeur d'air extérieur,Y,Y
Outdoor Air Mixer Object Type,Variable de Entrada de la Curva de Temperatura del Aire Exterior,Tipo de Objeto Mezclador de Aire Exterior,Type d'objet du mélangeur d'air extérieur,Type d'objet mélangeur d'air extérieur,Y,Y
Outdoor Air Node,Nombre del Programa de Dióxido de Carbono Exterior,Nodo de Aire Exterior,Nœud d'Air Extérieur,Nœud d'air extérieur,Y,Y
Outdoor Air Node Name,Nombre del Nodo del Sensor de Temperatura de Bulbo Seco Exterior,Nombre del Nodo de Aire Exterior,Nom du nœud d'air extérieur,Nom du nœud d'air extérieur,Y,
Outdoor Air Schedule Name,Temperatura de Bulbo Seco Exterior para Encender Compresor,Nombre de la Programación de Aire Exterior,Nom du calendrier d'air extérieur,Nom de la Programmation d'Air Extérieur,Y,Y
Outdoor Air Stream Node Name,Temperatura Exterior Alta,Nombre del Nodo de Corriente de Aire Exterior,Nom du nœud du flux d'air extérieur,Nom du nœud du flux d'air extérieur,Y,
Outdoor Air System,Temperatura Exterior Alta 2,Sistema de Aire Exterior,Système d'Air Extérieur,Système d'Air Extérieur,Y,
Outdoor Air Temperature Curve Input Variable,Temperatura Exterior Baja,Variable de Entrada de Temperatura del Aire Exterior para Curvas de Desempeño,Courbe de la variable d'entrée de température d'air extérieur,Variable d'entrée de courbe de température de l'air extérieur,Y,Y
Outdoor Carbon Dioxide Schedule Name,Temperatura Baja Exterior 2,Nombre de la Programación de Dióxido de Carbono Exterior,Nom de calendrier du dioxyde de carbone extérieur,Nom de l'horaire de dioxyde de carbone extérieur,Y,Y
Outdoor Dry-Bulb Temperature Sensor Node Name,Factor de Derivación Nominal del Condensador de la Unidad Exterior,Nombre del Nodo Sensor de Temperatura de Bulbo Seco Exterior,Nom du nœud du capteur de température sèche extérieure,Nom du nœud capteur de température sèche extérieure,Y,Y
Outdoor Dry-Bulb Temperature to Turn On Compressor,Subenfriamiento de Referencia del Condensador de la Unidad Exterior,Temperatura Exterior Bulbo Seco para Activar el Compresor,Température Sèche Extérieure pour l'Activation du Compresseur,Température de Bulbe Sec Extérieure pour le Redémarrage du Compresseur,Y,Y
Outdoor High Temperature,Nombre de la Curva de Función de Temperatura de Condensación de la Unidad Exterior en Función del Subenfriamiento,Temperatura Alta Exterior,Température Extérieure Élevée,Température Extérieure Élevée,Y,
Outdoor High Temperature 2,Nombre de Curva de Función de Temperatura de Evaporación de Unidad Exterior en Función del Sobrecalentamiento,Temperatura Exterior Alta 2,Température Extérieure Haute 2,Température Extérieure Haute 2,Y,
Outdoor Low Temperature,Factor de Derivación Nominal del Evaporador de la Unidad Exterior,Temperatura Exterior Baja,Température Extérieure Basse,Température Extérieure Basse,Y,
Outdoor Low Temperature 2,Sobrecalentamiento de Referencia del Evaporador de la Unidad Exterior,Temperatura Baja Exterior 2,Température Extérieure Basse 2,Température Extérieure Basse 2,Y,
Outdoor Unit Condenser Rated Bypass Factor,Flujo de Aire del Ventilador de la Unidad Exterior Por Unidad de Capacidad Evaporativa Nominal,Factor de Derivación Clasificado del Condensador de la Unidad Exterior,Facteur de contournement nominal du condenseur de l'unité extérieure,Facteur de contournement nominal du condenseur de l'unité extérieure,Y,
Outdoor Unit Condenser Reference Subcooling,Potencia del Ventilador de la Unidad Exterior Por Unidad de Capacidad Evaporativa Nominal,Subcooling de Referencia del Condensador de la Unidad Exterior,Sous-refroidissement de référence du condenseur de l'unité extérieure,Sous-refroidissement de référence du condenseur de l'unité extérieure,Y,
Outdoor Unit Condensing Temperature Function of Subcooling Curve Name,Relación de Capacidad del Intercambiador de Calor de la Unidad Exterior,Nombre de Curva de Función de Temperatura de Condensación de Unidad Exterior en Función del Subenfriamiento,Nom de la courbe de fonction de température de condensation de l'unité extérieure en fonction du sous-refroidissement,Nom de la courbe de température de condensation de l'unité extérieure en fonction du sous-refroidissement,Y,Y
Outdoor Unit Evaporating Temperature Function of Superheating Curve Name,Nombre de Rama de Salida,Nombre de la Curva de Temperatura de Evaporación de la Unidad Exterior en Función del Sobrecalentamiento,Nom de la courbe de la fonction température d'évaporation de l'unité extérieure en fonction du surchauffage,Nom de la courbe de la température d'évaporation de l'unité extérieure en fonction du surchauffage,Y,Y
Outdoor Unit Evaporator Rated Bypass Factor,Temperatura de Control de Salida,Factor de Derivación Nominal del Evaporador de la Unidad Exterior,Facteur de contournement nominal de l'évaporateur de l'unité extérieure,Facteur de Contournement Nominal de l'Évaporateur de l'Unité Extérieure,Y,Y
Outdoor Unit Evaporator Reference Superheating,Nodo de Salida,Recalentamiento de Referencia del Evaporador de la Unidad Exterior,Surchauffe de Référence de l'Évaporateur de l'Unité Extérieure,Surchauffe de Référence de l'Évaporateur de l'Unité Extérieure,Y,
Outdoor Unit Fan Flow Rate Per Unit of Rated Evaporative Capacity,Nombre del Nodo de Salida,Caudal del Ventilador de Unidad Exterior por Unidad de Capacidad Evaporativa Nominal,Débit du ventilateur de l'unité extérieure par unité de capacité évaporatoire nominale,Débit volumétrique du ventilateur de l'unité extérieure par unité de capacité évaporative nominale,Y,Y
Outdoor Unit Fan Power Per Unit of Rated Evaporative Capacity,Puerto de Salida,Potencia del Ventilador de la Unidad Exterior por Unidad de Capacidad Evaporativa Nominal,Puissance du ventilateur de l'unité extérieure par unité de capacité évaporative nominale,Puissance du ventilateur de l'unité extérieure par unité de capacité évaporante nominale,Y,Y
Outdoor Unit Heat Exchanger Capacity Ratio,Actuador de Temperatura de Salida,Relación de Capacidad del Intercambiador de Calor de la Unidad Exterior,Ratio de Capacité de l'Échangeur Thermique de l'Unité Extérieure,Rapport de Capacité de l'Échangeur Thermique de l'Unité Extérieure,Y,Y
Outlet Branch Name,Auditoría de Salida,Nombre de Rama de Salida,Nom de la branche de sortie,Nom de la branche de sortie,Y,
Outlet Control Temperature,Límite de Salida,Temperatura de Control de Salida,Température de contrôle à la sortie,Température de Sortie Contrôlée,Y,Y
Outlet Node,Salida CBOR,Nodo de Salida,Nœud de sortie,Nœud de sortie,Y,
Outlet Node Name,Nombre del Nodo de Salida,Nombre del Nodo de Salida,Nom du nœud de sortie,Nom du nœud de sortie,,
Outlet Port,Salida DBG,Puerto de Salida,Port de sortie,Port de sortie,Y,
Outlet Temperature Actuator,Salida DelightDFdmp,Actuador de Temperatura de Salida,Actionneur de Température en Sortie,Actionneur de Température de Sortie,Y,Y
Output AUDIT,Salida DelightELdmp,Salida AUDITORÍA,Sortie AUDIT,Sortie AUDIT,Y,
Output BND,Entrada Delight,Salida BND,Output BND,Output BND,Y,
Output CBOR,Salida DFS,Salida CBOR,Sortie CBOR,Sortie CBOR,Y,
Output CSV,Salida DXF,Salida CSV,Sortie CSV,Sortie CSV,Y,
Output DBG,Archivo de Salida EDD,Salida DBG,Sortie DBG,Sortie DBG,Y,
Output DelightDFdmp,Salida EIO,Salida DelightDFdmp,Output DelightDFdmp,Sortie DelightDFdmp,Y,Y
Output DelightELdmp,Salida ESO,Salida DelightELdmp,Output DelightELdmp,Sortie DelightELdmp,Y,Y
Output DelightIn,Resultados del Cálculo de Sombreado Externo,Entrada DelightIn,Output DelightIn,Entrée Daylighting (Éclairage Naturel),Y,Y
Output DFS,Dispositivo de sombreado externo,Salida DFS,Sortie DFS,Sortie DFS,Y,
Output DXF,Salida GLHE,Salida DXF,Sortie DXF,Sortie DXF,Y,
Output EDD,Salida JSON,Salida EDD,Sortie EDD,Sortie EDD,Y,
Output EIO,Salida MDD,Salida EIO,Output EIO,Fichier EIO,Y,Y
Output ESO,Salida MessagePack,Salida ESO,Output ESO,Fichier de sortie ESO,Y,Y
Output External Shading Calculation Results,Nombre de Medidor de Salida,Exportar Resultados de Cálculo de Sombreado Externo,Résultats de calcul d'ombrage externe en sortie,Exporter les résultats de calcul d'ombrage externe,Y,Y
Output ExtShd,Salida MTD,Salida ExtShd,Extérieur Volets,Volet Ext Sortie,Y,Y
Output GLHE,Salida MTR,Salida GLHE,Sortie GLHE,Sortie GLHE,Y,
Output JSON,Registro de Rendimiento de Salida,Salida JSON,Sortie JSON,Sortie JSON,Y,
Output MDD,Dimensionamiento de Componentes de Planta,Salida MDD,Sortie MDD,Sortie MDD,Y,
Output MessagePack,Salida RDD,Salida MessagePack,Sortie MessagePack,Sortie MessagePack,Y,
Output Meter Name,Índice de Intensidad de Carbono,Nombre del Medidor de Salida,Nom du compteur de sortie,Nom du Compteur de Sortie,Y,Y
Output MTD,Pantalla de Salida,Salida MTD,Sortie MTD,Sortie MTD,Y,
Output MTR,Salida SHD,MTR de Salida,Sortie MTR,Sortie MTR,Y,
Output PerfLog,Salida SLN,Registro de Desempeño de Salida,Journal de Performances,Sortie Enregistrement Perf,Y,Y
Output Plant Component Sizing,Dimensionamiento del Espacio de Salida,Tamaño de Componente de Planta de Salida,Dimensionnement des composants de la plante en sortie,Dimensionnement du Composant de la Boucle de Distribution,Y,Y
Output RDD,Salida SQLite,Archivo RDD de Salida,Sortie RDD,Sortie RDD,Y,
Output SCI,Sistema de Ajuste de Salida,Salida SCI,Sortie SCI,Résultat SCI,Y,Y
Output Screen,Salida Tabular,Pantalla de Salida,Écran de sortie,Écran de sortie,Y,
Output SHD,Tarcog,Salida SHD,Sortie SHD,Sortie SHD,Y,
Output SLN,Tipo de Unidad de Salida,Salida SLN,Fichier SLN de sortie,Sortie SLN,Y,Y
Output Space Sizing,Valor de Salida,Dimensionamiento de Espacio de Salida,Dimensionnement de l'Espace de Sortie,Dimensionnement de l'espace de sortie,Y,Y
Output SQLite,Nombre de Variable de Salida o Medidor,Salida SQLite,Résultat SQLite,Sortie SQLite,Y,Y
Output System Sizing,Nombre de Clave de Índice de Variable de Salida o Medidor de Salida,Dimensionamiento del Sistema de Salida,Dimensionnement du Système de Sortie,Dimensionnement du Système de Sortie,Y,
Output Tabular,Nombre de Variable de Salida o Contador de Salida,Salida Tabular,Tableau de Sortie,Résultats Tabulaires,Y,Y
Output Tarcog,Salida WRL,Salida Tarcog,Sortie Tarcog,Sortie Tarcog,Y,
Output Unit Type,Dimensionamiento de Zona de Salida,Tipo de Unidad de Salida,Type d'unité de sortie,Type d'unité de sortie,Y,
Output Value,Nombre de clave del índice de variable de salida,Valor de Salida,Valeur de sortie,Valeur de sortie,Y,
Output Variable or Meter Name,Nombre de Variable de Salida,Nombre de Variable de Salida o Medidor,Nom de la variable de sortie ou du compteur,Nom de la variable de sortie ou du compteur,Y,
Output Variable or Output Meter Index Key Name,Mezclador de Aire Exterior,Nombre de Clave de Índice de Variable de Salida o Medidor de Salida,Nom de la clé d'index de la variable de sortie ou du compteur de sortie,Nom de clé d'index de variable de sortie ou compteur de sortie,Y,Y
Output Variable or Output Meter Name,Condición de Límite Exterior,Nombre de Variable de Salida o Medidor de Salida,Nom de la variable de sortie ou du compteur de sortie,Nom de la Variable de Sortie ou du Compteur de Sortie,Y,Y
Output WRL,Objeto de Condición de Límite Exterior,Salida WRL,Sortie WRL,Sortie WRL,Y,
Output Zone Sizing,Coeficiente de Convección Exterior,Dimensionamiento de Zona de Salida,Dimensionnement de la Zone de Sortie,Dimensionnement de la Zone de Sortie,Y,
Output:Variable Index Key Name,Profundidad del Alféizar Exterior,Nombre de Clave de Índice de Variable de Salida,Output:Variable Index Nom de la Clé,Clé d'Index de Variable de Sortie,Y,Y
Output:Variable Name,Absortancia Solar del Saliente Exterior,Nombre de Variable de Salida,Nom de la variable de sortie,Nom de la Variable de Sortie,Y,Y
Outside Air Mixer,Nombre de Repisa Exterior,Mezclador de Aire Exterior,Mélangeur d'Air Extérieur,Mélangeur d'air extérieur,Y,Y
Outside Boundary Condition,Altura Total,Condición de Contorno Exterior,Condition aux limites extérieure,Condition limite extérieure,Y,Y
Outside Boundary Condition Object,Nombre del Gestor de Llamadas del Programa de Simulación General del Modelo,Objeto de Condición de Frontera Exterior,Objet de Condition Limite Extérieure,Objet de condition aux limites extérieures,Y,Y
Outside Convection Coefficient,Coeficiente de Transmitancia de Humedad General de Aire a Aire,Coeficiente de Convección Exterior,Coefficient de Convection Extérieur,Coefficient de Convection Extérieur,Y,
Outside Reveal Depth,Nombre del Programa de Simulación General,Profundidad del Retranqueo Exterior,Profondeur de la Révelation Extérieure,Profondeur de la Reveal Extérieure,Y,Y
Outside Reveal Solar Absorptance,Nombre de Construcción de Puerta Elevable,Absortancia Solar de Superficies de Jambas Exteriores,Absorptance solaire de la révélation extérieure,Absorptance solaire des surfaces de révélation extérieure,Y,Y
Outside Shelf Name,Modo de Anulación,Nombre del Estante Exterior,Nom du rebord extérieur,Nom de l'auvent extérieur,Y,Y
Overall Height,Carga Eléctrica Parásita Durante la Carga,Altura Total,Hauteur totale,Hauteur totale,Y,
Overall Model Simulation Program Calling Manager Name,Carga Eléctrica Parásita Durante la Descarga,Nombre del Gestor de Llamada del Programa de Simulación del Modelo General,Nom du Gestionnaire d'Appel du Programme de Simulation du Modèle Global,Nom du gestionnaire d'appel de programme de simulation global du modèle,Y,Y
Overall Moisture Transmittance Coefficient from Air to Air,Ubicación de Rechazo de Calor Parásito,Coeficiente Global de Transmitancia de Humedad de Aire a Aire,Coefficient global de transmittance d'humidité de l'air à l'air,Coefficient Global de Transmission de l'Humidité Air-Air,Y,Y
Overall Simulation Program Name,Nombre de la Curva de Factor de Carga Parcial,Nombre General del Programa de Simulación,Nom du programme de simulation global,Nom du Programme de Simulation Global,Y,Y
Overhead Door Construction Name,Curva de Correlación de Fracción de Carga Parcial,Nombre de la Construcción de Puerta de Techo,Nom de la Construction de Porte Aérienne,Nom de la Construction de Porte Suspendue,Y,Y
Override Mode,Parte del Área Total de Piso,Modo de Anulación,Mode de remplacement,Mode de Remplacement,Y,Y
Parasitic Electric Load During Charging,Factor de Emisión de Pb,Carga Eléctrica Parásita Durante la Carga,Charge Auxiliaire Électrique Pendant la Recharge,Charge Thermique Parasite Électrique,Y,Y
Parasitic Electric Load During Discharging,Nombre del Programa de Factor de Emisión de Pb,Carga Eléctrica Parasitaria Durante la Descarga,Charge parasite de l'électricité pendant la décharge,Consommation Électrique Parasite Pendant la Décharge,Y,Y
Parasitic Heat Rejection Location,Unidad de Demanda Pico,Ubicación de Rechazo de Calor Parásito,Lieu de rejet de chaleur parasite,Lieu de rejet de la chaleur parasite,Y,Y
Part Load Factor Curve Name,Temperatura de Congelación Máxima,Nombre de la Curva del Factor de Carga Parcial,Nom de la courbe de facteur de charge partielle,Nom de la courbe de facteur de charge partielle,Y,
Part Load Fraction Correlation Curve,Temperatura Pico de Fusión,Curva de Correlación de Fracción de Carga Parcial,Courbe de corrélation de la fraction de charge partielle,Courbe de corrélation de la fraction de charge partielle,Y,
Part Load Fraction Correlation Curve Name,Curva de Correlación de Fracción de Carga Parcial,Nombre de la Curva de Correlación de Fracción de Carga Parcial,Nom de la courbe de corrélation de fraction de charge partielle,Nom de la Courbe de Corrélation de Fraction de Charge Partielle,Y,Y
Part of Total Floor Area,Caudal de Flujo en Uso Pico,Parte del Área de Piso Total,Partie de la Surface de Plancher Totale,Partie de la surface totale,Y,Y
Pb Emission Factor,Cronograma de Ganancia de Calor de Personas,Factor de Emisión de Pb,Facteur d'émission du Pb,Facteur d'émission de Pb,Y,Y
Pb Emission Factor Schedule Name,Cronograma de Ocupantes,Nombre de Calendario del Factor de Emisión de Pb,Nom de l'horaire du facteur d'émission de Pb,Nom de l'agenda du facteur d'émission de Pb,Y,Y
Peak Demand Unit,Modo de Tasa de Ventilación por Persona,Unidad de Demanda Pico,Unité de puissance de pointe,Unité de Demande de Pointe,Y,Y
Peak Flow Rate,Caudal Pico,Caudal de Pico,Débit de pointe,Débit volumique maximal,Y,Y
Peak Freezing Temperature,Carga por Unidad para Máxima Eficiencia,Temperatura de Congelación Máxima,Température de Crête de Congélation,Température de pic de congélation,Y,Y
Peak Melting Temperature,Carga por Unidad para Eficiencia Nominal,Temperatura de Fusión Máxima,Température de fusion maximale,Température de fusion maximale,Y,
Peak Use Flow Rate,Método de Interpolación de Desempeño,Caudal de Uso Máximo,Débit d'utilisation maximal,Débit d'utilisation maximal,Y,
People Activity Level Schedule Name,Nombre del Horario de Nivel de Actividad de Personas,Nombre de Calendario de Nivel de Actividad de Ocupantes,Nom de l'horaire du niveau d'activité des personnes,Nom de la planification du niveau d'activité des occupants,Y,Y
People Definition Name,Nombre de Definición de Personas,Nombre de Definición de Ocupantes,Nom de la définition des occupants,Nom de la Définition des Occupants,Y,Y
People Heat Gain Schedule,Objeto de Desempeño,Programa de Ganancia de Calor por Personas,Calendrier de Gains Thermiques des Occupants,Calendrier de Gain de Chaleur par Personne,Y,Y
People per Space Floor Area,Personas por Área de Piso del Espacio,Personas por Área de Piso del Espacio,Personnes par Surface de Plancher de l'Espace,Personnes par unité de surface de plancher,,Y
People Schedule,Perímetro de la Base del Pozo,Cronograma de Ocupación en la Piscina,Calendrier d'occupation,Calendrier d'occupation,Y,
Per Person Ventilation Rate Mode,PerímetroExpuesto,Modo de Tasa de Ventilación por Persona,Mode de débit de ventilation par personne,Mode de taux de ventilation par personne,Y,Y
Per Unit Load for Maximum Efficiency,Período de Variación Sinusoidal,Carga por Unidad para Máxima Eficiencia,Charge par unité pour l'efficacité maximale,Par Unité de Charge pour Rendement Maximum,Y,Y
Per Unit Load for Nameplate Efficiency,Selección de Período,Carga por Unidad para Eficiencia Nominal,Charge par unité pour rendement nominal,Par unité de charge pour rendement nominal,Y,Y
Performance Input Method,Método de Entrada de Rendimiento,Método de Entrada del Desempeño,Méthode d'entrée des performances,Méthode d'entrée des performances,Y,
Performance Interpolation Method,Permisos Fianza y Seguros,Método de Interpolación de Rendimiento,Méthode d'interpolation de performance,Méthode d'interpolation des performances,Y,Y
Performance Object,Capa Perturbable,Objeto de Desempeño,Objet de Performance,Objet de Performance,Y,
Perimeter of Bottom of Well,Tipo de Capa Perturbable,Perímetro de la Abertura Inferior del Pozo,Périmètre du fond du puits,Périmètre du fond du puits,Y,
PerimeterExposed,Fase,Perímetro Expuesto,PerimeterExposed,Périmètre exposé,Y,Y
Period of Sinusoidal Variation,Desfase de Temperatura Superficial Mínima,Período de Variación Sinusoidal,Période de variation sinusoïdale,Période de Variation Sinusoïdale,Y,Y
Period Selection,Desplazamiento de Fase de Amplitud de Temperatura 1,Selección de Período,Sélection de période,Sélection de la période,Y,Y
Permits Bonding and Insurance,Cambio de Fase de la Amplitud de Temperatura 2,"Permisos, Garantía e Seguros","Cautions, Garanties et Assurances",Autorisations de cautionnement et d'assurance,Y,Y
Perturbable Layer,Velocidad de Circulación de Cambio de Fase,Capa Perturbable,Couche perturbable,Couche perturbable,Y,
Perturbable Layer Type,Rotación Phi Alrededor del Eje Z,Tipo de Capa Perturbable,Type de couche perturbable,Type de couche perturbable,Y,
Phase,Rotación Phi Alrededor del Eje Z,Fase,Phase,Phase,Y,
Phase Shift of Minimum Surface Temperature,Nombre del Fotovoltaico,Desplazamiento de fase de la temperatura superficial mínima,Déphasage de la Température Minimale de Surface,Décalage de phase de la température minimale de surface,Y,Y
Phase Shift of Temperature Amplitude 1,Nombre de Desempeño del Modelo Fotovoltaico-Térmico,Desfase de la Amplitud de Temperatura 1,Déphasage de l'amplitude de température 1,Déphasage de l'Amplitude de Température 1,Y,Y
Phase Shift of Temperature Amplitude 2,Densidad de Tubería,Desfase de Amplitud de Temperatura 2,Déphasage de l'Amplitude de Température 2,Déphasage de l'amplitude de température 2,Y,Y
PhaseChange Circulating Rate,Diámetro Interior de la Tubería,Tasa de Circulación PhaseChange,Taux de Circulation avec Changement de Phase,Taux de Circulation Changement de Phase,Y,Y
Phi Rotation Around Z-Axis,Diámetro Interior de la Tubería,Rotación Phi Alrededor del Eje Z,Rotation Phi autour de l'axe Z,Rotation Phi autour de l'axe Z,Y,
Phi Rotation Around Z-axis,Longitud de Tubería,Rotación Phi Alrededor del Eje Z,Rotation Phi autour de l'axe Z,Rotation Phi autour de l'axe Z,Y,
Photovoltaic Name,Diámetro Exterior de la Tubería,Nombre del Fotovoltaico,Nom du Photovoltaïque,Nom du Photovoltaïque,Y,
Photovoltaic-Thermal Model Performance Name,Diámetro Externo de la Tubería,Nombre del Modelo de Desempeño Fotovoltaico-Térmico,Nom de performance du modèle photovoltaïque-thermique,Nom de performance du modèle photovoltaïque-thermique,Y,
Pipe Density,Calor Específico de Tubería,Densidad de la Tubería,Densité du tuyau,Densité du tuyau,Y,
Pipe Inner Diameter,Conductividad Térmica de la Tubería,Diámetro Interno de la Tubería,Diamètre intérieur du tuyau,Diamètre intérieur du tube,Y,Y
Pipe Inside Diameter,Espesor de Tubería,Diámetro Interior de la Tubería,Diamètre intérieur du tuyau,Diamètre intérieur du tuyau,Y,
Pipe Length,Factor de Corrección de Tuberías por Altura en Modo de Enfriamiento Coeficiente,Longitud de la Tubería,Longueur de tuyau,Longueur du tuyau,Y,Y
Pipe Out Diameter,Factor de Corrección de Tuberías por Altura en Modo Calefacción Coeficiente,Diámetro Externo de Tubería,Diamètre externe du tuyau,Diamètre externe de la conduite,Y,Y
Pipe Outer Diameter,Nombre de la Curva del Factor de Corrección de Tuberías por Longitud en Modo Enfriamiento,Diámetro Exterior de la Tubería,Diamètre extérieur du tuyau,Diamètre extérieur du tube,Y,Y
Pipe Specific Heat,Nombre de la Curva del Factor de Corrección de Tuberías por Longitud en Modo Calefacción,Calor Específico de la Tubería,Chaleur spécifique de la tuyauterie,Chaleur spécifique du tuyau,Y,Y
Pipe Thermal Conductivity,Resolución de Conteo de Píxeles,Conductividad Térmica de la Tubería,Conductivité thermique du tuyau,Conductivité thermique du tuyau,Y,
Pipe Thickness,Nombre del Grupo de Superficie Planar,Espesor de la Tubería,Épaisseur de tuyau,Épaisseur de la Paroi du Tuyau,Y,Y
Piping Correction Factor for Height in Cooling Mode Coefficient,Nombre de Nodo de Entrada de Conexión de Planta,Coeficiente del Factor de Corrección de Tuberías por Altura en Modo Enfriamiento,Coefficient du facteur de correction de la tuyauterie pour la hauteur en mode refroidissement,Coefficient du facteur de correction de la tuyauterie pour la hauteur en mode refroidissement,Y,
Piping Correction Factor for Height in Heating Mode Coefficient,Nombre del Nodo de Salida de Conexión de Planta,Coeficiente del Factor de Corrección de Tuberías por Altura en Modo Calefacción,Coefficient du facteur de correction de tuyauterie pour la hauteur en mode chauffage,Coefficient du Facteur de Correction de la Tuyauterie pour la Hauteur en Mode Chauffage,Y,Y
Piping Correction Factor for Length in Cooling Mode Curve Name,Actuador de Tasa de Flujo de Volumen de Diseño de Planta,Nombre de Curva del Factor de Corrección de Tuberías por Longitud en Modo Enfriamiento,Nom de la courbe du facteur de correction de tuyauterie pour la longueur en mode refroidissement,Nom de la courbe du facteur de correction de la tuyauterie en fonction de la longueur en mode refroidissement,Y,Y
Piping Correction Factor for Length in Heating Mode Curve Name,Operación de Equipo de Planta de Carga de Enfriamiento,Nombre de Curva del Factor de Corrección de Tuberías por Longitud en Modo Calefacción,Nom de la courbe du facteur de correction de tuyauterie pour la longueur en mode chauffage,Nom de la courbe du facteur de correction de la tuyauterie en fonction de la longueur en mode chauffage,Y,Y
Pixel Counting Resolution,Calendario de Carga de Refrigeración para Operación de Equipos de Planta,Resolución de Conteo de Píxeles,Résolution de comptage de pixels,Résolution du comptage de pixels,Y,Y
Planar Surface Group Name,Operación de Equipos de la Planta Carga de Calefacción,Nombre del Grupo de Superficie Plana,Nom du groupe de surfaces planes,Nom du groupe de surface planaire,Y,Y
Plant Connection Inlet Node Name,Programación de Carga de Calefacción de Equipos de Planta,Nombre del Nodo de Entrada de Conexión de Planta,Nom du nœud d'entrée de la connexion de la centrale,Nom du Nœud d'Entrée de Connexion au Circuit Hydronique,Y,Y
Plant Connection Outlet Node Name,Nombre del Gestor de Llamadas del Programa de Inicialización de Plantas,Nombre del Nodo de Salida de la Conexión al Sistema,Nom du nœud de sortie de connexion de centrale,Nom du nœud de sortie de connexion à la boucle de fluide,Y,Y
Plant Design Volume Flow Rate Actuator,Nombre del Programa de Inicialización de la Planta,Actuador de Caudal Volumétrico de Diseño del Circuito Hidráulico,Actionneur du Débit de Conception du Circuit,Actionneur de Débit Volumique de Conception de Boucle Hydrique,Y,Y
Plant Equipment Operation Cooling Load,Nombre del Nodo de Entrada de la Planta,Carga de Enfriamiento de Operación de Equipos de Planta,Charge de Refroidissement de Fonctionnement des Équipements de Boucle,Charge de Refroidissement de l'Équipement de Circuit Hydrique,Y,Y
Plant Equipment Operation Cooling Load Schedule,Modo de Carga de Planta,Calendario de Carga de Enfriamiento para Operación de Equipos de Planta,Calendrier de charge de refroidissement pour l'exploitation de l'équipement de centrale,Calendrier de Charge de Refroidissement du Fonctionnement des Équipements de l'Installation,Y,Y
Plant Equipment Operation Heating Load,Esquema de Cálculo de Demanda del Circuito de Distribución,Operación de Equipo de Planta por Carga de Calefacción,Fonctionnement de l'équipement de centrale thermique - Charge de chauffage,Charge Thermique Fonctionnement Équipement Primaire,Y,Y
Plant Equipment Operation Heating Load Schedule,Modo de Solicitud de Flujo del Lazo de Planta,Programa de Carga de Calefacción para Operación de Equipos de Planta,Calendrier de charge de chauffage de l'exploitation des équipements de circuit,Calendrier de Charge de Chauffage pour Fonctionnement de l'Équipement de la Centrale Thermique,Y,Y
Plant Initialization Program Calling Manager Name,Tipo de Fluido del Circuito de Planta,Nombre del Administrador de Llamadas del Programa de Inicialización de Planta,Nom du gestionnaire d'appel du programme d'initialisation de centrale,Nom du gestionnaire d'appel du programme d'initialisation de la boucle,Y,Y
Plant Initialization Program Name,Actuador de Flujo Másico de Planta,Nombre del Programa de Inicialización de la Planta,Nom du programme d'initialisation de la centrale,Nom du programme d'initialisation de boucle de chauffage,Y,Y
Plant Inlet Node Name,Actuador de Caudal Másico Máximo de la Planta,Nombre del Nodo de Entrada de la Planta,Nom du nœud d'entrée de la centrale,Nom du nœud d'entrée de la boucle,Y,Y
Plant Loading Mode,Actuador de Caudal Másico Mínimo de la Planta,Modo de Carga de Planta,Mode de charge du circuit,Mode de Chargement de la Boucle,Y,Y
Plant Loop Demand Calculation Scheme,Nombre del Bucle de Planta o Condensador,Esquema de Cálculo de Demanda del Circuito de Agua,Schéma de calcul de la demande de la boucle de centrale,Schéma de Calcul de la Demande de la Boucle de Circulation,Y,Y
Plant Loop Flow Request Mode,Nombre del Nodo de Salida de la Planta,Modo de Solicitud de Flujo en Bucle de Agua,Mode de demande de débit de la boucle de circuit,Mode de demande de débit de boucle de circuit,Y,Y
Plant Loop Fluid Type,Actuador de Temperatura de Salida del Sistema,Tipo de Fluido del Circuito de Planta,Type de Fluide de la Boucle de Production,Type de Fluide de la Boucle de Conduite,Y,Y
Plant Loop Volume,Volumen del Bucle de Planta,Volumen del Circuito Primario,Volume de la Boucle de Tuyauterie,Volume de la Boucle de Distribution,Y,Y
Plant Mass Flow Rate Actuator,Nombre de Lista de Rama del Lado de la Planta,Actuador de Flujo Másico de Circuito Hidráulico,Actionneur de débit massique du circuit,Actionneur de débit massique de boucle hydronique,Y,Y
Plant Maximum Mass Flow Rate Actuator,Nombre del Nodo de Entrada del Lado de la Planta,Actuador de Caudal Másico Máximo de Circuito Hidráulico,Actionneur de débit massique maximal de la centrale,Actionneur de débit massique maximal de la boucle,Y,Y
Plant Minimum Mass Flow Rate Actuator,Nombre del Nodo de Salida del Lado de la Planta,Actuador de Caudal Másico Mínimo en Planta,Actionneur du débit de masse minimum de la boucle,Actionneur de Débit Massique Minimum de la Boucle Hydronique,Y,Y
Plant or Condenser Loop Name,Nombre del Gerente de Llamadas del Programa de Simulación de Planta,Nombre de bucle de planta o condensador,Nom de la boucle de production ou de condensation,Nom de la boucle de tuyauterie ou de condenseur,Y,Y
Plant Outlet Node Name,Nombre del Programa de Simulación de Planta,Nombre del Nodo de Salida de la Planta,Nom du nœud de sortie de la centrale thermique,Nom du nœud de sortie de la boucle,Y,Y
Plant Outlet Temperature Actuator,Nombre del Nodo de Entrada de Plenum o Mezclador,Actuador de Temperatura de Salida del Circuito,Actionneur de température de sortie de la centrale thermique,Actionneur de Température de Sortie de la Boucle,Y,Y
Plant Side Branch List Name,Nombre de Clase del Complemento,Nombre de la Lista de Ramas del Lado de Planta,Nom de la liste de branche côté centrale,Nom de la Liste des Branches du Côté Primaire,Y,Y
Plant Side Inlet Node Name,Factor de Emisión de PM,Nombre del Nodo de Entrada del Lado de la Planta,Nom du nœud d'entrée du côté circuit,Nom du nœud d'entrée côté boucle,Y,Y
Plant Side Outlet Node Name,Nombre del Programa de Factor de Emisión PM,Nombre del Nodo de Salida del Lado de Planta,Nom du nœud de sortie côté central thermique,Nom du nœud de sortie du côté source,Y,Y
Plant Simulation Program Calling Manager Name,Factor de Emisión de PM10,Nombre del Gestor de Llamadas del Programa de Simulación de Plantas,Nom du gestionnaire d'appel du programme de simulation de la centrale,Nom du gestionnaire d'appel du programme de simulation de circuit,Y,Y
Plant Simulation Program Name,Nombre del Programa de Factor de Emisión de PM10,Nombre del Programa de Simulación de Planta,Nom du programme de simulation du circuit,Nom du Programme de Simulation de Boucle Hydraulique,Y,Y
Plenum or Mixer Inlet Node Name,Factor de Emisión PM2.5,Nombre del Nodo de Entrada del Plenum o Mezclador,Nom du nœud d'entrée du plénum ou du mélangeur,Nom du nœud d'entrée du plenum ou du mélangeur,Y,Y
Plugin Class Name,Nombre del Programa de Factor de Emisión PM2.5,Nombre de Clase del Complemento,Nom de la classe du plugin,Nom de la classe de plugin,Y,Y
PM Emission Factor,Algoritmo de Recorte de Polígonos,Factor de Emisión de PM,Facteur d'émission de PM,Facteur d'émission de PM,Y,
PM Emission Factor Schedule Name,Tasa Máxima de Flujo de Agua del Sistema de Calentamiento de Piscina,Nombre de Horario del Factor de Emisión de PM,Nom de l'horaire du facteur d'émission de PM,Nom de l'horaire du facteur d'émission PM,Y,Y
PM10 Emission Factor,Potencia de Equipos Misceláneos de Piscina,Factor de Emisión de PM10,Facteur d'émission de PM10,Facteur d'émission PM10,Y,Y
PM10 Emission Factor Schedule Name,Nodo de Entrada de Agua de Piscina,Nombre de Cronograma del Factor de Emisión de PM10,Nom de l'agenda de facteur d'émission PM10,Nom du programme d'émission de PM10,Y,Y
PM2.5 Emission Factor,Nodo de Salida de Agua de la Piscina,Factor de Emisión PM2.5,"Facteur d'émission de PM2,5",Facteur d'émission PM2.5,Y,Y
PM2.5 Emission Factor Schedule Name,Puerto,Nombre de Calendario de Factor de Emisión de PM2.5,"Nom de l'horaire du facteur d'émission PM2,5",Nom de la programmation du facteur d'émission PM2.5,Y,Y
Polygon Clipping Algorithm,Coordenada X de Posición,Algoritmo de Recorte de Polígonos,Algorithme de découpage de polygone,Algorithme de découpe de polygone,Y,Y
Pool Heating System Maximum Water Flow Rate,Coordenada X de la Posición,Tasa Máxima de Flujo de Agua del Sistema de Calentamiento de Piscina,Débit d'eau maximal du système de chauffage de piscine,Débit d'eau maximal du système de chauffage de piscine,Y,
Pool Miscellaneous Equipment Power,Coordenada Y de Posición,Potencia de Equipos Auxiliares de la Piscina,Puissance des équipements divers de la piscine,Puissance des équipements auxiliaires de la piscine,Y,Y
Pool Water Inlet Node,Coordenada Y de posición,Nodo de Entrada de Agua de la Piscina,Nœud d'entrée d'eau de piscine,Nœud d'entrée d'eau de la piscine,Y,Y
Pool Water Outlet Node,Coordenada Z de Posición,Nodo de Salida de Agua de la Piscina,Nœud de sortie d'eau de piscine,Nœud de sortie de l'eau de la piscine,Y,Y
Port,Coordenada Z de posición,Puerto,Port,Port,Y,
Position X-Coordinate,Coeficiente de Potencia C1,Coordenada X de Posición,Coordonnée X de la position,Coordonnée X de position,Y,Y
Position X-coordinate,Coeficiente de Potencia C2,Coordenada X de la Posición,Coordonnée X de position,Coordonnée X de la position,Y,Y
Position Y-Coordinate,Coeficiente de Potencia C3,Coordenada Y-Posición,Coordonnée Y de la position,Coordonnée Y de Position,Y,Y
Position Y-coordinate,Coeficiente de Potencia C4,Coordenada Y de Posición,Position coordonnée Y,Coordonnée Y de position,Y,Y
Position Z-Coordinate,Coeficiente de Potencia C5,Coordenada Z de Posición,Coordonnée Z de la position,Coordonnée Z de la position,Y,
Position Z-coordinate,Coeficiente de Potencia C6,Coordenada Z de posición,Coordonnée Z de position,Coordonnée Z de la position,Y,Y
Power Coefficient C1,Control de Potencia,Coeficiente de Potencia C1,Coefficient de Puissance C1,Coefficient de puissance C1,Y,Y
Power Coefficient C2,Método de Eficiencia de Conversión de Potencia,Coeficiente de Potencia C2,Coefficient de puissance C2,Coefficient de Puissance C2,Y,Y
Power Coefficient C3,Límite de Transitorio de Apagado,Coeficiente de Potencia C3,Coefficient de Puissance C3,Coefficient de Puissance C3,Y,
Power Coefficient C4,Nombre del Módulo de Potencia,Coeficiente de Potencia C4,Coefficient de puissance C4,Coefficient de Puissance C4,Y,Y
Power Coefficient C5,Límite Transitorio de Encendido,Coeficiente de Potencia C5,Coefficient de Puissance C5,Coefficient de Puissance C5,Y,
Power Coefficient C6,Identificador de Preversión,Coeficiente de Potencia C6,Coefficient de Puissance C6,Coefficient de Puissance C6,Y,
Power Control,Nombre del Programa de Disponibilidad del Control de Presión,Control de Potencia,Contrôle de puissance,Contrôle de puissance,Y,
Power Conversion Efficiency Method,Diferencia de Presión a Través del Componente,Método de Eficiencia de Conversión de Potencia,Méthode d'efficacité de conversion d'énergie,Méthode de rendement de conversion de puissance,Y,Y
Power Down Transient Limit,Exponente de Presión,Límite Transitorio de Apagado,Limite transitoire de réduction de puissance,Limite de transition à l'arrêt,Y,Y
Power Module Name,Nombre de Cronograma de Punto de Consigna de Presión,Nombre del Módulo de Potencia,Nom du Module de Puissance,Nom du Module de Puissance,Y,
Power Up Transient Limit,Coeficiente de Temperatura del Lado Opuesto Anterior,Límite de Transitorio al Encendido,Limite de Transitoire à la Mise sous Tension,Limite de Transition à la Mise sous Tension,Y,Y
Precool Design Humidity Ratio,Relación de Humedad de Diseño de Preenfriamiento,Relación de Humedad de Diseño del Precalentamiento,Ratio d'humidité de conception pour le prérefroidissement,Rapport d'humidité de conception à la sortie du précooler,Y,Y
Precool Design Temperature,Temperatura de Diseño de Preenfriamiento,Temperatura de Diseño de Preenfriamiento,Température de conception du prérefroidissement,Température de conception précooling,,Y
Preheat Design Humidity Ratio,Relación de Humedad de Diseño de Precalentamiento,Relación de Humedad de Diseño de Precalentamiento,Taux d'humidité de conception du préchauffage,Ratio d'Humidité de Conception en Sortie du Préchauffage,,Y
Preheat Design Temperature,Temperatura de Diseño de Precalentamiento,Temperatura de Diseño Preacondicionamiento,Température de conception du préchauffage,Température de conception après préchauffe,Y,Y
Prerelease Identifier,Nombre del Programa de Disponibilidad de Aire Primario,Identificador de Preversión,Identifiant de préversion,Identifiant de préversion,Y,
Pressure Control Availability Schedule Name,Caudal de Diseño del Aire Primario,Nombre del Calendario de Disponibilidad del Control de Presión,Nom de l'horaire de disponibilité du contrôle de pression,Nom de l'Horaire de Disponibilité du Contrôle de Pression,Y,Y
Pressure Difference Across the Component,Nodo de Entrada de Aire Primario,Diferencia de Presión en el Componente,Différence de pression à travers le composant,Différence de Pression aux Bornes du Composant,Y,Y
Pressure Exponent,Nombre del Nodo de Entrada de Aire Primario,Exponente de Presión,Exposant de Pression,Exposant de Pression,Y,
Pressure Rise,Incremento de Presión,Aumento de Presión,Augmentation de pression,Augmentation de pression,Y,
Pressure Setpoint Schedule Name,Nodo de Salida de Aire Primario,Nombre de la Programación del Punto de Consigna de Presión,Nom du programme de consigne de pression,Nom de la planification du point de consigne de pression,Y,Y
Pressure Simulation Type,Tipo de Simulación de Presión,Tipo de Simulación de Presión,Type de Simulation de Pression,Type de simulation de pression,,Y
Previous Other Side Temperature Coefficient,Nombre del Nodo de Salida de Aire Primario,Coeficiente de Temperatura del Otro Lado Anterior,Coefficient de Température de l'Autre Côté Précédent,Coefficient de Température du Côté Opposé Précédent,Y,Y
Primary Air Availability Schedule Name,Nombre del Control de Iluminación Natural Primario,Nombre del Programa de Disponibilidad de Aire Primario,Nom de l'horaire de disponibilité de l'air primaire,Nom du Calendrier de Disponibilité de l'Air Primaire,Y,Y
Primary Air Design Flow Rate,Caudal de Aire de Diseño Primario,Caudal de Diseño del Aire Primario,Débit de conception d'air primaire,Débit de Conception d'Air Primaire,Y,Y
Primary Air Inlet Node,Esquema de Operación de Equipos Primarios de la Planta,Nodo de Entrada de Aire Primario,Nœud d'entrée d'air primaire,Nœud d'admission d'air primaire,Y,Y
Primary Air Inlet Node Name,Esquema de Operación del Equipamiento Primario de la Planta - Horario,Nombre del Nodo de Entrada de Aire Primario,Nom du nœud d'entrée d'air primaire,Nom du nœud d'entrée d'air primaire,Y,
Primary Air Outlet Node,Modo de Control de Prioridad,Nodo de Salida de Aire Primario,Nœud de sortie d'air primaire,Nœud de sortie d'air primaire,Y,
Primary Air Outlet Node Name,Probabilidad de que la Iluminación se Reinicie Cuando sea Necesario en Control Escalonado Manual,Nombre del Nodo de Salida de Aire Primario,Nom du nœud de sortie d'air primaire,Nom du Nœud de Sortie d'Air Primaire,Y,Y
Primary Daylighting Control Name,Nodo de Entrada de Aire de Proceso,Nombre del Control de Iluminación Natural Primario,Nom de la Commande d'Éclairage Naturel Primaire,Nom du contrôle d'éclairage naturel principal,Y,Y
Primary Design Air Flow Rate,Nodo de Salida de Aire de Proceso,Caudal de Aire de Diseño Primario,Débit d'air de conception principal,Débit d'air primaire de conception,Y,Y
Primary Plant Equipment Operation Scheme,Línea de Programa,Esquema de Operación del Equipo Primario de Planta,Schéma d'opération de l'équipement principal de la boucle de conduite,Schéma d'Exploitation des Équipements Principaux de la Boucle Hydrothermique,Y,Y
Primary Plant Equipment Operation Scheme Schedule,Nombre del Programa,Cronograma de Esquema de Operación del Equipo Primario de la Planta,Calendrier du Schéma d'Exploitation des Équipements Principaux de l'Installation,Calendrier du Schéma d'Exploitation de l'Équipement Principal de la Boucle Hydraulique,Y,Y
Priority Control Mode,Inflación de Propano,Modo de Control de Prioridad,Mode de Contrôle de Priorité,Mode de Commande de Priorité,Y,Y
Probability Lighting will be Reset When Needed in Manual Stepped Control,Ángulo de Rotación alrededor del Eje X,Probabilidad de que la Iluminación se Reinicie Cuando sea Necesario en Control Manual Escalonado,Probabilité que l'éclairage soit réinitialisé si nécessaire en contrôle manuel par étapes,Probabilité que l'éclairage soit réajusté lorsque nécessaire dans la commande manuelle échelonnée,Y,Y
Process Air Inlet Node,Ángulo Psi de rotación alrededor del eje X,Nodo de Entrada de Aire de Proceso,Nœud d'entrée de l'air de traitement,Nœud d'entrée de l'air de procédé,Y,Y
Process Air Outlet Node,Curva de Bomba,Nodo de Salida de Aire del Proceso,Nœud de sortie d'air du processus,Nœud de sortie d'air de traitement,Y,Y
Program Line,Nombre de la Curva de Bomba,Línea de Programa,Ligne de Programme,Ligne de programme,Y,Y
Program Name,Tipo de Accionamiento de Bomba,Nombre del Programa,Nom du programme,Nom du Programme,Y,Y
Propane Inflation,Curva de Función de Entrada Eléctrica de Bomba en Función de Relación de Carga Parcial,Inflación del Propano,Inflation du Propane,Inflation du propane,Y,Y
Psi Rotation Around X-Axis,Programa de Caudal de Bomba,Rotación Psi alrededor del eje X,Rotation Psi autour de l'axe X,Angle de rotation autour de l'axe X,Y,Y
Psi Rotation Around X-axis,Factor de Pérdida de Calor de la Bomba,Rotación Psi alrededor del eje X,Rotation Psi autour de l'axe X,Angle de rotation autour de l'axe X,Y,Y
Pump Control Type,Tipo de Control de la Bomba,Tipo de Control de la Bomba,Type de contrôle de pompe,Type de Contrôle de la Pompe,,Y
Pump Curve,Calor del Motor de la Bomba al Fluido,Curva de Bomba,Courbe de Pompe,Courbe de Pompe,Y,
Pump Curve Name,Nodo de Salida de la Bomba,Nombre de la Curva de la Bomba,Nom de la courbe de pompe,Nom de la courbe de pompe,Y,
Pump Drive Type,Nombre del Programa de RPM de la Bomba,Tipo de Accionamiento de Bomba,Type d'entraînement de pompe,Type d'Entraînement de la Pompe,Y,Y
Pump Electric Input Function of Part Load Ratio Curve,Producto Transmitancia-Absortancia Normal de Célula FV,Curva de Función de Entrada Eléctrica de Bomba vs PLR,Courbe de la fonction d'entrée électrique de la pompe en fonction du ratio de charge partielle,Courbe de Puissance Électrique de la Pompe en Fonction du Taux de Charge Partielle,Y,Y
Pump Flow Rate Schedule,Emitancia Longitud de Onda Larga del Dorso del Módulo FV,Programación de Caudal de Bomba,Calendrier du débit de la pompe,Calendrier Débit Pompe,Y,Y
Pump Flow Rate Schedule Name,Nombre del Horario de Caudal de la Bomba,Nombre de Horario de Caudal de Bomba,Nom du calendrier de débit de pompe,Nom de la Planification du Débit de la Pompe,Y,Y
Pump Heat Loss Factor,Resistencia Térmica Inferior del Módulo FV,Factor de Pérdida de Calor de Bomba,Facteur de Perte Thermique de la Pompe,Facteur de perte thermique de la pompe,Y,Y
Pump Motor Heat to Fluid,Emisividad Térmica Frontal del Módulo Fotovoltaico,Calor del Motor de Bomba al Fluido,Chaleur du moteur de pompe vers le fluide,Chaleur du Moteur de Pompe au Fluide,Y,Y
Pump Outlet Node,Resistencia Térmica Superior del Módulo PV,Nudo de Salida de Bomba,Nœud de sortie de pompe,Nœud de sortie de pompe,Y,
Pump RPM Schedule Name,Versión PVWatts,Nombre de la Planificación de RPM de la Bomba,Nom de la courbe d'horaire de la pompe RPM,Nom de la Programmation RPM de la Pompe,Y,Y
PV Cell Normal Transmittance-Absorptance Product,Producto de Transmitancia-Absortancia Normal de Celda PV,Producto Transmitancia-Absortancia Normal de Célula FV,Produit Transmittance-Absorptance Normale des Cellules PV,Produit de transmittance-absorbance normal de la cellule photovoltaïque,Y,Y
PV Module Back Longwave Emissivity,Tipo de Calificación,Emitancia Térmica Longitud de Onda Larga Posterior del Módulo FV,Émissivité grandes longueurs d'onde du revers du module PV,Émissivité thermique arrière du module PV,Y,Y
PV Module Bottom Thermal Resistance,Tipo de Superficie Radiante,Resistencia Térmica Inferior del Módulo FV,Résistance thermique inférieure du module PV,Résistance Thermique Inférieure du Module PV,Y,Y
PV Module Front Longwave Emissivity,Fracción Radiativa,Emitancia Térmica Frontal del Módulo PV,Émissivité ondes longues avant du module PV,Émissivité Ondes Longues Avant du Module PV,Y,Y
PV Module Top Thermal Resistance,Fracción Radiativa para Ganancias de Calor en la Zona,Resistencia Térmica Superior del Módulo FV,Résistance Thermique Supérieure du Module PV,Résistance thermique supérieure du module PV,Y,Y
PVWatts Version,Indicador de Lluvia,Versión de PVWatts,Version PVWatts,Version PVWatts,Y,
Python Plugin Variable Name,Nombre de la Lista de Equipos de Cocina,Nombre de Variable del Complemento Python,Nom de Variable du Plugin Python,Nom de variable du plugin Python,Y,Y
Qualify Type,Tasa de Incremento de Fracción de Tiempo de Descongelamiento,Tipo de Calificación,Type de Qualification,Type de qualification,Y,Y
Radiant Surface Type,Flujo de Aire Nominal,Tipo de Superficie Radiante,Type de Surface Rayonnante,Type de surface rayonnante,Y,Y
Radiative Fraction,Caudal de Aire Nominal a Nivel de Velocidad Nominal Seleccionado,Fracción Radiante,Fraction Radiative,Fraction Rayonnante,Y,Y
Radiative Fraction for Zone Heat Gains,Humedad Relativa Ambiente Nominal,Fracción Radiante para Ganancias de Calor de la Zona,Fraction Radiative pour les Gains de Chaleur de la Zone,Fraction Radiative des Apports de Chaleur à la Zone,Y,Y
Rain Indicator,Temperatura Ambiente Nominal,Indicador de Lluvia,Indicateur de pluie,Indicateur de pluie,Y,
Range Equipment List Name,Diferencia de Temperatura de Aproximación Nominal,Nombre de la Lista de Equipos de Cocina,Nom de la liste des équipements de cuisson,Nom de la liste d'équipement de cuisson,Y,Y
Rate of Defrost Time Fraction Increase,Temperatura Promedio de Agua Nominal,Tasa de Aumento de la Fracción de Tiempo de Descongelación,Taux d'augmentation de la fraction de temps de dégivrage,Taux d'augmentation de la fraction de temps de dégivrage,Y,
Rated Air Flow,Potencia Nominal del Ventilador de Circulación,Flujo de Aire Nominal,Débit d'air nominal,Débit d'air nominal,Y,
Rated Air Flow Rate,Caudal de Aire Nominal,Caudal de Aire Nominal,Débit d'air nominé,Débit d'air volumétrique nominal,,Y
Rated Air Flow Rate At Selected Nominal Speed Level,Capacidad de Enfriamiento de la Bobina Nominal,Caudal de Aire Nominal a la Velocidad Nominal Seleccionada,Débit d'air nominal au niveau de vitesse nominale sélectionné,Débit d'air nominal au niveau de vitesse nominal sélectionné,Y,Y
Rated Ambient Relative Humidity,Potencia del Compresor Nominal por Unidad de Capacidad Evaporativa Nominal,Humedad Relativa Ambiente Nominal,Humidité relative ambiante nominale,Humidité Relative Ambiante Nominale,Y,Y
Rated Ambient Temperature,Flujo de Aire del Condensador Clasificado,Temperatura Ambiente Nominal,Température ambiante nominale,Température ambiante nominale,Y,
Rated Approach Temperature Difference,Temperatura del Agua de Entrada del Condensador Nominal,Diferencia de Temperatura de Aproximación Nominal,Différence de température d'approche nominale,Écart de température d'approche nominal,Y,Y
Rated Average Water Temperature,Caudal de Agua de Condensador Nominal,Temperatura Promedio del Agua en Condiciones Nominales,Température Moyenne de l'Eau Nominale,Température moyenne de l'eau nominale,Y,Y
Rated Capacity,Capacidad Nominal,Capacidad Nominal,Capacité Nominale,Capacité nominale,,Y
Rated Circulation Fan Power,Temperatura del Agua de Condensación Nominal,Potencia del Ventilador de Circulación Nominal,Puissance nominale du ventilateur de circulation,Puissance nominale du ventilateur de circulation,Y,
Rated Coil Cooling Capacity,Temperatura de Condensación Nominal,Capacidad de Enfriamiento Nominal de la Bobina,Capacité frigorifique nominale de la batterie,Capacité de Refroidissement Nominale de la Batterie,Y,Y
Rated Compressor Power Per Unit of Rated Evaporative Capacity,Capacidad Nominal de Enfriamiento,Potencia Nominal del Compresor por Unidad de Capacidad Evaporativa Nominal,Puissance nominale du compresseur par unité de capacité nominale d'évaporation,Puissance du Compresseur Nominale par Unité de Capacité Évaporante Nominale,Y,Y
Rated Condenser Air Flow Rate,Coeficiente de Rendimiento de Enfriamiento Nominal,Caudal de Aire del Condensador Nominal,Débit d'air nominal au condenseur,Débit d'air nominal du condenseur,Y,Y
Rated Condenser Inlet Water Temperature,Potencia del Ventilador de la Bobina de Enfriamiento Clasificada,Temperatura del Agua en la Entrada del Condensador en Condiciones Nominales,Température nominale de l'eau à l'entrée du condenseur,Température d'eau à l'entrée du condenseur nominale,Y,Y
Rated Condenser Water Flow Rate,Temperatura de Fuente de Enfriamiento Nominal,Caudal de Agua Condensadora Nominal,Débit d'eau de condenseur nominal,Débit d'eau du condenseur nominal,Y,Y
Rated Condenser Water Temperature,COP Nominal para Enfriamiento,Temperatura de Agua del Condensador en Condiciones Nominales,Température de l'eau du condenseur nominale,Température d'eau condenseur nominale,Y,Y
Rated Condensing Temperature,COP nominal para calefacción,Temperatura de Condensación Nominal,Température de Condensation Nominale,Température de condensation nominale,Y,Y
Rated Cooling Capacity,Velocidad Efectiva Total de Rechazo de Calor Nominal,Capacidad de Enfriamiento Nominal,Capacité frigorifique nominale,Capacité de refroidissement nominale,Y,Y
Rated Cooling Coefficient of Performance,Nombre de la Curva de Velocidad de Rechazo de Calor Total Efectivo Nominal,COP Nominal de Enfriamiento,Coefficient de Performance Frigorifique Nominal,Coefficient de Performance en Refroidissement Nominal,Y,Y
Rated Cooling Coil Fan Power,Potencia Eléctrica Nominal de Salida,Potencia Nominal del Ventilador de la Bobina Enfriadora,Puissance nominale du ventilateur de la batterie de refroidissement,Puissance nominale du ventilateur du serpentin de refroidissement,Y,Y
Rated Cooling Source Temperature,Factor de Energía Nominal,Temperatura de Fuente de Enfriamiento Nominal,Température source de refroidissement nominale,Température de source de refroidissement nominale,Y,Y
Rated COP,COP Nominal,COP Nominal,COP nominal,COP nominal,,
Rated COP for Cooling,Temperatura de Bulbo Seco del Aire de Entrada Nominal,COP Nominal para Refrigeración,COP nominal pour refroidissement,COP de refroidissement nominal,Y,Y
Rated COP for Heating,Temperatura de Bulbo Húmedo del Aire de Entrada Nominal,COP de Diseño para Calefacción,COP Nominal pour le Chauffage,COP nominal en chauffage,Y,Y
Rated Effective Total Heat Rejection Rate,Temperatura del Agua de Entrada Nominal,Tasa de Rechazo de Calor Total Efectiva Nominal,Débit de rejet thermique total effectif évalué,Débit de rejet thermique total effectif nominal,Y,Y
Rated Effective Total Heat Rejection Rate Curve Name,Capacidad Evaporativa Nominal,Nombre de la Curva de Tasa Efectiva de Rechazo de Calor Total Nominal,Nom de la courbe du débit de rejet de chaleur total effectif nominal,Nom de la courbe du débit calorifique rejeté total nominal effectif,Y,Y
Rated Electric Power Output,Consumo de Potencia de la Bomba del Condensador Evaporativo Clasificado,Potencia Eléctrica Nominal de Salida,Puissance Électrique Nominale,Puissance électrique nominale de sortie,Y,Y
Rated Energy Factor,Caudal de Aire del Evaporador Nominal,Factor de Energía Nominal,Facteur d'efficacité énergétique nominal,Facteur énergétique nominal,Y,Y
Rated Entering Air Dry-Bulb Temperature,Temperatura de Bulbo Seco del Aire en la Entrada del Evaporador a Condiciones Nominales,Temperatura de Bulbo Seco del Aire de Entrada Nominal,Température sèche de l'air entrant à régime nominal,Température de bulbe sec de l'air entrant nominale,Y,Y
Rated Entering Air Wet-Bulb Temperature,Temperatura de Bulbo Húmedo del Aire de Entrada del Evaporador a Carga Nominal,Temperatura de Bulbo Húmedo del Aire de Entrada en Condiciones Nominales,Température à bulbe humide de l'air d'entrée nominale,Température de bulbe humide de l'air entrant à l'état nominal,Y,Y
Rated Entering Water Temperature,Potencia del Ventilador Nominal,Temperatura del Agua Entrante Nominal,Température d'eau entrante nominale,Température d'eau entrante nominale,Y,
Rated Evaporative Capacity,Consumo de Gas Nominal,Capacidad Evaporativa Nominal,Capacité Évaporative Nominale,Capacité d'évaporation nominale,Y,Y
Rated Evaporative Condenser Pump Power Consumption,Capacidad Total de Enfriamiento Bruto Nominal,Consumo de Potencia de la Bomba del Condensador Evaporativo Nominal,Consommation d'énergie nominale de la pompe du condenseur évaporatif,Consommation électrique nominale de la pompe du condenseur évaporatif,Y,Y
Rated Evaporator Air Flow Rate,Eficiencia de Recuperación de Calor Residual Nominal,Caudal de Aire del Evaporador a Condiciones Nominales,Débit d'air nominal à l'évaporateur,Débit d'air nominal à l'évaporateur,Y,
Rated Evaporator Fan Power Per Volume Flow Rate 2017,Potencia del Ventilador del Evaporador por Caudal 2017,Potencia Nominal del Ventilador del Evaporador por Caudal Volumétrico 2017,Puissance nominale du ventilateur de l'évaporateur par débit volumique 2017,Puissance de ventilateur d'évaporateur nominale par débit volumétrique 2017,Y,Y
Rated Evaporator Fan Power Per Volume Flow Rate 2023,Potencia del Ventilador del Evaporador por Caudal 2023,Potencia Nominal del Ventilador del Evaporador por Caudal Volumétrico 2023,Puissance nominale du ventilateur d'évaporateur par débit volumétrique 2023,Puissance nominale du ventilateur de l'évaporateur par débit volumétrique 2023,Y,Y
Rated Evaporator Inlet Air Dry-Bulb Temperature,Capacidad de Calefacción Nominal,Temperatura de Bulbo Seco del Aire de Entrada del Evaporador en Condiciones Nominales,Température de bulbe sec de l'air à l'entrée de l'évaporateur en régime nominal,Température de Bulbe Sec de l'Air à l'Entrée de l'Évaporateur en Conditions Nominales,Y,Y
Rated Evaporator Inlet Air Wet-Bulb Temperature,Capacidad de Calefacción Nominal a Nivel de Velocidad Nominal Seleccionado,Temperatura de Bulbo Húmedo del Aire de Entrada del Evaporador en Condiciones Nominales,Température de bulbe humide de l'air à l'entrée de l'évaporateur aux conditions nominales,Température de bulbe humide de l'air à l'entrée de l'évaporateur aux conditions nominales,Y,
Rated Fan Power,Relación de Dimensionamiento de Capacidad de Calefacción Nominal,Potencia Nominal del Ventilador,Puissance nominale du ventilateur,Puissance nominale du ventilateur,Y,
Rated Flow Rate,Caudal Nominal,Caudal Nominal,Débit nominal,Débit nominal,,
Rated Gas Use Rate,Coeficiente de Rendimiento de Calefacción Nominal,Tasa de Consumo de Gas Nominal,Débit gazier nominal,Débit de gaz nominal,Y,Y
Rated Gross Total Cooling Capacity,COP de Calefacción Nominal,Capacidad Total de Enfriamiento Bruta Nominal,Capacité de refroidissement totale brute nominale,Capacité de refroidissement totale brute nominale,Y,
Rated Heat Reclaim Recovery Efficiency,Caudal de aire a velocidad alta nominal,Eficiencia de Recuperación de Calor Clasificada,Rendement nominal de récupération de chaleur fatale,Rendement de récupération de chaleur nominale,Y,Y
Rated Heating Capacity,COP Nominal a Velocidad Alta,Capacidad de Calentamiento Nominal,Capacité de chauffage nominale,Capacité de chauffage nominale,Y,
Rated Heating Capacity At Selected Nominal Speed Level,Potencia Nominal del Ventilador del Evaporador a Velocidad Alta por Tasa de Flujo Volumétrico 2017,Capacidad de Calefacción Nominal a Nivel de Velocidad Nominal Seleccionado,Capacité de Chauffage Nominale au Niveau de Vitesse Nominal Sélectionné,Capacité de chauffage nominale au niveau de vitesse nominal sélectionné,Y,Y
Rated Heating Capacity Sizing Ratio,Potencia del Ventilador del Evaporador a Velocidad Alta Nominal por Caudal Volumétrico,Relación de Dimensionamiento de Capacidad de Calefacción Nominal,Ratio de dimensionnement de la capacité de chauffage nominale,Rapport de Dimensionnement de la Capacité de Chauffage Nominale,Y,Y
Rated Heating Coefficient of Performance,Relación de Calor Sensible a Velocidad Nominal Alta,Coeficiente de Rendimiento Nominal en Calefacción,Coefficient de performance thermique nominal,Coefficient de performance de chauffage nominal,Y,Y
Rated Heating COP,Capacidad de Enfriamiento Total a Velocidad Alta Clasificada,COP Nominal de Calefacción,COP de Chauffage Nominal,COP nominal de chauffage,Y,Y
Rated High Speed Air Flow Rate,Temperatura del Espacio de Entrada Nominal,Caudal de Aire a Velocidad Alta Nominal,Débit d'air nominal à vitesse élevée,Débit d'air nominal à haut régime,Y,Y
Rated High Speed COP,Relación de Calor Latente Nominal,COP Nominal a Velocidad Alta,COP nominal à vitesse élevée,COP nominal à vitesse élevée,Y,
Rated High Speed Evaporator Fan Power Per Volume Flow Rate 2017,Temperatura del Agua de Salida Clasificada,Potencia Nominal del Ventilador del Evaporador a Velocidad Alta por Caudal Volumétrico 2017,Puissance du ventilateur d'évaporateur à haute vitesse nominale par débit volumique 2017,Puissance du ventilateur de l'évaporateur à haut régime rapportée au débit volumique 2017,Y,Y
Rated High Speed Evaporator Fan Power Per Volume Flow Rate 2023,Temperatura Nominal del Líquido,Potencia Nominal del Ventilador del Evaporador a Velocidad Alta por Flujo de Volumen 2023,Puissance du Ventilateur d'Évaporateur à Vitesse Nominale Élevée par Débit Volumique 2023,Puissance nominale du ventilateur d'évaporateur à grande vitesse par débit volumique 2023,Y,Y
Rated High Speed Sensible Heat Ratio,Pérdida de Carga Nominal,Relación de Calor Sensible a Velocidad Nominal Alta,Rapport de chaleur sensible nominal à vitesse élevée,Rapport de chaleur sensible à régime nominal élevé,Y,Y
Rated High Speed Total Cooling Capacity,Caudal de Aire a Velocidad Baja Nominal,Capacidad de Enfriamiento Total Nominal a Velocidad Alta,Capacité de refroidissement totale nominale à vitesse élevée,Capacité de refroidissement totale nominale à vitesse élevée,Y,
Rated Inlet Air Temperature,Temperatura de Entrada de Aire Nominal,Temperatura de Aire de Entrada Nominal,Température d'air d'entrée nominale,Température de l'air à l'entrée aux conditions nominales,Y,Y
Rated Inlet Space Temperature,COP Nominal a Velocidad Baja,Temperatura del Espacio de Entrada Nominal,Température de l'espace d'entrée nominale,Température nominale de l'air entrant,Y,Y
Rated Inlet Water Temperature,Temperatura de Entrada de Agua Nominal,Temperatura de Agua de Entrada Nominal,Température d'eau d'entrée nominale,Température d'eau d'entrée nominale,Y,
Rated Latent Heat Ratio,Potencia del Ventilador del Evaporador a Velocidad Baja Nominal por Caudal Volumétrico 2017,Relación de Calor Latente Nominal,Rapport de chaleur latente nominale,Rapport de chaleur latente nominal,Y,Y
Rated Leaving Water Temperature,Potencia Nominal del Ventilador del Evaporador a Velocidad Baja Por Caudal Volumétrico 2023,Temperatura del Agua de Salida Nominal,Température de l'eau de sortie nominale,Température de l'eau de sortie nominale,Y,
Rated Liquid Temperature,Relación de Calor Sensible a Velocidad Baja Nominal,Temperatura del Líquido Clasificada,Température du Liquide Nominale,Température du liquide nominal,Y,Y
Rated Load Loss,Capacidad de Enfriamiento Total a Velocidad Baja Nominal,Pérdida de Carga Nominal,Perte de charge nominale,Perte de charge nominale,Y,
Rated Low Speed Air Flow Rate,Potencia de Salida Continua Máxima Nominal,Caudal de Aire a Velocidad Baja Nominal,Débit d'air nominal à basse vitesse,Débit d'air nominal à faible vitesse,Y,Y
Rated Low Speed COP,Pérdidas Nominales sin Carga,COP Nominal a Baja Velocidad,COP nominal à faible vitesse,COP nominal à faible vitesse,Y,
Rated Low Speed Evaporator Fan Power Per Volume Flow Rate 2017,Temperatura Exterior Nominal,Potencia Nominal del Ventilador del Evaporador a Baja Velocidad por Caudal Volumétrico 2017,Puissance du ventilateur d'évaporateur à vitesse réduite nominale par débit volumétrique 2017,Puissance nominale du ventilateur d'évaporateur à basse vitesse par débit volumique 2017,Y,Y
Rated Low Speed Evaporator Fan Power Per Volume Flow Rate 2023,Potencia Nominal,Potencia del Ventilador del Evaporador a Baja Velocidad Nominal por Caudal Volumétrico 2023,Puissance du ventilateur d'évaporateur à vitesse réduite nominale par débit volumique 2023,Puissance nominale du ventilateur d'évaporateur à bas régime par débit volumique 2023,Y,Y
Rated Low Speed Sensible Heat Ratio,Caudal de Aire Primario Nominal por Unidad de Longitud de Viga,Relación de Calor Sensible a Velocidad Baja Nominal,Rapport de Chaleur Sensible à Vitesse Réduite Nominale,Rapport de Chaleur Sensible Nominal à Faible Vitesse,Y,Y
Rated Low Speed Total Cooling Capacity,Humedad Relativa Nominal,Capacidad Total de Refrigeración Nominal a Baja Velocidad,Capacité de refroidissement totale nominale à faible vitesse,Capacité frigorifique totale nominale à bas régime,Y,Y
Rated Maximum Continuous Output Power,Temperatura de Retorno de Gas Nominal,Potencia de Salida Continua Máxima Nominal,Puissance maximale continue nominale,Puissance de sortie continue maximale nominale,Y,Y
Rated Motor Efficiency,Eficiencia del Motor Nominal,Eficiencia Nominal del Motor,Rendement du moteur nominal,Rendement du moteur nominal,Y,
Rated No Load Loss,Velocidad Nominal del Rotor,Pérdida Nominal sin Carga,Perte à Vide Nominale,Perte nominale à vide,Y,Y
Rated Outdoor Air Temperature,Fracción de Tiempo de Funcionamiento Nominal,Temperatura Exterior Nominal del Aire,Température extérieure nominale,Température Extérieure Nominale,Y,Y
Rated Outlet Air Temperature,Temperatura de Salida de Aire Nominal,Temperatura del Aire de Salida Nominal,Température de l'air à la sortie nominale,Température de sortie d'air nominale,Y,Y
Rated Outlet Water Temperature,Temperatura de Salida de Agua Nominal,Temperatura de Salida del Agua Nominal,Température de l'eau à la sortie nominale,Température de l'eau à la sortie nominale,Y,
Rated Power,Capacidad de Enfriamiento Sensible Nominal,Potencia Nominal,Puissance nominale,Puissance nominale,Y,
Rated Power Consumption,Consumo de Energía Nominal,Consumo de Potencia Nominal,Consommation d'énergie nominale,Consommation Électrique Nominale,Y,Y
Rated Primary Air Flow Rate per Beam Length,Subenfriamiento Nominal,Caudal de Aire Primario Nominal por Unidad de Longitud del Haz,Débit d'air primaire nominal par unité de longueur de poutre,Débit d'air primaire nominal par unité de longueur de poutre,Y,
Rated Pump Head,Presión Nominal de la Bomba,Carga Nominal de la Bomba,Hauteur manométrique nominale de la pompe,Hauteur manométrique nominale de la pompe,Y,
Rated Ratio for Air and Water Convection,Relación Nominal para Convección de Aire y Agua,Relación Nominal de Convección de Aire y Agua,Ratio Nominal pour la Convection Air et Eau,Rapport nominal de convection air et eau,Y,Y
Rated Relative Humidity,Diferencia de Temperatura de Subenfriamiento Nominal,Humedad Relativa Nominal,Humidité Relative Nominale,Humidité Relative Nominale,Y,
Rated Return Gas Temperature,Sobrecalentamiento Nominal,Temperatura de Retorno de Gas Clasificada,Température de retour des gaz nominale,Température de Retour de Gaz Frigorifique Nominale,Y,Y
Rated Rotor Speed,Potencia Nominal del Ventilador de Aire de Suministro por Caudal Volumétrico 2017,Velocidad Nominal del Rotor,Vitesse du rotor nominale,Vitesse nominale du rotor,Y,Y
Rated Runtime Fraction,Potencia Nominal del Ventilador de Aire de Suministro por Caudal Volumétrico 2023,Fracción de Tiempo de Funcionamiento en Condiciones Nominales,Fraction du temps d'exécution nominal,Fraction de fonctionnement nominale,Y,Y
Rated Sensible Cooling Capacity,Potencia Nominal del Ventilador de Suministro por Velocidad de Flujo de Volumen 2017,Capacidad Nominal de Enfriamiento Sensible,Capacité de refroidissement sensible nominale,Capacité frigorifique sensible nominale,Y,Y
Rated Sensible Heat Ratio,Relación de Calor Sensible Nominal,Relación de Calor Sensible Nominal,Rapport de chaleur sensible nominal,Rapport de chaleur sensible nominal,,
Rated Subcooling,Potencia Nominal del Ventilador de Suministro por Tasa de Flujo de Volumen 2023,Subenfriamiento Nominal,Sous-refroidissement nominal,Sous-refroidissement nominal,Y,
Rated Subcooling Temperature Difference,Diferencia de Temperatura Nominal DT1,Diferencia de Temperatura de Subenfriamiento Nominal,Différence de Température de Sous-Refroidissement Nominale,Différence de Température de Sous-Refroidissement Nominale,Y,
Rated Superheat,Relación de Potencia Térmica a Eléctrica Nominal,Sobrecalentamiento Nominal,Surchauffe nominale,Surchauffe Nominale,Y,Y
Rated Supply Air Fan Power Per Volume Flow Rate 2017,Capacidad de Refrigeración Total Nominal por Puerta,Potencia Nominal del Ventilador de Aire de Suministro Por Caudal Volumétrico 2017,Puissance nominale du ventilateur d'air soufflé par débit volumique 2017,Puissance nominale du ventilateur de soufflage par débit volumique 2017,Y,Y
Rated Supply Air Fan Power Per Volume Flow Rate 2023,Capacidad de Enfriamiento Total Nominal por Unidad de Longitud,Potencia Nominal del Ventilador de Suministro por Caudal Volumétrico 2023,Puissance nominale du ventilateur d'air soufflé par débit volumique 2023,Puissance du ventilateur d'air soufflé nominale par débit volumique 2023,Y,Y
Rated Supply Fan Power Per Volume Flow Rate 2017,Nombre de la Curva de Tasa de Rechazo de Calor Total Nominal,Potencia Nominal del Ventilador de Suministro por Caudal Volumétrico 2017,Puissance nominale du ventilateur d'alimentation par débit volumétrique 2017,Puissance nominale du ventilateur de soufflage par débit volumique 2017,Y,Y
Rated Supply Fan Power Per Volume Flow Rate 2023,Capacidad Total de Calefacción Nominal,Potencia del Ventilador de Suministro Clasificada por Caudal Volumétrico 2023,Puissance nominale du ventilateur d'alimentation par débit volumique 2023,Puissance nominale du ventilateur de soufflage par débit volumique 2023,Y,Y
Rated Temperature Difference DT1,Potencia Térmica Total Nominal,Diferencia de Temperatura Nominal DT1,Différence de Température Nominale DT1,Différence de température nominale DT1,Y,Y
Rated Thermal to Electrical Power Ratio,Potencia de Iluminación Total Nominal,Relación Nominal de Potencia Térmica a Eléctrica,Rapport Puissance Thermique à Puissance Électrique Nominal,Rapport Puissance Thermique Nominale sur Puissance Électrique Nominale,Y,Y
Rated Total Cooling Capacity,Capacidad Total de Enfriamiento Nominal,Capacidad Total de Enfriamiento Nominal,Capacité de refroidissement totale nominale,Capacité frigorifique totale nominale,,Y
Rated Total Cooling Capacity per Door,Factor de Carga Unitaria Clasificado,Capacidad Total de Enfriamiento Nominal por Puerta,Capacité de refroidissement totale nominale par porte,Capacité de Refroidissement Totale Nominale par Porte,Y,Y
Rated Total Cooling Capacity per Unit Length,Fracción de Calor Residual Nominal de la Entrada de Potencia,Capacidad de Enfriamiento Total Nominal por Unidad de Longitud,Capacité de refroidissement totale nominale par unité de longueur,Capacité de refroidissement totale nominale par unité de longueur,Y,
Rated Total Heat Rejection Rate Curve Name,Caudal de Agua Nominal,Nombre de Curva de Tasa de Rechazo de Calor Total Nominal,Nom de la courbe du débit de rejet de chaleur total nominal,Nom de la courbe de débit de rejet thermique total nominal,Y,Y
Rated Total Heating Capacity,Caudal de Agua Nominal a la Velocidad Nominal Seleccionada,Capacidad Calefactora Total Nominal,Capacité totale de chauffage nominale,Capacité de chauffage totale nominale,Y,Y
Rated Total Heating Capacity Sizing Ratio,Relación de Dimensionamiento de Capacidad Total de Calefacción Nominal,Relación de Dimensionamiento de la Capacidad Total de Calefacción Nominal,Ratio de dimensionnement de la capacité de chauffage totale nominale,Rapport de dimensionnement de la capacité de chauffage total nominale,Y,Y
Rated Total Heating Power,Capacidad Nominal de Calentamiento de Agua,Potencia Térmica Total Nominal,Puissance de chauffage totale nominale,Puissance de chauffage totale nominale,Y,
Rated Total Lighting Power,COP de Calentamiento de Agua Nominal,Potencia de Iluminación Total Nominal,Puissance d'éclairage totale nominale,Puissance d'éclairage totale nominale,Y,
Rated Unit Load Factor,Temperatura de Entrada de Agua Nominal,Factor de Carga Unitario Nominal,Facteur de Charge Nominal de l'Unité,Facteur de Charge Unitaire Nominal,Y,Y
Rated Waste Heat Fraction of Power Input,Caudal Másico de Agua Nominal,Fracción Nominal de Calor Residual de la Entrada de Potencia,Fraction de chaleur perdue nominale de l'entrée de puissance,Fraction de chaleur perdue nominale par rapport à la puissance d'entrée,Y,Y
Rated Water Flow Rate,Potencia Nominal de la Bomba de Agua,Caudal de Agua Nominal,Débit d'eau nominal,Débit d'eau volumétrique nominal,Y,Y
Rated Water Flow Rate At Selected Nominal Speed Level,Extracción de Agua Nominal,Caudal de Agua Nominal a Velocidad Nominal Seleccionada,Débit d'eau nominal au niveau de vitesse nominale sélectionné,Débit d'eau nominal au régime nominal sélectionné,Y,Y
Rated Water Heating Capacity,Velocidad de Viento Nominal,Capacidad Nominal de Calentamiento de Agua,Capacité nominale de chauffage de l'eau,Capacité nominale de chauffage d'eau,Y,Y
Rated Water Heating COP,Relación del Ancho del Edificio en el Eje Corto al Ancho en el Eje Largo,COP nominal de calefacción de agua,COP nominale de chauffage de l'eau,COP nominal de chauffage de l'eau,Y,Y
Rated Water Inlet Temperature,Relación de Conductancia de Vidrio en Borde de Divisor a Conductancia de Centro de Vidrio,Temperatura de Entrada de Agua Nominal,Température d'entrée d'eau nominale,Température d'entrée d'eau nominale,Y,
Rated Water Mass Flow Rate,Relación de Conductancia de Marco-Borde de Vidrio a Conductancia de Centro de Vidrio,Caudal Másico de Agua Nominal,Débit massique d'eau nominal,Débit massique d'eau nominal,Y,
Rated Water Pump Power,Relación entre la Capacidad Nominal de Calefacción y la Capacidad Nominal de Enfriamiento,Potencia Nominal de la Bomba de Agua,Puissance nominale de la pompe à eau,Puissance nominale de la pompe d'eau,Y,Y
Rated Water Removal,Tasa de Descuento Real,Tasa de Extracción de Agua Nominal,Déshumidification nominale,Enlèvement d'eau nominal,Y,Y
Rated Wind Speed,Nombre del Calendario de Cargos de Precios en Tiempo Real,Velocidad de Viento Nominal,Vitesse du vent nominale,Vitesse de vent nominale,Y,Y
Ratio of Building Width Along Short Axis to Width Along Long Axis,Presión del Receptor,Relación entre el Ancho del Edificio en Eje Corto y el Ancho en Eje Largo,Rapport de la largeur du bâtiment selon l'axe court à la largeur selon l'axe long,Rapport de la largeur du bâtiment selon l'axe court à la largeur selon l'axe long,Y,
Ratio of Compressor Size to Total Compressor Capacity,Relación del Tamaño del Compresor a la Capacidad Total,Relación del Tamaño del Compresor con Respecto a la Capacidad Total del Compresor,Ratio de la Taille du Compresseur à la Capacité Totale du Compresseur,Rapport de la Taille du Compresseur à la Capacité Totale du Compresseur,Y,Y
Ratio of Divider-Edge Glass Conductance to Center-Of-Glass Conductance,Nombre de Zona Receptor/Separador,Relación de Conductancia del Vidrio en el Borde del Divisor a la Conductancia del Centro del Vidrio,Rapport de la conductance du verre au bord du diviseur à la conductance du centre du verre,Rapport de la conductance du verre près du diviseur à la conductance du verre au centre du vitrage,Y,Y
Ratio of Frame-Edge Glass Conductance to Center-Of-Glass Conductance,Nodo de Entrada de Aire Recirculado,Relación de Conductancia del Vidrio en Borde de Marco a Conductancia del Centro del Vidrio,Rapport de la conductance du cadre-bord de vitre à la conductance du centre de vitre,Rapport de la Conductance du Verre en Bordure de Châssis à la Conductance du Verre au Centre,Y,Y
Ratio of Initial Moisture Evaporation Rate and Steady State Latent Capacity,Relación de Tasa de Evaporación Inicial y Cap. Latente en Estado Estable,Relación entre la Tasa Inicial de Evaporación de Humedad y la Capacidad Latente en Estado Estable,Ratio de la vitesse d'évaporation initiale de l'humidité et de la capacité latente en régime établi,Rapport du taux initial d'évaporation de l'humidité à la capacité latente en régime permanent,Y,Y
Ratio of Rated Heating Capacity to Rated Cooling Capacity,Consumo de Energía de la Bomba de Agua de Recirculación,Relación de Capacidad Nominal de Calentamiento a Capacidad Nominal de Enfriamiento,Rapport entre la capacité calorifique nominale et la capacité frigorifique nominale,Rapport de la capacité calorifique nominale à la capacité frigorifique nominale,Y,Y
Real Discount Rate,Nombre de Curva de Función de Recirculación de Temperatura de Carga y Suministro,Tasa de Descuento Real,Taux de Remise Réel,Taux d'actualisation réel,Y,Y
Real Time Pricing Charge Schedule Name,Nombre del Tanque de Almacenamiento de Agua Recuperada,Nombre de Programa de Cargo de Tarificación en Tiempo Real,Nom du calendrier de facturation avec tarification en temps réel,Nom de l'horaire de tarification en temps réel,Y,Y
Receiver Pressure,Capacidad de Recuperación por Área de Piso,Presión del Receptor,Pression du récepteur,Pression du récepteur,Y,
Receiver/Separator Zone Name,Capacidad de Recuperación por Persona,Nombre de la Zona del Receptor/Separador,Nom de la zone récepteur/séparateur,Nom de la Zone Récepteur/Séparateur,Y,Y
Recirculated Air Inlet Node,Capacidad de Recuperación Por Unidad,Nodo de Entrada de Aire Recirculado,Nœud d'entrée d'air recirculé,Nœud d'entrée d'air recirculé,Y,
Recirculating Water Pump Power Consumption,Presión Barométrica de Referencia,Consumo de Potencia de la Bomba de Recirculación de Agua,Consommation d'énergie de la pompe de circulation d'eau,Consommation Électrique de la Pompe de Recirculation d'Eau,Y,Y
Recirculation Function of Loading and Supply Temperature Curve Name,Coeficiente de Rendimiento de Referencia,Nombre de Curva de Función de Recirculación en Función de Carga y Temperatura de Suministro,Nom de la courbe de température de chargement et d'alimentation de la fonction de recirculation,Nom de la courbe de fonction de recirculation selon la charge et la température de l'air d'alimentation,Y,Y
Reclamation Water Storage Tank Name,Relación de Humedad del Aire de Combustión de Referencia,Nombre del Depósito de Almacenamiento de Agua Recuperada,Nom du réservoir de stockage d'eau de récupération,Nom du réservoir de stockage des eaux grises,Y,Y
Recovery Capacity per Floor Area,Temperatura de Entrada de Aire de Combustión de Referencia,Capacidad de Recuperación por Área de Piso,Capacité de récupération par unité de surface,Capacité de récupération par surface de plancher,Y,Y
Recovery Capacity per Person,Flujo de Refrigerante del Condensador de Referencia,Capacidad de Recuperación por Persona,Capacité de récupération par personne,Capacité de récupération par personne,Y,
Recovery Capacity PerUnit,Temperatura de Condensación de Referencia para Unidad Interior,Capacidad de Recuperación por Unidad,Capacité de Récupération par Unité,Capacité de Récupération par Unité,Y,
Reference Barometric Pressure,Capacidad de Refrigeración de Referencia,Presión Barométrica de Referencia,Pression barométrique de référence,Pression Barométrique de Référence,Y,Y
Reference Capacity,Capacidad de Referencia,Capacidad de Referencia,Capacité de Référence,Capacité de Référence,,
Reference Chilled Water Flow Rate,Caudal de Agua Fría de Referencia,Caudal de Agua Enfriada de Referencia,Débit d'eau glacée de référence,Débit d'eau glacée de référence,Y,
Reference Coefficient of Performance,COP de Modo Refrigeración de Referencia,COP de Referencia,Coefficient de Performance de Référence,Coefficient de Performance de Référence,Y,
Reference Combustion Air Inlet Humidity Ratio,Temperatura del Fluido de Entrada del Condensador en Modo de Enfriamiento de Referencia,Relación de Humedad del Aire de Combustión de Referencia,Ratio d'humidité de l'air de combustion d'entrée de référence,Ratio d'humidité de l'air de combustion de référence à l'entrée,Y,Y
Reference Combustion Air Inlet Temperature,Capacidad del Evaporador en Modo de Enfriamiento de Referencia,Temperatura de Referencia del Aire de Combustión en la Entrada,Température de référence de l'air de combustion à l'entrée,Température de référence de l'air de combustion à l'entrée,Y,
Reference Condenser Fluid Flow Rate,Temperatura de Salida del Agua Enfriada en Modo de Refrigeración de Referencia,Flujo Volumétrico de Referencia del Fluido del Condensador,Débit de fluide du condenseur de référence,Débit de Fluide du Condenseur de Référence,Y,Y
Reference Condenser Water Flow Rate,Caudal de Agua del Condensador de Referencia,Flujo de Agua del Condensador de Referencia,Débit de référence de l'eau de condensation,Débit de Référence de l'Eau de Condensation,Y,Y
Reference Condensing Temperature for Indoor Unit,Temperatura de Agua de Salida del Condensador en Modo de Enfriamiento de Referencia,Temperatura de Condensación de Referencia para Unidad Interior,Température de Condensation de Référence pour l'Unité Intérieure,Température de condensation de référence pour l'unité intérieure,Y,Y
Reference Cooling Capacity,Consumo de Potencia de Enfriamiento de Referencia,Capacidad de Enfriamiento de Referencia,Capacité de refroidissement de référence,Capacité de Refroidissement de Référence,Y,Y
Reference Cooling Mode COP,Condiciones de Grieta de Referencia,Coeficiente de Rendimiento de Referencia en Modo Refrigeración,COP du mode refroidissement de référence,COP du Mode Refroidissement de Référence,Y,Y
Reference Cooling Mode Entering Condenser Fluid Temperature,Eficiencia Eléctrica de Referencia Utilizando Valor Calorífico Inferior,Temperatura de Fluido de Entrada del Condensador en Modo de Enfriamiento de Referencia,Température du Fluide Condenseur d'Entrée en Mode Refroidissement de Référence,Température du fluide entrant au condenseur en mode refroidissement de référence,Y,Y
Reference Cooling Mode Evaporator Capacity,Potencia Eléctrica de Salida de Referencia,Capacidad del Evaporador en Modo Enfriamiento de Referencia,Capacité de l'évaporateur en mode refroidissement de référence,Capacité de référence de l'évaporateur en mode refroidissement,Y,Y
Reference Cooling Mode Leaving Chilled Water Temperature,Elevación de Referencia,Temperatura de Salida del Agua Enfriada de Referencia en Modo de Enfriamiento,Température de l'eau glacée sortante en mode refroidissement de référence,Température de départ de l'eau glacée en mode refroidissement de référence,Y,Y
Reference Cooling Mode Leaving Condenser Water Temperature,Temperatura de Evaporación de Referencia para Unidad Interior,Temperatura de Referencia del Agua de Salida del Condensador en Modo Refrigeración,Température de l'eau de condensation à la sortie en mode refroidissement de référence,Température de Référence de l'Eau de Condensation en Mode Refroidissement à la Sortie,Y,Y
Reference Cooling Power Consumption,Flujo Másico de Aire de Salida de Referencia,Consumo de Potencia de Refrigeración de Referencia,Consommation électrique de refroidissement de référence,Consommation de puissance frigorifique de référence,Y,Y
Reference COP,COP de Referencia,COP de Referencia,COP de référence,COP de référence,,
Reference Crack Conditions,Tipo de Objeto de Temperatura del Terreno de Referencia,Condiciones de Referencia de Grietas,Conditions de Fissure de Référence,Conditions de référence des infiltrations,Y,Y
Reference Electrical Efficiency Using Lower Heating Value,Caudal de Agua de Recuperación de Calor de Referencia,Eficiencia Eléctrica de Referencia Usando Poder Calorífico Inferior,Rendement électrique de référence utilisant la valeur inférieure de combustion,Rendement Électrique de Référence Basé sur la Valeur Inférieure de Chauffage,Y,Y
Reference Electrical Power Output,Capacidad de Calefacción de Referencia,Potencia Eléctrica de Salida de Referencia,Puissance Électrique de Sortie de Référence,Puissance Électrique Nominale,Y,Y
Reference Elevation,Relación de Capacidad en Modo Calefacción/Enfriamiento de Referencia,Elevación de Referencia,Élévation de référence,Élévation de référence,Y,
Reference Entering Condenser Fluid Temperature,Temperatura de Entrada del Fluido del Condensador de Referencia,Temperatura de Referencia del Fluido que Entra al Condensador,Température du fluide condenseur entrant de référence,Température de Référence du Fluide Entrant au Condenseur,Y,Y
Reference Evaporating Temperature for Indoor Unit,Relación de Entrada de Potencia en Modo de Enfriamiento de Calefacción de Referencia,Temperatura de Evaporación de Referencia para la Unidad Interior,Température d'évaporation de référence pour l'unité intérieure,Température d'évaporation de référence pour l'unité intérieure,Y,
Reference Exhaust Air Mass Flow Rate,Temperatura del Fluido que Entra al Condensador en Modo de Calefacción de Referencia,Flujo Másico de Aire de Escape de Referencia,Débit Massique d'Air d'Échappement de Référence,Débit massique de référence de l'air d'extraction,Y,Y
Reference Ground Temperature Object Type,Temperatura de Agua Enfriada de Salida en Modo de Calefacción de Referencia,Tipo de Objeto de Temperatura de Referencia del Terreno,Type d'objet de température de référence du sol,Type d'Objet Température du Sol de Référence,Y,Y
Reference Heat Recovery Water Flow Rate,Temperatura de Agua de Condensador de Salida en Modo de Calefacción de Referencia,Caudal de Referencia del Agua en la Recuperación de Calor,Débit d'eau de récupération de chaleur de référence,Débit d'eau de référence du récupérateur de chaleur,Y,Y
Reference Heating Capacity,Consumo de Energía de Calefacción de Referencia,Capacidad de Calefacción de Referencia,Capacité de Chauffage de Référence,Capacité de Chauffage de Référence,Y,
Reference Heating Mode Cooling Capacity Ratio,Relación de Humedad de Referencia,Relación de Capacidad de Enfriamiento en Modo de Calefacción de Referencia,Ratio de Capacité de Refroidissement en Mode Chauffage de Référence,Rapport de Capacité de Refroidissement en Mode Chauffage de Référence,Y,Y
Reference Heating Mode Cooling Power Input Ratio,Temperatura de Agua de Entrada de Referencia,Relación de Potencia de Entrada en Modo Refrigeración de Referencia,Rapport de Puissance d'Entrée en Mode Refroidissement de Référence,Ratio de Puissance d'Entrée en Mode de Chauffage de Référence,Y,Y
Reference Heating Mode Entering Condenser Fluid Temperature,Insolación de Referencia,Temperatura de Referencia del Fluido Entrante al Condensador en Modo Calefacción,Température du fluide entrant du condenseur en mode chauffage de référence,Température de Référence du Fluide Entrant dans le Condenseur en Mode Chauffage,Y,Y
Reference Heating Mode Leaving Chilled Water Temperature,Temperatura de Agua de Condensador de Referencia a la Salida,Temperatura de Referencia del Agua Fría de Salida en Modo Calefacción,Température de l'eau refroidie sortante en mode chauffage de référence,Température de Référence de l'Eau Glacée à la Sortie en Mode Chauffage,Y,Y
Reference Heating Mode Leaving Condenser Water Temperature,Caudal de Referencia del Lado de Carga,Temperatura de Referencia del Agua del Condensador Saliente en Modo Calefacción,Température de référence de l'eau de sortie du condenseur en mode chauffage,Température de référence de l'eau de condensation quittant le condenseur en mode chauffage,Y,Y
Reference Heating Power Consumption,Nombre del Nodo de Referencia,Consumo de Potencia Eléctrica de Referencia en Calefacción,Consommation Électrique de Chauffage de Référence,Consommation Électrique de Référence en Chauffage,Y,Y
Reference Humidity Ratio,Subcenfriamiento de Unidad Exterior de Referencia,Relación de Humedad de Referencia,Ratio d'humidité de référence,Rapport d'humidité de référence,Y,Y
Reference Inlet Water Temperature,Sobrecalentamiento de la Unidad Exterior de Referencia,Temperatura de Referencia del Agua de Entrada,Température de l'eau d'entrée de référence,Température de Référence de l'Eau à l'Entrée,Y,Y
Reference Insolation,Diferencia de Presión de Referencia,Radiación Solar de Referencia,Rayonnement de référence,Rayonnement de référence,Y,
Reference Leaving Chilled Water Temperature,Temperatura de Salida del Agua Fría de Referencia,Temperatura de Referencia del Agua Enfriada de Salida,Température de l'eau glacée sortante de référence,Température de Référence de l'Eau Glacée à la Sortie,Y,Y
Reference Leaving Condenser Water Temperature,Nombre del Nodo de Punto de Referencia Establecido,Temperatura de Referencia del Agua de Salida del Condensador,Température de l'eau de sortie du condenseur de référence,Température de Référence de l'Eau Sortante du Condenseur,Y,Y
Reference Load Side Flow Rate,Flujo de Referencia del Lado de la Fuente,Caudal de Referencia del Lado de Carga,Débit Côté Charge de Référence,Débit volumique de référence côté charge,Y,Y
Reference Node Name,Temperatura de Referencia,Nombre del Nodo de Referencia,Nom du nœud de référence,Nom du Nœud de Référence,Y,Y
Reference Outdoor Unit Subcooling,Temperatura de Referencia para la Eficiencia Nominal,Subcooling de Referencia de la Unidad Exterior,Sous-refroidissement de l'unité extérieure de référence,Sous-refroidissement de référence de l'unité extérieure,Y,Y
Reference Outdoor Unit Superheating,Nombre del Nodo de Temperatura de Referencia,Sobrecalentamiento de Referencia de la Unidad Exterior,Surchauffe de l'unité extérieure de référence,Surchauffe de référence de l'unité extérieure,Y,Y
Reference Pressure Difference,Eficiencia Térmica de Referencia Usando Valor Calorífico Inferior,Diferencia de Presión de Referencia,Différence de pression de référence,Différence de Pression de Référence,Y,Y
Reference Setpoint Node Name,COP de Enfriamiento Nominal Bruto de la Unidad de Referencia,Nombre del Nodo de Referencia del Punto de Ajuste,Nom du nœud de consigne de référence,Nom du nœud de consigne de référence,Y,
Reference Source Side Flow Rate,Capacidad de Calefacción Nominal Bruta de la Unidad de Referencia,Caudal Volumétrico de Referencia del Lado Fuente,Débit du Côté Source de Référence,Débit volumique de référence côté source,Y,Y
Reference Temperature,COP de Calefacción Nominal Bruto de la Unidad de Referencia,Temperatura de Referencia,Température de référence,Température de référence,Y,
Reference Temperature for Nameplate Efficiency,Relación Sensible de Calor Nominal Bruta de la Unidad de Referencia,Temperatura de Referencia para Eficiencia de Placa,Température de référence pour l'efficacité nominale,Température de référence pour l'efficacité nominale,Y,
Reference Temperature Node Name,Capacidad de Refrigeración Total Clasificada Bruta de la Unidad de Referencia,Nombre del Nodo de Temperatura de Referencia,Nom du nœud de température de référence,Nom du nœud de température de référence,Y,
Reference Temperature Type,Tipo de Temperatura de Referencia,Tipo de Temperatura de Referencia,Type de température de référence,Type de Température de Référence,,Y
Reference Thermal Efficiency Using Lower Heat Value,Flujo de Aire Nominal de la Unidad de Referencia,Eficiencia Térmica de Referencia Usando Poder Calorífico Inferior,Efficacité Thermique de Référence Utilisant la Valeur Inférieure de Combustion,Rendement Thermique de Référence en Utilisant la Valeur Inférieure du Pouvoir Calorifique,Y,Y
Reference Unit Gross Rated Cooling COP,Caudal de Aire Nominal de la Unidad de Referencia,COP Nominal de Enfriamiento Bruto de la Unidad de Referencia,COP de refroidissement nominal brut de l'unité de référence,COP de refroidissement nominal brut de l'unité de référence,Y,
Reference Unit Gross Rated Heating Capacity,Caudal de Aire del Condensador a Flujo Nominal de la Unidad de Referencia,Capacidad de Calefacción Bruta Nominal de la Unidad de Referencia,Capacité de Chauffage Nominale Brute de l'Unité de Référence,Capacité de Chauffage Nominale Brute de l'Unité de Référence,Y,
Reference Unit Gross Rated Heating COP,Efectividad Nominal del Relleno de Preenfriamiento Evaporativo de la Unidad de Referencia,COP Nominal de Calefacción a Potencia Bruta de la Unidad de Referencia,Coefficient de Performance (COP) Nominal de Chauffage Brut de l'Unité de Référence,COP nominal brut de l'unité de référence en chauffage,Y,Y
Reference Unit Gross Rated Sensible Heat Ratio,Caudal de Agua Nominal de la Unidad de Referencia,Relación de Calor Sensible Nominal Bruto de la Unidad de Referencia,Ratio de Chaleur Sensible Nominal Brut de l'Unité de Référence,Rapport de Chaleur Sensible Nominal Brut de l'Unité de Référence,Y,Y
Reference Unit Gross Rated Total Cooling Capacity,Fracción de Calor Residual de la Potencia de Entrada de la Unidad de Referencia en Condiciones Nominales,Capacidad Nominal Bruta Total de Enfriamiento de la Unidad de Referencia,Capacité totale de refroidissement nominale brute de l'unité de référence,Capacité frigorifique brute nominale de l'unité de référence,Y,Y
Reference Unit Rated Air Flow,Potencia de Entrada de la Bomba de Agua de la Unidad de Referencia en Condiciones Nominales,Flujo de aire nominal de la unidad de referencia,Débit d'air nominal de l'unité de référence,Débit d'Air Nominal de l'Unité de Référence,Y,Y
Reference Unit Rated Air Flow Rate,Método de Contabilidad de Transmitancia de Haz Reflejado,Caudal de Aire Nominal de la Unidad de Referencia,Débit d'air nominal de l'unité de référence,Débit d'air nominal de l'unité de référence,Y,
Reference Unit Rated Condenser Air Flow Rate,Nombre de la Curva de Función de Caudal de Agua del Reformador en Función de la Tasa de Combustible,Caudal de Aire del Condensador a Flujo Nominal de Referencia,Débit d'air du condenseur nominal de l'unité de référence,Débit d'air du condenseur nominale de l'unité de référence,Y,Y
Reference Unit Rated Pad Effectiveness of Evap Precooling,Nombre de Curva de Función de Potencia de Bomba de Agua del Reformador en Función de Tasa de Combustible,Efectividad del Panel de Enfriamiento Evaporativo del Equipo de Referencia,Efficacité nominale du coussin de refroidissement par évaporation de l'unité de référence,Efficacité nominale du coussin d'évaporation refroidisseur de référence,Y,Y
Reference Unit Rated Water Flow Rate,Índice de Refracción de la Cubierta Interior,Caudal de Agua Nominal de la Unidad de Referencia,Débit d'eau nominal de l'unité de référence,Débit d'eau nominal de référence,Y,Y
Reference Unit Waste Heat Fraction of Input Power At Rated Conditions,Índice de Refracción de la Cubierta Exterior,Fracción de Potencia de Calor Residual de Unidad de Referencia en Condiciones Nominales,Fraction de Chaleur Perdue de la Puissance d'Entrée de l'Unité de Référence aux Conditions Nominales,Fraction des pertes thermiques de l'unité de référence à la puissance d'entrée aux conditions nominales,Y,Y
Reference Unit Water Pump Input Power At Rated Conditions,Factor de Corrección del Refrigerante,Potencia de Entrada de la Bomba de Agua de Unidad de Referencia en Condiciones Nominales,Puissance d'entrée de la pompe à eau de l'unité de référence aux conditions nominales,Puissance d'entrée de la pompe de référence aux conditions nominales,Y,Y
Reflected Beam Transmittance Accounting Method,Algoritmo de Control de Temperatura del Refrigerante para Unidad Interior,Método de Contabilización de Transmitancia de Haz Reflejado,Méthode de comptabilisation de la transmittance du rayonnement réfléchi,Méthode de Prise en Compte de la Transmittance du Rayonnement Direct Réfléchi,Y,Y
Reformer Water Flow Rate Function of Fuel Rate Curve Name,Tipo de Refrigerante,Nombre de la Curva de Flujo de Agua del Reformador en Función de la Tasa de Combustible,Nom de la courbe de débit d'eau du réformeur en fonction du débit de carburant,Nom de la Courbe de Débit d'Eau du Réformateur en Fonction du Débit de Carburant,Y,Y
Reformer Water Pump Power Function of Fuel Rate Curve Name,Nombre del Programa de Reabastecimiento de Casos Refrigerados,Nombre de Curva de Función de Potencia de Bomba de Agua del Reformador vs Tasa de Combustible,Nom de la courbe de la fonction de puissance de la pompe à eau du reformeur en fonction du débit de combustible,Nom de la courbe de fonction puissance pompe eau reformeur en fonction du débit de combustible,Y,Y
Refractive Index of Inner Cover,Nombre de Lista de Vitrinas Refrigeradas y Cámaras de Refrigeración,Índice de Refracción de la Cubierta Interior,Indice de réfraction de la couverture intérieure,Indice de Réfraction de la Couverture Intérieure,Y,Y
Refractive Index of Outer Cover,Nombre de la Curva de Capacidad del Compresor de Refrigeración,Índice de Refracción de la Cubierta Exterior,Indice de réfraction de la couverture externe,Indice de réfraction de la couverture externe,Y,
Refrigerant Correction Factor,Nombre de la Curva de Potencia del Compresor de Refrigeración,Factor de Corrección del Refrigerante,Facteur de Correction du Frigorigène,Facteur de Correction Frigorigène,Y,Y
Refrigerant Temperature Control Algorithm for Indoor Unit,Nombre del Condensador de Refrigeración,Algoritmo de Control de Temperatura del Refrigerante para la Unidad Interior,Algorithme de contrôle de la température du frigorigène pour l'unité intérieure,Algorithme de contrôle de la température du frigorigène pour l'unité intérieure,Y,
Refrigerant Type,Nombre del Enfriador de Gas de Refrigeración,Tipo de Refrigerante,Type de réfrigérant,Type de réfrigérant,Y,
Refrigerated Case Restocking Schedule Name,Tipo de Fluido de Trabajo del Sistema de Refrigeración,Nombre de la Programación de Reabastecimiento del Caso Refrigerado,Nom du calendrier de réapprovisionnement du meuble frigorifique,Nom de la planification de réapprovisionnement du meuble frigorifique,Y,Y
Refrigerated CaseAndWalkInList Name,Nombre de Lista de Carga de Transferencia de Refrigeración,Nombre de Lista de Vitrinas y Cuartos Refrigerados,Nom de la liste de vitrines réfrigérées et chambres froides,Nom de la Liste de Cas et Chambres Froides Réfrigérés,Y,Y
Refrigeration Compressor Capacity Curve Name,Nodo de Entrada de Aire de Regeneración,Nombre de la Curva de Capacidad del Compresor de Refrigeración,Nom de la courbe de capacité du compresseur de réfrigération,Nom de la courbe de capacité du compresseur de réfrigération,Y,
Refrigeration Compressor Power Curve Name,Nodo de Salida de Aire de Regeneración,Nombre de la Curva de Potencia del Compresor de Refrigeración,Nom de la courbe de puissance du compresseur de réfrigération,Nom de la courbe de puissance du compresseur frigorifique,Y,Y
Refrigeration Condenser Name,Número de región para calcular HSPF,Nombre del Condensador de Refrigeración,Nom du condenseur de réfrigération,Nom du Condenseur de Réfrigération,Y,Y
Refrigeration Gas Cooler Name,Factor de Ajuste Regional,Nombre del Enfriador de Gas de Refrigeración,Nom du refroidisseur à gaz de réfrigération,Nom du refroidisseur de gaz de réfrigération,Y,Y
Refrigeration System Working Fluid Type,Serpentín de Recalentamiento,Tipo de Fluido Refrigerante del Sistema,Type de fluide frigoporteur du système de réfrigération,Type de fluide frigorigène du système,Y,Y
Refrigeration TransferLoad List Name,Nodo de Entrada de Aire de la Bobina de Recalentamiento,Nombre de Lista de Carga de Transferencia de Refrigeración,Nom de la liste de charge de transfert de réfrigération,Nom de la Liste de Charge de Transfert de Réfrigération,Y,Y
Regeneration Air Inlet Node,Nombre del Nodo de Entrada de Aire de la Bobina de Recalentamiento,Nodo de Entrada de Aire de Regeneración,Nœud d'entrée de l'air de régénération,Nœud d'entrée d'air de régénération,Y,Y
Regeneration Air Outlet Node,Nombre de la Bobina de Recalentamiento,Nodo de Salida del Aire de Regeneración,Nœud de sortie d'air de régénération,Nœud de sortie de l'air de régénération,Y,Y
Region number for Calculating HSPF,Tolerancia de Convergencia de Flujo de Aire Relativo,Número de Región para Calcular HSPF,Numéro de région pour le calcul du HSPF,Numéro de région pour le calcul du HSPF,Y,
Regional Adjustment Factor,Límite Inferior del Rango de Humedad Relativa,Factor de Ajuste Regional,Facteur d'ajustement régional,Facteur d'ajustement régional,Y,
Reheat Coil,Límite Superior del Rango de Humedad Relativa,Serpentín de Recalentamiento,Serpentin de réchauffage,Serpentin de réchauffage,Y,
Reheat Coil Air Inlet Node,Nodo de Entrada de Aire de Alivio,Nodo de Entrada de Aire de la Bobina de Recalentamiento,Nœud d'entrée d'air de la serpentine de réchauffage,Nœud d'entrée d'air de la bobine de réchauffage,Y,Y
Reheat Coil Air Inlet Node Name,Nombre del Nodo de Salida de Aire de Alivio,Nombre del Nodo de Entrada de Aire de la Bobina de Recalentamiento,Nom du nœud d'entrée d'air de la serpentin de réchauffage,Nom du nœud d'entrée air de la bobine de réchauffage,Y,Y
Reheat Coil Name,Nombre del Nodo de Flujo de Aire de Alivio,Nombre de la Bobina de Recalentamiento,Nom de la batterie de réchauffage,Nom du Serpentin de Réchauffage,Y,Y
Relative Airflow Convergence Tolerance,Reubicable,Tolerancia de Convergencia del Flujo de Aire Relativo,Tolérance de convergence du flux d'air relatif,Tolérance de Convergence du Débit d'Air Relatif,Y,Y
Relative Humidity Range Lower Limit,Restante en Variable,Límite Inferior del Rango de Humedad Relativa,Limite inférieure de la plage d'humidité relative,Limite Inférieure de la Plage d'Humidité Relative,Y,Y
Relative Humidity Range Upper Limit,Valor Alfa de Renderizado,Límite Superior del Rango de Humedad Relativa,Limite supérieure de la plage d'humidité relative,Limite supérieure de la plage d'humidité relative,Y,
Relief Air Inlet Node,Valor Azul de Renderizado,Nodo de Entrada de Aire de Alivio,Nœud d'entrée d'air de soulagement,Nœud d'admission d'air de soulagement,Y,Y
Relief Air Outlet Node Name,Color de Representación,Nombre del Nodo de Salida de Aire de Alivio,Nom du nœud de sortie d'air de soulagement,Nom du nœud de sortie de l'air d'évacuation,Y,Y
Relief Air Stream Node Name,Valor Verde de Renderización,Nombre del Nodo de Corriente de Aire de Alivio,Nom du nœud du flux d'air de soulagement,Nom du nœud du courant d'air de soulagement,Y,Y
Relocatable,Valor Rojo de Renderizado,Reubicable,Déplaçable,Déplaçable,Y,
Remaining Into Variable,Meses del Período de Repetición,Saldo Entrante Variable,Reste dans une variable,Restant en Variable,Y,Y
Rendering Alpha Value,Años de Período de Repetición,Valor Alfa de Renderización,Valeur Alpha de Rendu,Valeur Alpha de Rendu,Y,
Rendering Blue Value,Informe de Construcciones,Valor Azul de Renderizado,Valeur de Bleu de Rendu,Valeur de Rendu Bleu,Y,Y
Rendering Color,Datos de Depuración del Informe,Color de Renderización,Couleur de rendu,Couleur de rendu,Y,
Rendering Green Value,Informe Durante Calentamiento,Valor de Renderización Verde,Valeur de Rendu Vert,Valeur Verte de Rendu,Y,Y
Rendering Red Value,Materiales del Informe,Valor Rojo de Representación,Valeur Rouge de Rendu,Valeur de rendu rouge,Y,Y
Repeat Period Months,Nombre del Informe,Meses del Período de Repetición,Mois de période de répétition,Mois de la Période de Répétition,Y,Y
Repeat Period Years,Frecuencia de Reporte,Años de Período Repetido,Années de période de répétition,Années de période de répétition,Y,
Report Constructions,Nombre de Archivo de Representación,Reportar Construcciones,Rapport sur les Constructions,Rapporter les Constructions,Y,Y
Report Debugging Data,Contenido Volumétrico de Humedad Residual de la Capa de Suelo,Reportar Datos de Depuración,Signaler les données de débogage,Rapporter les Données de Débogage,Y,Y
Report During Warmup,Recurso,Reportar Durante Calentamiento Inicial,Rapport pendant l'échauffement,Signaler Pendant la Mise en Température,Y,Y
Report Materials,Tipo de Recurso,Reportar Materiales,Matériaux du rapport,Rapport sur les matériaux,Y,Y
Report Name,Nombre de Programa de Reabastecimiento,Nombre del Informe,Nom du rapport,Nom du rapport,Y,
Reporting Frequency,Nombre de la Programación del Punto de Consigna de Temperatura de Flujo de Aire de Retorno Bypass,Frecuencia de Reporte,Fréquence de rapport,Fréquence de sortie,Y,Y
Representation File Name,Fracción de Aire de Retorno,Nombre de Archivo de Representación,Nom du fichier de représentation,Nom du fichier de représentation,Y,
Residual Volumetric Moisture Content of the Soil Layer,Fracción de Aire de Retorno Calculada a partir de la Temperatura del Plenum,Contenido Volumétrico Residual de Humedad de la Capa de Suelo,Teneur en humidité volumique résiduelle de la couche de sol,Teneur en Humidité Volumétrique Résiduelle de la Couche de Sol,Y,Y
Resistive Defrost Heater Capacity,Capacidad del Calentador de Desescarche Resistivo,Capacidad del Calentador de Descongelación Resistivo,Capacité du Réchauffeur de Dégivrage Résistif,Capacité du Réchauffeur de Dégivrage Résistif,Y,
Resource,Coeficiente 1 de la Función de Fracción de Aire de Retorno en Función de la Temperatura del Plenum,Recurso,Ressource,Ressource,Y,
Resource Type,Coeficiente 2 de Fracción de Aire de Retorno en Función de la Temperatura del Plenum,Tipo de Recurso,Type de ressource,Type de ressource,Y,
Restocking Schedule Name,Nombre del Nodo de Aire de Retorno,Nombre del Programa de Reabastecimiento,Nom de l'horaire de réapprovisionnement,Nom de la Planification de Réapprovisionnement,Y,Y
Return Air Bypass Flow Temperature Setpoint Schedule Name,Nombre del Nodo de Corriente de Aire de Retorno,Nombre de la Programación de Temperatura de Consigna del Flujo de Aire de Retorno en Bypass,Nom de l'horaire du point de consigne de température du flux de contournement d'air de retour,Nom de la courbe de consigne de température de l'air de retour en dérivation,Y,Y
Return Air Fraction,Diferencia de Temperatura de Retorno,Fracción de Aire de Retorno,Fraction d'air de retour,Fraction d'air de retour,Y,
Return Air Fraction Calculated from Plenum Temperature,Diferencia de Temperatura de Retorno - Cronograma,Fracción de Aire de Retorno Calculada a partir de la Temperatura del Plenum,Fraction d'air de retour calculée à partir de la température du plénum,Fraction d'air de retour calculée à partir de la température du plénum,Y,
Return Air Fraction Function of Plenum Temperature Coefficient 1,Multiplicador de Abertura del Lado Derecho,Coeficiente 1 de Función de Fracción de Aire de Retorno en Función de Temperatura del Plenum,Coefficient 1 de la Fonction de Fraction d'Air de Retour en Fonction de la Température du Plénum,Coefficient 1 de la Fraction d'Air de Retour en Fonction de la Température du Plénum,Y,Y
Return Air Fraction Function of Plenum Temperature Coefficient 2,Multiplicador de Apertura del Lado Derecho,Coeficiente 2 de la Función de Fracción de Aire de Retorno en Función de la Temperatura del Pleno,Coefficient 2 de la Fonction Fraction d'Air de Reprise en Fonction de la Température du Plénum,Coefficient 2 de la Fonction de Fraction d'Air de Retour en Fonction de la Température du Plénum,Y,Y
Return Air Node Name,Nombre de la Construcción de Techo-Cubierta,Nombre del Nodo de Aire de Retorno,Nom du nœud d'air de retour,Nom du nœud d'air de retour,Y,
Return Air Stream Node Name,Velocidad de Rotación,Nombre del Nodo de Entrada de Aire de Retorno,Nom du nœud de flux d'air de retour,Nom du nœud du flux d'air de reprise,Y,Y
Return Temperature Difference,Diámetro del Rotor,Diferencia de Temperatura de Retorno,Différence de température de retour,Différence de Température de Retour,Y,Y
Return Temperature Difference Schedule,Tipo de Rotor,Calendario de Diferencia de Temperatura de Retorno,Calendrier de différence de température de retour,Calendrier de l'écart de température de retour,Y,Y
Right Side Opening Multiplier,Rugosidad,Multiplicador de Abertura del Lado Derecho,Multiplicateur d'ouverture côté droit,Multiplicateur d'ouverture côté droit,Y,
Right-Side Opening Multiplier,Filas para omitir en la parte superior,Multiplicador de Apertura en Lado Derecho,Multiplicateur d'ouverture côté droit,Multiplicateur d'ouverture côté droit,Y,
Roof Ceiling Construction Name,Orden de Regla,Nombre de la Construcción Techo-Cubierta,Nom de la construction du plafond de toit,Nom de la construction toit-plafond,Y,Y
Rotational Speed,Ejecutar Durante Días de Precalentamiento,Velocidad de Rotación,Vitesse de rotation,Vitesse de rotation,Y,
Rotor Diameter,Ejecutar en Carga Latente,Diámetro del Rotor,Diamètre du rotor,Diamètre du rotor,Y,
Rotor Type,Ejecutar en Carga Sensible,Tipo de Rotor,Type de rotor,Type de rotor,Y,
Roughness,Ejecutar Simulación para Días de Diseño,Rugosidad,Rugosité,Rugosité,Y,
Rows to Skip at Top,Ejecutar Simulación para Períodos de Dimensionamiento,Filas a Omitir al Principio,Lignes à ignorer en haut,Nombre de lignes à ignorer en début,Y,Y
Rule Order,Ejecutar Simulación para Períodos de Ejecución del Archivo Climático,Orden de Reglas,Ordre des règles,Ordre des Règles,Y,Y
Run During Warmup Days,Umbral de Tiempo de Iniciación de Degradación del Tiempo de Ejecución,Ejecutar Durante Días de Calentamiento,Fonctionner pendant les jours de préchauffage,Fonctionnement Pendant les Jours de Réchauffage,Y,Y
Run on Latent Load,Factor de Ponderación de Temperatura de Bulbo Seco Exterior del Promedio Móvil,Funcionamiento en Carga Latente,Fonctionner sur Charge Latente,Fonctionnement sur Charge Latente,Y,Y
Run on Sensible Load,Parámetro a de la Base de Datos Sandia,Funcionamiento en Carga Sensible,Fonctionnement sur Charge Sensible,Fonctionnement selon la charge sensible,Y,Y
Run Simulation for Design Days,Parámetro a0 de la Base de Datos Sandia,Ejecutar Simulación para Días de Diseño,Exécuter la Simulation pour les Jours de Conception,Exécuter la simulation pour les journées de conception,Y,Y
Run Simulation for Sizing Periods,Parámetro a1 de la Base de Datos Sandia,Ejecutar Simulación para Períodos de Dimensionamiento,Exécuter la simulation pour les périodes de dimensionnement,Exécuter la simulation pour les périodes de dimensionnement,Y,
Run Simulation for Weather File Run Periods,Parámetro a2 de la Base de Datos Sandia,Ejecutar Simulación para Períodos de Ejecución del Archivo Climático,Exécuter la simulation pour les périodes d'exécution du fichier météorologique,Exécuter la simulation pour les périodes de fonctionnement du fichier météorologique,Y,Y
Run Time Degradation Initiation Time Threshold,Parámetro a3 de la Base de Datos Sandia,Tiempo Umbral de Iniciación de Degradación en Tiempo de Funcionamiento,Seuil de temps d'initiation de la dégradation du temps d'exécution,Seuil de Temps d'Initiation de Dégradation en Fonction du Temps de Fonctionnement,Y,Y
Running Mean Outdoor Dry-Bulb Temperature Weighting Factor,Parámetro a4 de la Base de Datos Sandia,Factor de Ponderación de la Temperatura Seca Media Móvil Exterior,Facteur de Pondération de la Température Sèche Extérieure Moyenne Mobile,Facteur de pondération de la température sèche extérieure moyenne mobile,Y,Y
Sandia Database Parameter a,Parámetro de Base de Datos Sandia aImp,Parámetro a de Base de Datos Sandia,Paramètre Sandia a de la base de données,Paramètre Sandia a de base de données,Y,Y
Sandia Database Parameter a0,Parámetro de Base de Datos Sandia aIsc,Parámetro de Base de Datos Sandia a0,Paramètre de base de données Sandia a0,Paramètre de base de données Sandia a0,Y,
Sandia Database Parameter a1,Parámetro b de la Base de Datos Sandia,Parámetro de Base de Datos Sandia a1,Paramètre Sandia a1 de la base de données,Paramètre Sandia a1,Y,Y
Sandia Database Parameter a2,Parámetro b0 de la base de datos Sandia,Parámetro de Base de Datos Sandia a2,Paramètre de base de données Sandia a2,Paramètre de la base de données Sandia a2,Y,Y
Sandia Database Parameter a3,Parámetro b1 de Base de Datos Sandia,Parámetro de Base de Datos Sandia a3,Paramètre Sandia a3,Paramètre Sandia a3,Y,
Sandia Database Parameter a4,Parámetro b2 de la Base de Datos Sandia,Parámetro de Base de Datos Sandia a4,Paramètre de la base de données Sandia a4,Paramètre de base de données Sandia a4,Y,Y
Sandia Database Parameter aImp,Parámetro b3 de la base de datos Sandia,Parámetro de Base de Datos Sandia aImp,Paramètre Sandia Database aImp,Paramètre Sandia aImp,Y,Y
Sandia Database Parameter aIsc,Parámetro b4 de la Base de Datos Sandia,Parámetro Sandia Database aIsc,Paramètre aIsc de la base de données Sandia,Paramètre de base de données Sandia aIsc,Y,Y
Sandia Database Parameter b,Parámetro b5 de la Base de Datos Sandia,Parámetro b de la Base de Datos de Sandia,Paramètre b de la base de données Sandia,Paramètre Sandia b de la base de données,Y,Y
Sandia Database Parameter b0,Parámetro de Base de Datos Sandia BVmp0,Parámetro b0 de la Base de Datos Sandia,Paramètre Sandia Database b0,Paramètre Sandia b0,Y,Y
Sandia Database Parameter b1,Parámetro de Base de Datos Sandia BVoc0,Parámetro de Base de Datos Sandia b1,Paramètre de base de données Sandia b1,Paramètre Sandia b1,Y,Y
Sandia Database Parameter b2,Parámetro c0 de la Base de Datos de Sandia,Parámetro Sandia b2,Paramètre b2 de la base de données Sandia,Paramètre de base de données Sandia b2,Y,Y
Sandia Database Parameter b3,Parámetro c1 de la Base de Datos Sandia,Parámetro Sandia b3 de la base de datos,Paramètre b3 de la base de données Sandia,Paramètre Sandia Database b3,Y,Y
Sandia Database Parameter b4,Parámetro c2 de la Base de Datos Sandia,Parámetro de Base de Datos Sandia b4,Paramètre Sandia b4,Paramètre de base de données Sandia b4,Y,Y
Sandia Database Parameter b5,Parámetro c3 de Base de Datos Sandia,Parámetro de Base de Datos Sandia b5,Paramètre Sandia Database b5,Paramètre de base de données Sandia b5,Y,Y
Sandia Database Parameter BVmp0,Parámetro c4 de la Base de Datos Sandia,Parámetro de Base de Datos Sandia BVmp0,Paramètre Sandia BVmp0,Paramètre de base de données Sandia BVmp0,Y,Y
Sandia Database Parameter BVoc0,Parámetro c5 de la Base de Datos Sandia,Parámetro de Base de Datos Sandia BVoc0,Paramètre de base de données Sandia BVoc0,Paramètre Sandia BVoc0,Y,Y
Sandia Database Parameter c0,Parámetro de la Base de Datos Sandia c6,Parámetro de Base de Datos Sandia c0,Paramètre Sandia c0,Paramètre c0 de la base de données Sandia,Y,Y
Sandia Database Parameter c1,Parámetro de la Base de Datos Sandia c7,Parámetro de Base de Datos Sandia c1,Paramètre de base de données Sandia c1,Paramètre de base de données Sandia c1,Y,
Sandia Database Parameter c2,Parámetro de Base de Datos Sandia Delta(Tc),Parámetro de Base de Datos Sandia c2,Paramètre Sandia Database c2,Paramètre de base de données Sandia c2,Y,Y
Sandia Database Parameter c3,Parámetro de base de datos Sandia fd,Parámetro de Base de Datos Sandia c3,Paramètre de base de données Sandia c3,Paramètre de base de données Sandia c3,Y,
Sandia Database Parameter c4,Parámetro de Base de Datos Sandia Ix0,Parámetro Base de Datos Sandia c4,Paramètre Sandia c4 de la base de données,Paramètre de base de données Sandia c4,Y,Y
Sandia Database Parameter c5,Parámetro de Base de Datos Sandia Ixx0,Parámetro c5 de la Base de Datos Sandia,Paramètre de base de données Sandia c5,Paramètre de base de données Sandia c5,Y,
Sandia Database Parameter c6,Parámetro de Base de Datos Sandia mBVmp,Parámetro c6 de la Base de Datos Sandia,Paramètre c6 de la base de données Sandia,Paramètre Sandia Database c6,Y,Y
Sandia Database Parameter c7,Parámetro de la Base de Datos Sandia mBVoc,Parámetro de Base de Datos Sandia c7,Paramètre de base de données Sandia c7,Paramètre Sandia Database c7,Y,Y
Sandia Database Parameter Delta(Tc),Contenido Volumétrico de Humedad de Saturación de la Capa de Suelo,Parámetro Sandia Delta(Tc) de Base de Datos,Paramètre Delta(Tc) de la base de données Sandia,Paramètre de base de données Sandia Delta(Tc),Y,Y
Sandia Database Parameter fd,Horario del Sábado:Nombre del Día,Parámetro Base de Datos Sandia fd,Paramètre de base de données Sandia fd,Paramètre de base de données Sandia fd,Y,
Sandia Database Parameter Ix0,Bobina Enfriadora SCDWH,Parámetro de Base de Datos Sandia Ix0,Paramètre de la base de données Sandia Ix0,Paramètre de base de données Sandia Ix0,Y,Y
Sandia Database Parameter Ixx0,Serpentín de Calentamiento de Agua SCDWH,Parámetro de Base de Datos Sandia Ixx0,Paramètre de Base de Données Sandia Ixx0,Paramètre de base de données Sandia Ixx0,Y,Y
Sandia Database Parameter mBVmp,Nombre de Renderizado de Horario,Parámetro de Base de Datos Sandia mBVmp,Paramètre de base de données Sandia mBVmp,Paramètre de base de données Sandia mBVmp,Y,
Sandia Database Parameter mBVoc,Nombre del Conjunto de Reglas de Horario,Parámetro Base de Datos Sandia mBVoc,Paramètre de base de données Sandia mBVoc,Paramètre de base de données Sandia mBVoc,Y,
Saturation Volumetric Moisture Content of the Soil Layer,Diámetro del Material de Malla,Contenido Volumétrico de Humedad en Saturación de la Capa de Suelo,Teneur volumétrique en humidité du sol à saturation de la couche de sol,Teneur en eau volumétrique de saturation de la couche de sol,Y,Y
Saturday Schedule:Day Name,Espaciado del Material de Pantalla,Día: Programa del Sábado,Calendrier Samedi : Nom du jour,Samedi - Nom de la journée calendrier,Y,Y
SCDWH Cooling Coil,Distancia de Pantalla a Vidrio,Serpentín de Enfriamiento SCDWH,Bobine de refroidissement SCDWH,Serpentin de refroidissement SCDWH,Y,Y
SCDWH Water Heating Coil,Bobina SCWH,Serpentín de Calentamiento de Agua SCDWH,Serpentin de chauffage d'eau SCDWH,Serpentin de chauffage de l'eau SCDWH,Y,Y
Schedule Name,Nombre del Horario,Nombre de Cronograma,Nom de l'horaire,Nom de l'agenda,Y,Y
Schedule Rendering Name,Ruta de Búsqueda,Nombre de Representación del Programa,Nom d'affichage de l'agenda,Nom de rendu de l'horaire,Y,Y
Schedule Ruleset Name,Estación,Nombre de Conjunto de Reglas de Horario,Nom du jeu de règles d'horaire,Nom de l'ensemble de règles de calendrier,Y,Y
Schedule Type Limits Name,Nombre de Límites de Tipo de Horario,Nombre de Límites de Tipo de Horario,Nom des limites de type de calendrier,Nom des limites de type de calendrier,,
Screen Material Diameter,Estación Desde,Diámetro del Material de la Malla,Diamètre du matériau de l'écran,Diamètre du matériau d'écran,Y,Y
Screen Material Spacing,Nombre del Calendario de Temporada,Espaciado del Material de Pantalla,Espacement du matériau d'écran,Espacement du matériau d'écran,Y,
Screen to Glass Distance,Temporada Para,Distancia de la Pantalla al Vidrio,Distance Écran-Vitre,Distance Écran-Vitrage,Y,Y
SCWH Coil,Segundo Enfriador Evaporativo,Bobina de Agua Caliente de Fuente de Calor (SCWH),Serpentin SCWH,Serpentin SCWH,Y,
Search Path,Potencia de Diseño del Ventilador de Aire Secundario,Ruta de Búsqueda,Chemin de recherche,Chemin de recherche,Y,
Season,Nombre de Curva Modificadora de Potencia del Ventilador de Aire Secundario,Temporada,Saison,Saison,Y,
Season From,Factor de Escala del Flujo de Aire Secundario,Temporada Desde,Saison Du,Saison depuis,Y,Y
Season Schedule Name,Nodo de Entrada de Aire Secundario,Nombre de Horario de Estación,Nom du calendrier saisonnier,Nom du Calendrier de Saison,Y,Y
Season To,Nombre del Nodo de Entrada de Aire Secundario,Estación Hasta,Saison Jusqu'à,Saison jusqu'à,Y,Y
Second Evaporative Cooler,Nombre del Control de Iluminación Natural Secundaria,Segundo Enfriador Evaporativo,Deuxième refroidisseur évaporatif,Deuxième Refroidisseur Évaporatif,Y,Y
Secondary Air Fan Design Power,Presión Diferencial del Ventilador Secundario,Potencia de Diseño del Ventilador de Aire Secundario,Puissance de Conception du Ventilateur d'Air Secondaire,Puissance de conception du ventilateur d'air secondaire,Y,Y
Secondary Air Fan Power Modifier Curve Name,Caudal de Flujo del Ventilador Secundario,Nombre de la Curva Modificadora de Potencia del Ventilador de Aire Secundario,Nom de la courbe de modification de la puissance du ventilateur d'air secondaire,Nom de la courbe de modification de la puissance du ventilateur d'air secondaire,Y,
Secondary Air Flow Scaling Factor,Eficiencia Total del Ventilador Secundario,Factor de Escala del Caudal de Aire Secundario,Facteur d'échelle du débit d'air secondaire,Facteur d'échelle du débit d'air secondaire,Y,
Secondary Air Inlet Node,Banda prohibida de semiconductor,Nodo de Entrada de Aire Secundario,Nœud d'entrée d'air secondaire,Nœud d'entrée d'air secondaire,Y,
Secondary Air Inlet Node Name,Nombre de Curva de Capacidad de Enfriamiento Sensible,Nombre del Nodo de Entrada de Aire Secundario,Nom du nœud d'entrée d'air secondaire,Nom du nœud d'entrée d'air secondaire,Y,
Secondary Daylighting Control Name,Efectividad Sensible al 100% de Flujo de Aire de Enfriamiento,Nombre del Control de Iluminación Natural Secundario,Nom du contrôle d'éclairage naturel secondaire,Nom du Contrôle d'Éclairage Naturel Secondaire,Y,Y
Secondary Fan Delta Pressure,Efectividad Sensible al 100% del Flujo de Aire de Calefacción,Caída de Presión del Ventilador Secundario,Différence de pression du ventilateur secondaire,Chute de Pression du Ventilateur Secondaire,Y,Y
Secondary Fan Flow Rate,Nombre de Curva de Efectividad Sensible del Flujo de Aire de Enfriamiento,Caudal del Ventilador Secundario,Débit du ventilateur secondaire,Débit de circulation du ventilateur secondaire,Y,Y
Secondary Fan Total Efficiency,Nombre de Curva de Efectividad Sensible del Flujo de Aire de Calentamiento,Eficiencia Total del Ventilador Secundario,Rendement Total du Ventilateur Secondaire,Rendement Total du Ventilateur Secondaire,Y,
Semiconductor Bandgap,Curva de Relación de Calor Sensible en Función de la Fracción de Flujo,Banda Prohibida del Semiconductor,Bande interdite de semi-conducteur,Largeur de bande interdite des semiconducteurs,Y,Y
Sensible Cooling Capacity Curve Name,Función de Relación de Calor Sensible en Función de la Curva de Temperatura,Nombre de Curva de Capacidad de Enfriamiento Sensible,Nom de la courbe de capacité de refroidissement sensible,Nom de la courbe de capacité de refroidissement sensible,Y,
Sensible Effectiveness at 100% Cooling Air Flow,Función Modificadora de la Relación de Calor Sensible en Función de la Fracción de Flujo,Efectividad Sensible a Flujo de Aire de Enfriamiento 100%,Efficacité sensible à 100% du débit d'air de refroidissement,Efficacité sensible à 100 % du débit d'air de refroidissement,Y,Y
Sensible Effectiveness at 100% Heating Air Flow,Función Modificadora de la Relación de Calor Sensible en Función de la Curva de Temperatura,Efectividad Sensible al 100% del Flujo de Aire de Calefacción,Efficacité sensible à 100 % du débit d'air de chauffage,Efficacité Sensible à 100% du Débit d'Air de Chauffage,Y,Y
Sensible Effectiveness of Cooling Air Flow Curve Name,Efectividad de Recuperación de Calor Sensible,Nombre de Curva de Efectividad Sensible del Flujo de Aire de Enfriamiento,Nom de la courbe d'efficacité sensible du débit d'air de refroidissement,Nom de la courbe d'efficacité sensible du débit d'air de refroidissement,Y,
Sensible Effectiveness of Heating Air Flow Curve Name,Nombre del Nodo Sensor,Nombre de la Curva de Efectividad Sensible del Flujo de Aire de Calefacción,Nom de la Courbe d'Efficacité Sensible du Débit d'Air de Chauffage,Nom de la courbe d'efficacité sensible du débit d'air de chauffage,Y,Y
Sensible Fraction Schedule Name,Nombre del Horario de Fracción Sensible,Nombre del Calendario de Fracción Sensible,Nom du calendrier de fraction sensible,Nom du calendrier de fraction sensible,Y,
Sensible Heat Fraction,Fracción de Calor Sensible,Fracción de Calor Sensible,Fraction de Chaleur Sensible,Fraction de Chaleur Sensible,,
Sensible Heat Ratio Function of Flow Fraction Curve,Temperatura Profunda del Terreno en Septiembre,Curva de Relación de Calor Sensible en Función de Fracción de Flujo,Courbe du ratio de chaleur sensible en fonction de la fraction de débit,Courbe du Rapport de Chaleur Sensible en Fonction de la Fraction de Débit,Y,Y
Sensible Heat Ratio Function of Temperature Curve,Reflectancia del Terreno de Septiembre,Curva de Función de Razón de Calor Sensible en Función de la Temperatura,Courbe de la fonction du rapport de chaleur sensible en fonction de la température,Courbe du Facteur de Chaleur Sensible en Fonction de la Température,Y,Y
Sensible Heat Ratio Modifier Function of Flow Fraction Curve,Temperatura del Suelo en Septiembre,Función Modificadora de la Relación de Calor Sensible en Función de la Fracción de Flujo,Fonction de modification du rapport de chaleur sensible en fonction de la courbe de fraction de débit,Courbe Modificatrice du Coefficient d'Efficacité Sensible en Fonction de la Fraction de Débit,Y,Y
Sensible Heat Ratio Modifier Function of Temperature Curve,Temperatura del Terreno de la Superficie en Septiembre,Función Modificadora del Ratio de Calor Sensible en Función de la Curva de Temperatura,Fonction de modification du taux de chaleur sensible en fonction de la température,Courbe de Correction du Rapport de Chaleur Sensible en Fonction de la Température,Y,Y
Sensible Heat Recovery Effectiveness,Valor de Septiembre,Efectividad de Recuperación de Calor Sensible,Efficacité de la récupération de chaleur sensible,Efficacité de la récupération de chaleur sensible,Y,
Sensor Node Name,Mes de Fecha de Servicio,Nombre del Nodo Sensor,Nom du nœud capteur,Nom du nœud capteur,Y,
September Deep Ground Temperature,Año de Fecha de Servicio,Temperatura Profunda del Suelo en Septiembre,Température profonde du sol en septembre,Température profonde du sol en septembre,Y,
September Ground Reflectance,Punto de consigna,Reflectancia del Terreno en Septiembre,Réflectance du sol en septembre,Réflectance du sol en septembre,Y,
September Ground Temperature,Punto de Consigna 2,Temperatura del Terreno en Septiembre,Température du sol en septembre,Température du sol en septembre,Y,
September Surface Ground Temperature,Punto de consigna en la relación de humedad de referencia alta,Temperatura del Terreno de Superficie en Septiembre,Température du Sol de Surface en Septembre,Température du sol de surface en septembre,Y,Y
September Value,Punto de consigna a Temperatura de referencia alta,Valor de Septiembre,Valeur de septembre,Valeur de septembre,Y,
Service Date Month,Punto de consigna en relación de humedad de referencia baja,Mes de Fecha de Inicio de Servicio,Mois de la Date de Service,Mois de la date de mise en service,Y,Y
Service Date Year,Punto de consigna a temperatura de referencia baja,Año de Fecha de Servicio,Année de mise en service,Année de mise en service,Y,
Setpoint,Punto de consigna a temperatura exterior alta,Punto de Consigna,Consigne,Consigne,Y,
Setpoint 2,Punto de consigna a temperatura exterior alta 2,Punto de consigna 2,Point de consigne 2,Point de consigne 2,Y,
Setpoint at High Reference Humidity Ratio,Punto de consigna a baja temperatura exterior,Punto de Consigna en Relación de Humedad de Referencia Alta,Consigne à un rapport d'humidité de référence élevé,Consigne à Ratio d'Humidité de Référence Élevée,Y,Y
Setpoint at High Reference Temperature,Punto de Consigna a Temperatura Exterior Baja 2,Setpoint a Temperatura de Referencia Alta,Consigne à température de référence élevée,Consigne de température à haute température de référence,Y,Y
Setpoint at Low Reference Humidity Ratio,Tipo de Control del Punto de Consigna,Setpoint en Relación de Humedad de Referencia Baja,Consigne à Ratio d'Humidité de Référence Faible,Consigne à faible ratio d'humidité de référence,Y,Y
Setpoint at Low Reference Temperature,Nombre del Nodo o Lista de Nodos de Punto de Consigna,Punto de consigna a temperatura de referencia baja,Consigne à Basse Température de Référence,Consigne à la Température de Référence Basse,Y,Y
Setpoint at Outdoor High Temperature,Programa de Temperatura de Consigna,Setpoint en Temperatura Exterior Alta,Consigne à Température Extérieure Élevée,Consigne à Température Extérieure Élevée,Y,
Setpoint at Outdoor High Temperature 2,Distancia de Sombreado a Vidrio,Punto de Consigna en Temperatura Exterior Alta 2,Point de consigne à température extérieure haute 2,Consigne à Température Extérieure Élevée 2,Y,Y
Setpoint at Outdoor Low Temperature,Nombre del Objeto Sombreado,Punto de Consigna a Temperatura Exterior Baja,Consigne à basse température extérieure,Consigne à Température Extérieure Basse,Y,Y
Setpoint at Outdoor Low Temperature 2,Método de Cálculo de Sombreado,Punto de Consigna a Temperatura Exterior Baja 2,Point de consigne à basse température extérieure 2,Consigne à Basse Température Extérieure 2,Y,Y
Setpoint Control Type,Frecuencia de Actualización del Cálculo de Sombreado,Tipo de Control de Punto de Consigna,Type de contrôle du point de consigne,Type de Contrôle du Point de Consigne,Y,Y
Setpoint Node or NodeList Name,Método de Frecuencia de Actualización del Cálculo de Sombreado,Nombre del Nodo de Punto de Consigna o Lista de Nodos,Nom du nœud de consigne ou de la liste de nœuds,Nom du nœud de consigne ou de la liste de nœuds,Y,
Setpoint Temperature Schedule,Control de Sombreado Está Programado,Programa de Temperatura de Consigna,Calendrier de température de consigne,Calendrier de Température de Consigne,Y,Y
Setpoint Temperature Schedule Name,Nombre del Horario de Temperatura de Ajuste,Nombre de Calendario de Temperatura de Punto de Consigna,Nom de l'horaire de température de consigne,Nom de la Plage de Consigne de Température,Y,Y
Shade to Glass Distance,Tipo de Control de Sombreado,Distancia de Protección a Vidrio,Distance Pare-soleil au Verre,Distance ombre-verre,Y,Y
Shaded Object Name,Nombre del Material del Dispositivo de Sombreado,Nombre del Objeto Sombreado,Nom de l'objet ombragé,Nom de l'objet ombragé,Y,
Shading Calculation Method,Nombre del Grupo de Superficie de Sombreado,Método de Cálculo de Sombras,Méthode de Calcul des Ombrages,Méthode de calcul des ombrages,Y,Y
Shading Calculation Update Frequency,Tipo de Superficie de Sombreado,Frecuencia de Actualización del Cálculo de Sombras,Fréquence de mise à jour du calcul des masques,Fréquence de mise à jour du calcul d'ombrage,Y,Y
Shading Calculation Update Frequency Method,Tipo de Sombreado,Método de Frecuencia de Actualización del Cálculo de Sombras,Méthode de fréquence de mise à jour du calcul d'ombrage,Méthode de Fréquence de Mise à Jour du Calcul d'Ombrage,Y,Y
Shading Control Is Scheduled,Grupo de Zona de Sombreado,Control de Sombreado Está Programado,Contrôle d'ombrage programmé,La commande de protection solaire est programmée,Y,Y
Shading Control Type,Serpentín de Calefacción SHDWH,Tipo de Control de Sombreado,Type de contrôle d'ombrage,Type de contrôle d'ombrage,Y,
Shading Device Material Name,Bobina de Calentamiento de Agua SHDWH,Nombre del Material del Dispositivo de Sombreado,Nom du matériau du dispositif d'ombrage,Nom du matériau de l'élément d'ombrage,Y,Y
Shading Surface Group Name,Efectividad del Intercooler de Carcasa y Bobina,Nombre del Grupo de Superficie de Sombreado,Nom du groupe de surface d'ombrage,Nom du groupe de surface d'ombrage,Y,
Shading Surface Type,Factor de Protección,Tipo de Superficie de Sombreado,Type de Surface d'Ombre,Type de Surface d'Ombrage,Y,Y
Shading Type,Corriente de Cortocircuito,Tipo de Sombreado,Type d'ombrage,Type de protection solaire,Y,Y
Shading Zone Group,Factor de Corrección SHR60,Grupo de Zona de Sombreamiento,Groupe de zones d'ombrage,Groupe de zones d'ombrage,Y,
SHDWH Heating Coil,Resistencia Paralela,Serpentín de Calefacción SHDWH,Serpentin de Chauffage SHDWH,Serpentin de Chauffage SHDWH,Y,
SHDWH Water Heating Coil,Consumo de Electricidad en Apagado,Serpentín de Calentamiento de Agua SHDWH,Serpentin de chauffage d'eau SHDWH,Serpentin de Chauffage de l'Eau SHDWH,Y,Y
Shell-and-Coil Intercooler Effectiveness,Combustible de Apagado,Efectividad del Enfriador Intermedio de Carcasa y Serpentín,Efficacité du refroidisseur intermédiaire à serpentin et calandre,Efficacité de l'Échangeur Interrefroidisseur Serpentin-Coque,Y,Y
Shelter Factor,Tiempo de Cierre,Factor de Protección,Facteur d'abri,Facteur d'abri,Y,
Short Circuit Current,Humedad Relativa de Cierre,Corriente de Cortocircuito,Courant de Court-circuit,Courant de court-circuit,Y,Y
SHR60 Correction Factor,Conductancia de Pérdida de Calor Lateral,Factor de Corrección SHR60,Facteur de correction SHR60,Facteur de Correction SHR60,Y,Y
Shunt Resistance,Programa de Tipo de Control de Flujo de Aire Simple,Resistencia de Derivación,Résistance de dérivation,Résistance shunt,Y,Y
Shut Down Electricity Consumption,Eficiencia Fija Simple,Consumo de Electricidad al Apagado,Consommation électrique à l'arrêt,Consommation d'électricité à l'arrêt,Y,Y
Shut Down Fuel,Capacidad Máxima Simple,Combustible de Apagado,Carburant d'arrêt,Carburant à l'arrêt,Y,Y
Shut Down Time,Potencia Máxima Simple,Tiempo de Apagado,Heure d'arrêt,Temps d'arrêt,Y,Y
Shut Off Relative Humidity,Potencia Máxima Almacenada Simple,Humedad Relativa de Cierre,Humidité relative d'arrêt,Humidité relative d'arrêt,Y,
Side Heat Loss Conductance,Cambios de Aire por Hora de Mezclado Simple,Conductancia de Pérdida de Calor en Laterales,Conductance de Perte Thermique Latérale,Conductance de Perte Thermique Latérale,Y,
Simple Airflow Control Type Schedule,Nombre de Programación de Mezcla Simple,Calendario de Tipo de Control de Flujo de Aire Simple,Calendrier de type de contrôle d'air simple,Calendrier de Type de Contrôle de Débit d'Air Simple,Y,Y
Simple Fixed Efficiency,Paso de Tiempo de Simulación,Eficiencia Fija Simple,Rendement Fixe Simple,Efficacité Fixe Simple,Y,Y
Simple Maximum Capacity,Operación en Modo Único,Capacidad Máxima Simple,Capacité Maximale Simple,Capacité Maximale Simple,Y,
Simple Maximum Power Draw,Algoritmo de Coeficiente de Presión del Viento de un Lado,Máxima Potencia Absorbida Simplificada,Puissance maximale simple tirée,Tirage Maximum Puissance Simple,Y,Y
Simple Maximum Power Store,Variación Sinusoidal del Coeficiente de Temperatura Constante,Almacenamiento Máximo Potencia Simple,Simple Maximum Power Store,Stockage de Puissance Maximale Simple,Y,Y
Simple Mixing Air Changes per Hour,Nombre de la Construcción de Sombreado del Sitio,Cambios de Aire por Hora en Mezcla Simple,Taux de renouvellement d'air simple par heure,Taux de renouvellement d'air par mélange simple [1/h],Y,Y
Simple Mixing Schedule Name,Modo de Cálculo de Pérdida de Calor en la Piel,Nombre del Horario de Mezcla Simple,Nom de l'horaire de mélange simple,Nom de l'horaire de mélange simple,Y,
Simulation Timestep,Pérdida de Calor por Piel - Destino,Intervalo de Tiempo de Simulación,Pas de Temps de Simulation,Pas de Temps de Simulation,Y,
Single Mode Operation,Fracción de Pérdidas de Calor de la Envolvente hacia la Zona,Operación en Modo Único,Fonctionnement en Mode Unique,Fonctionnement en mode unique,Y,Y
Single Sided Wind Pressure Coefficient Algorithm,Nombre de la Curva Cuadrática de Pérdida por la Envolvente,Algoritmo de Coeficiente de Presión por Viento en Una Cara,Algorithme de coefficient de pression éolienne unilatéral,Algorithme de Coefficient de Pression Éolienne Unilatéral,Y,Y
Sinusoidal Variation of Constant Temperature Coefficient,Factor U de Pérdida de Calor por la Piel Multiplicado por el Área,Variación Sinusoidal del Coeficiente de Temperatura Constante,Variation sinusoïdale du coefficient de température constant,Variation sinusoïdale du coefficient de température constant,Y,
Site Shading Construction Name,Factor U de Pérdida por Transmisión Multiplicado por el Área,Nombre de la Construcción de Sombreado del Sitio,Nom de la construction d'occultation du site,Nom de la construction d'ombrage de site,Y,Y
Sizing Factor,Factor de Dimensionamiento,Factor de Dimensionamiento,Facteur de dimensionnement,Facteur de dimensionnement,,
Sizing Option,Opción de Dimensionamiento,Opción de Dimensionamiento,Option de dimensionnement,Option de dimensionnement,,
Skin Loss Calculation Mode,Claridad del Cielo,Modo de Cálculo de Pérdidas por la Envolvente,Mode de calcul des pertes de surface,Mode de calcul des pertes thermiques,Y,Y
Skin Loss Destination,Algoritmo de Modelado de Radiación Difusa del Cielo,Destino de Pérdidas por Envolvente,Destination des pertes à travers l'enveloppe,Destination des Pertes Thermiques,Y,Y
Skin Loss Fraction to Zone,Resolución de Discretización del Cielo,Fracción de Pérdidas de Piel hacia la Zona,Fraction de perte cutanée vers la zone,Fraction des pertes à la surface vers la zone,Y,Y
Skin Loss Quadratic Curve Name,Nombre del Programa de Temperatura del Cielo,Nombre de Curva Cuadrática de Pérdida Epidérmica,Nom de la courbe quadratique de perte thermique,Nom de la courbe quadratique de perte de chaleur par la surface,Y,Y
Skin Loss Radiative Fraction,Fracción Radiativa de Pérdida de Calor por Superficie,Fracción Radiativa de Pérdidas en la Superficie,Fraction Radiative des Pertes Cutanées,Fraction de rayonnement des pertes thermiques,Y,Y
Skin Loss U-Factor Times Area Term,Factor de Vista del Cielo,Término de Factor U de Pérdida por Piel Multiplicado por Área,Coefficient U de Déperdition Surfacique multiplié par la Surface,Terme de perte thermique par la paroi (coefficient U × surface),Y,Y
Skin Loss U-Factor Times Area Value,Nombre de Construcción de Claraboya,Factor U de Pérdida por la Envolvente Multiplicado por Área,Valeur du Coefficient U de Déperdition de Paroi Multipliée par la Superficie,Valeur du coefficient U des pertes pariétales multipliée par la surface,Y,Y
Sky Clearness,Ángulo de lamas,Claridad del Cielo,Clarté du ciel,Clarté du Ciel,Y,Y
Sky Diffuse Modeling Algorithm,Nombre del Cronograma de Ángulo de Lamas,Algoritmo de Modelado de Cielo Difuso,Algorithme de Modélisation de la Diffusion du Ciel,Algorithme de modélisation de la diffusion du ciel,Y,Y
Sky Discretization Resolution,Transmitancia Solar de Viga de Lamas,Resolución de Discretización del Cielo,Résolution de discrétisation du ciel,Résolution de la Discrétisation du Ciel,Y,Y
Sky Temperature Schedule Name,Transmitancia Visible del Rayo de Lamas,Nombre de Calendario de Temperatura del Cielo,Nom de l'horaire de température du ciel,Nom de la plage horaire de température du ciel,Y,Y
Sky View Factor,Conductividad de la Lámina,Factor de Vista del Cielo,Facteur de vue du ciel,Facteur de vue du ciel,Y,
Skylight Construction Name,Transmitancia Solar Difusa de la Lámina,Nombre de Construcción del Tragaluz,Nom de la construction du puits de lumière,Nom de la construction de puits de lumière,Y,Y
Slat Angle,Transmitancia Visible Difusa de las Láminas,Ángulo de Laminilla,Angle des lames,Angle des lames,Y,
Slat Angle Schedule Name,Transmitancia Hemisférica Infrarroja de la Lama,Nombre de Horario de Ángulo de Laminilla,Nom de l'horaire d'angle des lames,Nom de l'horaire d'angle des lames,Y,
Slat Beam Solar Transmittance,Orientación de las láminas,Transmitancia Solar Directa de la Laminilla,Transmittance solaire du faisceau des lames,Transmittance solaire directe de la lame,Y,Y
Slat Beam Visible Transmittance,Separación entre lamas,Transmitancia Visible de Haz en la Laminilla,Transmittance lumineuse visible de la lame,Transmittance Lumineuse Directe de la Lame,Y,Y
Slat Conductivity,Espesor de la Lama,Conductividad de la Lámina,Conductivité des lames,Conductivité thermique des lames,Y,Y
Slat Diffuse Solar Transmittance,Ancho de la Lámina,Transmitancia Solar Difusa de Láminas,Transmittance Solaire Diffuse des Lames,Transmittance Diffuse Solaire de la Lame,Y,Y
Slat Diffuse Visible Transmittance,Ángulo del Plano Inclinado,Transmitancia Difusa Visible del Laminilla,Transmittance Lumineuse Diffuse des Lames,Transmittance Visible Diffuse de la Lame,Y,Y
Slat Infrared Hemispherical Transmittance,Indicador de Nieve,Transmitancia Hemisférica Infrarroja de la Lámina,Transmittance Hémisphérique Infrarouge des Lamelles,Transmittance Hémisphérique Infrarouge de la Lame,Y,Y
Slat Orientation,Factor de Emisión de SO2,Orientación de Láminas,Orientation des lames,Orientation des lames,Y,
Slat Separation,Nombre de la Programación de Factor de Emisión de SO2,Separación de lamas,Espacement des lames,Espacement des lames,Y,
Slat Thickness,Conductividad del Suelo,Espesor de la lámina,Épaisseur des lames,Épaisseur de la lame,Y,Y
Slat Width,Densidad del Suelo,Ancho de la lámina,Largeur des lames,Largeur de lame,Y,Y
Sloping Plane Angle,Nombre de Capa de Suelo,Ángulo del Plano Inclinado,Angle du Plan Incliné,Angle du Plan Incliné,Y,
Snow Indicator,Porcentaje de Contenido de Humedad del Suelo,Indicador de Nieve,Indicateur de neige,Indicateur de neige,Y,
SO2 Emission Factor,Porcentaje de Contenido de Humedad del Suelo en Saturación,Factor de Emisión SO2,Facteur d'émission de SO2,Facteur d'émission SO2,Y,Y
SO2 Emission Factor Schedule Name,Calor Específico del Suelo,Nombre de la Programación del Factor de Emisión de SO2,Nom du programme d'émission de SO2,Nom de la planification du facteur d'émission SO2,Y,Y
Soil Conductivity,Amplitud de Temperatura de la Superficie del Suelo 1,Conductividad del Suelo,Conductivité du sol,Conductivité du sol,Y,
Soil Density,Amplitud de Temperatura de la Superficie del Suelo 2,Densidad del Suelo,Densité du sol,Densité du sol,Y,
Soil Layer Name,Conductividad Térmica del Suelo,Nombre de la Capa de Suelo,Nom de la couche de sol,Nom de la couche de sol,Y,
Soil Moisture Content Percent,Absortancia Solar,Porcentaje de Contenido de Humedad del Suelo,Pourcentage d'humidité du sol,Teneur en eau du sol en pourcentage,Y,Y
Soil Moisture Content Percent at Saturation,Difusión Solar,Contenido de Humedad del Suelo en Porcentaje en Saturación,Pourcentage de teneur en humidité du sol à saturation,Pourcentage de teneur en humidité du sol à la saturation,Y,Y
Soil Specific Heat,Distribución Solar,Calor Específico del Suelo,Chaleur spécifique du sol,Chaleur spécifique du sol,Y,
Soil Surface Temperature Amplitude 1,Coeficiente de Extinción Solar,Amplitud 1 de Temperatura de Superficie del Suelo,Amplitude 1 de la Température de Surface du Sol,Amplitude de la température de surface du sol 1,Y,Y
Soil Surface Temperature Amplitude 2,Coeficiente de Ganancia de Calor Solar,Amplitud de Temperatura de Superficie del Suelo 2,Amplitude 2 de la température de surface du sol,Amplitude 2 de la température de surface du sol,Y,
Soil Thermal Conductivity,Índice de Refracción Solar,Conductividad Térmica del Suelo,Conductivité Thermique du Sol,Conductivité thermique du sol,Y,Y
Solar Absorptance,Indicador del Modelo Solar,Absortancia Solar,Absorptance solaire,Absorptance solaire,Y,
Solar Diffusing,Reflectancia Solar,Difusión Solar,Diffusion Solaire,Diffusion Solaire,Y,
Solar Distribution,Transmitancia Solar,Distribución Solar,Distribution solaire,Distribution Solaire,Y,Y
Solar Extinction Coefficient,Transmitancia Solar a Incidencia Normal,Coeficiente de Extinción Solar,Coefficient d'extinction solaire,Coefficient d'extinction solaire,Y,
Solar Heat Gain Coefficient,Nombre de SolarCollectorPerformance,Coeficiente de Ganancia Solar,Coefficient de Gain Thermique Solaire,Coefficient de Gain Thermique Solaire,Y,
Solar Index of Refraction,Densidad del Estado Sólido,Índice de Refracción Solar,Indice de réfraction solaire,Indice de réfraction solaire,Y,
Solar Model Indicator,Calor Específico del Estado Sólido,Indicador del Modelo Solar,Modèle solaire,Indicateur de Modèle Solaire,Y,Y
Solar Reflectance,Conductividad Térmica del Estado Sólido,Reflectancia Solar,Réflectance solaire,Réflectance Solaire,Y,Y
Solar Transmittance,Solucionador,Transmitancia Solar,Transmittance Solaire,Transmittance Solaire,Y,
Solar Transmittance at Normal Incidence,Factor de Energía Primaria,Transmitancia Solar en Incidencia Normal,Transmittance solaire à incidence normale,Transmittance Solaire à Incidence Normale,Y,Y
SolarCollectorPerformance Name,Nombre del Horario de Energía de Fuente,Nombre de Desempeño del Colector Solar,Nom des Performances du Collecteur Solaire,Nom de Performances de Capteur Solaire,Y,Y
Solid State Density,Nombre del Nodo de Entrada del Bucle,Densidad del Estado Sólido,Densité de l'état solide,Densité de l'état solide,Y,
Solid State Specific Heat,Nombre del Nodo de Salida del Circuito,Calor Específico del Estado Sólido,Chaleur spécifique de l'état solide,Chaleur Spécifique de l'État Solide,Y,Y
Solid State Thermal Conductivity,Nombre del Medidor de Origen,Conductividad Térmica del Estado Sólido,Conductivité thermique de l'état solide,Conductivité thermique de l'état solide,Y,
Solver,Solucionador,Solver,Solveur,Solveur,Y,
Source Energy Factor,Número de Capa Presente Después,Factor de Energía Primaria,Facteur d'Énergie Primaire,Facteur d'Énergie Primaire,Y,
Source Energy Schedule Name,Nombre del Horario de Disponibilidad del Lado Fuente,Nombre de Horario de Energía Fuente,Nom du calendrier d'énergie source,Nom de calendrier d'énergie source,Y,Y
Source Loop Inlet Node Name,Modo de Control de Flujo del Lado de la Fuente,Nombre del Nodo de Entrada del Circuito Fuente,Nom du nœud d'entrée de la boucle source,Nom du nœud d'entrée de la boucle source,Y,
Source Loop Outlet Node Name,Efectividad de Transferencia de Calor del Lado Fuente,Nombre del Nodo de Salida del Bucle Fuente,Nom du nœud de sortie de la boucle source,Nom du nœud de sortie de la boucle source,Y,
Source Meter Name,Nombre del Nodo de Entrada del Lado Fuente,Nombre del Medidor Fuente,Nom du compteur source,Nom du Compteur Source,Y,Y
Source Object,Nombre del Nodo de Salida del Lado Fuente,Objeto Fuente,Objet source,Objet source,Y,
Source Present After Layer Number,Caudal de Referencia del Lado de la Fuente,Número de Capa Después del Cual Está Presente la Fuente,Source Présente Après le Numéro de Couche,Numéro de couche après laquelle la source est présente,Y,Y
Source Side Availability Schedule Name,Temperatura de Origen,Nombre de la Programación de Disponibilidad del Lado de la Fuente,Nom de l'horaire de disponibilité côté source,Nom de l'Horaire de Disponibilité du Côté Source,Y,Y
Source Side Design Flow Rate,Caudal de Diseño del Lado de Fuente,Caudal de Diseño del Lado de la Fuente,Débit de conception côté source,Débit Volumique de Conception du Côté Source,Y,Y
Source Side Effectiveness,Efectividad del Lado de Fuente,Efectividad del Lado de Fuente,Efficacité côté source,Efficacité côté source,,
Source Side Flow Control Mode,Nombre de la Programación de Temperatura de Fuente,Modo de Control de Flujo del Lado de Fuente,Mode de contrôle du débit côté source,Mode de contrôle du débit côté source,Y,
Source Side Heat Transfer Effectiveness,Variable de Origen,Efectividad de Transferencia de Calor del Lado Fuente,Efficacité du transfert de chaleur côté source,Efficacité de transfert thermique côté source,Y,Y
Source Side Inlet Height,Altura de Entrada del Lado de Fuente,Altura de Entrada del Lado de Origen,Hauteur d'entrée du côté source,Hauteur d'entrée du côté source,Y,
Source Side Inlet Node Name,Nombre de Zona o Espacio de Origen,Nombre del Nodo de Entrada del Lado Fuente,Nom du nœud d'entrée côté source,Nom du Nœud d'Entrée du Côté Source,Y,Y
Source Side Outlet Height,Altura de Salida del Lado de Fuente,Altura de Salida del Lado de Fuente,Hauteur de sortie côté source,Hauteur de la sortie côté source,,Y
Source Side Outlet Node Name,Bobina de Enfriamiento del Espacio,Nombre del Nodo de Salida del Lado Fuente,Nom du nœud de sortie côté source,Nom du Nœud de Sortie du Côté Source,Y,Y
Source Side Reference Flow Rate,Serpentín de Calefacción de Espacio,Caudal de Referencia del Lado de la Fuente,Débit de référence côté source,Débit de Référence Côté Source,Y,Y
Source Temperature,Nombre del Espacio,Temperatura de Fuente,Température source,Température source,Y,
Source Temperature Schedule Name,Nombre de la Construcción de Sombreado del Espacio,Nombre del Programa de Temperatura de la Fuente,Nom du planning de température source,Nom de l'horaire de température de source,Y,Y
Source Variable,Nombre del Tipo de Espacio,Variable de Origen,Variable source,Variable source,Y,
Source Zone or Space Name,Tipo de Día Especial,Nombre de Zona o Espacio de Origen,Nom de la zone source ou de l'espace,Nom de la zone ou de l'espace source,Y,Y
Space Cooling Coil,Día Específico,Serpentín de Enfriamiento de Espacio,Serpentin de refroidissement de l'espace,Serpentin de Refroidissement de Zone,Y,Y
Space Floor Area per Person,Área de Piso del Espacio por Persona,Área de Piso del Espacio por Persona,Superficie de l'espace par personne,Surface de plancher de l'espace par personne,,Y
Space Heating Coil,Calor Específico,Serpentín de Calefacción de Espacios,Serpentin de Chauffage de l'Espace,Serpentin de chauffage de zone,Y,Y
Space Name,Coeficiente A de Calor Específico,Nombre del Espacio,Nom de l'espace,Nom de l'espace,Y,
Space or SpaceType Name,Nombre del Espacio o Tipo de Espacio,Nombre del Espacio o Tipo de Espacio,Nom d'Espace ou de Type d'Espace,Nom de l'espace ou du type d'espace,,Y
Space Shading Construction Name,Coeficiente B del Calor Específico,Nombre de la Construcción de Sombreado del Espacio,Nom de la construction d'ombrage d'espace,Nom de la Construction d'Ombrage de l'Espace,Y,Y
Space Type Name,Coeficiente de Calor Específico C,Nombre del Tipo de Espacio,Nom du type d'espace,Type d'espace,Y,Y
Special Day Type,Calor Específico del Suelo Seco,Tipo de Día Especial,Type de Jour Spécial,Type de jour spécial,Y,Y
Specific Day,Relación de Calores Específicos,Día Específico,Jour spécifique,Jour spécifique,Y,
Specific Heat,Mes Específico,Calor Específico,Chaleur spécifique,Chaleur spécifique,Y,
Specific Heat Coefficient A,Velocidad,Coeficiente A de Calor Específico,Coefficient A de la chaleur spécifique,Coefficient A de la chaleur spécifique du gaz,Y,Y
Specific Heat Coefficient B,Velocidad 1 Tasa de Flujo de Aire de Suministro Durante Operación de Enfriamiento,Coeficiente B de Calor Específico,Coefficient B de la capacité thermique spécifique,Coefficient B de chaleur spécifique,Y,Y
Specific Heat Coefficient C,Velocidad 1 Caudal de Aire de Suministro Durante Operación de Calefacción,Coeficiente C de Calor Específico,Coefficient C de chaleur spécifique,Coefficient C de la chaleur spécifique,Y,Y
Specific Heat of Dry Soil,Velocidad 2 Tasa de Flujo de Aire de Suministro Durante Operación de Enfriamiento,Calor Específico del Suelo Seco,Chaleur spécifique du sol sec,Chaleur spécifique du sol sec,Y,
Specific Heat Ratio,Velocidad 2 Tasa de Flujo de Aire de Suministro Durante Operación de Calefacción,Relación de Calores Específicos,Rapport de chaleur spécifique,Rapport de chaleurs spécifiques,Y,Y
Specific Month,Velocidad 3 Caudal de Aire de Suministro Durante Operación de Enfriamiento,Mes Específico,Mois spécifique,Mois spécifique,Y,
Speed,Velocidad 3 - Caudal de Aire de Suministro Durante Operación de Calefacción,Velocidad,Vitesse,Vitesse,Y,
Speed 1 Supply Air Flow Rate During Cooling Operation,Velocidad 4 Caudal de Aire de Suministro Durante Operación de Enfriamiento,Velocidad 1 Caudal de Aire de Suministro Durante Operación de Enfriamiento,Débit d'air de soufflage à vitesse 1 pendant le refroidissement,Débit d'air soufflé Vitesse 1 en mode refroidissement,Y,Y
Speed 1 Supply Air Flow Rate During Heating Operation,Velocidad 4 Caudal de Aire de Suministro Durante Operación de Calefacción,Caudal de Aire de Suministro Velocidad 1 Durante Operación de Calefacción,Débit d'air insufflé de Vitesse 1 pendant le mode chauffage,Débit d'air neuf vitesse 1 en mode chauffage,Y,Y
Speed 2 Supply Air Flow Rate During Cooling Operation,Método de Control de Velocidad,Velocidad 2 Caudal de Aire de Suministro Durante Operación de Enfriamiento,Débit d'air soufflé en mode refroidissement - Vitesse 2,Débit d'air soufflé Vitesse 2 en mode refroidissement,Y,Y
Speed 2 Supply Air Flow Rate During Heating Operation,Lista de Datos de Velocidad,Caudal de Aire de Suministro en Velocidad 2 Durante Operación de Calefacción,Débit d'air soufflé au régime 2 pendant le fonctionnement en chauffage,Débit d'air soufflé Vitesse 2 pendant le mode chauffage,Y,Y
Speed 3 Supply Air Flow Rate During Cooling Operation,Fracción de Potencia Eléctrica a Velocidad,Tasa de Flujo de Aire de Suministro en Velocidad 3 Durante Operación de Enfriamiento,Débit d'air insufflé de vitesse 3 pendant le fonctionnement en refroidissement,Débit d'air soufflé Vitesse 3 en mode refroidissement,Y,Y
Speed 3 Supply Air Flow Rate During Heating Operation,Fracción de Flujo de Velocidad,Caudal de Aire de Suministro Velocidad 3 Durante Operación de Calefacción,Débit d'air neuf en mode 3 durant le chauffage,Débit d'air soufflé Vitesse 3 en mode chauffage,Y,Y
Speed 4 Supply Air Flow Rate During Cooling Operation,Coeficiente f0 del Ventilador del Enfriador de Aire por Corriente Ascendente,Velocidad 4 Flujo de Aire de Suministro Durante Operación de Enfriamiento,Débit d'air de soufflage vitesse 4 pendant le refroidissement,Débit d'air soufflé Vitesse 4 en Mode de Refroidissement,Y,Y
Speed 4 Supply Air Flow Rate During Heating Operation,Coeficiente f1 del Ventilador del Enfriador de Aire por Convección Natural,Caudal de Aire de Suministro en Velocidad 4 Durante Operación de Calefacción,Débit d'air fourni à la vitesse 4 pendant le fonctionnement en chauffage,Débit d'air soufflé à la vitesse 4 lors du fonctionnement en chauffage,Y,Y
Speed Control Method,Coeficiente f2 del Ventilador del Enfriador de Aire por Convección Natural,Método de Control de Velocidad,Méthode de contrôle de vitesse,Méthode de contrôle de vitesse,Y,
Speed Data List,Área del Intercambiador de Cogeneración,Listado de Datos de Velocidad,Liste de données de vitesse,Liste de données de vitesse,Y,
Speed Electric Power Fraction,Tasa de Flujo Nominal del Intercambiador de Cogeneración de Pila,Fracción de Potencia Eléctrica a Velocidad,Fraction de puissance électrique à vitesse,Fraction de Puissance Électrique à Vitesse Donnée,Y,Y
Speed Flow Fraction,Coeficiente Nominal de Transferencia de Calor del Intercambiador de Cogeneración en Chimenea,Fracción de Flujo de Velocidad,Fraction de débit à la vitesse,Fraction de Débit à Vitesse Réduite,Y,Y
Stack Air Cooler Fan Coefficient f0,Exponente del Coeficiente de Transferencia de Calor Nominal del Intercambiador de Cogeneración en Pila,Coeficiente f0 del Ventilador del Enfriador de Aire por Gravedad,Coefficient du Ventilateur du Refroidisseur d'Air à Tirage Naturel f0,Coefficient f0 du ventilateur du refroidisseur d'air par circulation naturelle,Y,Y
Stack Air Cooler Fan Coefficient f1,Velocidad de Flujo de Refrigerante en Pila,Coeficiente f1 del Ventilador del Enfriador de Aire por Tiro Natural,Coefficient f1 du Ventilateur du Refroidisseur d'Air à Tirage Naturel,Coefficient de Ventilateur de Refroidisseur d'Air à Tirage Naturel f1,Y,Y
Stack Air Cooler Fan Coefficient f2,Nombre del Enfriador de Pila,Coeficiente f2 del Ventilador del Enfriador de Aire de Chimenea,Coefficient f2 du Ventilateur du Refroidisseur d'Air par Tirage Thermique,Coefficient f2 du ventilateur du refroidisseur à air par convection naturelle,Y,Y
Stack Coefficient,Coeficiente de Efecto Chimenea,Coeficiente de Apilamiento,Coefficient de Stratification,Coefficient de Tirage Thermique,Y,Y
Stack Cogeneration Exchanger Area,Fracción de Pérdida de Calor de la Bomba del Enfriador de Chimenea,Área del Intercambiador de la Pila de Cogeneración,Aire d'échangeur de cogénération en pile,Surface d'échange du générateur cogénératif en pile,Y,Y
Stack Cogeneration Exchanger Nominal Flow Rate,Potencia de la Bomba del Enfriador de Chimenea,Caudal Nominal del Intercambiador de Cogeneración de Pila,Débit nominal de l'échangeur de cogénération en pile,Débit Nominal de l'Échangeur de Cogénération par Pile,Y,Y
Stack Cogeneration Exchanger Nominal Heat Transfer Coefficient,Factor U del Enfriador de Tiro Multiplicado por el Valor del Área,Coeficiente Nominal de Transferencia de Calor del Intercambiador de Cogeneración de Pila,Coefficient de transfert thermique nominal de l'échangeur de cogénération à pile,Coefficient d'Échange Thermique Nominal de l'Échangeur de Cogénération à Pile,Y,Y
Stack Cogeneration Exchanger Nominal Heat Transfer Coefficient Exponent,Pérdida de calor de la chimenea hacia el aire de dilución,Exponente del Coeficiente Nominal de Transferencia de Calor del Intercambiador de Cogeneración,Exposant du coefficient de transfert thermique nominal de l'échangeur de cogénération en pile,Exposant du coefficient nominal de transfert thermique de l'échangeur de cogénération en pile,Y,Y
Stack Coolant Flow Rate,Etapa,Flujo de Refrigerante en la Pila,Débit de fluide caloporteur de la pile,Débit de liquide de refroidissement de la pile,Y,Y
Stack Cooler Name,Compensación de Temperatura de Enfriamiento Etapa 1,Nombre del Enfriador de Chimenea,Nom du Refroidisseur à Tirage Naturel,Nom du refroidisseur à tirage naturel,Y,Y
Stack Cooler Pump Heat Loss Fraction,Desplazamiento de Temperatura de Calefacción Etapa 1,Fracción de Pérdidas de Calor de la Bomba del Enfriador de Torre,Fraction de Perte de Chaleur de la Pompe du Refroidisseur à Circulation,Fraction de Perte Thermique de la Pompe du Refroidisseur à Tirage Naturel,Y,Y
Stack Cooler Pump Power,Compensación de Temperatura de Enfriamiento Etapa 2,Potencia de la Bomba del Enfriador de Pila,Puissance de la pompe du refroidisseur à tirage naturel,Puissance de la pompe du refroidisseur à tour,Y,Y
Stack Cooler U-Factor Times Area Value,Desplazamiento de Temperatura de Calefacción en Etapa 2,Factor U por Área del Enfriador de Chimenea,Facteur U fois Surface du Refroidisseur à Tirage Thermique,Valeur du Coefficient Global d'Échange Times Aire pour Refroidisseur à Tirage Naturel,Y,Y
Stack Heat loss to Dilution Air,Desplazamiento de Temperatura de Enfriamiento Etapa 3,Pérdida de Calor del Conducto hacia el Aire de Dilución,Perte de chaleur de la cheminée vers l'air de dilution,Perte thermique de la cheminée vers l'air de dilution,Y,Y
Stage,Compensación de Temperatura de Calefacción Etapa 3,Etapa,Étape,Étage,Y,Y
Stage 1 Cooling Temperature Offset,Desplazamiento de Temperatura de Enfriamiento Etapa 4,Desplazamiento de Temperatura de Enfriamiento Etapa 1,Décalage de température du refroidissement étape 1,Décalage de Température de Refroidissement Étage 1,Y,Y
Stage 1 Heating Temperature Offset,Desplazamiento de Temperatura de Calefacción en Etapa 4,Desviación de Temperatura de Calefacción Etapa 1,Décalage de température de chauffage étage 1,Décalage de Température de Chauffage Étape 1,Y,Y
Stage 2 Cooling Temperature Offset,Potencia Estándar del Ventilador por Puerta,Desplazamiento de Temperatura de Enfriamiento Etapa 2,Décalage de température refroidissement étape 2,Décalage de Température de Refroidissement Étape 2,Y,Y
Stage 2 Heating Temperature Offset,Potencia Estándar del Ventilador por Unidad de Longitud,Desviación de Temperatura de Calefacción Etapa 2,Décalage de température de chauffage étape 2,Décalage de Température de Chauffage Étage 2,Y,Y
Stage 3 Cooling Temperature Offset,Potencia de Iluminación del Caso Estándar por Puerta,Desplazamiento de Temperatura de Enfriamiento Etapa 3,Décalage de température de refroidissement étape 3,Décalage de Température de Refroidissement Étape 3,Y,Y
Stage 3 Heating Temperature Offset,Potencia de Iluminación por Unidad de Longitud Caso Estándar,Desplazamiento de Temperatura de Calefacción Etapa 3,Décalage de température de chauffage étape 3,Décalage de Température de Chauffage Étape 3,Y,Y
Stage 4 Cooling Temperature Offset,Capacidad de Diseño Estándar,Desplazamiento de Temperatura de Refrigeración Etapa 4,Décalage de Température de Refroidissement Étape 4,Décalage de température de refroidissement étape 4,Y,Y
Stage 4 Heating Temperature Offset,Tipo de Edificio Estándar,Desplazamiento de Temperatura de Calefacción Etapa 4,Décalage de température de chauffage étape 4,Décalage de Température de Chauffage Étage 4,Y,Y
Standard Case Fan Power per Door,Categoría de Normas,Potencia Estándar del Ventilador por Puerta,Puissance standard du ventilateur par porte,Puissance de ventilateur par porte pour armoire standard,Y,Y
Standard Case Fan Power per Unit Length,Tipo de Construcción Normativa,Potencia Estándar del Ventilador de la Vitrina por Unidad de Longitud,Puissance standard du ventilateur par unité de longueur,Puissance nominale du ventilateur de l'armoire par unité de longueur,Y,Y
Standard Case Lighting Power per Door,Identificador de Normas,Potencia de Iluminación por Puerta - Caso Estándar,Puissance d'éclairage du cas standard par porte,Puissance d'éclairage pour vitrine standard par porte,Y,Y
Standard Case Lighting Power per Unit Length,Número de Historias Sobre el Terreno según Normas,Potencia de Iluminación Estándar del Caso por Unidad de Longitud,Puissance d'éclairage standard par unité de longueur,Puissance d'éclairage standard du meuble frigorifique par unité de longueur,Y,Y
Standard Design Capacity,Número de Unidades de Vivienda según Normas,Capacidad de Diseño Estándar,Capacité de Conception Standard,Capacité de Conception Standard,Y,
Standards Building Type,Número de Pisos según Norma,Tipo de Edificio Estándar,Type de bâtiment conforme aux normes,Type de bâtiment de référence,Y,Y
Standards Category,Tipo de Espacio Estándar,Categoría de Estándares,Catégorie de normes,Catégorie de Normes,Y,Y
Standards Construction Type,Plantilla de Normas,Tipo de Construcción Estándar,Type de construction normalisé,Type de construction standard,Y,Y
Standards Identifier,Potencia Eléctrica en Espera,Identificador de Normas,Identifiant de normes,Identifiant de normes,Y,
Standards Number of Above Ground Stories,Potencia en Reposo,Número de Pisos Sobre Tierra según Normas,Nombre d'étages au-dessus du sol selon la norme,Nombre d'étages au-dessus du sol selon les normes,Y,Y
Standards Number of Living Units,Fecha de Inicio,Número de Unidades Habitacionales según Norma,Nombre de logements selon les normes,Nombre normalisé d'unités d'habitation,Y,Y
Standards Number of Stories,Fecha de Inicio Año Real,Número de Pisos según Norma,Nombre d'étages selon les normes,Nombre d'étages selon les normes,Y,
Standards Space Type,Día de Inicio,Tipo de Espacio Estándar,Type d'espace normalisé,Type d'Espace Normalisé,Y,Y
Standards Template,Día de Inicio de la Semana,Plantilla de Normas,Modèle de normes,Modèle de normes,Y,
Standby Electric Power,Factor de Altura Inicial para Factor de Apertura,Potencia Eléctrica en Espera,Puissance Électrique en Veille,Puissance Électrique en Veille,Y,
Standby Power,Mes Inicial,Potencia en Espera,Puissance en veille,Puissance en Veille,Y,Y
Start Date,Inicio de Costos,Fecha de Inicio,Date de début,Date de début,Y,
Start Date Actual Year,Consumo de Electricidad al Arranque,Fecha de Inicio Año Real,Année réelle de la date de début,Année réelle de la date de début,Y,
Start Day,Electricidad Producida en el Inicio,Día de Inicio,Jour de début,Jour de début,Y,
Start Day of Week,Combustible de Arranque,Día de Inicio de la Semana,Jour de démarrage de la semaine,Jour de la semaine de départ,Y,Y
Start Height Factor for Opening Factor,Tiempo de Inicio,Factor de Altura Inicial para Factor de Apertura,Facteur de hauteur de départ pour le facteur d'ouverture,Facteur de Hauteur de Départ pour Facteur d'Ouverture,Y,Y
Start Month,Estado Provincia Región,Mes de Inicio,Mois de début,Mois de début,Y,
Start of Costs,Nombre de la Definición del Equipo de Vapor,Inicio de Costos,Début des coûts,Début des coûts,Y,
Start Up Electricity Consumption,Inflado de Vapor,Consumo de Electricidad de Arranque,Consommation Électrique au Démarrage,Consommation Électrique au Démarrage,Y,
Start Up Electricity Produced,Nombre del Nodo de Entrada de Vapor,Electricidad Producida en Arranque,Électricité produite au démarrage,Électricité produite au démarrage,Y,
Start Up Fuel,Nombre del Nodo de Salida de Vapor,Combustible de Arranque,Carburant de Démarrage,Carburant de Démarrage,Y,
Start Up Time,Tipo de Protección de Abertura de Puerta de Almacenamiento Zona Enfrentada,Tiempo de Arranque,Temps de démarrage,Temps de démarrage,Y,
State Province Region,Nombre del Calendario de Apertura de Puertas de Almacén Zona Adyacente,Estado Provincia Región,État Province Région,État Province Région,Y,
Steam Equipment Definition Name,Valor U de Puerta de Almacenamiento hacia la Zona,Nombre de Definición del Equipo de Vapor,Nom de la Définition de l'Équipement à Vapeur,Nom de Définition de l'Équipement à Vapeur,Y,Y
Steam Equipment Schedule Name,Nombre del Horario de Equipos de Vapor,Nombre de Horario de Equipo de Vapor,Nom du programme d'équipement vapeur,Nom du calendrier de l'équipement à vapeur,Y,Y
Steam Inflation,Relación Estequiométrica,Inflación de Vapor,Inflation de vapeur,Inflation de vapeur,Y,
Steam Inlet Node Name,Capacidad de Almacenamiento por Área de Colector,Nombre del Nodo de Entrada de Vapor,Nom du nœud d'entrée de vapeur,Nom du Nœud d'Entrée de Vapeur,Y,Y
Steam Outlet Node Name,Capacidad de Almacenamiento por Área de Piso,Nombre del Nodo de Salida de Vapor,Nom du nœud de sortie de vapeur,Nom du Nœud de Sortie de Vapeur,Y,Y
Stocking Door Opening Protection Type Facing Zone,Capacidad de Almacenamiento por Persona,Tipo de Protección de Puerta de Almacenamiento Hacia la Zona,Protection contre l'ouverture de porte de stockage orientée vers la zone,Type de Protection à l'Ouverture de Porte de Stockage Orientée vers la Zone,Y,Y
Stocking Door Opening Schedule Name Facing Zone,Capacidad de Almacenamiento por Unidad,Nombre de la Programación de Apertura de Puerta de Acceso hacia la Zona,Nom de l'horaire d'ouverture de la porte de stock pour la zone exposée,Nom de l'agenda d'ouverture de porte de stockage pour la zone exposée,Y,Y
Stocking Door U Value Facing Zone,Factor de Dimensionamiento de la Capacidad de Almacenamiento,Valor U de la Puerta de Acceso Mirando a la Zona,Valeur U de la porte de stockage exposée à la zone,Valeur U de la Porte de Stockage Côté Zone,Y,Y
Stoichiometric Ratio,Nombre de Schedule de Fracción de Potencia de Carga de Almacenamiento,Relación Estequiométrica,Rapport stœchiométrique,Rapport stoechiométrique,Y,Y
Storage Capacity per Collector Area,Nombre del Medidor de Seguimiento de Control de Almacenamiento,Capacidad de Almacenamiento por Área de Colector,Capacité de stockage par surface de capteur,Capacité de stockage par unité de surface de collecteur,Y,Y
Storage Capacity per Floor Area,Objetivo de Demanda Útil del Control de Almacenamiento,Capacidad de Almacenamiento por Área de Piso,Capacité de stockage par unité de surface,Capacité de Stockage par Surface au Sol,Y,Y
Storage Capacity per Person,Nombre del Programa de Fracción Objetivo de Demanda Auxiliar de Almacenamiento,Capacidad de Almacenamiento por Persona,Capacité de stockage par personne,Capacité de stockage par personne,Y,
Storage Capacity per Unit,Nombre del Objeto Conversor de Almacenamiento,Capacidad de Almacenamiento por Unidad,Capacité de stockage par unité,Capacité de stockage par unité,Y,
Storage Capacity Sizing Factor,Nombre del Programa de Fracción de Potencia de Descarga del Almacenamiento,Factor de Dimensionamiento de la Capacidad de Almacenamiento,Facteur de dimensionnement de la capacité de stockage,Facteur de dimensionnement de la capacité de stockage,Y,
Storage Charge Power Fraction Schedule Name,Esquema de Operación de Almacenamiento,Nombre de Programa de Fracción de Potencia de Carga de Almacenamiento,Nom du calendrier de fraction de puissance de charge du stockage,Nom de l'horaire de fraction de puissance de charge du stockage,Y,Y
Storage Control Track Meter Name,Nodo de Temperatura Ambiente del Tanque de Almacenamiento,Nombre del Medidor de Seguimiento del Control de Almacenamiento,Nom du compteur de suivi du contrôle de stockage,Nom du Compteur de Suivi du Contrôle de Stockage,Y,Y
Storage Control Utility Demand Target,Temperatura Máxima del Fluido en Límite de Funcionamiento del Tanque de Almacenamiento,Control de Almacenamiento Objetivo de Demanda de Servicios,Cible de Demande Utilitaire de Contrôle de Stockage,Cible de Demande Électrique pour le Contrôle du Stockage,Y,Y
Storage Control Utility Demand Target Fraction Schedule Name,Temperatura Mínima de Funcionamiento del Fluido del Tanque de Almacenamiento,Nombre de la Programación de Fracción Objetivo de Demanda de Servicios del Control de Almacenamiento,Nom de l'ordonnance de la fraction cible de la demande d'utilité de contrôle du stockage,Nom de l'horaire de la fraction de demande électrique cible pour la commande du stockage,Y,Y
Storage Converter Object Name,Caudal de Diseño de la Conexión de Planta del Tanque de Almacenamiento,Nombre del Objeto Convertidor de Almacenamiento,Nom de l'objet de conversion de stockage,Nom de l'objet convertisseur de stockage,Y,Y
Storage Discharge Power Fraction Schedule Name,Efectividad de Transferencia de Calor de la Conexión de Planta del Tanque de Almacenamiento,Nombre de la Programación de Fracción de Potencia de Descarga del Almacenamiento,Nom du planning de fraction de puissance de décharge de stockage,Nom de la planification de la fraction de puissance de décharge du stockage,Y,Y
Storage Operation Scheme,Nodo de Entrada de Conexión de Planta del Tanque de Almacenamiento,Esquema de Operación del Almacenamiento,Schéma de fonctionnement du stockage,Schéma de fonctionnement du stockage,Y,
Storage Tank Ambient Temperature Node,Nodo de Salida de Conexión de Planta del Tanque de Almacenamiento,Nodo de Temperatura Ambiente del Tanque de Almacenamiento,Nœud de température ambiante du réservoir de stockage,Nœud de Température Ambiante du Réservoir de Stockage,Y,Y
Storage Tank Maximum Operating Limit Fluid Temperature,Coeficiente de Transferencia de Calor del Tanque de Almacenamiento al Ambiente (U-value Times Area),Temperatura Máxima de Funcionamiento del Fluido en el Tanque de Almacenamiento,Température du Fluide Limite Maximale de Fonctionnement du Réservoir de Stockage,Température du fluide à la limite maximale de fonctionnement du réservoir de stockage,Y,Y
Storage Tank Minimum Operating Limit Fluid Temperature,Tipo de Almacenamiento,Temperatura Mínima del Fluido para Operación del Tanque de Almacenamiento,Température fluide minimale limite de fonctionnement du réservoir de stockage,Température minimale du fluide de la limite de fonctionnement du réservoir de stockage,Y,Y
Storage Tank Plant Connection Design Flow Rate,Estrategia,Caudal de Diseño de la Conexión a la Planta del Tanque de Almacenamiento,Débit de conception de la connexion de la plante du réservoir de stockage,Débit de Conception de la Connexion Boucle Secondaire du Réservoir de Stockage,Y,Y
Storage Tank Plant Connection Heat Transfer Effectiveness,Nodo Fuente del Flujo 2,Efectividad de Transferencia de Calor de la Conexión del Circuito a la Unidad de Almacenamiento Térmico,Efficacité du transfert thermique de la connexion de la centrale au réservoir de stockage,Efficacité du transfert thermique de la connexion au stockage thermique,Y,Y
Storage Tank Plant Connection Inlet Node,Nombre de Subsuperficie,Nodo de Entrada de Conexión de Tanque de Almacenamiento a Circuito Hidronico,Nœud d'entrée de connexion au réseau de la cuve de stockage,Nœud d'entrée de raccordement de réservoir de stockage à la boucle,Y,Y
Storage Tank Plant Connection Outlet Node,Tipo de Subsuperficie,Nodo de Salida de Conexión de Depósito de Almacenamiento en Planta,Nœud de sortie de la connexion à la centrale du réservoir de stockage,Nœud de Sortie de la Connexion de Boucle au Réservoir de Stockage,Y,Y
Storage Tank to Ambient U-value Times Area Heat Transfer Coefficient,Efectividad del Subenfriador,Coeficiente de Transferencia de Calor (U × Área) del Tanque de Almacenamiento al Ambiente,Coefficient de transfert thermique (U-value) du réservoir de stockage vers l'ambiance multiplié par la surface,Coefficient de transfert thermique (U*A) du réservoir de stockage vers l'ambiance,Y,Y
Storage Type,Diferencia de Temperatura Subcrítica,Tipo de Almacenamiento,Type de stockage,Type de Stockage,Y,Y
Strategy,Nombre de Zona de Tubería de Aspiración,Estrategia,Stratégie,Stratégie,Y,
Stream 2 Source Node,Tipo de Control de Temperatura de Succión,Nodo Fuente Corriente 2,Nœud source du flux 2,Nœud source du flux 2,Y,
Sub Surface Name,Suma UA Tuberías de Distribución,Nombre de la Subsuperficie,Nom de la sous-surface,Nom de la Sous-Surface,Y,Y
Sub Surface Type,Suma UA Receptor/Separador Carcasa,Tipo de Subsuperficie,Type de sous-surface,Type de sous-surface,Y,
Subcooler Effectiveness,Suma UA Tuberías de Succión,Efectividad del Subenfriador,Efficacité du refroidisseur intermédiaire,Efficacité du Sous-refroidisseur,Y,Y
Subcritical Temperature Difference,Suma UA Tuberías de Succión para Cargas de Baja Temperatura,Diferencia de Temperatura Subcrítica,Différence de Température Subcritique,Différence de température subcritique,Y,Y
Suction Piping Zone Name,Suma UA Tuberías de Succión para Cargas de Temperatura Media,Nombre de Zona de Tubería de Succión,Nom de la zone de tuyauterie d'aspiration,Nom de la zone de la tuyauterie d'aspiration,Y,Y
Suction Temperature Control Type,Nombre del Programa del Día de Diseño de Verano,Tipo de Control de Temperatura de Succión,Type de contrôle de température de refoulement,Type de Contrôle de Température de Refoulement,Y,Y
Sum UA Distribution Piping,Exposición Solar,Suma UA Tuberías de Distribución,Somme UA Tuyauterie Distribution,Somme UA Tuyauterie Distribution,Y,
Sum UA Receiver/Separator Shell,Nombre de Día del Horario del Domingo,Suma UA Carcasa Receptor/Separador,Somme UA Récepteur/Séparateur Enveloppe,Sum UA Enveloppe Récepteur/Séparateur,Y,Y
Sum UA Suction Piping,Serpentín de Calefacción Suplementaria,Suma UA Tuberías de Succión,Somme UA Tuyauterie d'Aspiration,Somme UA Tuyauterie d'Aspiration,Y,
Sum UA Suction Piping for Low Temperature Loads,Nombre de la Bobina de Calefacción Suplementaria,Sum UA Tuberías de Succión para Cargas de Baja Temperatura,Somme UA Tuyauterie d'Aspiration pour Charges Basse Température,Somme UA Tuyauterie Aspiration pour Charges Basse Température,Y,Y
Sum UA Suction Piping for Medium Temperature Loads,Ventilador de Aire de Suministro,Suma UA Tuberías de Succión para Cargas de Temperatura Media,Somme UA tuyauterie d'aspiration pour charges à température moyenne,Somme UA Conduites d'Aspiration pour Charges Température Moyenne,Y,Y
Summer Design Day Schedule Name,Nombre del Horario del Día de Diseño de Verano,Nombre del Programa del Día de Diseño de Verano,Nom de l'horaire de jour de conception estival,Nom de l'emploi du temps de jour de conception estival,Y,Y
SummerDesignDay Schedule:Day Name,Nombre del Ventilador de Aire de Suministro,Nombre de Horario:Día de Diseño de Verano,SummerDesignDay Schedule:Nom du jour,Nom du Jour d'Hiver de Conception / Jour Horaire,Y,Y
Sun Exposure,Programa de Modo de Operación del Ventilador de Aire de Suministro,Exposición Solar,Exposition solaire,Exposition solaire,Y,
Sunday Schedule:Day Name,Nombre de Cronograma del Modo Operativo del Ventilador de Aire de Suministro,Horario del Domingo: Nombre del Día,Horaire du dimanche : Nom du jour,Dimanche Calendrier : Nom du Jour,Y,Y
Supplemental Heating Coil,Caudal de Aire de Suministro,Bobina de Calentamiento Complementario,Serpentin de Chauffage d'Appoint,Serpentin de chauffage supplémentaire,Y,Y
Supplemental Heating Coil Name,Método de Caudal de Aire de Suministro Durante la Operación de Enfriamiento,Nombre de la Bobina de Calentamiento Suplementario,Nom de la Serpentin de Chauffage d'Appoint,Nom de la bobine de chauffage supplémentaire,Y,Y
Supply Air Fan,Método de Caudal de Aire de Suministro Durante la Operación de Calefacción,Ventilador de Aire de Suministro,Ventilateur d'air soufflé,Ventilateur d'air soufflé,Y,
Supply Air Fan Name,Método de Caudal de Aire de Suministro Cuando No se Requiere Enfriamiento ni Calentamiento,Nombre del Ventilador de Aire de Suministro,Nom du ventilateur d'air soufflé,Nom du ventilateur d'air soufflé,Y,
Supply Air Fan Operating Mode Schedule,Velocidad de Flujo de Aire de Suministro por Área de Piso Durante Operación de Enfriamiento,Calendario de Modo de Operación del Ventilador de Suministro,Calendrier du mode de fonctionnement du ventilateur d'air soufflé,Calendrier du mode de fonctionnement du ventilateur de soufflage,Y,Y
Supply Air Fan Operating Mode Schedule Name,Caudal de Aire de Suministro por Área de Piso durante Operación de Calefacción,Nombre de la Programación del Modo de Operación del Ventilador de Aire de Suministro,Nom de l'horaire du mode de fonctionnement du ventilateur d'air de soufflage,Nom du calendrier de mode de fonctionnement du ventilateur de soufflage,Y,Y
Supply Air Fan Placement,Posición del Ventilador de Suministro de Aire,Ubicación del Ventilador de Aire de Suministro,Emplacement du Ventilateur d'Air Neuf,Placement du ventilateur d'air de soufflage,Y,Y
Supply Air Flow Rate,Caudal de Aire de Suministro Por Área de Piso Cuando No Se Requiere Enfriamiento ni Calefacción,Caudal de Aire de Suministro,Débit d'air d'alimentation,Débit d'air de soufflage,Y,Y
Supply Air Flow Rate During Cooling Operation,Caudal de Suministro durante Operación de Enfriamiento,Caudal de Aire de Suministro Durante Operación de Enfriamiento,Débit d'air de soufflage pendant le fonctionnement en refroidissement,Débit d'air neuf en refroidissement,Y,Y
Supply Air Flow Rate During Heating Operation,Caudal de Suministro durante Operación de Calefacción,Caudal de Aire de Suministro Durante Operación de Calefacción,Débit d'air pulsé lors du fonctionnement en chauffage,Débit d'air soufflé pendant le fonctionnement en chauffage,Y,Y
Supply Air Flow Rate Method During Cooling Operation,Flujo de Aire de Suministro Cuando No se Requiere Enfriamiento ni Calefacción,Método de Caudal de Aire de Suministro Durante Operación de Enfriamiento,Méthode de débit d'air soufflé pendant le refroidissement,Méthode de débit d'air soufflé pendant le refroidissement,Y,
Supply Air Flow Rate Method During Heating Operation,Tasa de Flujo de Aire de Suministro Cuando No se Requiere Enfriamiento ni Calentamiento,Método de Caudal de Aire de Suministro Durante Operación de Calefacción,Méthode du débit d'air soufflé pendant le fonctionnement en chauffage,Méthode de débit d'air neuf pendant le chauffage,Y,Y
Supply Air Flow Rate Method When No Cooling or Heating is Required,Nodo de Entrada de Aire de Suministro,Método de Caudal de Aire de Suministro Cuando No se Requiere Enfriamiento ni Calefacción,Méthode de débit d'air soufflé lorsqu'aucun refroidissement ou chauffage n'est requis,Méthode de débit d'air neuf quand ni refroidissement ni chauffage n'est requis,Y,Y
Supply Air Flow Rate Per Floor Area During Cooling Operation,Nombre del Nodo de Entrada de Aire de Suministro,Caudal de Aire de Suministro por Área de Piso Durante Operación de Enfriamiento,Débit d'air soufflé par unité de surface pendant le fonctionnement en refroidissement,Débit d'air soufflé par unité de surface pendant le refroidissement,Y,Y
Supply Air Flow Rate Per Floor Area during Heating Operation,Nodo de Salida de Aire de Suministro,Caudal de Aire de Suministro por Área de Piso durante Operación de Calefacción,Débit d'air neuf par unité de surface pendant le chauffage,Débit d'air fourni par unité de surface de plancher en mode chauffage,Y,Y
Supply Air Flow Rate Per Floor Area When No Cooling or Heating is Required,Nombre del Nodo de Salida de Aire de Suministro,Caudal de Aire de Suministro por Área de Piso Cuando no se Requiere Enfriamiento ni Calentamiento,Débit d'air soufflé par unité de surface au sol lorsqu'aucun refroidissement ni chauffage n'est requis,Débit d'air soufflé par unité de surface au sol sans refroidissement ni chauffage requis,Y,Y
Supply Air Flow Rate When No Cooling is Needed,Caudal de Suministro cuando no se Necesita Enfriamiento,Caudal de Aire de Suministro Cuando No Se Requiere Enfriamiento,Débit d'air soufflé quand aucun refroidissement n'est nécessaire,Débit d'air fourni quand aucun refroidissement n'est nécessaire,Y,Y
Supply Air Flow Rate When No Cooling or Heating is Needed,Control de Temperatura de Salida de Aire de Suministro,Caudal de Aire de Suministro Cuando No se Requiere Enfriamiento ni Calentamiento,Débit d'air de soufflage lorsqu'aucun refroidissement ou chauffage n'est nécessaire,Débit d'air fourni quand aucun refroidissement ou chauffage n'est nécessaire,Y,Y
Supply Air Flow Rate When No Cooling or Heating is Required,Caudal Volumétrico del Aire de Suministro,Caudal de Aire de Suministro Cuando No se Requiere Enfriamiento ni Calefacción,Débit d'air soufflé lorsqu'aucun refroidissement ou chauffage n'est requis,Débit d'air neuf quand aucun refroidissement ou chauffage n'est requis,Y,Y
Supply Air Flow Rate When No Heating is Needed,Caudal de Suministro cuando no se Necesita Calefacción,Caudal de Aire de Suministro Cuando No se Requiere Calefacción,Débit d'air de soufflage quand aucun chauffage n'est nécessaire,Débit d'air soufflé quand aucun chauffage n'est nécessaire,Y,Y
Supply Air Inlet Node,Nombre del Ventilador de Suministro,Nodo de Entrada de Aire de Suministro,Nœud d'entrée d'air soufflé,Nœud d'Entrée d'Air Fourni,Y,Y
Supply Air Inlet Node Name,Nombre del Nodo del Sensor de Flujo de Agua Caliente de Suministro,Nombre del Nodo de Entrada de Aire de Suministro,Nom du nœud d'entrée de l'air fourni,Nom du nœud d'entrée d'air primaire,Y,Y
Supply Air Outlet Node,Nombre del Mezclador de Suministro,Nodo de Salida de Aire de Suministro,Nœud de sortie d'air soufflé,Nœud de Sortie d'Air de Soufflage,Y,Y
Supply Air Outlet Node Name,Nombre del Nodo de Entrada del Lado de Suministro,Nombre del Nodo de Salida de Aire de Suministro,Nom du nœud de sortie d'air soufflé,Nom du nœud de sortie d'air de distribution,Y,Y
Supply Air Outlet Temperature Control,Nodo de Salida del Lado de Suministro A,Control de Temperatura de Salida de Aire de Suministro,Contrôle de la température de sortie de l'air de soufflage,Contrôle de la température de sortie d'air soufflé,Y,Y
Supply Air Volumetric Flow Rate,Nodo de Salida del Lado de Suministro B,Caudal Volumétrico de Aire de Suministro,Débit volumique de l'air soufflé,Débit volumétrique d'air de soufflage,Y,Y
Supply Fan Name,Nombre del Distribuidor de Suministro,Nombre del Ventilador de Suministro,Nom du ventilateur d'alimentation,Nom du ventilateur de soufflage,Y,Y
Supply Hot Water Flow Sensor Node Name,Diferencia de Temperatura de Suministro,Nombre del Nodo del Sensor de Flujo de Agua Caliente de Suministro,Nom du nœud du capteur de débit d'eau chaude d'alimentation,Nom du Nœud du Capteur de Débit d'Eau Chaude d'Alimentation,Y,Y
Supply Mixer Name,Cronograma de Diferencia de Temperatura de Suministro,Nombre del Mezclador de Suministro,Nom du mélangeur d'alimentation,Nom du Mélangeur d'Alimentation,Y,Y
Supply Side Inlet Node Name,Tanque de Almacenamiento de Agua de Suministro,Nombre del Nodo de Entrada del Lado de Suministro,Nom du nœud d'entrée du côté d'alimentation,Nom du Nœud d'Entrée du Côté Soufflage,Y,Y
Supply Side Outlet Node A,Nombre del Tanque de Almacenamiento de Agua de Suministro,Nodo de Salida del Lado de Suministro A,Nœud de sortie côté alimentation A,Nœud de sortie côté alimentation A,Y,
Supply Side Outlet Node B,Área de Superficie,Nodo de Salida del Lado de Suministro B,Nœud de sortie côté alimentation B,Nœud de sortie côté source B,Y,Y
Supply Splitter Name,Área de Superficie por Persona,Nombre del Divisor de Suministro,Nom du diviseur d'alimentation,Nom du diviseur d'alimentation,Y,
Supply Temperature Difference,Área de Superficie por Área de Piso de Espacio,Diferencia de Temperatura de Suministro,Différence de température d'alimentation,Écart de température d'alimentation,Y,Y
Supply Temperature Difference Schedule,Profundidad de Penetración de la Capa Superficial,Cronograma de Diferencia de Temperatura de Suministro,Calendrier de différence de température d'alimentation,Calendrier d'écart de température d'alimentation,Y,Y
Supply Water Storage Tank,Nombre de la Superficie,Tanque de Almacenamiento de Agua de Suministro,Réservoir de Stockage d'Eau d'Alimentation,Réservoir de Stockage d'Eau Chaude,Y,Y
Supply Water Storage Tank Name,Nombre de Renderizado de Superficie,Nombre del Depósito de Almacenamiento de Agua de Suministro,Nom du réservoir de stockage d'eau de refoulement,Nom du réservoir de stockage d'eau d'alimentation,Y,Y
Surface Area,Rugosidad de la Superficie,Área de Superficie,Surface Area,Aire de surface,Y,Y
Surface Area per Person,Segmento de Superficie Expuesto,Área de Superficie por Persona,Surface par Personne,Surface par personne,Y,Y
Surface Area per Space Floor Area,Límite Superior de Temperatura de Superficie,Área de Superficie por Área de Piso del Espacio,Surface Area per Space Floor Area,Surface par Unité de Surface de Plancher,Y,Y
Surface Layer Penetration Depth,Tipo de Superficie,Profundidad de Penetración de la Capa Superficial,Profondeur de pénétration de la couche de surface,Profondeur de Pénétration de la Couche de Surface,Y,Y
Surface Name,Factor de Visión de Superficie,Nombre de la Superficie,Nom de la surface,Nom de la surface,Y,
Surface Name/Angle Factor List Name,Nombre de Superficie/Lista de Factores de Ángulo,Nombre de Superficie/Nombre de Lista de Factor de Ángulo,Nom de surface/Nom de la liste des facteurs d'angle,Nom de la surface / Nom de la liste de facteurs d'angle,Y,Y
Surface Rendering Name,Nombre de la Superficie Adyacente,Nombre de Renderizado de Superficie,Nom de rendu de surface,Nom de Rendu de Surface,Y,Y
Surface Roughness,Nombre de Cronograma de Temperatura de Superficie Circundante,Rugosidad de la Superficie,Rugosité de surface,Rugosité de surface,Y,
Surface Segment Exposed,Factor de Vista de Superficie Circundante,Segmento de Superficie Expuesto,Surface Segment Exposée,Segment de Surface Exposé,Y,Y
Surface Temperature Upper Limit,Nombre del Objeto de Superficies Circundantes,Límite Superior de Temperatura de Superficie,Limite Supérieure de Température de Surface,Limite Supérieure de Température de Surface,Y,
Surface Type,Coeficiente de Presión del Viento Simétrico - Curva,Tipo de Superficie,Type de surface,Type de surface,Y,
Surface View Factor,Velocidad de Flujo de Aire del Sistema Durante Operación de Enfriamiento,Factor de Vista de Superficie,Facteur de vue de surface,Facteur de vue de surface,Y,
Surrounding Surface Name,Velocidad de Flujo de Aire del Sistema Durante Operación de Calefacción,Nombre de Superficie Circundante,Nom de la surface environnante,Nom de la Surface Environnante,Y,Y
Surrounding Surface Temperature Schedule Name,Caudal de Aire del Sistema Cuando No se Requiere Enfriamiento ni Calefacción,Nombre de Horario de Temperatura de Superficie Circundante,Nom du calendrier de température de la surface environnante,Nom du Calendrier de Température de Surface Environnante,Y,Y
Surrounding Surface View Factor,Modo de Acoplamiento del Gestor de Disponibilidad del Sistema,Factor de Forma de Superficies Circundantes,Facteur de vue de surface environnante,Facteur de vue de la surface environnante,Y,Y
Surrounding Surfaces Object Name,Pérdidas del Sistema,Nombre del Objeto de Superficies Circundantes,Nom de l'objet Surfaces environnantes,Nom de l'objet surfaces environnantes,Y,Y
Symmetric Wind Pressure Coefficient Curve,Formato de Datos de Tabla,Curva de Coeficiente de Presión por Viento Simétrica,Courbe de coefficient de pression du vent symétrique,Courbe de coefficient de pression du vent symétrique,Y,
System Air Flow Rate During Cooling Operation,Tanque,Caudal de Aire del Sistema Durante Operación de Enfriamiento,Débit d'air du système pendant le fonctionnement en refroidissement,Débit d'air du système pendant le refroidissement,Y,Y
System Air Flow Rate During Heating Operation,Lógica de Control del Elemento del Tanque,Caudal de Aire del Sistema Durante Operación de Calefacción,Débit d'air du système pendant le fonctionnement de chauffage,Débit d'air du système en mode chauffage,Y,Y
System Air Flow Rate When No Cooling or Heating is Needed,Coeficiente de Pérdida del Tanque,Caudal de Aire del Sistema Cuando No Se Requiere Enfriamiento ni Calentamiento,Débit d'air du système lorsqu'aucun refroidissement ou chauffage n'est nécessaire,Débit d'air du système quand aucun refroidissement ou chauffage n'est nécessaire,Y,Y
System Availability Manager Coupling Mode,Nombre del Depósito,Modo de Acoplamiento del Administrador de Disponibilidad del Sistema,Mode de couplage du gestionnaire de disponibilité du système,Mode de couplage du gestionnaire de disponibilité du système,Y,
System Losses,Tiempo de Recuperación del Tanque,Pérdidas del Sistema,Pertes du système,Pertes du système,Y,
System Outdoor Air Method,Método de Aire Exterior del Sistema,Método de Aire Exterior del Sistema,Méthode d'air extérieur du système,Méthode d'air extérieur du système,,
Table Data Format,Objeto Objetivo,Formato de Datos de Tabla,Format de données tabulaire,Format de données du tableau,Y,Y
Tank,Nombre de Tarifa,Depósito,Réservoir,Réservoir,Y,
Tank Element Control Logic,Tasa Impositiva,Lógica de Control del Elemento de Calentamiento del Tanque,Logique de contrôle de l'élément du réservoir,Logique de Commande de l'Élément du Réservoir,Y,Y
Tank Height,Altura del Depósito,Altura del Tanque,Hauteur du réservoir,Hauteur du réservoir,Y,
Tank Loss Coefficient,Temperatura,Coeficiente de Pérdidas del Tanque,Coefficient de Perte du Réservoir,Coefficient de Perte du Réservoir,Y,
Tank Name,Cálculo de Temperatura Solicitado Después del Número de Capa,Nombre del Tanque,Nom du réservoir,Nom du réservoir,Y,
Tank Perimeter,Perímetro del Depósito,Perímetro del Depósito,Périmètre du réservoir,Périmètre du réservoir,,
Tank Recovery Time,Multiplicador de Capacidad de Temperatura,Tiempo de Recuperación del Tanque,Temps de récupération du réservoir,Temps de Récupération du Réservoir,Y,Y
Tank Shape,Forma del Depósito,Forma del Tanque,Forme du réservoir,Forme du réservoir,Y,
Tank Volume,Volumen del Depósito,Volumen del Depósito,Volume du réservoir,Volume du réservoir,,
Target Object,Coeficiente de Temperatura para Conductividad Térmica,Objeto Destino,Objet cible,Objet Cible,Y,Y
Target Temperature Schedule Name,Nombre del Horario de Temperatura Objetivo,Nombre del Calendario de Temperatura Objetivo,Nom du profil de température cible,Nom de l'objet horaire de température cible,Y,Y
Tariff Name,Coeficiente de Temperatura del Voltaje de Circuito Abierto,Nombre de Tarifa,Nom du tarif,Nom du tarif,Y,
Tax Rate,Coeficiente de Temperatura de Corriente de Cortocircuito,Tasa de Impuesto,Taux d'imposition,Taux de taxation,Y,Y
Temperature,Tipo de Control de Temperatura,Temperatura,Température,Température,Y,
Temperature Calculation Requested After Layer Number,Valor de Tolerancia de Convergencia de Temperatura,Número de Capa Después del cual se Solicita Cálculo de Temperatura,Calcul de température demandé après le numéro de couche,Calcul de température demandé après la couche numéro,Y,Y
Temperature Capacity Multiplier,Nombre de Programa de Diferencia de Temperatura en el Condensador,Multiplicador de Capacidad Térmica,Multiplicateur de Capacité en Température,Multiplicateur de Capacité Thermique,Y,Y
Temperature Coefficient for Thermal Conductivity,Diferencia de Temperatura Entre Corte y Punto de Consigna,Coeficiente de Temperatura para la Conductividad Térmica,Coefficient de température pour la conductivité thermique,Coefficient de température pour la conductivité thermique,Y,
Temperature Coefficient of Open Circuit Voltage,Diferencia de Temperatura Límite de Apagado,Coeficiente de Temperatura de Voltaje de Circuito Abierto,Coefficient de Température de la Tension de Circuit Ouvert,Coefficient de température de la tension en circuit ouvert,Y,Y
Temperature Coefficient of Short Circuit Current,Diferencia de Temperatura en Límite,Coeficiente de Temperatura de la Corriente de Cortocircuito,Coefficient de Température du Courant de Court-circuit,Coefficient de température du courant de court-circuit,Y,Y
Temperature Control Type,Coeficiente 1 de la Ecuación de Temperatura,Tipo de Control de Temperatura,Type de contrôle de température,Type de contrôle de température,Y,
Temperature Convergence Tolerance Value,Coeficiente de la Ecuación de Temperatura 2,Valor de Tolerancia de Convergencia de Temperatura,Valeur de tolérance de convergence de température,Valeur de tolérance de convergence de température,Y,
Temperature Difference Across Condenser Schedule Name,Coeficiente de Ecuación de Temperatura 3,Nombre de la Programación de Diferencia de Temperatura en el Condensador,Nom de l'horaire de différence de température à travers le condenseur,Nom de la planification de la différence de température du condenseur,Y,Y
Temperature Difference Between Cutout And Setpoint,Coeficiente 4 de la Ecuación de Temperatura,Diferencia de Temperatura Entre Corte y Punto de Consigna,Différence de température entre l'arrêt et le point de consigne,Différence de Température entre le Point de Coupure et le Point de Consigne,Y,Y
Temperature Difference Off Limit,Coeficiente de Ecuación de Temperatura 5,Límite de Diferencia de Temperatura para Apagado,Écart de Température pour Arrêt Limite,Écart de Température Limite Arrêt,Y,Y
Temperature Difference On Limit,Coeficiente de Ecuación de Temperatura 6,Límite de Diferencia de Temperatura para Activar,Différence de Température sur Limite,Différence de Température Limite de Démarrage,Y,Y
Temperature Equation Coefficient 1,Coeficiente de Ecuación de Temperatura 7,Coeficiente 1 de la Ecuación de Temperatura,Coefficient 1 de l'équation de température,Coefficient d'équation de température 1,Y,Y
Temperature Equation Coefficient 2,Coeficiente de Ecuación de Temperatura 8,Coeficiente 2 de la Ecuación de Temperatura,Coefficient d'équation de température 2,Coefficient 2 de l'équation de température,Y,Y
Temperature Equation Coefficient 3,Límite Superior de Temperatura,Coeficiente de Ecuación de Temperatura 3,Coefficient 3 de l'équation de température,Coefficient 3 de l'équation de température,Y,
Temperature Equation Coefficient 4,Límite de Temperatura Baja,Coeficiente 4 Ecuación de Temperatura,Coefficient d'équation de température 4,Coefficient 4 de l'équation de température,Y,Y
Temperature Equation Coefficient 5,Límite Inferior de Temperatura de Entrada del Generador,Coeficiente 5 de la Ecuación de Temperatura,Coefficient d'équation de température 5,Coefficient de l'équation de température 5,Y,Y
Temperature Equation Coefficient 6,Multiplicador de Temperatura,Coeficiente 6 de la Ecuación de Temperatura,Coefficient 6 de l'équation de température,Coefficient 6 de l'équation de température,Y,
Temperature Equation Coefficient 7,Desplazamiento de Temperatura,Coeficiente 7 de la Ecuación de Temperatura,Coefficient 7 de l'équation de température,Coefficient d'équation de température 7,Y,Y
Temperature Equation Coefficient 8,Nombre de Programa de Temperatura,Coeficiente 8 de la Ecuación de Temperatura,Coefficient 8 de l'équation de température,Coefficient d'équation de température 8,Y,Y
Temperature High Limit,Altura del Sensor de Temperatura,Límite Superior de Temperatura,Limite de Température Élevée,Limite Supérieure de Température,Y,Y
Temperature Low Limit,Nodo de Temperatura Establecida,Límite Inferior de Temperatura,Limite Basse de Température,Limite Inférieure de Température,Y,Y
Temperature Lower Limit Generator Inlet,Nombre del Nodo de Punto de Consigna de Temperatura,Límite Inferior de Temperatura de Entrada del Generador,Limite Inférieure de Température à l'Entrée du Générateur,Limite Inférieure de Température à l'Entrée du Générateur,Y,
Temperature Multiplier,Tipo de Especificación de Temperatura,Multiplicador de Temperatura,Multiplicateur de Température,Multiplicateur de Température,Y,
Temperature Offset,Fracción de Descongelación por Temperatura de Terminación al Hielo,Desviación de Temperatura,Décalage de température,Décalage de Température,Y,Y
Temperature Schedule Name,Nodo de Entrada de Aire de la Unidad Terminal,Nombre de Cronograma de Temperatura,Nom de l'horaire de température,Nom de l'agenda de température,Y,Y
Temperature Sensor Height,Nodo de Salida de Aire de la Unidad Terminal,Altura del Sensor de Temperatura,Hauteur du capteur de température,Hauteur du capteur de température,Y,
Temperature Setpoint Node,Disponibilidad de Horario de Unidad Terminal,Nodo de Punto de Consigna de Temperatura,Nœud de Consigne de Température,Nœud de Consigne de Température,Y,
Temperature Setpoint Node Name,Salida de la Unidad Terminal,Nombre del Nodo de Consigna de Temperatura,Nom du nœud de consigne de température,Nom du nœud de consigne de température,Y,
Temperature Specification Type,Entrada de Aire Primario de la Unidad Terminal,Tipo de Especificación de Temperatura,Type de spécification de température,Type de Spécification de Température,Y,Y
Temperature Term Coefficient,Coeficiente del Término de Temperatura,Coeficiente del Término de Temperatura,Coefficient du terme de température,Coefficient du Terme de Température,,Y
Temperature Termination Defrost Fraction to Ice,Entrada de Aire Secundario de la Unidad Terminal,Fracción de Defrost por Terminación de Temperatura al Hielo,Fraction de dégivrage de terminaison de température vers la glace,Fraction de Dégivrage par Terminaison de Température pour la Glace,Y,Y
Terminal Unit Air Inlet Node,Terreno,Nodo de Entrada de Aire de la Unidad Terminal,Nœud d'entrée d'air de l'unité terminale,Nœud d'entrée d'air de l'unité terminale,Y,
Terminal Unit Air Outlet Node,Tipo de Correlación de Prueba,Nodo de Salida de Aire de la Unidad Terminal,Nœud de sortie d'air de l'unité terminale,Nœud de sortie d'air de l'unité terminale,Y,
Terminal Unit Availability schedule,Flujo de Prueba,Programa de Disponibilidad de la Unidad Terminal,Calendrier de disponibilité de l'unité terminale,Calendrier de disponibilité de l'unité terminale,Y,
Terminal Unit Outlet,Fluido de Prueba,Salida de Unidad Terminal,Sortie de l'unité terminale,Sortie de l'Unité Terminale,Y,Y
Terminal Unit Primary Air Inlet,Indicador de Proceso de Descongelación,Entrada de Aire Primario de la Unidad Terminal,Entrée d'air primaire de l'unité terminale,Entrée d'air primaire de l'unité terminale,Y,
Terminal Unit Secondary Air Inlet,Eficiencia Teórica,Entrada de Aire Secundario de la Unidad Terminal,Entrée d'air secondaire de l'unité terminale,Entrée d'air secondaire du terminal,Y,Y
Terrain,Absortancia Térmica,Terreno,Terrain,Terrain,Y,
Test Correlation Type,Nombre de Curva de Temperatura Alta de Confort Térmico,Tipo de Correlación de Prueba,Type de corrélation de test,Type de Corrélation d'Essai,Y,Y
Test Flow Rate,Nombre de la Curva de Temperatura Baja para Confort Térmico,Caudal de Prueba,Débit de test,Débit Volumique d'Essai,Y,Y
Test Fluid,Punto de Límite de Temperatura de Confort Térmico,Fluido de Prueba,Fluide d'essai,Fluide de test,Y,Y
Thaw Process Indicator,Tipo de Modo de Entrada de Eficiencia de Conversión Térmica,Indicador de Proceso de Descongelamiento,Indicateur de processus de décongélation,Indicateur du processus de décongélation,Y,Y
Theoretical Efficiency,Nombre del Cronograma de Eficiencia de Conversión Térmica,Eficiencia Teórica,Rendement théorique,Efficacité théorique,Y,Y
Thermal Absorptance,Eficiencia Térmica,Absortancia Térmica,Absorptance thermique,Absorptance thermique,Y,
Thermal Comfort High Temperature Curve Name,Nombre de Curva de Función de Eficiencia Térmica en Función de Temperatura y Elevación,Nombre de la Curva de Temperatura Alta de Confort Térmico,Nom de la courbe de température élevée du confort thermique,Nom de la courbe de température élevée du confort thermique,Y,
Thermal Comfort Low Temperature Curve Name,Nombre de Curva Modificadora de Eficiencia Térmica,Nombre de Curva de Temperatura Baja de Confort Térmico,Nom de la courbe de température basse du confort thermique,Nom de la courbe de température basse pour le confort thermique,Y,Y
Thermal Comfort Model Type,Tipo de Modelo de Confort Térmico,Tipo de Modelo de Confort Térmico,Type de modèle de confort thermique,Type de modèle de confort thermique,,
Thermal Comfort Temperature Boundary Point,Emitancia Hemisférica Térmica,Punto Límite de Temperatura de Confort Térmico,Point limite de température de confort thermique,Point limite de température de confort thermique,Y,
Thermal Conversion Efficiency Input Mode Type,Masa Térmica de la Placa Absorbente,Tipo de Modo de Entrada de Eficiencia de Conversión Térmica,Mode de saisie du type d'efficacité de conversion thermique,Mode d'entrée du rendement de conversion thermique,Y,Y
Thermal Conversion Efficiency Schedule Name,Resistencia Térmica,Nombre de Programación de Eficiencia de Conversión Térmica,Nom du planning d'efficacité de conversion thermique,Nom de la planification de l'efficacité de conversion thermique,Y,Y
Thermal Efficiency,Transmitancia Térmica,Eficiencia Térmica,Rendement thermique,Rendement Thermique,Y,Y
Thermal Efficiency Function of Temperature and Elevation Curve Name,Zona Térmica,Nombre de Curva de Eficiencia Térmica en Función de Temperatura y Elevación,Nom de la courbe de fonction de l'efficacité thermique en fonction de la température et de l'altitude,Nom de la courbe d'efficacité thermique en fonction de la température et de l'altitude,Y,Y
Thermal Efficiency Modifier Curve Name,Nombre de Zona Térmica,Nombre de Curva Modificadora de Eficiencia Térmica,Nom de la courbe de modificateur de rendement thermique,Nom de la courbe de modification du rendement thermique,Y,Y
Thermal Hemispherical Emissivity,Zona Térmica,Emisividad Térmica Hemisférica,Émissivité Hémisphérique Thermique,Émissivité Hémisphérique Thermique,Y,
Thermal Mass of Absorber Plate,Nombre de la Curva de Fracción de Capacidad del Termosifón,Masa Térmica de la Placa Absorbedora,Capacité Thermique de la Plaque Absorbante,Masse thermique de la plaque absorbante,Y,Y
Thermal Resistance,Diferencia de Temperatura Mínima del Termosifón,Resistencia Térmica,Résistance Thermique,Résistance Thermique,Y,
Thermal Transmittance,Nombre del Termostato,Transmitancia Térmica,Transmission thermique,Transmittance thermique,Y,Y
Thermal Zone,Cronograma de Prioridad del Termostato,Zona Térmica,Zone Thermique,Zone thermique,Y,Y
Thermal Zone Name,Tolerancia del Termostato,Nombre de Zona Térmica,Nom de la Zone Thermique,Nom de la Zone Thermique,Y,
ThermalZone,Rotación Theta Alrededor del Eje Y,Zona Térmica,Zone thermique,Zone thermique,Y,
Thermosiphon Capacity Fraction Curve Name,Rotación Theta Alrededor del Eje Y,Nombre de Curva de Fracción de Capacidad de Termosifón,Nom de la courbe de fraction de capacité du thermosiphon,Nom de la courbe de fraction de capacité du thermosiphon,Y,
Thermosiphon Minimum Temperature Difference,Espesor,Diferencia Mínima de Temperatura del Termosifón,Différence de Température Minimale Thermosiphon,Différence de température minimale du thermosiphon,Y,Y
Thermostat Name,Temperatura de Umbral,Nombre del Termostato,Nom du thermostat,Nom du thermostat,Y,
Thermostat Priority Schedule,Prueba de Umbral,Cronograma de Prioridad del Termostato,Calendrier de Priorité du Thermostat,Calendrier de Priorité du Thermostat,Y,
Thermostat Tolerance,Valor Umbral o Nombre de Variable,Tolerancia del Termostato,Tolérance du thermostat,Tolérance du Thermostat,Y,Y
Theta Rotation Around Y-Axis,Diferencia de Temperatura del Rango de Estrangulamiento,Rotación Theta Alrededor del Eje Y,Rotation Theta autour de l'axe Y,Rotation Theta autour de l'axe Y,Y,
Theta Rotation Around Y-axis,Nombre del Día de Horario del Jueves,Rotación Theta Alrededor del Eje Y,Rotation Thêta autour de l'axe Y,Rotation Thêta autour de l'axe Y,Y,
Thickness,Ángulo de Inclinación,Espesor,Épaisseur,Épaisseur,Y,
Threshold Temperature,Tiempo para Recuperación del Tanque,Temperatura Umbral,Température de seuil,Température de Seuil,Y,Y
Threshold Test,Nombre del Programa de Control de Flujo del Economizador por Hora del Día,Prueba de Umbral,Test de seuil,Seuil de Test,Y,Y
Threshold Value or Variable Name,Nombre del Programa de Período de Uso Horario,Valor de Umbral o Nombre de Variable,Valeur Seuil ou Nom de Variable,Valeur Seuil ou Nom de Variable,Y,
Throttling Range Temperature Difference,Tiempo de Almacenamiento Puede Satisfacer Demanda Pico,Diferencia de Temperatura del Rango de Estrangulación,Plage de régulation de différence de température,Plage de régulation par différence de température,Y,Y
Thursday Schedule:Day Name,Zona Horaria,Jueves Horario:Nombre del Día,Horaire Jeudi:Nom du jour,Emploi du temps jeudi : Nom de la journée,Y,Y
Tilt Angle,Nombre de Curva de Frecuencia de Descongelamiento Empírica Programada,Ángulo de Inclinación,Angle d'inclinaison,Angle d'inclinaison,Y,
Time for Tank Recovery,Nombre de la Curva de Fracción de Energía de Entrada de Calor de Descongelación Empírica Temporal,Tiempo de Recuperación del Depósito,Temps de récupération du réservoir,Temps de récupération du réservoir,Y,
Time of Day Economizer Control Schedule Name,Nombre del Horario de Control del Economizador por Hora,Nombre de la Programación de Control del Economizador por Hora del Día,Nom du programme de contrôle de l'économiseur en fonction de l'heure du jour,Nom de la plage horaire de contrôle de l'économiseur à variation horaire,Y,Y
Time of Day Economizer Flow Control Schedule Name,Nombre de Curva de Penalización de Carga de Calor de Descongelación Empírica Temporizador,Nombre del Cronograma de Control de Flujo del Economizador por Hora del Día,Nom de l'Horaire de Contrôle du Débit de l'Économiseur selon l'Heure du Jour,Nom de la Programmation de Contrôle du Débit du Récupérateur Économiseur en Fonction de l'Heure,Y,Y
Time of Use Period Schedule Name,Marca de tiempo al inicio del intervalo,Nombre de Horario de Período de Uso Horario,Nom de l'horaire de la période d'utilisation,Nom de la Plage Horaire d'Utilisation,Y,Y
Time Storage Can Meet Peak Draw,Intervalo de tiempo de los datos de la curva,Tiempo para Satisfacer Demanda Pico de Extracción,Stockage Temporel Peut Répondre aux Appels de Pointe,Durée de couverture du prélèvement de pointe,Y,Y
Time Zone,Pasos de tiempo en ventana de promedio,Zona Horaria,Fuseau horaire,Fuseau Horaire,Y,Y
Timed Empirical Defrost Frequency Curve Name,Intervalos de Tiempo en Ventana de Demanda Pico,Nombre de la Curva de Frecuencia de Deshielo Empírica Temporizada,Nom de la courbe de fréquence de dégivrage empirique programmée,Nom de la courbe de fréquence de dégivrage empirique temporisée,Y,Y
Timed Empirical Defrost Heat Input Energy Fraction Curve Name,Hacia el nombre de superficie,Nombre de la Curva de Fracción de Energía de Entrada de Calor de Descongelamiento Empírico Cronometrado,Nom de la courbe de fraction d'énergie d'entrée de chaleur de dégivrage empirique chronométré,Nom de la courbe de fraction d'énergie d'apport calorifique pour dégivrage empirique temporisé,Y,Y
Timed Empirical Defrost Heat Load Penalty Curve Name,Tolerancia para No Cumplir el Punto de Ajuste de Enfriamiento en el Tiempo,Nombre de Curva de Penalización de Carga de Calor por Desescarchado Empírico Temporizado,Nom de la courbe de pénalité de charge de dégivrage empirique temporisée,Nom de la courbe de pénalité de charge de dégivrage empirique programmée,Y,Y
Timestamp at Beginning of Interval,Tolerancia para Punto de Consigna de Calefacción No Alcanzado,Marca de Tiempo al Principio del Intervalo,Horodatage au début de l'intervalle,Horodatage au début de l'intervalle,Y,
Timestep of the Curve Data,Multiplicador de Abertura Superior,Intervalo de Tiempo de los Datos de la Curva,Pas de temps des données de courbe,Pas de temps des données de courbe,Y,
Timesteps in Averaging Window,Nombre de Curva de Función de Capacidad Total de Calefacción respecto a Fracción de Flujo de Aire,Pasos de Tiempo en la Ventana de Promediación,Pas de temps dans la fenêtre de moyennes,Pas de temps dans la fenêtre de moyenne,Y,Y
Timesteps in Peak Demand Window,Factor de Emisión de Carbono Equivalente Total Desde CH4,Intervalos de Tiempo en Ventana de Demanda Máxima,Pas de temps dans la fenêtre de demande de pointe,Pas de temps dans la fenêtre de pointe de demande,Y,Y
To Surface Name,Factor de Emisión de Equivalente de Carbono Total de CO2,Nombre de Superficie Destino,Vers le nom de surface,Vers le nom de la surface,Y,Y
Tolerance for Time Cooling Setpoint Not Met,Factor de Emisión de Equivalente de Carbono Total de N2O,Tolerancia para Tiempo de Consigna de Enfriamiento No Cumplida,Tolérance pour l'heure où la consigne de refroidissement n'est pas respectée,Tolérance pour Temps du Consigne de Refroidissement Non Atteinte,Y,Y
Tolerance for Time Heating Setpoint Not Met,Nombre de Curva de Capacidad de Enfriamiento Total,Tolerancia para Tiempo de Consigna de Calefacción No Alcanzada,Tolérance pour Point de Consigne de Chauffage Non Atteint dans le Temps,Tolérance pour Temps Consigne Chauffage Non Atteinte,Y,Y
Top Opening Multiplier,Nombre de la Curva de Función de Capacidad de Enfriamiento Total en Función de la Fracción de Flujo de Aire,Multiplicador de Apertura Superior,Multiplicateur d'Ouverture Supérieure,Multiplicateur d'ouverture supérieure,Y,Y
Total  Heating Capacity Function of Air Flow Fraction Curve Name,Curva de Función de Capacidad de Enfriamiento Total en Función de la Fracción de Flujo,Nombre de Curva de Función de Capacidad Calefactora Total según Fracción de Flujo de Aire,Nom de la courbe de fonction de capacité de chauffage totale en fonction de la fraction de débit d'air,Nom de la Courbe de Fonction de Capacité de Chauffage Total en Fonction de la Fraction de Débit d'Air,Y,Y
Total Carbon Equivalent Emission Factor From CH4,Función de Capacidad de Enfriamiento Total en Función de la Temperatura,Factor de Emisión Equivalente de Carbono Total de CH4,Facteur d'Émission Équivalent Total en Carbone à partir de CH4,Facteur d'Émission Équivalent Carbone Total du CH4,Y,Y
Total Carbon Equivalent Emission Factor From CO2,Nombre de Curva de Función de Capacidad Total de Enfriamiento en Función de la Fracción de Flujo de Agua,Factor de Emisión de Equivalente de Carbono Total del CO2,Facteur d'Émission Équivalent en Carbone Total de CO2,Facteur d'émission équivalent carbone total du CO2,Y,Y
Total Carbon Equivalent Emission Factor From N2O,Función Modificadora de la Capacidad Total de Enfriamiento en Función de la Fracción del Flujo de Aire,Factor de Emisión de Equivalente de Carbono Total del N2O,Facteur d'émission équivalent carbone total de N2O,Facteur d'émission équivalent carbone total du N2O,Y,Y
Total Cooling Capacity Curve Name,Función Modificadora de la Capacidad Total de Enfriamiento en Función de la Temperatura,Nombre de Curva de Capacidad Total de Enfriamiento,Nom de la courbe de capacité de refroidissement totale,Nom de la courbe de capacité frigorifique totale,Y,Y
Total Cooling Capacity Function of Air Flow Fraction Curve Name,Perímetro Total Expuesto,Nombre de la Curva de Capacidad Total de Enfriamiento en Función de la Fracción de Flujo de Aire,Nom de la courbe de la fonction de la capacité de refroidissement totale en fonction de la fraction de débit d'air,Nom de la courbe de capacité frigorifique totale en fonction de la fraction de débit d'air,Y,Y
Total Cooling Capacity Function of Flow Fraction Curve,Capacidad Térmica Total,Curva de Capacidad Total de Enfriamiento en Función de la Fracción de Flujo,Courbe de la capacité frigorifique totale en fonction de la fraction de débit,Courbe de la Capacité de Refroidissement Totale en Fonction de la Fraction de Débit,Y,Y
Total Cooling Capacity Function of Flow Fraction Curve Name,Curva de Cap. Total de Enfriamiento en Función de Fracción de Flujo,Nombre de Curva de Capacidad Total de Enfriamiento en Función de la Fracción de Flujo,Nom de la courbe de fonction de capacité de refroidissement totale en fonction de la fraction de débit,Nom de la courbe Capacité frigorifique totale en fonction de la fraction de débit,Y,Y
Total Cooling Capacity Function of Temperature Curve,Nombre de Curva de Función de Capacidad de Calefacción Total en Función de la Fracción de Flujo de Aire,Curva de Capacidad Total de Enfriamiento en Función de la Temperatura,Courbe de Fonction de Capacité de Refroidissement Totale en Fonction de la Température,Courbe de Capacité de Refroidissement Totale en Fonction de la Température,Y,Y
Total Cooling Capacity Function of Temperature Curve Name,Curva de Cap. Total de Enfriamiento en Función de Temperatura,Nombre de la Curva de Capacidad Total de Enfriamiento en Función de la Temperatura,Nom de la courbe de fonction de capacité de refroidissement total en fonction de la température,Nom de la courbe de capacité frigorifique totale en fonction de la température,Y,Y
Total Cooling Capacity Function of Water Flow Fraction Curve Name,Nombre de Curva de Capacidad Total de Calentamiento en Función de la Fracción de Flujo,Nombre de Curva de Capacidad Total de Enfriamiento en Función de la Fracción de Flujo de Agua,Nom de la courbe de la capacité totale de refroidissement en fonction de la fraction du débit d'eau,Nom de la Courbe de Fonction de la Capacité de Refroidissement Totale en Fonction de la Fraction de Débit d'Eau,Y,Y
Total Cooling Capacity Modifier Function of Air Flow Fraction Curve,Nombre de Curva de Función de Capacidad Total de Calefacción en Función de Temperatura,Curva Modificadora de la Capacidad de Enfriamiento Total en Función de la Fracción de Flujo de Aire,Courbe de modificateur de capacité de refroidissement totale en fonction de la fraction de débit d'air,Courbe de Correction de la Capacité de Refroidissement Totale en Fonction de la Fraction de Débit d'Air,Y,Y
Total Cooling Capacity Modifier Function of Temperature Curve,Área Total de Superficie Aislada Frente a la Zona,Función Modificadora de la Capacidad Total de Enfriamiento en función de la Temperatura,Fonction modificatrice de la capacité de refroidissement totale en fonction de la température,Fonction de Modification de la Capacité Frigorifique Totale en Fonction de la Température,Y,Y
Total Exposed Perimeter,Longitud Total,Perímetro Expuesto Total,Périmètre total exposé,Périmètre exposé total,Y,Y
Total Heat Capacity,Caudal Total de la Bomba,Capacidad Calorífica Total,Capacité Thermique Totale,Capacité thermique totale,Y,Y
Total Heating Capacity Function of Air Flow Fraction Curve Name,Cabeza Total de Bomba,Nombre de Curva de Capacidad de Calefacción Total en Función de la Fracción de Flujo de Aire,Nom de la Courbe de Fonction de Capacité de Chauffage Total en Fonction de la Fraction de Débit d'Air,Nom de la courbe de fonction de la capacité de chauffage en fonction de la fraction de débit d'air,Y,Y
Total Heating Capacity Function of Flow Fraction Curve Name,Potencia Total de Bombas,Nombre de Curva de Función de Capacidad Calorífica Total según Fracción de Flujo,Nom de la courbe de fonction de capacité de chauffage totale en fonction de la fraction de débit,Nom de la courbe de capacité de chauffage totale en fonction de la fraction de débit,Y,Y
Total Heating Capacity Function of Temperature Curve Name,Caudal Nominal Total,Nombre de la Curva de Capacidad Total de Calefacción en Función de la Temperatura,Nom de la Courbe de Fonction de la Capacité Totale de Chauffage en Fonction de la Température,Nom de la courbe de capacité totale de chauffage en fonction de la température,Y,Y
Total Insulated Surface Area Facing Zone,Nombre de Curva de Función de Capacidad Total de Calentamiento de Agua respecto a Fracción de Flujo de Aire,Área Total de Superficie Aislada Frente a la Zona,Superficie totale isolée donnant sur la zone,Surface Totale Isolée Orientée vers la Zone,Y,Y
Total Length,Nombre de Curva de Función de Capacidad Total de Calentamiento de Agua en Función de la Temperatura,Longitud Total,Longueur totale,Longueur totale,Y,
Total Pump Flow Rate,Nombre de Curva de Función de Capacidad Total de Calentamiento de Agua en Función de la Fracción de Flujo de Agua,Caudal Total de Bomba,Débit total de la pompe,Débit total de la pompe,Y,
Total Pump Head,Nombre del Medidor del Esquema de Seguimiento,Altura Total de la Bomba,Hauteur Manométrique Totale,Hauteur manométrique totale de la pompe,Y,Y
Total Pump Power,Esquema de Nombre de Horario para Rastrear Nombre de Horario,Potencia Total de la Bomba,Puissance Totale de la Pompe,Puissance totale de la pompe,Y,Y
Total Rated Flow Rate,Temperatura de Aproximación Transcrítica,Caudal Total Nominal,Débit nominal total,Débit nominal total,Y,
Total Water Heating Capacity Function of Air Flow Fraction Curve Name,Nombre de Curva de Capacidad del Compresor Transcrítico,Nombre de la Curva de Función de Capacidad Total de Calentamiento de Agua en Función de la Fracción de Flujo de Aire,Nom de la courbe de fonction de la capacité totale de chauffage de l'eau en fonction de la fraction du débit d'air,Nom de la courbe de capacité totale de chauffage de l'eau en fonction de la fraction de débit d'air,Y,Y
Total Water Heating Capacity Function of Temperature Curve Name,Nombre de Curva de Potencia del Compresor Transcrítico,Nombre de Curva de Capacidad Total de Calentamiento de Agua en Función de la Temperatura,Nom de la courbe de fonction de capacité de chauffage d'eau totale en fonction de la température,Nom de la courbe de fonction de capacité totale de chauffage de l'eau en fonction de la température,Y,Y
Total Water Heating Capacity Function of Water Flow Fraction Curve Name,Nombre de Objeto Transformador,Nombre de Curva de Función de Capacidad Total de Calentamiento de Agua en Relación con la Fracción de Flujo de Agua,Nom de la courbe de fonction de capacité totale de chauffage de l'eau en fonction de la fraction de débit d'eau,Nom de la courbe de la capacité totale de chauffage de l'eau en fonction de la fraction du débit d'eau,Y,Y
Track Meter Scheme Meter Name,Uso del Transformador,Nombre del Medidor del Esquema de Medidor de Seguimiento,Nom du compteur du schéma de suivi des compteurs,Nom du compteur du schéma de suivi,Y,Y
Track Schedule Name Scheme Schedule Name,Temperatura de Transición,Nombre de Horario de Esquema de Nombre de Horario de Seguimiento,Schéma de noms de calendrier du schéma de suivi,Nom du Calendrier du Schéma de Suivi Nom du Calendrier,Y,Y
Transcritical Approach Temperature,Longitud de la Zona de Transición,Temperatura de Aproximación Transcrítica,Température d'approche transcritique,Écart de Température Transcritique,Y,Y
Transcritical Compressor Capacity Curve Name,Nombre de Zona de Transición,Nombre de la Curva de Capacidad del Compresor Transcrítico,Nom de la courbe de capacité du compresseur transcritique,Nom de la courbe de capacité du compresseur transcritique,Y,
Transcritical Compressor Power Curve Name,Archivo Con Ruta Relativa,Nombre de Curva de Potencia del Compresor Transcrítico,Nom de la courbe de puissance du compresseur transcritique,Nom de la Courbe de Puissance du Compresseur Transcritique,Y,Y
Transformer Object Name,Archivo de Horario,Nombre del Objeto Transformador,Nom de l'objet Transformateur,Nom de l'objet Transformateur,Y,
Transformer Usage,Transmitancia,Uso del Transformador,Utilisation du transformateur,Consommation du Transformateur,Y,Y
Transition Temperature,Producto de Transmitancia y Absortancia,Temperatura de Transición,Température de transition,Température de Transition,Y,Y
Transition Zone Length,Nombre del Programa de Transmitancia,Longitud de Zona de Transición,Longueur de la zone de transition,Longueur de la Zone de Transition,Y,Y
Transition Zone Name,Longitud de la Zanja en Dirección Axial de la Tubería,Nombre de la Zona de Transición,Nom de la Zone de Transition,Nom de la Zone de Transition,Y,
Translate File With Relative Path,Espaciamiento de Tubos,Traducir Archivo Con Ruta Relativa,Traduire le fichier avec chemin relatif,Traduire Fichier Avec Chemin Relatif,Y,Y
Translate to Schedule File,Nombre de la Construcción del Difusor de Luz Natural Tubular,Traducir a Archivo de Calendario,Traduire vers fichier de planification,Traduire en Fichier de Calendrier,Y,Y
Transmittance,Nombre de Construcción de Domo de Luz Diurna Tubular,Transmitancia,Transmittance,Transmittance,Y,
Transmittance Absorptance Product,Horario del Martes:Nombre del Día,Producto de Transmitancia por Absortancia,Produit Transmittance-Absorptance,Produit Transmittance-Absorptance,Y,
Transmittance Schedule Name,Posición de Cálculo de Temperatura Bidimensional,Nombre de Horario de Transmitancia,Nom de l'horaire de transmittance,Nom de l'horaire de transmittance,Y,
Trench Length in Pipe Axial Direction,Tipo de Datos en Variable,Longitud de la Zanja en Dirección Axial de la Tubería,Longueur de tranchée dans la direction axiale du tuyau,Longueur de la tranchée dans la direction axiale du tuyau,Y,Y
Tube Spacing,Tipo de Modelado,Espaciado de Tubos,Espacement des tubes,Espacement des tubes,Y,
Tubular Daylight Diffuser Construction Name,Tipo de Abertura Vertical Grande Rectangular,Nombre de la Construcción del Difusor de Luz Natural Tubular,Nom de la construction du diffuseur de lumière du jour tubulaire,Nom de Construction du Diffuseur de Lumière Naturelle Tubulaire,Y,Y
Tubular Daylight Dome Construction Name,Tipo de Control de Ángulo de Lamas para Persianas,Nombre de Construcción de Domo de Luz Natural Tubular,Nom de la construction du dôme de lumière du jour tubulaire,Nom de la construction du dôme de lumière naturelle tubulaire,Y,Y
Tuesday Schedule:Day Name,Factor U,Cronograma de Martes:Nombre del Día,Emploi du temps mardi : Nom du jour,Emploi du temps mardi : Nom du jour,Y,
Two-Dimensional Temperature Calculation Position,Factor U multiplicado por el Área en la Velocidad de Flujo de Aire de Diseño,Posición de Cálculo de Temperatura Bidimensional,Position de calcul de température bidimensionnelle,Position de calcul de température bidimensionnelle,Y,
Type of Analysis,Tipo de Análisis,Tipo de Análisis,Type d'analyse,Type d'analyse,,
Type of Data in Variable,Distancia del Tubo en U,Tipo de Datos en Variable,Type de données dans la variable,Type de données de la variable,Y,Y
Type of Load to Size On,Tipo de Carga para Dimensionar,Tipo de Carga para Dimensionar,Type de charge à dimensionner,Type de charge pour dimensionnement,,Y
Type of Modeling,Fracción de Aire de Retorno HVAC bajo Caso,Tipo de Modelado,Type de modélisation,Type de modélisation,Y,
Type of Rectangular Large Vertical Opening,Modelo de Temperatura del Terreno sin Perturbar,Tipo de Abertura Vertical Grande Rectangular,Type d'Ouverture Verticale Grande Rectangulaire,Type d'Ouverture Verticale Grande Rectangulaire,Y,
Type of Slat Angle Control for Blinds,Conversión de Unidades,Tipo de Control del Ángulo de Lamas para Persianas,Type de Contrôle de l'Angle des Lames pour Stores,Type de contrôle de l'angle des lames pour stores,Y,Y
U-Factor,Conversión de Unidades para Datos Tabulares,Factor U,Coefficient U,Facteur U,Y,Y
U-Factor Times Area Value,Valor U por Área,Valor de Factor U por Área,Valeur de Facteur U fois Surface,Valeur UA,Y,Y
U-Factor Times Area Value at Design Air Flow Rate,Valor U×A al Caudal de Aire de Diseño,Valor de Factor U por Área a Flujo de Aire de Diseño,Valeur du facteur U multiplié par la surface au débit d'air de conception,Valeur de Coefficient de Transmission Thermique × Aire au Débit d'Air de Conception,Y,Y
U-factor Times Area Value at Design Air Flow Rate,Presión Estática Interna del Aire de la Unidad,Valor de Factor U por Área a Caudal de Aire de Diseño,Valeur du coefficient de transmission thermique fois l'aire au débit d'air de conception,Valeur UA en débit d'air nominal,Y,Y
U-Factor Times Area Value at Free Convection Air Flow Rate,Valor U×A al Caudal de Aire de Convección Libre,Factor-U Multiplicado por el Área a Velocidad de Flujo de Aire en Convección Libre,Valeur du facteur U multiplié par la surface pour le débit d'air libre en convection naturelle,Valeur de Coefficient de Transmission Thermique × Aire à Débit d'Air en Convection Libre,Y,Y
U-Tube Distance,Tipo de Unidad,Distancia entre tubos en U,Distance en U,Distance entre les jambes de la U-tube,Y,Y
Under Case HVAC Return Air Fraction,Unidades,Fracción de Aire de Retorno HVAC Bajo el Caso,Fraction d'air de retour HVAC en cas de sous-dimensionnement,Fraction d'air de retour HVAC sous l'armoire,Y,Y
Undisturbed Ground Temperature Model,Frecuencia de Actualización,Modelo de Temperatura del Terreno sin Perturbaciones,Modèle de température du sol non perturbé,Modèle de température du sol non perturbé,Y,
Uniform Skin Loss Coefficient per Unit Area to Ambient Temperature,Coeficiente Uniforme de Pérdida por Superficie por Unidad de Área,Coeficiente de Pérdida de Piel Uniforme por Unidad de Área hacia la Temperatura Ambiente,Coefficient de Perte de Chaleur Uniforme par Unité de Surface par rapport à la Température Ambiante,Coefficient de perte thermique uniforme par unité de surface vers la température ambiante,Y,Y
Unit Conversion,Valor Límite Superior,Conversión de Unidades,Conversion d'unités,Conversion d'unités,Y,
Unit Conversion for Tabular Data,URL,Conversión de Unidades para Datos Tabulares,Conversion d'unités pour les données tabulaires,Conversion d'unités pour données tabulaires,Y,Y
Unit Internal Static Air Pressure,Usar Soluciones Directas de Bobinas,Presión Estática Interna del Aire de la Unidad,Pression statique interne unitaire de l'air,Pression Statique Interne de l'Air de l'Unité,Y,Y
Unit Type,Usar Serpentín de Enfriamiento DX DOAS,Tipo de Unidad,Type d'unité,Type d'unité,Y,
Units,Nombre del Cronograma de Fracción de Caudal,Unidades,Unités,Unités,Y,
Update Frequency,Usar Recalentamiento con Gas Caliente,Frecuencia de Actualización,Fréquence de mise à jour,Fréquence de mise à jour,Y,
Upper Limit Value,Usar Cargas de Aire Ideal,Valor Límite Superior,Valeur de la Limite Supérieure,Valeur Limite Supérieure,Y,Y
Url,Usar Tasas de Escalación de Combustibles NIST,URL,URL,Url,Y,Y
Use Coil Direct Solutions,Usar Superficies Representativas para Cálculos,Usar Soluciones Directas de Serpentín,Utiliser les solutions directes de serpentin,Utiliser les solutions de serpentin direct,Y,Y
Use DOAS DX Cooling Coil,Nombre del Programa de Disponibilidad de Uso,Usar Serpentín DX de DOAS,Utiliser la bobine de refroidissement DX de DOAS,Utiliser bobine DX de refroidissement DOAS,Y,Y
Use Flow Rate Fraction Schedule Name,Efectividad de Transferencia de Calor del Lado de Uso,Nombre de Programa de Fracción de Caudal de Uso,Utiliser le nom de l'agenda de fraction de débit,Nom de l'emploi du temps de fraction du débit d'utilisation,Y,Y
Use Hot Gas Reheat,Nombre del Nodo de Entrada Lateral,Usar Recalentamiento con Gas Caliente,Utiliser le Réchauffage au Gaz Chaud,Utiliser le Réchauffage par Gaz Chaud,Y,Y
Use Ideal Air Loads,Nombre del Nodo de Salida Lateral,Usar Cargas Ideales de Aire,Utiliser les charges d'air idéales,Utiliser les charges idéales d'air,Y,Y
Use NIST Fuel Escalation Rates,Usar Período de Horario de Verano del Archivo Meteorológico,Utilizar Tasas de Escalación de Combustible NIST,Utiliser les taux d'escalade de carburant du NIST,Utiliser les taux d'escalade de carburant du NIST,Y,
Use Representative Surfaces for Calculations,Usar Días Festivos y Especiales del Archivo Meteorológico,Usar Superficies Representativas para Cálculos,Utiliser des surfaces représentatives pour les calculs,Utiliser les Surfaces Représentatives pour les Calculs,Y,Y
Use Side Availability Schedule Name,Usar IR Horizontal del Archivo Climático,Nombre de Horario de Disponibilidad del Lado de Uso,Utiliser le nom de calendrier de disponibilité du côté,Nom du calendrier de disponibilité du côté utilisation,Y,Y
Use Side Design Flow Rate,Caudal de Diseño del Lado de Uso,Caudal de Diseño del Lado de Uso,Utiliser le débit de conception de la prise latérale,Débit volumique de conception côté utilisation,,Y
Use Side Effectiveness,Efectividad del Lado de Uso,Efectividad Lado de Uso,Efficacité du Côté Utilisé,Efficacité du côté utilisation,Y,Y
Use Side Heat Transfer Effectiveness,Usar indicadores de lluvia y nieve del archivo climático,Efectividad de Transferencia de Calor del Lado de Uso,Utiliser l'efficacité du transfert de chaleur latéral,Efficacité du transfert thermique côté utilisation,Y,Y
Use Side Inlet Height,Altura de Entrada del Lado de Uso,Altura de Entrada del Lado de Uso,Utiliser la hauteur d'entrée latérale,Hauteur de l'entrée côté consommation,,Y
Use Side Inlet Node Name,Usar Indicadores de Lluvia del Archivo Climático,Nombre del Nodo de Entrada del Lado de Uso,Utiliser le nom du nœud d'entrée latérale,Nom du Nœud d'Entrée du Côté Utilisation,Y,Y
Use Side Outlet Height,Altura de Salida del Lado de Uso,Altura de Salida del Lado de Uso,Utiliser la hauteur du clapet latéral,Hauteur de la sortie côté utilisation,,Y
Use Side Outlet Node Name,Usar Indicadores de Nieve del Archivo Climático,Nombre del Nodo de Salida del Lado de Uso,Utiliser le Nom du Nœud de Sortie Latérale,Nom du nœud de sortie côté utilisation,Y,Y
Use Weather File Daylight Saving Period,Tipo de Fluido Definido por el Usuario,Utilizar Período de Horario de Verano del Archivo Climático,Utiliser la période d'heure d'été du fichier météo,Utiliser la Période d'Heure d'Été du Fichier Météorologique,Y,Y
Use Weather File Holidays and Special Days,Capacidad de Diseño Especificada por el Usuario,Utilizar Días Festivos y Especiales del Archivo Climático,Utiliser les jours fériés et jours spéciaux du fichier météorologique,Utiliser les jours fériés et jours spéciaux du fichier météorologique,Y,
Use Weather File Horizontal IR,UUID,Usar IR Horizontal del Archivo Climático,Utiliser le rayonnement infrarouge horizontal du fichier météorologique,Utiliser le rayonnement IR horizontal du fichier météorologique,Y,Y
Use Weather File Rain and Snow Indicators,Valor,Usar Indicadores de Lluvia y Nieve del Archivo Climático,Utiliser les indicateurs de pluie et de neige du fichier météorologique,Utiliser les indicateurs de pluie et neige du fichier météo,Y,Y
Use Weather File Rain Indicators,Valor para Eficiencia de Celda si es Fijo,Usar indicadores de lluvia del archivo climático,Utiliser les indicateurs de pluie du fichier météorologique,Utiliser les indicateurs de pluie du fichier météorologique,Y,
Use Weather File Snow Indicators,Valor para Eficiencia de Conversión Térmica si es Fija,Usar indicadores de nieve del archivo meteorológico,Utiliser les indicateurs de neige du fichier météorologique,Utiliser les indicateurs de neige du fichier météorologique,Y,
User Defined Fluid Type,Temperatura de Condensación Variable Máxima para Unidad Interior,Tipo de Fluido Definido por el Usuario,Type de Fluide Défini par l'Utilisateur,Type de Fluide Défini par l'Utilisateur,Y,
User Specified Design Capacity,Temperatura de Condensación Variable Mínima para Unidad Interior,Capacidad de Diseño Especificada por el Usuario,Capacité de conception spécifiée par l'utilisateur,Capacité de conception spécifiée par l'utilisateur,Y,
UUID,Temperatura de Evaporación Variable Máxima para Unidad Interior,UUID,UUID,UUID,Y,
Value,Temperatura Evaporadora Variable Mínima para Unidad Interior,Valor,Valeur,Valeur,Y,
Value for Cell Efficiency if Fixed,Nombre de Variable,Valor de Eficiencia de Celda si es Fija,Valeur de l'efficacité des cellules si fixe,Valeur du rendement cellulaire si fixe,Y,Y
Value for Thermal Conversion Efficiency if Fixed,Nombre de Variable o Medidor,Valor de Eficiencia de Conversión Térmica si es Fijo,Valeur du rendement de conversion thermique si fixe,Valeur du rendement de conversion thermique si fixe,Y,
Value Until Time,Valor hasta la Hora,Valor hasta la Hora,Valeur jusqu'au moment,Valeur Jusqu'à l'Heure,,Y
Variable Condensing Temperature Maximum for Indoor Unit,Nombre de variable o medidor o variable EMS o nombre de campo,Temperatura de Condensación Variable - Máxima para Unidad Interior,Température de condensation variable maximale pour l'unité intérieure,Température de Condensation Variable Maximum pour l'Unité Intérieure,Y,Y
Variable Condensing Temperature Minimum for Indoor Unit,Nombre de Curva Cúbica de Bomba de Velocidad Variable,Temperatura de Condensación Variable Mínima para Unidad Interior,Température de Condensation Variable Minimale pour l'Unité Intérieure,Température de condensation variable - Minimum pour l'unité intérieure,Y,Y
Variable Evaporating Temperature Maximum for Indoor Unit,Tipo de Variable,Temperatura Evaporante Variable Máxima para Unidad Interior,Température d'évaporation variable maximale pour l'unité intérieure,Température d'évaporation variable - Maximum pour unité intérieure,Y,Y
Variable Evaporating Temperature Minimum for Indoor Unit,Modo de Control de Ventilación,Temperatura de Evaporación Variable Mínima para Unidad Interior,Température d'évaporation variable minimum pour l'unité intérieure,Température d'évaporation minimale de l'unité intérieure,Y,Y
Variable Name,Programa de Modo de Control de Ventilación,Nombre de Variable,Nom de variable,Nom de la variable,Y,Y
Variable or Meter Name,Nombre del Programa de Punto de Consigna de Temperatura de la Zona de Control de Ventilación,Nombre de Variable o Medidor,Nom de la variable ou du compteur,Nom de la variable ou du compteur,Y,
Variable or Meter or EMS Variable or Field Name,Tasa de Ventilación por Ocupante,Variable o Medidor o Variable EMS o Nombre de Campo,Nom de Variable ou Compteur ou Variable EMS ou Champ,Variable ou Compteur ou Variable EMS ou Nom de Champ,Y,Y
Variable Speed Pump Cubic Curve Name,Tasa de Ventilación por Área de Piso Unitaria,Nombre de Curva Cúbica de Bomba de Velocidad Variable,Nom de la courbe cubique pour pompe à vitesse variable,Nom de la Courbe Cubique de la Pompe à Vitesse Variable,Y,Y
Variable Type,Diferencia de Temperatura de Ventilación,Tipo de Variable,Type de variable,Type de variable,Y,
Velocity Squared Term Coefficient,Coeficiente del Término de Velocidad al Cuadrado,Coeficiente del Término de Velocidad al Cuadrado,Coefficient du terme de vitesse au carré,Coefficient du terme vitesse au carré,,Y
Velocity Term Coefficient,Coeficiente del Término de Velocidad,Coeficiente del Término de Velocidad,Coefficient du terme de vitesse,Coefficient de Terme de Vitesse,,Y
Ventilation Control Mode,Límite Bajo de Temperatura de Ventilación,Modo de Control de Ventilación,Mode de contrôle de la ventilation,Mode de contrôle de la ventilation,Y,
Ventilation Control Mode Schedule,Cronograma de Temperatura de Ventilación,Programa de Modo de Control de Ventilación,Calendrier de Mode de Contrôle de la Ventilation,Calendrier du Mode de Contrôle de Ventilation,Y,Y
Ventilation Control Zone Temperature Setpoint Schedule Name,Tipo de Ventilación,Nombre de Calendario del Punto de Consigna de Temperatura de la Zona de Control de Ventilación,Nom de l'horaire du point de consigne de température de la zone de contrôle de ventilation,Nom de la planification du point de consigne de température pour le contrôle de la ventilation de zone,Y,Y
Ventilation Rate per Occupant,Nombre del Horario de Disponibilidad de Ventilación,Tasa de Ventilación por Ocupante,Débit de ventilation par occupant,Débit de ventilation par occupant,Y,
Ventilation Rate per Unit Floor Area,Identificador de Versión,Tasa de Ventilación por Unidad de Área de Piso,Débit de ventilation par unité de surface de plancher,Débit de ventilation par unité de surface de plancher,Y,
Ventilation Temperature Difference,Marca de Tiempo de Versión,Diferencia de Temperatura de Ventilación,Différence de Température de Ventilation,Différence de Température de Ventilation,Y,
Ventilation Temperature Low Limit,UUID de Versión,Límite Inferior de Temperatura de Ventilación,Limite inférieure de température de ventilation,Limite inférieure de température de ventilation,Y,
Ventilation Temperature Schedule,Coordenada X del vértice,Programa de Temperatura de Ventilación,Calendrier de température de ventilation,Calendrier de Température de Ventilation,Y,Y
Ventilation Type,Coordenada Y del vértice,Tipo de Ventilación,Type de ventilation,Type de ventilation,Y,
Venting Availability Schedule Name,Coordenada Z del vértice,Nombre de Calendario de Disponibilidad de Ventilación,Nom du calendrier de disponibilité de la ventilation,Nom de l'Horaire de Disponibilité de Ventilation,Y,Y
Version Identifier,Altura Vertical usada para Factor de Corrección de Tuberías,Identificador de Versión,Identifiant de version,Identificateur de version,Y,Y
Version Timestamp,Ubicación Vertical,Marca de Tiempo de Versión,Horodatage de la version,Horodatage de version,Y,Y
Version UUID,Nombre de Curva de Eficiencia VFD,UUID de Versión,Version UUID,Identifiant UUID de version,Y,Y
Vertex X-coordinate,Tipo de Eficiencia VFD,Coordenada X del vértice,Coordonnée X du sommet,Coordonnée X du sommet,Y,
Vertex Y-coordinate,Factor de Dimensionamiento VFD,Coordenada Y del vértice,Coordonnée Y du sommet,Coordonnée Y du sommet,Y,
Vertex Z-coordinate,Factor de Vista,Coordenada Z del vértice,Coordonnée Z du sommet,Coordonnée Z du sommet,Y,
Vertical Height used for Piping Correction Factor,Factor de Vista hacia el Suelo,Altura Vertical utilizada para Factor de Corrección de Tuberías,Hauteur verticale utilisée pour le facteur de correction de la tuyauterie,Hauteur verticale utilisée pour le facteur de correction de tuyauterie,Y,Y
Vertical Location,Factor de Vista hacia Voladizo Exterior,Ubicación Vertical,Position Verticale,Localisation Verticale,Y,Y
VFD Control Type,Tipo de Control VFD,Tipo de Control VFD,Type de Contrôle VFD,Type de contrôle VFD,,Y
VFD Efficiency Curve Name,Coeficiente de Viscosidad A,Nombre de Curva de Eficiencia VFD,Nom de la courbe d'efficacité du VFD,Nom de la courbe d'efficacité VFD,Y,Y
VFD Efficiency Type,Coeficiente de Viscosidad B,Tipo de Eficiencia VFD,Type d'efficacité du VFD,Type d'efficacité VFD,Y,Y
VFD Sizing Factor,Coeficiente de Viscosidad C,Factor de Dimensionamiento VFD,Facteur de dimensionnement du VFD,Facteur de dimensionnement VFD,Y,Y
View Factor,Absortancia Visible,Factor de Vista,Facteur de vue,Facteur de vue,Y,
View Factor to Ground,Coeficiente de Extinción Visible,Factor de Visión al Suelo,Facteur de vue vers le sol,Facteur de vue vers le sol,Y,
View Factor to Outside Shelf,Índice de Refracción Visible,Factor de Vista al Alféizar Exterior,Facteur de vue vers l'auvent extérieur,Facteur de forme vers auvent extérieur,Y,Y
Viscosity Coefficient A,Reflectancia Visible,Coeficiente A de Viscosidad,Coefficient de viscosité A,Coefficient de viscosité A,Y,
Viscosity Coefficient B,Reflectancia Visible de las Paredes del Pozo,Coeficiente B de Viscosidad,Coefficient de viscosité B,Coefficient B de viscosité,Y,Y
Viscosity Coefficient C,Transmitancia Visible,Coeficiente de Viscosidad C,Coefficient de viscosité C,Coefficient de viscosité C,Y,
Visible Absorptance,Transmitancia Visible en Incidencia Normal,Absortancia Visible,Absorptance visible,Absorptance visible,Y,
Visible Extinction Coefficient,Voltaje en el Punto de Potencia Máxima,Coeficiente de Extinción Visible,Coefficient d'extinction visible,Coefficient d'extinction visible,Y,
Visible Index of Refraction,Volumen,Índice de Refracción Visible,Indice de réfraction visible,Indice de réfraction dans le visible,Y,Y
Visible Reflectance,Nombre de Parámetros de Ciclo de Descongelación de Cámara de Congelación,Reflectancia Visible,Réflectance visible,Réflectance visible,Y,
Visible Reflectance of Well Walls,Límite de Zona de Cámara,Reflectancia Visible de Paredes del Pozo,Réflectance visible des parois du puits,Réflectance Visible des Parois du Puits,Y,Y
Visible Transmittance,Nombre de Construcción de Pared,Transmitancia Visible,Transmittance Visible,Transmittance visible,Y,Y
Visible Transmittance at Normal Incidence,Profundidad de la Pared Debajo de la Losa,Transmitancia Visible en Incidencia Normal,Transmittance visible à incidence normale,Transmittance Lumineuse à Incidence Normale,Y,Y
Voltage at Maximum Power Point,Altura de Pared Sobre Nivel del Terreno,Voltaje en el Punto de Potencia Máxima,Tension au point de puissance maximale,Tension au point de puissance maximale,Y,
Volume,Función de Calor Residual Respecto a Curva de Temperatura,Volumen,Volume,Volume,Y,
WalkIn Defrost Cycle Parameters Name,Nombre de Curva de Función de Calor Residual en Función de la Temperatura,Nombre de Parámetros de Ciclo de Descongelación de Cámara,Nom des paramètres du cycle de dégivrage du congélateur ouvert,Nom des paramètres du cycle de dégivrage de la chambre froide,Y,Y
WalkIn Zone Boundary,Función Modificadora de Calor Residual en Función de la Temperatura,Límite de Zona de Cámara Frigorífica,Zone Limite du Comptoir Ouvert,Zone délimitante de chambre froide,Y,Y
Wall Construction Name,Nombre de la Bobina de Agua,Nombre de Construcción de Pared,Nom de la construction du mur,Nom de la construction de mur,Y,Y
Wall Depth Below Slab,Caudal Volumétrico del Condensador de Agua,Profundidad de Muro Bajo la Losa,Profondeur du Mur sous la Dalle,Profondeur du Mur Sous la Dalle,Y,Y
Wall Height Above Grade,Caudal de Diseño de Agua,Altura de Muro sobre el Nivel del Terreno,Hauteur du mur au-dessus du grade,Hauteur du mur au-dessus du niveau du sol,Y,Y
Waste Heat Function of Temperature Curve,Factor de Emisión de Agua,Curva de Función del Calor Residual en Función de la Temperatura,Courbe de fonction de chaleur perdue en fonction de la température,Courbe de Fonction de la Chaleur Perdue en Fonction de la Température,Y,Y
Waste Heat Function of Temperature Curve Name,Nombre de Calendario del Factor de Emisión de Agua,Nombre de Curva de Función de Calor Residual en Función de la Temperatura,Nom de la courbe de fonction de chaleur résiduelle en fonction de la température,Nom de la courbe de fonction de chaleur résiduelle en fonction de la température,Y,
Waste Heat Modifier Function of Temperature Curve,Caudal de Agua,Curva Función Modificadora de Calor Residual en Función de la Temperatura,Fonction Modificatrice de la Chaleur Perdue en Fonction de la Courbe de Température,Courbe de Fonction de Correction de la Chaleur Résiduelle en Fonction de la Température,Y,Y
Water Coil Name,Inflación de Agua,Nombre de la Bobina de Agua,Nom de la serpentin d'eau,Nom de la Batterie d'Eau,Y,Y
Water Condenser Volume Flow Rate,Nodo de Entrada de Agua,Caudal Volumétrico del Condensador de Agua,Débit volumique du condenseur à eau,Débit volumique du condenseur à eau,Y,
Water Design Flow Rate,Nombre del Nodo de Entrada de Agua,Caudal de Diseño del Agua,Débit de conception de l'eau,Débit Volumique de Conception de l'Eau,Y,Y
Water Emission Factor,Caudal Máximo de Agua,Factor de Emisión de Agua,Facteur d'émission de l'eau,Facteur d'émission en eau,Y,Y
Water Emission Factor Schedule Name,Agua Temperatura Máxima de Salida de Agua,Nombre del Programa de Factor de Emisión del Agua,Nom de la planification du facteur d'émission d'eau,Nom de la planification du facteur d'émission de l'eau,Y,Y
Water Flow Rate,Temperatura Mínima de Entrada de Agua,Caudal de Agua,Débit d'eau,Débit d'eau volumétrique,Y,Y
Water Inflation,Nodo de Salida de Agua,Inflado de Agua,Majoration de l'Eau,Inflation d'eau,Y,Y
Water Inlet Node,Nombre del Nodo de Salida de Agua,Nodo de Entrada de Agua,Nœud d'entrée d'eau,Nœud d'entrée eau,Y,Y
Water Inlet Node Name,Nombre del Programa de Temperatura de Salida de Agua,Nombre del Nodo de Entrada de Agua,Nom du nœud d'entrée d'eau,Nom du nœud d'entrée d'eau,Y,
Water Maximum Flow Rate,Potencia de la Bomba de Agua,Flujo Máximo de Agua,Débit d'eau maximal,Débit Maximum d'Eau,Y,Y
Water Maximum Water Outlet Temperature,Nombre de Curva Modificadora de Potencia de Bomba de Agua,Temperatura Máxima de Salida del Agua,Température maximale de sortie d'eau,Température Maximale de Sortie de l'Eau,Y,Y
Water Minimum Water Inlet Temperature,Factor de Dimensionamiento de Potencia de Bomba de Agua,Temperatura Mínima del Agua en la Entrada,Température minimale d'entrée d'eau,Température minimale d'entrée d'eau,Y,
Water Outlet Node,Nombre de la Curva de Extracción de Agua,Nodo de Salida de Agua,Nœud de Sortie d'Eau,Nœud de sortie eau,Y,Y
Water Outlet Node Name,Nombre del Tanque de Almacenamiento de Agua,Nombre del Nodo de Salida de Agua,Nom du nœud de sortie d'eau,Nom du nœud de sortie d'eau,Y,
Water Outlet Temperature Schedule Name,Nombre del Suministro de Agua,Nombre del Horario de Temperatura de Salida del Agua,Nom du calendrier de température de sortie d'eau,Nom de la chronologie de température de sortie du liquide,Y,Y
Water Outlet Upper Temperature Limit,Límite Superior de Temperatura de Salida del Agua,Límite Superior de Temperatura de Salida de Agua,Limite Supérieure de Température à la Sortie d'Eau,Limite Supérieure de Température à la Sortie de l'Eau,Y,Y
Water Pump Power,Nombre del Tanque de Almacenamiento de Agua de Suministro,Potencia de la Bomba de Agua,Puissance de la pompe à eau,Puissance de la pompe d'eau,Y,Y
Water Pump Power Modifier Curve Name,Variable de Entrada de Curva de Temperatura del Agua,Nombre de Curva Modificadora de Potencia de Bomba de Agua,Nom de la courbe de modification de la puissance de la pompe d'eau,Nom de la courbe de modification de la puissance de la pompe à eau,Y,Y
Water Pump Power Sizing Factor,Modo de modelado de temperatura del agua,Factor de Dimensionamiento de Potencia de Bomba de Agua,Facteur de dimensionnement de la puissance de la pompe d'eau,Facteur de dimensionnement de la puissance de la pompe d'eau,Y,
Water Removal Curve Name,Nombre del Nodo de Referencia de Temperatura del Agua,Nombre de Curva de Extracción de Agua,Nom de la courbe de suppression d'eau,Nom de la courbe de déshumidification,Y,Y
Water Storage Tank Name,Nombre del Programa de Temperatura del Agua,Nombre del Tanque de Almacenamiento de Agua,Nom du réservoir de stockage d'eau,Nom du Réservoir de Stockage d'Eau,Y,Y
Water Supply Name,Nombre de Definición de Equipo de Uso de Agua,Nombre del Suministro de Agua,Nom de l'approvisionnement en eau,Nom de l'alimentation en eau,Y,Y
Water Supply Storage Tank Name,Nombre del Equipo de Uso de Agua,Nombre del Tanque de Almacenamiento de Agua de Suministro,Nom du réservoir de stockage d'eau d'alimentation,Nom du réservoir de stockage d'eau d'alimentation,Y,
Water Temperature Curve Input Variable,Factor de Resistencia a la Difusión del Vapor de Agua,Variable de Entrada de Temperatura del Agua en la Curva,Variable d'entrée de courbe de température de l'eau,Variable d'entrée de la courbe de température d'eau,Y,Y
Water Temperature Modeling Mode,Flujo Volumétrico de Diseño del Condensador Enfriado por Agua,Modo de Modelado de Temperatura del Agua,Mode de modélisation de la température de l'eau,Mode de modélisation de la température de l'eau,Y,
Water Temperature Reference Node Name,Nombre del Nodo de Entrada del Condensador Enfriado por Agua,Nombre del Nodo de Referencia de Temperatura del Agua,Nom du nœud de référence de température d'eau,Nom du nœud de référence de température d'eau,Y,
Water Temperature Schedule Name,Velocidad de Flujo Máxima del Condensador Enfriado por Agua,Nombre de la Programación de Temperatura del Agua,Nom du calendrier de température de l'eau,Nom de l'agenda de température de l'eau,Y,Y
Water Use Equipment Definition Name,Temperatura Máxima de Salida de Agua del Condensador Enfriado por Agua,Nombre de Definición de Equipo de Uso de Agua,Nom de la définition de l'équipement d'utilisation d'eau,Nom de la Définition de l'Équipement de Consommation d'Eau,Y,Y
Water Use Equipment Name,Temperatura Mínima de Entrada de Agua del Condensador Enfriado por Agua,Nombre del Equipo de Consumo de Agua,Nom du Équipement de Consommation d'Eau,Nom de l'équipement de consommation d'eau,Y,Y
Water Vapor Diffusion Resistance Factor,Nombre del Nodo de Salida del Condensador Enfriado por Agua,Factor de Resistencia a la Difusión del Vapor de Agua,Facteur de résistance à la diffusion de vapeur d'eau,Facteur de résistance à la diffusion de vapeur d'eau,Y,
Water-Cooled Condenser Design Flow Rate,Nombre del Programa de Temperatura de Salida del Condensador Enfriado por Agua,Caudal de Diseño del Condensador Enfriado por Agua,Débit de conception du condenseur refroidi à eau,Débit de conception du condenseur refroidi par eau,Y,Y
Water-Cooled Condenser Inlet Node Name,Tipo de Flujo de Bucle Enfriado por Agua,Nombre del Nodo de Entrada del Condensador Enfriado por Agua,Nom du nœud d'entrée du condenseur refroidi à l'eau,Nom du nœud d'entrée du condenseur refroidi à l'eau,Y,
Water-Cooled Condenser Maximum Flow Rate,Nombre del Nodo de Entrada de Agua del Intercambiador de Calor Agua-Refrigerante,Caudal Máximo del Condensador Enfriado por Agua,Débit maximal du condenseur refroidi par eau,Débit Massique Maximal du Condenseur Refroidi par Eau,Y,Y
Water-Cooled Condenser Maximum Water Outlet Temperature,Nombre del Nodo de Salida de Agua del Intercambiador de Calor Agua-Refrigerante,Temperatura Máxima de Salida de Agua del Condensador Enfriado por Agua,Température maximale de sortie d'eau du condenseur refroidi à l'eau,Température maximale de sortie d'eau du condenseur refroidi par eau,Y,Y
Water-Cooled Condenser Minimum Water Inlet Temperature,Nombre de Calentador de Agua,Temperatura Mínima de Entrada de Agua del Condensador Enfriado por Agua,Température minimale d'entrée d'eau du condenseur refroidi par eau,Température minimale d'entrée d'eau du condenseur refroidi par eau,Y,
Water-Cooled Condenser Outlet Node Name,Vatios por Persona,Nombre del Nodo de Salida del Condensador Enfriado por Agua,Nom du nœud de sortie du condenseur à refroidissement par eau,Nom du nœud de sortie du condenseur à refroidissement par eau,Y,
Water-Cooled Condenser Outlet Temperature Schedule Name,Vatios por Área de Piso del Espacio,Nombre del Programa de Temperatura de Salida del Condensador Enfriado por Agua,Nom de l'horaire de température de sortie du condenseur refroidi par eau,Nom du calendrier de température de sortie du condenseur refroidi par eau,Y,Y
Water-Cooled Loop Flow Type,Vatios por Unidad,Tipo de Flujo del Circuito Enfriado por Agua,Type de débit de boucle refroidie à l'eau,Type de débit de la boucle refroidie à l'eau,Y,Y
Water-to-Refrigerant HX Water Inlet Node Name,Longitud de onda,Nombre del Nodo de Entrada de Agua del Intercambiador de Calor Agua-Refrigerante,Nom du nœud d'entrée eau de l'échangeur eau-frigorigène,Nom du nœud d'entrée eau de l'échangeur eau-frigorigène,Y,
Water-to-Refrigerant HX Water Outlet Node Name,Programación del Miércoles:Nombre del Día,Nombre del Nodo de Salida de Agua del Intercambiador de Calor Agua-Refrigerante,Nom du nœud de sortie eau de l'échangeur eau-frigorigène,Nom du nœud de sortie eau de l'échangeur eau-frigorigène,Y,
WaterHeater Name,Programación Semanal Hasta Fecha,Nombre del Calentador de Agua,Nom du ballon d'eau chaude,Nom du Ballon d'Eau Chaude,Y,Y
Watts per Person,Rango de Temperatura de Bulbo Húmedo - Límite Inferior,Vatios por Persona,Watts par personne,Watts par personne,Y,
Watts per Space Floor Area,Límite Superior del Rango de Temperatura de Bulbo Húmedo,Vatios por Metro Cuadrado de Piso,Watts par superficie de plancher de l'espace,Watts par mètre carré de surface,Y,Y
Watts per Unit,Nombre de la Curva Modificadora de la Relación de Flujo de Efectividad de Bulbo Húmedo,Vatios por Unidad,Watts par unité,Watts par unité,Y,
Wavelength,Temperatura de bulbo húmedo o punto de rocío en bulbo seco máximo,Longitud de onda,Longueur d'onde,Longueur d'onde,Y,
Wednesday Schedule:Day Name,Factor de Ancho para Factor de Apertura,Miércoles Programa:Nombre del Día,Horaire Mercredi : Nom de la journée,Mercredi - Nom du jour du calendrier,Y,Y
Week Schedule Until Date,Tipo de Ángulo de Viento,Fecha Hasta de Programa Semanal,Date de fin du calendrier hebdomadaire,Date Limite du Calendrier Hebdomadaire,Y,Y
Wet-Bulb Temperature Range Lower Limit,Dirección del Viento,Límite Inferior del Rango de Temperatura de Bulbo Húmedo,Limite Inférieure de la Plage de Température de Bulbe Humide,Limite Inférieure de la Plage de Température de Thermomètre Humide,Y,Y
Wet-Bulb Temperature Range Upper Limit,Exposición al Viento,Límite Superior del Rango de Temperatura de Bulbo Húmedo,Limite Supérieure de la Plage de Température de Bulbe Humide,Limite supérieure de la plage de température de bulbe humide,Y,Y
Wetbulb Effectiveness Flow Ratio Modifier Curve Name,Nombre de la Curva de Coeficiente de Presión del Viento,Nombre de Curva Modificadora de Relación de Flujo de Efectividad de Bulbo Húmedo,Nom de la courbe modificatrice du rapport de débit d'efficacité de thermomètre mouillé,Nom de la courbe modificatrice du rapport de débit d'efficacité de température humide,Y,Y
Wetbulb or DewPoint at Maximum Dry-Bulb,Tipo de Coeficiente de Presión de Viento,Temperatura de Bulbo Húmedo o Punto de Rocío en Temperatura Seca Máxima,Température humide ou point de rosée à la température sèche maximale,Température Humide ou Point de Rosée à la Température Sèche Maximale,Y,Y
Width Factor for Opening Factor,Velocidad del Viento,Factor de Ancho para Factor de Apertura,Facteur de largeur pour le facteur d'ouverture,Facteur de largeur pour facteur d'ouverture,Y,Y
Wind Angle Type,Coeficiente de Velocidad del Viento,Tipo de Ángulo de Viento,Type d'angle de vent,Type d'angle de vent,Y,
Wind Coefficient,Coeficiente de Viento,Coeficiente de Viento,Coefficient de vent,Coefficient de vent,,
Wind Direction,Nombre del Conjunto de Datos Espectrales de Vidrio de Ventana,Dirección del Viento,Direction du vent,Direction du vent,Y,
Wind Exposure,Nombre del Vidrio del Material de Ventana,Exposición al Viento,Exposition au vent,Exposition au vent,Y,
Wind Pressure Coefficient Curve Name,Nombre de Ventana,Nombre de la Curva del Coeficiente de Presión por Viento,Nom de la courbe du coefficient de pression due au vent,Nom de la courbe du coefficient de pression due au vent,Y,
Wind Pressure Coefficient Type,Factor de Abertura de Ventana/Puerta o Factor de Grieta,Tipo de Coeficiente de Presión del Viento,Coefficient de pression du vent (Type),Type de Coefficient de Pression du Vent,Y,Y
Wind Speed,Nombre de Horario:Día de Diseño Invernal,Velocidad del Viento,Vitesse du vent,Vitesse du vent,Y,
Wind Speed Coefficient,Número OMM,Coeficiente de Velocidad del Viento,Coefficient de Vitesse du Vent,Coefficient de Vitesse du Vent,Y,
Window Glass Spectral Data Set Name,Longitud X,Nombre del Conjunto de Datos Espectrales del Vidrio de Ventana,Nom de l'ensemble de données spectrales du verre de fenêtre,Nom de l'ensemble de données spectrales du verre de fenêtre,Y,
Window Material Glazing Name,Origen X,Nombre del Material Vidrio de la Ventana,Nom du matériau vitreous de fenêtre,Nom de Vitre - Matériau Vitrage,Y,Y
Window Name,Orden de Clasificación X1,Nombre de Ventana,Nom de la fenêtre,Nom de la Fenêtre,Y,Y
Window/Door Opening Factor or Crack Factor,Orden de Clasificación X2,Factor de Apertura de Ventanas/Puertas o Factor de Rendija,Facteur d'ouverture de fenêtre/porte ou facteur de fissure,Facteur d'ouverture de fenêtre/porte ou facteur de fissure,Y,
Winter Design Day Schedule Name,Nombre del Horario del Día de Diseño de Invierno,Nombre de Calendario del Día de Diseño Invernal,Nom de l'horaire du jour de conception hivernale,Nom du calendrier du jour de conception hivernale,Y,Y
WinterDesignDay Schedule:Day Name,Longitud Y,Nombre de la Programación:Día de Diseño Invernal,WinterDesignDay Schedule:Nom du jour,Nom de la Plage Horaire:Jour pour Jour de Conception Hivernale,Y,Y
WMO Number,Origen Y,Número OMM,Numéro OMM,Numéro OMM,Y,
Work Efficiency Schedule Name,Nombre del Horario de Eficiencia Laboral,Nombre de Calendario de Eficiencia de Trabajo,Nom de l'emploi du temps d'efficacité de travail,Nom de l'emploi du temps d'efficacité de travail,Y,
X Length,Escalación Anual,Longitud X,Longueur X,Longueur X,Y,
X Origin,Años desde el inicio,Origen X,Origine X,Origine X,Y,
X1 Sort Order,Origen Z,Orden de Clasificación X1,Ordre de tri X1,Ordre de tri X1,Y,
X2 Sort Order,Zona,Orden de Clasificación X2,X2 Ordre de tri,Ordre de Tri X2,Y,Y
Y Length,Eficiencia de Distribución del Aire de Zona en Modo de Enfriamiento,Longitud Y,Longueur Y,Longueur Y,Y,
Y Origin,Efectividad de la Distribución del Aire en la Zona en Modo de Calefacción,Origen Y,Y Origin,Origine Y,Y,Y
Year Escalation,Cronograma de Efectividad de Distribución del Aire de Zona,Escalada Anual,Escalade Annuelle,Escalade Annuelle,Y,
Years from Start,Lista de Puertos de Salida de Aire de la Zona,Años desde el Inicio,Années depuis le début,Années depuis le début,Y,
Z Origin,Lista de Puertos de Entrada de Aire de la Zona,Origen Z,Origine Z,Origine Z,Y,
Zone,Nombre del Nodo de Aire de la Zona,Zona,Zone,Zone,Y,
Zone Air Distribution Effectiveness in Cooling Mode,Coeficiente de Temperatura del Aire de la Zona,Efectividad de la Distribución del Aire de la Zona en Modo Enfriamiento,Efficacité de la distribution de l'air dans la zone en mode refroidissement,Efficacité de distribution de l'air en mode refroidissement,Y,Y
Zone Air Distribution Effectiveness in Heating Mode,Nombre de la Lista de Equipos de Acondicionamiento de la Zona,Eficacia de Distribución de Aire en Zona - Modo Calefacción,Efficacité de la distribution de l'air dans la zone en mode chauffage,Efficacité de la Distribution de l'Air à la Zone en Mode Chauffage,Y,Y
Zone Air Distribution Effectiveness Schedule,Equipos de Zona,Horario de Efectividad de la Distribución de Aire en la Zona,Calendrier d'efficacité de la distribution de l'air dans la zone,Calendrier d'efficacité de distribution d'air dans la zone,Y,Y
Zone Air Exhaust Port List,Secuencia de Enfriamiento de Equipos de Zona,Lista de Puertos de Aire de Extracción de Zona,Liste des Ports d'Extraction d'Air de Zone,Liste de Ports d'Extraction d'Air de Zone,Y,Y
Zone Air Inlet Port List,Secuencia de Calefacción o Sin Carga del Equipo de Zona,Lista de Puertos de Entrada de Aire de la Zona,Zone Air Inlet Port List,Liste de ports d'entrée d'air de zone,Y,Y
Zone Air Node Name,Nombre del Nodo de Aire de Extracción de la Zona,Nombre del Nodo de Aire de la Zona,Nom du nœud d'air de la zone,Nom du Nœud d'Air de la Zone,Y,Y
Zone Air Temperature Coefficient,Lista de Zonas,Coeficiente de Temperatura del Aire de la Zona,Coefficient de Température de l'Air de la Zone,Coefficient de Température de l'Air de la Zone,Y,
Zone Conditioning Equipment List Name,Fracción Mínima de Flujo de Aire de la Zona,Nombre de Lista de Equipos de Acondicionamiento de Zona,Nom de la liste des équipements de conditionnement de zone,Nom de la Liste d'Équipements de Conditionnement de Zone,Y,Y
Zone Cooling Design Supply Air Humidity Ratio,Relación de Humedad de Suministro de Diseño de Enfriamiento de Zona,Relación de Humedad del Aire de Suministro en el Diseño de Enfriamiento de la Zona,Ratio d'humidité de l'air soufflé de conception du refroidissement de zone,Rapport d'humidité de l'air soufflé de conception refroidissement de zone,Y,Y
Zone Cooling Design Supply Air Humidity Ratio Difference,Diferencia de Relación de Humedad de Diseño de Enfriamiento de Zona,Diferencia de Relación de Humedad del Aire de Suministro de Diseño de Enfriamiento de la Zona,Différence d'humidité relative de l'air soufflé de refroidissement de zone,Différence de Rapport d'Humidité de l'Air de Soufflage pour le Refroidissement de la Zone,Y,Y
Zone Cooling Design Supply Air Temperature,Temperatura de Suministro de Diseño de Enfriamiento de Zona,Temperatura de Suministro de Aire de Diseño para Enfriamiento de la Zona,Température de l'air soufflé de conception en refroidissement de la zone,Température de l'air soufflé de refroidissement de dimensionnement de la zone,Y,Y
Zone Cooling Design Supply Air Temperature Difference,Diferencia de Temperatura de Suministro de Diseño de Enfriamiento de Zona,Diferencia de Temperatura de Suministro de Aire de Diseño de Enfriamiento de Zona,Différence de température de l'air de soufflage en refroidissement de la zone,Différence de température entre l'air soufflé de conception et l'air ambiant pour le refroidissement de la zone,Y,Y
Zone Cooling Design Supply Air Temperature Input Method,Método de Temperatura de Suministro de Diseño de Enfriamiento de Zona,Método de Entrada de Temperatura de Aire de Suministro de Diseño de Enfriamiento de Zona,Méthode d'entrée de la température de l'air soufflé en refroidissement de la zone,Méthode d'entrée de la température de l'air de soufflage en refroidissement de la zone,Y,Y
Zone Cooling Sizing Factor,Factor de Dimensionamiento de Enfriamiento de Zona,Factor de Dimensionamiento de Enfriamiento de Zona,Facteur de dimensionnement du refroidissement de zone,Facteur de dimensionnement du refroidissement de la zone,,Y
Zone Dehumidification Design Supply Air Humidity Ratio,Relación de Humedad de Diseño de Deshumidificación de Zona,Relación de Humedad del Aire de Suministro de Diseño para Deshumidificación de la Zona,Ratio d'humidité de l'air fourni pour la conception de la déshumidification de zone,Rapport d'humidité de l'air soufflé de conception pour la déshumidification de la zone,Y,Y
Zone Equipment,Nombre del Mezclador de Zona,Equipo de Zona,Équipements de Zone,Équipements de Zone,Y,
Zone Equipment Cooling Sequence,Nombre de Zona para Ubicación del Termostato Principal,Secuencia de Enfriamiento de Equipos de Zona,Séquence de Refroidissement des Équipements de Zone,Séquence de refroidissement des équipements de zone,Y,Y
Zone Equipment Heating or No-Load Sequence,Nombre de Zona para Recibir Pérdidas de Piel,Secuencia de Calefacción o Sin Carga de Equipo de Zona,Séquence de Chauffage ou Sans Charge de l'Équipement de Zone,Séquence de chauffage ou sans charge de l'équipement de zone,Y,Y
Zone Equipment Sequential Cooling Fraction Schedule Name,Nombre del Horario de Fracción Secuencial de Enfriamiento del Equipo de Zona,Nombre de Calendario de Fracción de Enfriamiento Secuencial del Equipamiento de Zona,Nom de l'ordonnance de la fraction de refroidissement séquentiel de l'équipement de zone,Nom de l'horaire de fraction de refroidissement séquentiel de l'équipement de zone,Y,Y
Zone Equipment Sequential Heating Fraction Schedule Name,Nombre del Horario de Fracción Secuencial de Calefacción del Equipo de Zona,Nombre del Horario de Fracción de Calefacción Secuencial del Equipamiento de Zona,Nom de la grille horaire de fraction de chauffage séquentiel des équipements de zone,Nom de l'Agenda de Fraction de Chauffage Séquentiel du Matériel de Zone,Y,Y
Zone Exhaust Air Node Name,Nombre de Zona o Espacio,Nombre del Nodo de Aire de Salida de la Zona,Nom du nœud d'air d'échappement de zone,Nom du nœud d'air d'extraction de zone,Y,Y
Zone for Master Thermostat Location,Zona para Ubicación del Termostato Maestro,Zona de Ubicación del Termostato Principal,Zone pour l'emplacement du thermostat principal,Zone d'emplacement du thermostat maître,Y,Y
Zone Heating Design Supply Air Humidity Ratio,Relación de Humedad de Suministro de Diseño de Calefacción de Zona,Relación de Humedad del Aire de Suministro en el Diseño de Calefacción de la Zona,Rapport d'humidité de l'air de soufflage du design de chauffage de la zone,Rapport d'humidité de l'air soufflé au dimensionnement du débit de chauffage de la zone,Y,Y
Zone Heating Design Supply Air Temperature,Temperatura de Suministro de Diseño de Calefacción de Zona,Temperatura de Aire de Suministro de Diseño para Calefacción de la Zona,Température de l'air d'alimentation en chauffage de conception de la zone,Température de l'air neuf de chauffage en zone à la conception,Y,Y
Zone Heating Design Supply Air Temperature Difference,Diferencia de Temperatura de Suministro de Diseño de Calefacción de Zona,Diferencia de Temperatura de Suministro de Aire de Diseño para Calefacción de Zona,Différence de température d'air de soufflage de conception du chauffage de la zone,Différence de Température de l'Air Soufflé de Conception pour le Chauffage de Zone,Y,Y
Zone Heating Design Supply Air Temperature Input Method,Método de Temperatura de Suministro de Diseño de Calefacción de Zona,Método de Entrada de Temperatura de Aire de Suministro de Diseño de Calefacción de Zona,Méthode d'entrée de la température de l'air de soufflage à la conception du chauffage de la zone,Méthode d'entrée de la température de l'air de soufflage de conception pour chauffage de zone,Y,Y
Zone Heating Sizing Factor,Factor de Dimensionamiento de Calefacción de Zona,Factor de Dimensionamiento de Calefacción de la Zona,Facteur de dimensionnement du chauffage de la zone,Facteur de dimensionnement du chauffage de la zone,Y,
Zone Humidification Design Supply Air Humidity Ratio,Relación de Humedad de Diseño de Humidificación de Zona,Relación de Humedad del Aire de Suministro Diseño para Humidificación de Zona,Rapport d'humidité de l'air soufflé de conception pour l'humidification de la zone,Rapport d'humidité de l'air soufflé en conception pour l'humidification de la zone,Y,Y
Zone Humidification Design Supply Air Humidity Ratio Difference,Diferencia de Relación de Humedad de Diseño de Humidificación de Zona,Diferencia de Relación de Humedad del Aire de Suministro de Diseño para Humidificación de Zona,Différence de ratio d'humidité de l'air de soufflage de conception de l'humidification de la zone,Différence de Rapport d'Humidité de l'Air Soufflé de Conception pour l'Humidification de Zone,Y,Y
Zone Humidistat Dehumidification Set Point Schedule Name,Nombre del Horario de Punto de Ajuste de Deshumidificación del Humidistato,Nombre de Calendario del Punto de Ajuste de Deshumidificación del Humidistato de la Zona,Nom de l'emploi du temps du point de consigne de déshumidification de l'humidistat de zone,Nom de la Planification du Point de Consigne de Déshumidification de l'Humidistat de Zone,Y,Y
Zone Humidistat Humidification Set Point Schedule Name,Nombre del Horario de Punto de Ajuste de Humidificación del Humidistato,Nombre del Programa de Punto de Consigna de Humidificación del Humidostato de Zona,Nom de l'horaire du point de consigne d'humidification de l'humidistat de zone,Nom du Profil d'Humidité de Consigne de l'Humidificateur du Thermostat de Zone,Y,Y
Zone Inside Convection Algorithm,Algoritmo de Convección Interior de Zona,Algoritmo de Convección Interior de la Zona,Algorithme de Convection Intérieure de Zone,Algorithme de Convection Interne de la Zone,Y,Y
Zone Latent Cooling Design Supply Air Humidity Ratio Input Method,Método de Relación de Humedad de Diseño de Enfriamiento Latente de Zona,Método de Entrada de la Relación de Humedad del Aire de Suministro para Diseño de Enfriamiento Latente de la Zona,Méthode d'entrée du rapport d'humidité de l'air de refoulement en conception pour refroidissement latent de zone,Méthode d'entrée du rapport d'humidité de l'air soufflé pour dimensionnement latent de la zone,Y,Y
Zone Latent Heating Design Supply Air Humidity Ratio Input Method,Método de Relación de Humedad de Diseño de Calefacción Latente de Zona,Método de Entrada de la Relación de Humedad del Aire de Suministro para Diseño de Calentamiento Latente de la Zona,Méthode d'entrée du ratio d'humidité de l'air soufflé de conception pour chauffage latent de zone,Méthode d'entrée du rapport d'humidité de l'air de soufflage pour le dimensionnement latent,Y,Y
Zone List,Nombre de Zona o Lista de Zonas,Lista de Zonas,Liste des zones,Liste de zones,Y,Y
Zone Load Sizing Method,Método de Dimensionamiento de Carga de Zona,Método de Dimensionamiento de Carga de Zona,Méthode de dimensionnement des charges de zone,Méthode de dimensionnement de la charge de zone,,Y
Zone Maximum Outdoor Air Fraction,Fracción Máxima de Aire Exterior de Zona,Fracción Máxima de Aire Exterior de la Zona,Fraction maximale d'air extérieur de la zone,Fraction d'air extérieur maximale de la zone,Y,Y
Zone Minimum Air Flow Fraction,Algoritmo de Intercambio Radiante de Zona,Fracción de Flujo de Aire Mínimo en la Zona,Zone Minimum Air Flow Fraction,Fraction minimale de débit d'air vers la zone,Y,Y
Zone Minimum Air Flow Input Method,Método de Entrada del Caudal Mínimo de Aire de Zona,Método de Entrada de Flujo de Aire Mínimo de Zona,Méthode d'entrée du débit d'air minimal de zone,Méthode d'entrée du débit d'air minimum de la zone,Y,Y
Zone Mixer Name,Nombre del Nodo de Aire de Alivio de la Zona,Nombre del Mezclador de Zona,Nom du mélangeur de zone,Nom du mélangeur de zone,Y,
Zone Name,Nombre de la Zona,Nombre de Zona,Nom de la zone,Nom de la zone,Y,
Zone Name for Master Thermostat Location,Lista de Puertos de Aire de Retorno de la Zona,Nombre de Zona para Ubicación del Termostato Maestro,Nom de la zone pour l'emplacement du thermostat principal,Nom de la Zone pour l'Emplacement du Thermostat Maître,Y,Y
Zone Name to Receive Skin Losses,Fracción de Recirculación Secundaria de Zona,Nombre de Zona para Recibir Pérdidas de Superficie,Nom de la Zone pour Recevoir les Pertes de Peau,Zone Recevant les Pertes Thermiques de l'Enveloppe,Y,Y
Zone or Space Name,Nombre del Nodo de Aire de Suministro de la Zona,Nombre de Zona o Espacio,Nom de la zone ou de l'espace,Nom de la zone ou de l'espace,Y,
Zone or ZoneList Name,Lista de Unidades Terminales de Zona,Nombre de Zona o Lista de Zonas,Nom de Zone ou Liste de Zones,Nom de la zone ou de la liste de zones,Y,Y
Zone Outside Convection Algorithm,Algoritmo de Convección Exterior de Zona,Algoritmo de Convección Exterior de la Zona,Algorithme de Convection Extérieure de Zone,Algorithme de convection extérieure de la zone,Y,Y
Zone Radiant Exchange Algorithm,Pasos de Tiempo de Zona en la Ventana de Promediado,Algoritmo de Intercambio Radiante en Zona,Algorithme d'échange radiatif de zone,Algorithme d'échange radiatif de zone,Y,
Zone Relief Air Node Name,Longitud Total de Haz de Zona,Nombre del Nodo de Aire de Alivio de la Zona,Nom du Nœud d'Air de Soulagement de Zone,Nom du Nœud d'Air de Soulagement de Zone,Y,
Zone Return Air Port List,Objeto de Ventilación de Zona,Lista de Puertos de Aire de Retorno de Zona,Liste des Ports d'Air de Retour de Zone,Liste des ports d'air de retour de zone,Y,Y
Zone Secondary Recirculation Fraction,Tiempo de Temperatura de Punto de Rocío de Entrada de Aire por Encima del Rango de Operación de ITE,Fracción de Recirculación Secundaria de la Zona,Fraction de Recirculation Secondaire de Zone,Fraction de Recirculation Secondaire de Zone,Y,
Zone Supply Air Node Name,Tiempo con Temperatura de Punto de Rocío en Entrada de Aire por Debajo del Rango de Funcionamiento para Cualquier ITE,Nombre del Nodo de Suministro de Aire a la Zona,Nom du nœud d'air de distribution de la zone,Nom du nœud de fourniture d'air à la zone,Y,Y
Zone Terminal Unit Cooling Minimum Air Flow Fraction,Fracción de Caudal Mínimo de Enfriamiento de la Unidad Terminal de Zona,Fracción Mínima de Flujo de Aire en Enfriamiento de Unidad Terminal de Zona,Fraction minimale du débit d'air de refroidissement de l'unité terminale de zone,Fraction minimale de débit d'air de refroidissement de l'unité terminale de zone,Y,Y
Zone Terminal Unit Heating Minimum Air Flow Fraction,Fracción de Caudal Mínimo de Calefacción de la Unidad Terminal de Zona,Fracción Mínima de Flujo de Aire de Calefacción de Unidad Terminal de Zona,Fraction d'air minimum du débit de chauffage de l'unité terminale de zone,Fraction minimale du débit d'air de chauffage de l'unité terminale de zone,Y,Y
Zone Terminal Unit List,Tiempo de Temperatura de Bulbo Seco de Entrada de Aire por Encima del Rango de Operación de ITE,Lista de Unidades Terminales de Zona,Liste des unités terminales de zone,Liste d'unités terminales de zone,Y,Y
Zone Terminal Unit Off Parasitic Electric Energy Use,Uso de Energía Eléctrica Parásita en Ciclo Inactivo de la Unidad Terminal,Consumo Eléctrico Parásito de la Unidad Terminal en Reposo,Zone Terminal Unit Off Parasitic Electric Energy Use,Consommation électrique parasite de l'unité terminale en arrêt,Y,Y
Zone Terminal Unit On Parasitic Electric Energy Use,Uso de Energía Eléctrica Parásita en Ciclo Activo de la Unidad Terminal,Consumo de Energía Eléctrica Parásita de la Unidad Terminal en Operación,Zone Terminal Unit On Parasitic Electric Energy Use,Consommation électrique parasite de l'unité terminale en fonctionnement,Y,Y
Zone Timesteps in Averaging Window,Tiempo con Temperatura de Bulbo Seco de Entrada de Aire por Debajo del Rango de Operación ITE,Pasos de tiempo de zona en la ventana de promediación,Pas de temps de zone dans la fenêtre de moyennage,Pas de temps de zone dans la fenêtre de moyenne,Y,Y
Zone Total Beam Length,Tiempo Excedido de Rango Operativo de Entrada de Aire ITE,Longitud Total de Radiación Directa de la Zona,Longueur totale du faisceau de la zone,Longueur totale des rayons directs de la zone,Y,Y
ZoneVentilation Object,Tiempo de Humedad Relativa del Aire de Entrada por Encima del Rango de Funcionamiento de ITE,Objeto de Ventilación de Zona,Objet ZoneVentilation,Objet Ventilation de Zone,Y,Y
