English Variable,Category,Sub-Category,Measurement,Formatted
Air System Component Model Simulation Calls,Air System,,Component Model Simulation Calls,Air System: Component Model Simulation Calls
Air System Mixed Air Mass Flow Rate,Air System,,Mixed Air Mass Flow Rate,Air System: Mixed Air Mass Flow Rate
Air System Outdoor Air Economizer Status,Air System,,Outdoor Air Economizer Status,Air System: Outdoor Air Economizer Status
Air System Outdoor Air Flow Fraction,Air System,,Outdoor Air Flow Fraction,Air System: Outdoor Air Flow Fraction
Air System Outdoor Air Heat Recovery Bypass Heating Coil Activity Status,Air System,,Outdoor Air Heat Recovery Bypass Heating Coil Activity Status,Air System: Outdoor Air Heat Recovery Bypass Heating Coil Activity Status
Air System Outdoor Air Heat Recovery Bypass Minimum Outdoor Air Mixed Air Temperature,Air System,,Outdoor Air Heat Recovery Bypass Minimum Outdoor Air Mixed Air Temperature,Air System: Outdoor Air Heat Recovery Bypass Minimum Outdoor Air Mixed Air Temperature
Air System Outdoor Air Heat Recovery Bypass Status,Air System,,Outdoor Air Heat Recovery Bypass Status,Air System: Outdoor Air Heat Recovery Bypass Status
Air System Outdoor Air High Humidity Control Status,Air System,,Outdoor Air High Humidity Control Status,Air System: Outdoor Air High Humidity Control Status
Air System Outdoor Air Mass Flow Rate,Air System,,Outdoor Air Mass Flow Rate,Air System: Outdoor Air Mass Flow Rate
Air System Outdoor Air Maximum Flow Fraction,Air System,,Outdoor Air Maximum Flow Fraction,Air System: Outdoor Air Maximum Flow Fraction
Air System Outdoor Air Mechanical Ventilation Requested Mass Flow Rate,Air System,,Outdoor Air Mechanical Ventilation Requested Mass Flow Rate,Air System: Outdoor Air Mechanical Ventilation Requested Mass Flow Rate
Air System Outdoor Air Minimum Flow Fraction,Air System,,Outdoor Air Minimum Flow Fraction,Air System: Outdoor Air Minimum Flow Fraction
Air System Simulation Cycle On Off Status,Air System,,Simulation Cycle On Off Status,Air System: Simulation Cycle On Off Status
Air System Simulation Iteration Count,Air System,,Simulation Iteration Count,Air System: Simulation Iteration Count
Air System Simulation Maximum Iteration Count,Air System,,Simulation Maximum Iteration Count,Air System: Simulation Maximum Iteration Count
Air System Solver Iteration Count,Air System,,Solver Iteration Count,Air System: Solver Iteration Count
Baseboard Convective Heating Energy,Baseboard,,Convective Heating Energy,Baseboard: Convective Heating Energy
Baseboard Convective Heating Rate,Baseboard,,Convective Heating Rate,Baseboard: Convective Heating Rate
Baseboard Electricity Energy,Baseboard,,Electricity Energy,Baseboard: Electricity Energy
Baseboard Electricity Rate,Baseboard,,Electricity Rate,Baseboard: Electricity Rate
Baseboard Radiant Heating Energy,Baseboard,,Radiant Heating Energy,Baseboard: Radiant Heating Energy
Baseboard Radiant Heating Rate,Baseboard,,Radiant Heating Rate,Baseboard: Radiant Heating Rate
Baseboard Total Heating Energy,Baseboard,,Total Heating Energy,Baseboard: Total Heating Energy
Baseboard Total Heating Rate,Baseboard,,Total Heating Rate,Baseboard: Total Heating Rate
Boiler Ancillary Electricity Energy,Boiler,,Ancillary Electricity Energy,Boiler: Ancillary Electricity Energy
Boiler Coal Energy,Boiler,,Coal Energy,Boiler: Coal Energy
Boiler Coal Rate,Boiler,,Coal Rate,Boiler: Coal Rate
Boiler Diesel Energy,Boiler,,Diesel Energy,Boiler: Diesel Energy
Boiler Diesel Rate,Boiler,,Diesel Rate,Boiler: Diesel Rate
Boiler Electricity Energy,Boiler,,Electricity Energy,Boiler: Electricity Energy
Boiler Electricity Rate,Boiler,,Electricity Rate,Boiler: Electricity Rate
Boiler FuelOilNo1 Energy,Boiler,,FuelOilNo1 Energy,Boiler: FuelOilNo1 Energy
Boiler FuelOilNo1 Rate,Boiler,,FuelOilNo1 Rate,Boiler: FuelOilNo1 Rate
Boiler FuelOilNo2 Energy,Boiler,,FuelOilNo2 Energy,Boiler: FuelOilNo2 Energy
Boiler FuelOilNo2 Rate,Boiler,,FuelOilNo2 Rate,Boiler: FuelOilNo2 Rate
Boiler Gasoline Energy,Boiler,,Gasoline Energy,Boiler: Gasoline Energy
Boiler Gasoline Rate,Boiler,,Gasoline Rate,Boiler: Gasoline Rate
Boiler Heating Energy,Boiler,,Heating Energy,Boiler: Heating Energy
Boiler Heating Rate,Boiler,,Heating Rate,Boiler: Heating Rate
Boiler Inlet Temperature,Boiler,,Inlet Temperature,Boiler: Inlet Temperature
Boiler Mass Flow Rate,Boiler,,Mass Flow Rate,Boiler: Mass Flow Rate
Boiler NaturalGas Energy,Boiler,,NaturalGas Energy,Boiler: NaturalGas Energy
Boiler NaturalGas Rate,Boiler,,NaturalGas Rate,Boiler: NaturalGas Rate
Boiler OtherFuel1 Energy,Boiler,,OtherFuel1 Energy,Boiler: OtherFuel1 Energy
Boiler OtherFuel1 Rate,Boiler,,OtherFuel1 Rate,Boiler: OtherFuel1 Rate
Boiler OtherFuel2 Energy,Boiler,,OtherFuel2 Energy,Boiler: OtherFuel2 Energy
Boiler OtherFuel2 Rate,Boiler,,OtherFuel2 Rate,Boiler: OtherFuel2 Rate
Boiler Outlet Temperature,Boiler,,Outlet Temperature,Boiler: Outlet Temperature
Boiler Parasitic Electric Power,Boiler,,Parasitic Electric Power,Boiler: Parasitic Electric Power
Boiler Part Load Ratio,Boiler,,Part Load Ratio,Boiler: Part Load Ratio
Boiler Propane Energy,Boiler,,Propane Energy,Boiler: Propane Energy
Boiler Propane Rate,Boiler,,Propane Rate,Boiler: Propane Rate
Chilled Water Thermal Storage Tank Final Tank Temperature,Chilled Water Thermal Storage Tank,,Final Tank Temperature,Chilled Water Thermal Storage Tank: Final Tank Temperature
Chilled Water Thermal Storage Tank Final Temperature Node 1,Chilled Water Thermal Storage Tank,,Final Temperature Node 1,Chilled Water Thermal Storage Tank: Final Temperature Node 1
Chilled Water Thermal Storage Tank Final Temperature Node 10,Chilled Water Thermal Storage Tank,,Final Temperature Node 10,Chilled Water Thermal Storage Tank: Final Temperature Node 10
Chilled Water Thermal Storage Tank Final Temperature Node 11,Chilled Water Thermal Storage Tank,,Final Temperature Node 11,Chilled Water Thermal Storage Tank: Final Temperature Node 11
Chilled Water Thermal Storage Tank Final Temperature Node 12,Chilled Water Thermal Storage Tank,,Final Temperature Node 12,Chilled Water Thermal Storage Tank: Final Temperature Node 12
Chilled Water Thermal Storage Tank Final Temperature Node 2,Chilled Water Thermal Storage Tank,,Final Temperature Node 2,Chilled Water Thermal Storage Tank: Final Temperature Node 2
Chilled Water Thermal Storage Tank Final Temperature Node 3,Chilled Water Thermal Storage Tank,,Final Temperature Node 3,Chilled Water Thermal Storage Tank: Final Temperature Node 3
Chilled Water Thermal Storage Tank Final Temperature Node 4,Chilled Water Thermal Storage Tank,,Final Temperature Node 4,Chilled Water Thermal Storage Tank: Final Temperature Node 4
Chilled Water Thermal Storage Tank Final Temperature Node 5,Chilled Water Thermal Storage Tank,,Final Temperature Node 5,Chilled Water Thermal Storage Tank: Final Temperature Node 5
Chilled Water Thermal Storage Tank Final Temperature Node 6,Chilled Water Thermal Storage Tank,,Final Temperature Node 6,Chilled Water Thermal Storage Tank: Final Temperature Node 6
Chilled Water Thermal Storage Tank Final Temperature Node 7,Chilled Water Thermal Storage Tank,,Final Temperature Node 7,Chilled Water Thermal Storage Tank: Final Temperature Node 7
Chilled Water Thermal Storage Tank Final Temperature Node 8,Chilled Water Thermal Storage Tank,,Final Temperature Node 8,Chilled Water Thermal Storage Tank: Final Temperature Node 8
Chilled Water Thermal Storage Tank Final Temperature Node 9,Chilled Water Thermal Storage Tank,,Final Temperature Node 9,Chilled Water Thermal Storage Tank: Final Temperature Node 9
Chilled Water Thermal Storage Tank Heat Gain Energy,Chilled Water Thermal Storage Tank,,Heat Gain Energy,Chilled Water Thermal Storage Tank: Heat Gain Energy
Chilled Water Thermal Storage Tank Heat Gain Rate,Chilled Water Thermal Storage Tank,,Heat Gain Rate,Chilled Water Thermal Storage Tank: Heat Gain Rate
Chilled Water Thermal Storage Tank Source Side Heat Transfer Energy,Chilled Water Thermal Storage Tank,,Source Side Heat Transfer Energy,Chilled Water Thermal Storage Tank: Source Side Heat Transfer Energy
Chilled Water Thermal Storage Tank Source Side Heat Transfer Rate,Chilled Water Thermal Storage Tank,,Source Side Heat Transfer Rate,Chilled Water Thermal Storage Tank: Source Side Heat Transfer Rate
Chilled Water Thermal Storage Tank Source Side Inlet Temperature,Chilled Water Thermal Storage Tank,,Source Side Inlet Temperature,Chilled Water Thermal Storage Tank: Source Side Inlet Temperature
Chilled Water Thermal Storage Tank Source Side Mass Flow Rate,Chilled Water Thermal Storage Tank,,Source Side Mass Flow Rate,Chilled Water Thermal Storage Tank: Source Side Mass Flow Rate
Chilled Water Thermal Storage Tank Source Side Outlet Temperature,Chilled Water Thermal Storage Tank,,Source Side Outlet Temperature,Chilled Water Thermal Storage Tank: Source Side Outlet Temperature
Chilled Water Thermal Storage Tank Temperature,Chilled Water Thermal Storage Tank,,Temperature,Chilled Water Thermal Storage Tank: Temperature
Chilled Water Thermal Storage Tank Temperature Node 1,Chilled Water Thermal Storage Tank,,Temperature Node 1,Chilled Water Thermal Storage Tank: Temperature Node 1
Chilled Water Thermal Storage Tank Temperature Node 10,Chilled Water Thermal Storage Tank,,Temperature Node 10,Chilled Water Thermal Storage Tank: Temperature Node 10
Chilled Water Thermal Storage Tank Temperature Node 11,Chilled Water Thermal Storage Tank,,Temperature Node 11,Chilled Water Thermal Storage Tank: Temperature Node 11
Chilled Water Thermal Storage Tank Temperature Node 12,Chilled Water Thermal Storage Tank,,Temperature Node 12,Chilled Water Thermal Storage Tank: Temperature Node 12
Chilled Water Thermal Storage Tank Temperature Node 2,Chilled Water Thermal Storage Tank,,Temperature Node 2,Chilled Water Thermal Storage Tank: Temperature Node 2
Chilled Water Thermal Storage Tank Temperature Node 3,Chilled Water Thermal Storage Tank,,Temperature Node 3,Chilled Water Thermal Storage Tank: Temperature Node 3
Chilled Water Thermal Storage Tank Temperature Node 4,Chilled Water Thermal Storage Tank,,Temperature Node 4,Chilled Water Thermal Storage Tank: Temperature Node 4
Chilled Water Thermal Storage Tank Temperature Node 5,Chilled Water Thermal Storage Tank,,Temperature Node 5,Chilled Water Thermal Storage Tank: Temperature Node 5
Chilled Water Thermal Storage Tank Temperature Node 6,Chilled Water Thermal Storage Tank,,Temperature Node 6,Chilled Water Thermal Storage Tank: Temperature Node 6
Chilled Water Thermal Storage Tank Temperature Node 7,Chilled Water Thermal Storage Tank,,Temperature Node 7,Chilled Water Thermal Storage Tank: Temperature Node 7
Chilled Water Thermal Storage Tank Temperature Node 8,Chilled Water Thermal Storage Tank,,Temperature Node 8,Chilled Water Thermal Storage Tank: Temperature Node 8
Chilled Water Thermal Storage Tank Temperature Node 9,Chilled Water Thermal Storage Tank,,Temperature Node 9,Chilled Water Thermal Storage Tank: Temperature Node 9
Chilled Water Thermal Storage Tank Use Side Heat Transfer Energy,Chilled Water Thermal Storage Tank,,Use Side Heat Transfer Energy,Chilled Water Thermal Storage Tank: Use Side Heat Transfer Energy
Chilled Water Thermal Storage Tank Use Side Heat Transfer Rate,Chilled Water Thermal Storage Tank,,Use Side Heat Transfer Rate,Chilled Water Thermal Storage Tank: Use Side Heat Transfer Rate
Chilled Water Thermal Storage Tank Use Side Inlet Temperature,Chilled Water Thermal Storage Tank,,Use Side Inlet Temperature,Chilled Water Thermal Storage Tank: Use Side Inlet Temperature
Chilled Water Thermal Storage Tank Use Side Mass Flow Rate,Chilled Water Thermal Storage Tank,,Use Side Mass Flow Rate,Chilled Water Thermal Storage Tank: Use Side Mass Flow Rate
Chilled Water Thermal Storage Tank Use Side Outlet Temperature,Chilled Water Thermal Storage Tank,,Use Side Outlet Temperature,Chilled Water Thermal Storage Tank: Use Side Outlet Temperature
Chiller Basin Heater Electricity Energy,Chiller,,Basin Heater Electricity Energy,Chiller: Basin Heater Electricity Energy
Chiller Basin Heater Electricity Rate,Chiller,,Basin Heater Electricity Rate,Chiller: Basin Heater Electricity Rate
Chiller COP,Chiller,,COP,Chiller: COP
Chiller Capacity Temperature Modifier Multiplier,Chiller,,Capacity Temperature Modifier Multiplier,Chiller: Capacity Temperature Modifier Multiplier
Chiller Condenser Fan Electricity Energy,Chiller,,Condenser Fan Electricity Energy,Chiller: Condenser Fan Electricity Energy
Chiller Condenser Fan Electricity Rate,Chiller,,Condenser Fan Electricity Rate,Chiller: Condenser Fan Electricity Rate
Chiller Condenser Heat Transfer Energy,Chiller,,Condenser Heat Transfer Energy,Chiller: Condenser Heat Transfer Energy
Chiller Condenser Heat Transfer Rate,Chiller,,Condenser Heat Transfer Rate,Chiller: Condenser Heat Transfer Rate
Chiller Condenser Inlet Temperature,Chiller,,Condenser Inlet Temperature,Chiller: Condenser Inlet Temperature
Chiller Condenser Mass Flow Rate,Chiller,,Condenser Mass Flow Rate,Chiller: Condenser Mass Flow Rate
Chiller Condenser Outlet Temperature,Chiller,,Condenser Outlet Temperature,Chiller: Condenser Outlet Temperature
Chiller Cycling Ratio,Chiller,,Cycling Ratio,Chiller: Cycling Ratio
Chiller EIR Part Load Modifier Multiplier,Chiller,,EIR Part Load Modifier Multiplier,Chiller: EIR Part Load Modifier Multiplier
Chiller EIR Temperature Modifier Multiplier,Chiller,,EIR Temperature Modifier Multiplier,Chiller: EIR Temperature Modifier Multiplier
Chiller Effective Heat Rejection Temperature,Chiller,,Effective Heat Rejection Temperature,Chiller: Effective Heat Rejection Temperature
Chiller Electricity Energy,Chiller,,Electricity Energy,Chiller: Electricity Energy
Chiller Electricity Rate,Chiller,,Electricity Rate,Chiller: Electricity Rate
Chiller Evaporative Condenser Mains Supply Water Volume,Chiller,,Evaporative Condenser Mains Supply Water Volume,Chiller: Evaporative Condenser Mains Supply Water Volume
Chiller Evaporative Condenser Water Volume,Chiller,,Evaporative Condenser Water Volume,Chiller: Evaporative Condenser Water Volume
Chiller Evaporator Cooling Energy,Chiller,,Evaporator Cooling Energy,Chiller: Evaporator Cooling Energy
Chiller Evaporator Cooling Rate,Chiller,,Evaporator Cooling Rate,Chiller: Evaporator Cooling Rate
Chiller Evaporator Inlet Temperature,Chiller,,Evaporator Inlet Temperature,Chiller: Evaporator Inlet Temperature
Chiller Evaporator Mass Flow Rate,Chiller,,Evaporator Mass Flow Rate,Chiller: Evaporator Mass Flow Rate
Chiller Evaporator Outlet Temperature,Chiller,,Evaporator Outlet Temperature,Chiller: Evaporator Outlet Temperature
Chiller False Load Heat Transfer Energy,Chiller,,False Load Heat Transfer Energy,Chiller: False Load Heat Transfer Energy
Chiller False Load Heat Transfer Rate,Chiller,,False Load Heat Transfer Rate,Chiller: False Load Heat Transfer Rate
Chiller Heat Recovery Inlet Temperature,Chiller,,Heat Recovery Inlet Temperature,Chiller: Heat Recovery Inlet Temperature
Chiller Heat Recovery Mass Flow Rate,Chiller,,Heat Recovery Mass Flow Rate,Chiller: Heat Recovery Mass Flow Rate
Chiller Heat Recovery Outlet Temperature,Chiller,,Heat Recovery Outlet Temperature,Chiller: Heat Recovery Outlet Temperature
Chiller Hot Water Mass Flow Rate,Chiller,,Hot Water Mass Flow Rate,Chiller: Hot Water Mass Flow Rate
Chiller Part Load Ratio,Chiller,,Part Load Ratio,Chiller: Part Load Ratio
Chiller Part-Load Ratio,Chiller,,Part-Load Ratio,Chiller: Part-Load Ratio
Chiller Source Hot Water Energy,Chiller,,Source Hot Water Energy,Chiller: Source Hot Water Energy
Chiller Source Hot Water Rate,Chiller,,Source Hot Water Rate,Chiller: Source Hot Water Rate
Chiller Source Steam Energy,Chiller,,Source Steam Energy,Chiller: Source Steam Energy
Chiller Source Steam Rate,Chiller,,Source Steam Rate,Chiller: Source Steam Rate
Chiller Steam Heat Loss Rate,Chiller,,Steam Heat Loss Rate,Chiller: Steam Heat Loss Rate
Chiller Steam Mass Flow Rate,Chiller,,Steam Mass Flow Rate,Chiller: Steam Mass Flow Rate
Chiller Total Recovered Heat Energy,Chiller,,Total Recovered Heat Energy,Chiller: Total Recovered Heat Energy
Chiller Total Recovered Heat Rate,Chiller,,Total Recovered Heat Rate,Chiller: Total Recovered Heat Rate
Cooling Coil Air Inlet Humidity Ratio,Cooling Coil,,Air Inlet Humidity Ratio,Cooling Coil: Air Inlet Humidity Ratio
Cooling Coil Air Inlet Temperature,Cooling Coil,,Air Inlet Temperature,Cooling Coil: Air Inlet Temperature
Cooling Coil Air Mass Flow Rate,Cooling Coil,,Air Mass Flow Rate,Cooling Coil: Air Mass Flow Rate
Cooling Coil Air Outlet Humidity Ratio,Cooling Coil,,Air Outlet Humidity Ratio,Cooling Coil: Air Outlet Humidity Ratio
Cooling Coil Air Outlet Temperature,Cooling Coil,,Air Outlet Temperature,Cooling Coil: Air Outlet Temperature
Cooling Coil Basin Heater Electricity Energy,Cooling Coil,,Basin Heater Electricity Energy,Cooling Coil: Basin Heater Electricity Energy
Cooling Coil Basin Heater Electricity Rate,Cooling Coil,,Basin Heater Electricity Rate,Cooling Coil: Basin Heater Electricity Rate
Cooling Coil Condensate Volume,Cooling Coil,,Condensate Volume,Cooling Coil: Condensate Volume
Cooling Coil Condensate Volume Flow Rate,Cooling Coil,,Condensate Volume Flow Rate,Cooling Coil: Condensate Volume Flow Rate
Cooling Coil Condenser Inlet Temperature,Cooling Coil,,Condenser Inlet Temperature,Cooling Coil: Condenser Inlet Temperature
Cooling Coil Crankcase Heater Electricity Energy,Cooling Coil,,Crankcase Heater Electricity Energy,Cooling Coil: Crankcase Heater Electricity Energy
Cooling Coil Crankcase Heater Electricity Rate,Cooling Coil,,Crankcase Heater Electricity Rate,Cooling Coil: Crankcase Heater Electricity Rate
Cooling Coil Electricity Energy,Cooling Coil,,Electricity Energy,Cooling Coil: Electricity Energy
Cooling Coil Electricity Rate,Cooling Coil,,Electricity Rate,Cooling Coil: Electricity Rate
Cooling Coil Evaporative Condenser Mains Supply Water Volume,Cooling Coil,,Evaporative Condenser Mains Supply Water Volume,Cooling Coil: Evaporative Condenser Mains Supply Water Volume
Cooling Coil Evaporative Condenser Mains Water Volume,Cooling Coil,,Evaporative Condenser Mains Water Volume,Cooling Coil: Evaporative Condenser Mains Water Volume
Cooling Coil Evaporative Condenser Pump Electricity Energy,Cooling Coil,,Evaporative Condenser Pump Electricity Energy,Cooling Coil: Evaporative Condenser Pump Electricity Energy
Cooling Coil Evaporative Condenser Pump Electricity Rate,Cooling Coil,,Evaporative Condenser Pump Electricity Rate,Cooling Coil: Evaporative Condenser Pump Electricity Rate
Cooling Coil Evaporative Condenser Water Volume,Cooling Coil,,Evaporative Condenser Water Volume,Cooling Coil: Evaporative Condenser Water Volume
Cooling Coil Latent Cooling Energy,Cooling Coil,,Latent Cooling Energy,Cooling Coil: Latent Cooling Energy
Cooling Coil Latent Cooling Rate,Cooling Coil,,Latent Cooling Rate,Cooling Coil: Latent Cooling Rate
Cooling Coil Neighboring Speed Levels Ratio,Cooling Coil,,Neighboring Speed Levels Ratio,Cooling Coil: Neighboring Speed Levels Ratio
Cooling Coil Part Load Ratio,Cooling Coil,,Part Load Ratio,Cooling Coil: Part Load Ratio
Cooling Coil Runtime Fraction,Cooling Coil,,Runtime Fraction,Cooling Coil: Runtime Fraction
Cooling Coil Sensible Cooling Energy,Cooling Coil,,Sensible Cooling Energy,Cooling Coil: Sensible Cooling Energy
Cooling Coil Sensible Cooling Rate,Cooling Coil,,Sensible Cooling Rate,Cooling Coil: Sensible Cooling Rate
Cooling Coil Source Side Heat Transfer Energy,Cooling Coil,,Source Side Heat Transfer Energy,Cooling Coil: Source Side Heat Transfer Energy
Cooling Coil Source Side Heat Transfer Rate,Cooling Coil,,Source Side Heat Transfer Rate,Cooling Coil: Source Side Heat Transfer Rate
Cooling Coil Total Cooling Energy,Cooling Coil,,Total Cooling Energy,Cooling Coil: Total Cooling Energy
Cooling Coil Total Cooling Rate,Cooling Coil,,Total Cooling Rate,Cooling Coil: Total Cooling Rate
Cooling Coil Upper Speed Level,Cooling Coil,,Upper Speed Level,Cooling Coil: Upper Speed Level
Cooling Coil Wetted Area Fraction,Cooling Coil,,Wetted Area Fraction,Cooling Coil: Wetted Area Fraction
Cooling Panel Convective Cooling Energy,Cooling Panel,,Convective Cooling Energy,Cooling Panel: Convective Cooling Energy
Cooling Panel Convective Cooling Rate,Cooling Panel,,Convective Cooling Rate,Cooling Panel: Convective Cooling Rate
Cooling Panel Radiant Cooling Energy,Cooling Panel,,Radiant Cooling Energy,Cooling Panel: Radiant Cooling Energy
Cooling Panel Radiant Cooling Rate,Cooling Panel,,Radiant Cooling Rate,Cooling Panel: Radiant Cooling Rate
Cooling Panel Total Cooling Energy,Cooling Panel,,Total Cooling Energy,Cooling Panel: Total Cooling Energy
Cooling Panel Total Cooling Rate,Cooling Panel,,Total Cooling Rate,Cooling Panel: Total Cooling Rate
Cooling Panel Total System Cooling Energy,Cooling Panel,,Total System Cooling Energy,Cooling Panel: Total System Cooling Energy
Cooling Panel Total System Cooling Rate,Cooling Panel,,Total System Cooling Rate,Cooling Panel: Total System Cooling Rate
Cooling Tower Air Flow Rate Ratio,Cooling Tower,,Air Flow Rate Ratio,Cooling Tower: Air Flow Rate Ratio
Cooling Tower Basin Heater Electric Energy,Cooling Tower,,Basin Heater Electric Energy,Cooling Tower: Basin Heater Electric Energy
Cooling Tower Basin Heater Electricity Rate,Cooling Tower,,Basin Heater Electricity Rate,Cooling Tower: Basin Heater Electricity Rate
Cooling Tower Bypass Fraction,Cooling Tower,,Bypass Fraction,Cooling Tower: Bypass Fraction
Cooling Tower Fan Cycling Ratio,Cooling Tower,,Fan Cycling Ratio,Cooling Tower: Fan Cycling Ratio
Cooling Tower Fan Electricity Energy,Cooling Tower,,Fan Electricity Energy,Cooling Tower: Fan Electricity Energy
Cooling Tower Fan Electricity Rate,Cooling Tower,,Fan Electricity Rate,Cooling Tower: Fan Electricity Rate
Cooling Tower Fan Part Load Ratio,Cooling Tower,,Fan Part Load Ratio,Cooling Tower: Fan Part Load Ratio
Cooling Tower Fan Speed Level,Cooling Tower,,Fan Speed Level,Cooling Tower: Fan Speed Level
Cooling Tower Heat Transfer Rate,Cooling Tower,,Heat Transfer Rate,Cooling Tower: Heat Transfer Rate
Cooling Tower Inlet Temperature,Cooling Tower,,Inlet Temperature,Cooling Tower: Inlet Temperature
Cooling Tower Make Up Mains Water Volume,Cooling Tower,,Make Up Mains Water Volume,Cooling Tower: Make Up Mains Water Volume
Cooling Tower Make Up Water Volume,Cooling Tower,,Make Up Water Volume,Cooling Tower: Make Up Water Volume
Cooling Tower Make Up Water Volume Flow Rate,Cooling Tower,,Make Up Water Volume Flow Rate,Cooling Tower: Make Up Water Volume Flow Rate
Cooling Tower Mass Flow Rate,Cooling Tower,,Mass Flow Rate,Cooling Tower: Mass Flow Rate
Cooling Tower Operating Cells Count,Cooling Tower,,Operating Cells Count,Cooling Tower: Operating Cells Count
Cooling Tower Outlet Temperature,Cooling Tower,,Outlet Temperature,Cooling Tower: Outlet Temperature
Daylighting Lighting Power Multiplier,Daylighting,,Lighting Power Multiplier,Daylighting: Lighting Power Multiplier
Daylighting Reference Point 1 Daylight Illuminance Setpoint Exceeded Time,Daylighting,,Reference Point 1 Daylight Illuminance Setpoint Exceeded Time,Daylighting: Reference Point 1 Daylight Illuminance Setpoint Exceeded Time
Daylighting Reference Point 1 Glare Index,Daylighting,,Reference Point 1 Glare Index,Daylighting: Reference Point 1 Glare Index
Daylighting Reference Point 1 Glare Index Setpoint Exceeded Time,Daylighting,,Reference Point 1 Glare Index Setpoint Exceeded Time,Daylighting: Reference Point 1 Glare Index Setpoint Exceeded Time
Daylighting Reference Point 1 Illuminance,Daylighting,,Reference Point 1 Illuminance,Daylighting: Reference Point 1 Illuminance
Daylighting Reference Point 2 Daylight Illuminance Setpoint Exceeded Time,Daylighting,,Reference Point 2 Daylight Illuminance Setpoint Exceeded Time,Daylighting: Reference Point 2 Daylight Illuminance Setpoint Exceeded Time
Daylighting Reference Point 2 Glare Index,Daylighting,,Reference Point 2 Glare Index,Daylighting: Reference Point 2 Glare Index
Daylighting Reference Point 2 Glare Index Setpoint Exceeded Time,Daylighting,,Reference Point 2 Glare Index Setpoint Exceeded Time,Daylighting: Reference Point 2 Glare Index Setpoint Exceeded Time
Daylighting Reference Point 2 Illuminance,Daylighting,,Reference Point 2 Illuminance,Daylighting: Reference Point 2 Illuminance
Debug Plant Last Simulated Loop Side,Debug,,Plant Last Simulated Loop Side,Debug: Plant Last Simulated Loop Side
Debug Plant Loop Bypass Fraction,Debug,,Plant Loop Bypass Fraction,Debug: Plant Loop Bypass Fraction
District Cooling Water Energy,District Cooling Water,,Energy,District Cooling Water: Energy
District Cooling Water Inlet Temperature,District Cooling Water,,Inlet Temperature,District Cooling Water: Inlet Temperature
District Cooling Water Mass Flow Rate,District Cooling Water,,Mass Flow Rate,District Cooling Water: Mass Flow Rate
District Cooling Water Outlet Temperature,District Cooling Water,,Outlet Temperature,District Cooling Water: Outlet Temperature
District Cooling Water Rate,District Cooling Water,,Rate,District Cooling Water: Rate
District Heating Water Energy,District Heating Water,,Energy,District Heating Water: Energy
District Heating Water Inlet Temperature,District Heating Water,,Inlet Temperature,District Heating Water: Inlet Temperature
District Heating Water Mass Flow Rate,District Heating Water,,Mass Flow Rate,District Heating Water: Mass Flow Rate
District Heating Water Outlet Temperature,District Heating Water,,Outlet Temperature,District Heating Water: Outlet Temperature
District Heating Water Rate,District Heating Water,,Rate,District Heating Water: Rate
Electric Load Center Produced Electricity Energy,Electric Load Center,,Produced Electricity Energy,Electric Load Center: Produced Electricity Energy
Electric Load Center Produced Electricity Rate,Electric Load Center,,Produced Electricity Rate,Electric Load Center: Produced Electricity Rate
Electric Load Center Produced Thermal Energy,Electric Load Center,,Produced Thermal Energy,Electric Load Center: Produced Thermal Energy
Electric Load Center Produced Thermal Rate,Electric Load Center,,Produced Thermal Rate,Electric Load Center: Produced Thermal Rate
Electric Load Center Requested Electricity Rate,Electric Load Center,,Requested Electricity Rate,Electric Load Center: Requested Electricity Rate
Evaporative Cooler Dewpoint Bound Status,Evaporative Cooler,,Dewpoint Bound Status,Evaporative Cooler: Dewpoint Bound Status
Evaporative Cooler Electricity Energy,Evaporative Cooler,,Electricity Energy,Evaporative Cooler: Electricity Energy
Evaporative Cooler Electricity Rate,Evaporative Cooler,,Electricity Rate,Evaporative Cooler: Electricity Rate
Evaporative Cooler Mains Water Volume,Evaporative Cooler,,Mains Water Volume,Evaporative Cooler: Mains Water Volume
Evaporative Cooler Operating Mode Satus,Evaporative Cooler,,Operating Mode Satus,Evaporative Cooler: Operating Mode Satus
Evaporative Cooler Part Load Ratio,Evaporative Cooler,,Part Load Ratio,Evaporative Cooler: Part Load Ratio
Evaporative Cooler Stage Effectiveness,Evaporative Cooler,,Stage Effectiveness,Evaporative Cooler: Stage Effectiveness
Evaporative Cooler Total Stage Effectiveness,Evaporative Cooler,,Total Stage Effectiveness,Evaporative Cooler: Total Stage Effectiveness
Evaporative Cooler Water Volume,Evaporative Cooler,,Water Volume,Evaporative Cooler: Water Volume
Fan Air Mass Flow Rate,Fan,,Air Mass Flow Rate,Fan: Air Mass Flow Rate
Fan Balanced Air Mass Flow Rate,Fan,,Balanced Air Mass Flow Rate,Fan: Balanced Air Mass Flow Rate
Fan Electricity Energy,Fan,,Electricity Energy,Fan: Electricity Energy
Fan Electricity Rate,Fan,,Electricity Rate,Fan: Electricity Rate
Fan Heat Gain to Air,Fan,,Heat Gain to Air,Fan: Heat Gain to Air
Fan Rise in Air Temperature,Fan,,Rise in Air Temperature,Fan: Rise in Air Temperature
Fan Runtime Fraction,Fan,,Runtime Fraction,Fan: Runtime Fraction
Fan Unbalanced Air Mass Flow Rate,Fan,,Unbalanced Air Mass Flow Rate,Fan: Unbalanced Air Mass Flow Rate
Fluid Heat Exchanger Effectiveness,Fluid Heat Exchanger,,Effectiveness,Fluid Heat Exchanger: Effectiveness
Fluid Heat Exchanger Heat Transfer Energy,Fluid Heat Exchanger,,Heat Transfer Energy,Fluid Heat Exchanger: Heat Transfer Energy
Fluid Heat Exchanger Heat Transfer Rate,Fluid Heat Exchanger,,Heat Transfer Rate,Fluid Heat Exchanger: Heat Transfer Rate
Fluid Heat Exchanger Loop Demand Side Inlet Temperature,Fluid Heat Exchanger,,Loop Demand Side Inlet Temperature,Fluid Heat Exchanger: Loop Demand Side Inlet Temperature
Fluid Heat Exchanger Loop Demand Side Mass Flow Rate,Fluid Heat Exchanger,,Loop Demand Side Mass Flow Rate,Fluid Heat Exchanger: Loop Demand Side Mass Flow Rate
Fluid Heat Exchanger Loop Demand Side Outlet Temperature,Fluid Heat Exchanger,,Loop Demand Side Outlet Temperature,Fluid Heat Exchanger: Loop Demand Side Outlet Temperature
Fluid Heat Exchanger Loop Supply Side Inlet Temperature,Fluid Heat Exchanger,,Loop Supply Side Inlet Temperature,Fluid Heat Exchanger: Loop Supply Side Inlet Temperature
Fluid Heat Exchanger Loop Supply Side Mass Flow Rate,Fluid Heat Exchanger,,Loop Supply Side Mass Flow Rate,Fluid Heat Exchanger: Loop Supply Side Mass Flow Rate
Fluid Heat Exchanger Loop Supply Side Outlet Temperature,Fluid Heat Exchanger,,Loop Supply Side Outlet Temperature,Fluid Heat Exchanger: Loop Supply Side Outlet Temperature
Fluid Heat Exchanger Operation Status,Fluid Heat Exchanger,,Operation Status,Fluid Heat Exchanger: Operation Status
Generator Ancillary Electricity Energy,Generator,,Ancillary Electricity Energy,Generator: Ancillary Electricity Energy
Generator Ancillary Electricity Rate,Generator,,Ancillary Electricity Rate,Generator: Ancillary Electricity Rate
Generator Exhaust Air Mass Flow Rate,Generator,,Exhaust Air Mass Flow Rate,Generator: Exhaust Air Mass Flow Rate
Generator Exhaust Air Temperature,Generator,,Exhaust Air Temperature,Generator: Exhaust Air Temperature
Generator Fuel HHV Basis Energy,Generator,,Fuel HHV Basis Energy,Generator: Fuel HHV Basis Energy
Generator Fuel HHV Basis Rate,Generator,,Fuel HHV Basis Rate,Generator: Fuel HHV Basis Rate
Generator LHV Basis Electric Efficiency,Generator,,LHV Basis Electric Efficiency,Generator: LHV Basis Electric Efficiency
Generator NaturalGas HHV Basis Energy,Generator,,NaturalGas HHV Basis Energy,Generator: NaturalGas HHV Basis Energy
Generator NaturalGas HHV Basis Rate,Generator,,NaturalGas HHV Basis Rate,Generator: NaturalGas HHV Basis Rate
Generator NaturalGas Mass Flow Rate,Generator,,NaturalGas Mass Flow Rate,Generator: NaturalGas Mass Flow Rate
Generator Produced AC Electricity Energy,Generator,,Produced AC Electricity Energy,Generator: Produced AC Electricity Energy
Generator Produced AC Electricity Rate,Generator,,Produced AC Electricity Rate,Generator: Produced AC Electricity Rate
Generator Propane HHV Basis Energy,Generator,,Propane HHV Basis Energy,Generator: Propane HHV Basis Energy
Generator Propane HHV Basis Rate,Generator,,Propane HHV Basis Rate,Generator: Propane HHV Basis Rate
Generator Propane Mass Flow Rate,Generator,,Propane Mass Flow Rate,Generator: Propane Mass Flow Rate
Generator Standby Electric Energy,Generator,,Standby Electric Energy,Generator: Standby Electric Energy
Generator Standby Electricity Rate,Generator,,Standby Electricity Rate,Generator: Standby Electricity Rate
Ground Heat Exchanger Average Borehole Temperature,Ground Heat Exchanger,,Average Borehole Temperature,Ground Heat Exchanger: Average Borehole Temperature
Ground Heat Exchanger Average Fluid Temperature,Ground Heat Exchanger,,Average Fluid Temperature,Ground Heat Exchanger: Average Fluid Temperature
Ground Heat Exchanger Fluid Heat Transfer Rate,Ground Heat Exchanger,,Fluid Heat Transfer Rate,Ground Heat Exchanger: Fluid Heat Transfer Rate
Ground Heat Exchanger Heat Transfer Rate,Ground Heat Exchanger,,Heat Transfer Rate,Ground Heat Exchanger: Heat Transfer Rate
Ground Heat Exchanger Inlet Temperature,Ground Heat Exchanger,,Inlet Temperature,Ground Heat Exchanger: Inlet Temperature
Ground Heat Exchanger Mass Flow Rate,Ground Heat Exchanger,,Mass Flow Rate,Ground Heat Exchanger: Mass Flow Rate
Ground Heat Exchanger Outlet Temperature,Ground Heat Exchanger,,Outlet Temperature,Ground Heat Exchanger: Outlet Temperature
HVAC System Solver Iteration Count,HVAC,,System Solver Iteration Count,HVAC: System Solver Iteration Count
Heat Exchanger Defrost Time Fraction,Heat Exchanger,,Defrost Time Fraction,Heat Exchanger: Defrost Time Fraction
Heat Exchanger Electricity Energy,Heat Exchanger,,Electricity Energy,Heat Exchanger: Electricity Energy
Heat Exchanger Electricity Rate,Heat Exchanger,,Electricity Rate,Heat Exchanger: Electricity Rate
Heat Exchanger Exhaust Air Bypass Mass Flow Rate,Heat Exchanger,,Exhaust Air Bypass Mass Flow Rate,Heat Exchanger: Exhaust Air Bypass Mass Flow Rate
Heat Exchanger Latent Cooling Energy,Heat Exchanger,,Latent Cooling Energy,Heat Exchanger: Latent Cooling Energy
Heat Exchanger Latent Cooling Rate,Heat Exchanger,,Latent Cooling Rate,Heat Exchanger: Latent Cooling Rate
Heat Exchanger Latent Effectiveness,Heat Exchanger,,Latent Effectiveness,Heat Exchanger: Latent Effectiveness
Heat Exchanger Latent Gain Energy,Heat Exchanger,,Latent Gain Energy,Heat Exchanger: Latent Gain Energy
Heat Exchanger Latent Gain Rate,Heat Exchanger,,Latent Gain Rate,Heat Exchanger: Latent Gain Rate
Heat Exchanger Sensible Cooling Energy,Heat Exchanger,,Sensible Cooling Energy,Heat Exchanger: Sensible Cooling Energy
Heat Exchanger Sensible Cooling Rate,Heat Exchanger,,Sensible Cooling Rate,Heat Exchanger: Sensible Cooling Rate
Heat Exchanger Sensible Effectiveness,Heat Exchanger,,Sensible Effectiveness,Heat Exchanger: Sensible Effectiveness
Heat Exchanger Sensible Heating Energy,Heat Exchanger,,Sensible Heating Energy,Heat Exchanger: Sensible Heating Energy
Heat Exchanger Sensible Heating Rate,Heat Exchanger,,Sensible Heating Rate,Heat Exchanger: Sensible Heating Rate
Heat Exchanger Supply Air Bypass Mass Flow Rate,Heat Exchanger,,Supply Air Bypass Mass Flow Rate,Heat Exchanger: Supply Air Bypass Mass Flow Rate
Heat Exchanger Total Cooling Energy,Heat Exchanger,,Total Cooling Energy,Heat Exchanger: Total Cooling Energy
Heat Exchanger Total Cooling Rate,Heat Exchanger,,Total Cooling Rate,Heat Exchanger: Total Cooling Rate
Heat Exchanger Total Heating Energy,Heat Exchanger,,Total Heating Energy,Heat Exchanger: Total Heating Energy
Heat Exchanger Total Heating Rate,Heat Exchanger,,Total Heating Rate,Heat Exchanger: Total Heating Rate
Heating Coil Air Heating Energy,Heating Coil,,Air Heating Energy,Heating Coil: Air Heating Energy
Heating Coil Air Heating Rate,Heating Coil,,Air Heating Rate,Heating Coil: Air Heating Rate
Heating Coil Ancillary Coal Energy,Heating Coil,,Ancillary Coal Energy,Heating Coil: Ancillary Coal Energy
Heating Coil Ancillary Coal Rate,Heating Coil,,Ancillary Coal Rate,Heating Coil: Ancillary Coal Rate
Heating Coil Ancillary Diesel Energy,Heating Coil,,Ancillary Diesel Energy,Heating Coil: Ancillary Diesel Energy
Heating Coil Ancillary Diesel Rate,Heating Coil,,Ancillary Diesel Rate,Heating Coil: Ancillary Diesel Rate
Heating Coil Ancillary FuelOilNo1 Energy,Heating Coil,,Ancillary FuelOilNo1 Energy,Heating Coil: Ancillary FuelOilNo1 Energy
Heating Coil Ancillary FuelOilNo1 Rate,Heating Coil,,Ancillary FuelOilNo1 Rate,Heating Coil: Ancillary FuelOilNo1 Rate
Heating Coil Ancillary FuelOilNo2 Energy,Heating Coil,,Ancillary FuelOilNo2 Energy,Heating Coil: Ancillary FuelOilNo2 Energy
Heating Coil Ancillary FuelOilNo2 Rate,Heating Coil,,Ancillary FuelOilNo2 Rate,Heating Coil: Ancillary FuelOilNo2 Rate
Heating Coil Ancillary Gasoline Energy,Heating Coil,,Ancillary Gasoline Energy,Heating Coil: Ancillary Gasoline Energy
Heating Coil Ancillary Gasoline Rate,Heating Coil,,Ancillary Gasoline Rate,Heating Coil: Ancillary Gasoline Rate
Heating Coil Ancillary NaturalGas Energy,Heating Coil,,Ancillary NaturalGas Energy,Heating Coil: Ancillary NaturalGas Energy
Heating Coil Ancillary NaturalGas Rate,Heating Coil,,Ancillary NaturalGas Rate,Heating Coil: Ancillary NaturalGas Rate
Heating Coil Ancillary OtherFuel1 Energy,Heating Coil,,Ancillary OtherFuel1 Energy,Heating Coil: Ancillary OtherFuel1 Energy
Heating Coil Ancillary OtherFuel1 Rate,Heating Coil,,Ancillary OtherFuel1 Rate,Heating Coil: Ancillary OtherFuel1 Rate
Heating Coil Ancillary OtherFuel2 Energy,Heating Coil,,Ancillary OtherFuel2 Energy,Heating Coil: Ancillary OtherFuel2 Energy
Heating Coil Ancillary OtherFuel2 Rate,Heating Coil,,Ancillary OtherFuel2 Rate,Heating Coil: Ancillary OtherFuel2 Rate
Heating Coil Ancillary Propane Energy,Heating Coil,,Ancillary Propane Energy,Heating Coil: Ancillary Propane Energy
Heating Coil Ancillary Propane Rate,Heating Coil,,Ancillary Propane Rate,Heating Coil: Ancillary Propane Rate
Heating Coil Coal Energy,Heating Coil,,Coal Energy,Heating Coil: Coal Energy
Heating Coil Coal Rate,Heating Coil,,Coal Rate,Heating Coil: Coal Rate
Heating Coil Crankcase Heater Electricity Energy,Heating Coil,,Crankcase Heater Electricity Energy,Heating Coil: Crankcase Heater Electricity Energy
Heating Coil Crankcase Heater Electricity Rate,Heating Coil,,Crankcase Heater Electricity Rate,Heating Coil: Crankcase Heater Electricity Rate
Heating Coil Defrost Electricity Energy,Heating Coil,,Defrost Electricity Energy,Heating Coil: Defrost Electricity Energy
Heating Coil Defrost Electricity Rate,Heating Coil,,Defrost Electricity Rate,Heating Coil: Defrost Electricity Rate
Heating Coil Defrost Gas Energy,Heating Coil,,Defrost Gas Energy,Heating Coil: Defrost Gas Energy
Heating Coil Defrost Gas Rate,Heating Coil,,Defrost Gas Rate,Heating Coil: Defrost Gas Rate
Heating Coil Diesel Energy,Heating Coil,,Diesel Energy,Heating Coil: Diesel Energy
Heating Coil Diesel Rate,Heating Coil,,Diesel Rate,Heating Coil: Diesel Rate
Heating Coil Electricity Energy,Heating Coil,,Electricity Energy,Heating Coil: Electricity Energy
Heating Coil Electricity Rate,Heating Coil,,Electricity Rate,Heating Coil: Electricity Rate
Heating Coil FuelOilNo1 Energy,Heating Coil,,FuelOilNo1 Energy,Heating Coil: FuelOilNo1 Energy
Heating Coil FuelOilNo1 Rate,Heating Coil,,FuelOilNo1 Rate,Heating Coil: FuelOilNo1 Rate
Heating Coil FuelOilNo2 Energy,Heating Coil,,FuelOilNo2 Energy,Heating Coil: FuelOilNo2 Energy
Heating Coil FuelOilNo2 Rate,Heating Coil,,FuelOilNo2 Rate,Heating Coil: FuelOilNo2 Rate
Heating Coil Gasoline Energy,Heating Coil,,Gasoline Energy,Heating Coil: Gasoline Energy
Heating Coil Gasoline Rate,Heating Coil,,Gasoline Rate,Heating Coil: Gasoline Rate
Heating Coil Heating Energy,Heating Coil,,Heating Energy,Heating Coil: Heating Energy
Heating Coil Heating Rate,Heating Coil,,Heating Rate,Heating Coil: Heating Rate
Heating Coil NaturalGas Energy,Heating Coil,,NaturalGas Energy,Heating Coil: NaturalGas Energy
Heating Coil NaturalGas Rate,Heating Coil,,NaturalGas Rate,Heating Coil: NaturalGas Rate
Heating Coil OtherFuel1 Energy,Heating Coil,,OtherFuel1 Energy,Heating Coil: OtherFuel1 Energy
Heating Coil OtherFuel1 Rate,Heating Coil,,OtherFuel1 Rate,Heating Coil: OtherFuel1 Rate
Heating Coil OtherFuel2 Energy,Heating Coil,,OtherFuel2 Energy,Heating Coil: OtherFuel2 Energy
Heating Coil OtherFuel2 Rate,Heating Coil,,OtherFuel2 Rate,Heating Coil: OtherFuel2 Rate
Heating Coil Propane Energy,Heating Coil,,Propane Energy,Heating Coil: Propane Energy
Heating Coil Propane Rate,Heating Coil,,Propane Rate,Heating Coil: Propane Rate
Heating Coil Runtime Fraction,Heating Coil,,Runtime Fraction,Heating Coil: Runtime Fraction
Heating Coil Source Side Heat Transfer Energy,Heating Coil,,Source Side Heat Transfer Energy,Heating Coil: Source Side Heat Transfer Energy
Heating Coil Total Heating Energy,Heating Coil,,Total Heating Energy,Heating Coil: Total Heating Energy
Heating Coil Total Heating Rate,Heating Coil,,Total Heating Rate,Heating Coil: Total Heating Rate
Heating Coil U Factor Times Area Value,Heating Coil,,U Factor Times Area Value,Heating Coil: U Factor Times Area Value
Humidifier Electricity Energy,Humidifier,,Electricity Energy,Humidifier: Electricity Energy
Humidifier Electricity Rate,Humidifier,,Electricity Rate,Humidifier: Electricity Rate
Humidifier Mains Water Volume,Humidifier,,Mains Water Volume,Humidifier: Mains Water Volume
Humidifier Water Volume,Humidifier,,Water Volume,Humidifier: Water Volume
Humidifier Water Volume Flow Rate,Humidifier,,Water Volume Flow Rate,Humidifier: Water Volume Flow Rate
Ice Thermal Storage Ancillary Electricity Energy,Ice Thermal Storage,,Ancillary Electricity Energy,Ice Thermal Storage: Ancillary Electricity Energy
Ice Thermal Storage Ancillary Electricity Rate,Ice Thermal Storage,,Ancillary Electricity Rate,Ice Thermal Storage: Ancillary Electricity Rate
Ice Thermal Storage Blended Outlet Temperature,Ice Thermal Storage,,Blended Outlet Temperature,Ice Thermal Storage: Blended Outlet Temperature
Ice Thermal Storage Bypass Mass Flow Rate,Ice Thermal Storage,,Bypass Mass Flow Rate,Ice Thermal Storage: Bypass Mass Flow Rate
Ice Thermal Storage Change Fraction,Ice Thermal Storage,,Change Fraction,Ice Thermal Storage: Change Fraction
Ice Thermal Storage Cooling Charge Energy,Ice Thermal Storage,,Cooling Charge Energy,Ice Thermal Storage: Cooling Charge Energy
Ice Thermal Storage Cooling Charge Rate,Ice Thermal Storage,,Cooling Charge Rate,Ice Thermal Storage: Cooling Charge Rate
Ice Thermal Storage Cooling Discharge Energy,Ice Thermal Storage,,Cooling Discharge Energy,Ice Thermal Storage: Cooling Discharge Energy
Ice Thermal Storage Cooling Discharge Rate,Ice Thermal Storage,,Cooling Discharge Rate,Ice Thermal Storage: Cooling Discharge Rate
Ice Thermal Storage Cooling Rate,Ice Thermal Storage,,Cooling Rate,Ice Thermal Storage: Cooling Rate
Ice Thermal Storage End Fraction,Ice Thermal Storage,,End Fraction,Ice Thermal Storage: End Fraction
Ice Thermal Storage Fluid Inlet Temperature,Ice Thermal Storage,,Fluid Inlet Temperature,Ice Thermal Storage: Fluid Inlet Temperature
Ice Thermal Storage Mass Flow Rate,Ice Thermal Storage,,Mass Flow Rate,Ice Thermal Storage: Mass Flow Rate
Ice Thermal Storage On Coil Fraction,Ice Thermal Storage,,On Coil Fraction,Ice Thermal Storage: On Coil Fraction
Ice Thermal Storage Tank Mass Flow Rate,Ice Thermal Storage,,Tank Mass Flow Rate,Ice Thermal Storage: Tank Mass Flow Rate
Ice Thermal Storage Tank Outlet Temperature,Ice Thermal Storage,,Tank Outlet Temperature,Ice Thermal Storage: Tank Outlet Temperature
Performance Curve Input Variable 1 Value,Performance Curve,,Input Variable 1 Value,Performance Curve: Input Variable 1 Value
Performance Curve Input Variable 2 Value,Performance Curve,,Input Variable 2 Value,Performance Curve: Input Variable 2 Value
Performance Curve Output Value,Performance Curve,,Output Value,Performance Curve: Output Value
Plant Common Pipe Flow Direction Status,Plant,,Common Pipe Flow Direction Status,Plant: Common Pipe Flow Direction Status
Plant Common Pipe Mass Flow Rate,Plant,,Common Pipe Mass Flow Rate,Plant: Common Pipe Mass Flow Rate
Plant Common Pipe Primary Mass Flow Rate,Plant,,Common Pipe Primary Mass Flow Rate,Plant: Common Pipe Primary Mass Flow Rate
Plant Common Pipe Primary to Secondary Mass Flow Rate,Plant,,Common Pipe Primary to Secondary Mass Flow Rate,Plant: Common Pipe Primary to Secondary Mass Flow Rate
Plant Common Pipe Secondary Mass Flow Rate,Plant,,Common Pipe Secondary Mass Flow Rate,Plant: Common Pipe Secondary Mass Flow Rate
Plant Common Pipe Secondary to Primary Mass Flow Rate,Plant,,Common Pipe Secondary to Primary Mass Flow Rate,Plant: Common Pipe Secondary to Primary Mass Flow Rate
Plant Common Pipe Temperature,Plant,,Common Pipe Temperature,Plant: Common Pipe Temperature
Plant Demand Side Loop Pressure Difference,Plant,,Demand Side Loop Pressure Difference,Plant: Demand Side Loop Pressure Difference
Plant Load Profile Cooling Energy,Plant,,Load Profile Cooling Energy,Plant: Load Profile Cooling Energy
Plant Load Profile Heat Transfer Energy,Plant,,Load Profile Heat Transfer Energy,Plant: Load Profile Heat Transfer Energy
Plant Load Profile Heat Transfer Rate,Plant,,Load Profile Heat Transfer Rate,Plant: Load Profile Heat Transfer Rate
Plant Load Profile Heating Energy,Plant,,Load Profile Heating Energy,Plant: Load Profile Heating Energy
Plant Load Profile Mass Flow Rate,Plant,,Load Profile Mass Flow Rate,Plant: Load Profile Mass Flow Rate
Plant Loop Pressure Difference,Plant,,Loop Pressure Difference,Plant: Loop Pressure Difference
Plant Solver Half Loop Calls Count,Plant,,Solver Half Loop Calls Count,Plant: Solver Half Loop Calls Count
Plant Solver Sub Iteration Count,Plant,,Solver Sub Iteration Count,Plant: Solver Sub Iteration Count
Plant Supply Side Cooling Demand Rate,Plant,,Supply Side Cooling Demand Rate,Plant: Supply Side Cooling Demand Rate
Plant Supply Side Heating Demand Rate,Plant,,Supply Side Heating Demand Rate,Plant: Supply Side Heating Demand Rate
Plant Supply Side Inlet Mass Flow Rate,Plant,,Supply Side Inlet Mass Flow Rate,Plant: Supply Side Inlet Mass Flow Rate
Plant Supply Side Inlet Temperature,Plant,,Supply Side Inlet Temperature,Plant: Supply Side Inlet Temperature
Plant Supply Side Loop Pressure Difference,Plant,,Supply Side Loop Pressure Difference,Plant: Supply Side Loop Pressure Difference
Plant Supply Side Not Distributed Demand Rate,Plant,,Supply Side Not Distributed Demand Rate,Plant: Supply Side Not Distributed Demand Rate
Plant Supply Side Outlet Temperature,Plant,,Supply Side Outlet Temperature,Plant: Supply Side Outlet Temperature
Plant Supply Side Unmet Demand Rate,Plant,,Supply Side Unmet Demand Rate,Plant: Supply Side Unmet Demand Rate
Plant System Cycle On Off Status,Plant,,System Cycle On Off Status,Plant: System Cycle On Off Status
Primary Side Common Pipe Flow Direction,Primary,,Side Common Pipe Flow Direction,Primary: Side Common Pipe Flow Direction
Pump Electricity Energy,Pump,,Electricity Energy,Pump: Electricity Energy
Pump Electricity Rate,Pump,,Electricity Rate,Pump: Electricity Rate
Pump Fluid Heat Gain Energy,Pump,,Fluid Heat Gain Energy,Pump: Fluid Heat Gain Energy
Pump Fluid Heat Gain Rate,Pump,,Fluid Heat Gain Rate,Pump: Fluid Heat Gain Rate
Pump Mass Flow Rate,Pump,,Mass Flow Rate,Pump: Mass Flow Rate
Pump Operating Pumps Count,Pump,,Operating Pumps Count,Pump: Operating Pumps Count
Pump Outlet Temperature,Pump,,Outlet Temperature,Pump: Outlet Temperature
Pump Shaft Power,Pump,,Shaft Power,Pump: Shaft Power
Pump Zone Convective Heating Rate,Pump Zone,,Convective Heating Rate,Pump Zone: Convective Heating Rate
Pump Zone Radiative Heating Rate,Pump Zone,,Radiative Heating Rate,Pump Zone: Radiative Heating Rate
Pump Zone Total Heating Energy,Pump Zone,,Total Heating Energy,Pump Zone: Total Heating Energy
Pump Zone Total Heating Rate,Pump Zone,,Total Heating Rate,Pump Zone: Total Heating Rate
Refrigeration Air Chiller System Average Compressor COP,Refrigeration Air Chiller System,,Average Compressor COP,Refrigeration Air Chiller System: Average Compressor COP
Refrigeration Air Chiller System Condensing Temperature,Refrigeration Air Chiller System,,Condensing Temperature,Refrigeration Air Chiller System: Condensing Temperature
Refrigeration Air Chiller System Estimated High Stage Refrigerant Mass Flow Rate,Refrigeration Air Chiller System,,Estimated High Stage Refrigerant Mass Flow Rate,Refrigeration Air Chiller System: Estimated High Stage Refrigerant Mass Flow Rate
Refrigeration Air Chiller System Estimated Low Stage Refrigerant Mass Flow Rate,Refrigeration Air Chiller System,,Estimated Low Stage Refrigerant Mass Flow Rate,Refrigeration Air Chiller System: Estimated Low Stage Refrigerant Mass Flow Rate
Refrigeration Air Chiller System Estimated Refrigerant Inventory Mass,Refrigeration Air Chiller System,,Estimated Refrigerant Inventory Mass,Refrigeration Air Chiller System: Estimated Refrigerant Inventory Mass
Refrigeration Air Chiller System Estimated Refrigerant Mass Flow Rate,Refrigeration Air Chiller System,,Estimated Refrigerant Mass Flow Rate,Refrigeration Air Chiller System: Estimated Refrigerant Mass Flow Rate
Refrigeration Air Chiller System Evaporating Temperature,Refrigeration Air Chiller System,,Evaporating Temperature,Refrigeration Air Chiller System: Evaporating Temperature
Refrigeration Air Chiller System Intercooler Pressure,Refrigeration Air Chiller System,,Intercooler Pressure,Refrigeration Air Chiller System: Intercooler Pressure
Refrigeration Air Chiller System Intercooler Temperature,Refrigeration Air Chiller System,,Intercooler Temperature,Refrigeration Air Chiller System: Intercooler Temperature
Refrigeration Air Chiller System Liquid Suction Subcooler Heat Transfer Energy,Refrigeration Air Chiller System,,Liquid Suction Subcooler Heat Transfer Energy,Refrigeration Air Chiller System: Liquid Suction Subcooler Heat Transfer Energy
Refrigeration Air Chiller System Liquid Suction Subcooler Heat Transfer Rate,Refrigeration Air Chiller System,,Liquid Suction Subcooler Heat Transfer Rate,Refrigeration Air Chiller System: Liquid Suction Subcooler Heat Transfer Rate
Refrigeration Air Chiller System Net Rejected Heat Transfer Energy,Refrigeration Air Chiller System,,Net Rejected Heat Transfer Energy,Refrigeration Air Chiller System: Net Rejected Heat Transfer Energy
Refrigeration Air Chiller System Net Rejected Heat Transfer Rate,Refrigeration Air Chiller System,,Net Rejected Heat Transfer Rate,Refrigeration Air Chiller System: Net Rejected Heat Transfer Rate
Refrigeration Air Chiller System Suction Temperature,Refrigeration Air Chiller System,,Suction Temperature,Refrigeration Air Chiller System: Suction Temperature
Refrigeration Air Chiller System TXV Liquid Temperature,Refrigeration Air Chiller System,,TXV Liquid Temperature,Refrigeration Air Chiller System: TXV Liquid Temperature
Refrigeration Air Chiller System Total Air Chiller Heat Transfer Rate,Refrigeration Air Chiller System,,Total Air Chiller Heat Transfer Rate,Refrigeration Air Chiller System: Total Air Chiller Heat Transfer Rate
Refrigeration Air Chiller System Total Case and Walk In Heat Transfer Energy,Refrigeration Air Chiller System,,Total Case and Walk In Heat Transfer Energy,Refrigeration Air Chiller System: Total Case and Walk In Heat Transfer Energy
Refrigeration Air Chiller System Total Compressor Electricity Energy,Refrigeration Air Chiller System,,Total Compressor Electricity Energy,Refrigeration Air Chiller System: Total Compressor Electricity Energy
Refrigeration Air Chiller System Total Compressor Electricity Rate,Refrigeration Air Chiller System,,Total Compressor Electricity Rate,Refrigeration Air Chiller System: Total Compressor Electricity Rate
Refrigeration Air Chiller System Total Compressor Heat Transfer Energy,Refrigeration Air Chiller System,,Total Compressor Heat Transfer Energy,Refrigeration Air Chiller System: Total Compressor Heat Transfer Energy
Refrigeration Air Chiller System Total Compressor Heat Transfer Rate,Refrigeration Air Chiller System,,Total Compressor Heat Transfer Rate,Refrigeration Air Chiller System: Total Compressor Heat Transfer Rate
Refrigeration Air Chiller System Total High Stage Compressor Electricity Energy,Refrigeration Air Chiller System,,Total High Stage Compressor Electricity Energy,Refrigeration Air Chiller System: Total High Stage Compressor Electricity Energy
Refrigeration Air Chiller System Total High Stage Compressor Electricity Rate,Refrigeration Air Chiller System,,Total High Stage Compressor Electricity Rate,Refrigeration Air Chiller System: Total High Stage Compressor Electricity Rate
Refrigeration Air Chiller System Total High Stage Compressor Heat Transfer Energy,Refrigeration Air Chiller System,,Total High Stage Compressor Heat Transfer Energy,Refrigeration Air Chiller System: Total High Stage Compressor Heat Transfer Energy
Refrigeration Air Chiller System Total High Stage Compressor Heat Transfer Rate,Refrigeration Air Chiller System,,Total High Stage Compressor Heat Transfer Rate,Refrigeration Air Chiller System: Total High Stage Compressor Heat Transfer Rate
Refrigeration Air Chiller System Total Low Stage Compressor Electricity Energy,Refrigeration Air Chiller System,,Total Low Stage Compressor Electricity Energy,Refrigeration Air Chiller System: Total Low Stage Compressor Electricity Energy
Refrigeration Air Chiller System Total Low Stage Compressor Electricity Rate,Refrigeration Air Chiller System,,Total Low Stage Compressor Electricity Rate,Refrigeration Air Chiller System: Total Low Stage Compressor Electricity Rate
Refrigeration Air Chiller System Total Low Stage Compressor Heat Transfer Energy,Refrigeration Air Chiller System,,Total Low Stage Compressor Heat Transfer Energy,Refrigeration Air Chiller System: Total Low Stage Compressor Heat Transfer Energy
Refrigeration Air Chiller System Total Low Stage Compressor Heat Transfer Rate,Refrigeration Air Chiller System,,Total Low Stage Compressor Heat Transfer Rate,Refrigeration Air Chiller System: Total Low Stage Compressor Heat Transfer Rate
Refrigeration Air Chiller System Total Low and High Stage Compressor Electricity Energy,Refrigeration Air Chiller System,,Total Low and High Stage Compressor Electricity Energy,Refrigeration Air Chiller System: Total Low and High Stage Compressor Electricity Energy
Refrigeration Air Chiller System Total Suction Pipe Heat Gain Energy,Refrigeration Air Chiller System,,Total Suction Pipe Heat Gain Energy,Refrigeration Air Chiller System: Total Suction Pipe Heat Gain Energy
Refrigeration Air Chiller System Total Suction Pipe Heat Gain Rate,Refrigeration Air Chiller System,,Total Suction Pipe Heat Gain Rate,Refrigeration Air Chiller System: Total Suction Pipe Heat Gain Rate
Refrigeration Air Chiller System Total Transferred Load Heat Transfer Energy,Refrigeration Air Chiller System,,Total Transferred Load Heat Transfer Energy,Refrigeration Air Chiller System: Total Transferred Load Heat Transfer Energy
Refrigeration Air Chiller System Total Transferred Load Heat Transfer Rate,Refrigeration Air Chiller System,,Total Transferred Load Heat Transfer Rate,Refrigeration Air Chiller System: Total Transferred Load Heat Transfer Rate
Refrigeration System Average Compressor COP,Refrigeration System,,Average Compressor COP,Refrigeration System: Average Compressor COP
Refrigeration System Condensing Temperature,Refrigeration System,,Condensing Temperature,Refrigeration System: Condensing Temperature
Refrigeration System Estimated High Stage Refrigerant Mass Flow Rate,Refrigeration System,,Estimated High Stage Refrigerant Mass Flow Rate,Refrigeration System: Estimated High Stage Refrigerant Mass Flow Rate
Refrigeration System Estimated Low Stage Refrigerant Mass Flow Rate,Refrigeration System,,Estimated Low Stage Refrigerant Mass Flow Rate,Refrigeration System: Estimated Low Stage Refrigerant Mass Flow Rate
Refrigeration System Estimated Refrigerant Inventory,Refrigeration System,,Estimated Refrigerant Inventory,Refrigeration System: Estimated Refrigerant Inventory
Refrigeration System Estimated Refrigerant Inventory Mass,Refrigeration System,,Estimated Refrigerant Inventory Mass,Refrigeration System: Estimated Refrigerant Inventory Mass
Refrigeration System Estimated Refrigerant Mass Flow Rate,Refrigeration System,,Estimated Refrigerant Mass Flow Rate,Refrigeration System: Estimated Refrigerant Mass Flow Rate
Refrigeration System Evaporating Temperature,Refrigeration System,,Evaporating Temperature,Refrigeration System: Evaporating Temperature
Refrigeration System Liquid Suction Subcooler Heat Transfer Energy,Refrigeration System,,Liquid Suction Subcooler Heat Transfer Energy,Refrigeration System: Liquid Suction Subcooler Heat Transfer Energy
Refrigeration System Liquid Suction Subcooler Heat Transfer Rate,Refrigeration System,,Liquid Suction Subcooler Heat Transfer Rate,Refrigeration System: Liquid Suction Subcooler Heat Transfer Rate
Refrigeration System Net Rejected Heat Transfer Energy,Refrigeration System,,Net Rejected Heat Transfer Energy,Refrigeration System: Net Rejected Heat Transfer Energy
Refrigeration System Net Rejected Heat Transfer Rate,Refrigeration System,,Net Rejected Heat Transfer Rate,Refrigeration System: Net Rejected Heat Transfer Rate
Refrigeration System Suction Pipe Suction Temperature,Refrigeration System,,Suction Pipe Suction Temperature,Refrigeration System: Suction Pipe Suction Temperature
Refrigeration System Thermostatic Expansion Valve Liquid Temperature,Refrigeration System,,Thermostatic Expansion Valve Liquid Temperature,Refrigeration System: Thermostatic Expansion Valve Liquid Temperature
Refrigeration System Total Cases and Walk Ins Heat Transfer Energy,Refrigeration System,,Total Cases and Walk Ins Heat Transfer Energy,Refrigeration System: Total Cases and Walk Ins Heat Transfer Energy
Refrigeration System Total Cases and Walk Ins Heat Transfer Rate,Refrigeration System,,Total Cases and Walk Ins Heat Transfer Rate,Refrigeration System: Total Cases and Walk Ins Heat Transfer Rate
Refrigeration System Total Compressor Electricity Energy,Refrigeration System,,Total Compressor Electricity Energy,Refrigeration System: Total Compressor Electricity Energy
Refrigeration System Total Compressor Electricity Rate,Refrigeration System,,Total Compressor Electricity Rate,Refrigeration System: Total Compressor Electricity Rate
Refrigeration System Total Compressor Heat Transfer Energy,Refrigeration System,,Total Compressor Heat Transfer Energy,Refrigeration System: Total Compressor Heat Transfer Energy
Refrigeration System Total Compressor Heat Transfer Rate,Refrigeration System,,Total Compressor Heat Transfer Rate,Refrigeration System: Total Compressor Heat Transfer Rate
Refrigeration System Total High Stage Compressor Electricity Energy,Refrigeration System,,Total High Stage Compressor Electricity Energy,Refrigeration System: Total High Stage Compressor Electricity Energy
Refrigeration System Total High Stage Compressor Electricity Rate,Refrigeration System,,Total High Stage Compressor Electricity Rate,Refrigeration System: Total High Stage Compressor Electricity Rate
Refrigeration System Total High Stage Compressor Heat Transfer Energy,Refrigeration System,,Total High Stage Compressor Heat Transfer Energy,Refrigeration System: Total High Stage Compressor Heat Transfer Energy
Refrigeration System Total High Stage Compressor Heat Transfer Rate,Refrigeration System,,Total High Stage Compressor Heat Transfer Rate,Refrigeration System: Total High Stage Compressor Heat Transfer Rate
Refrigeration System Total Low Stage Compressor Electricity Energy,Refrigeration System,,Total Low Stage Compressor Electricity Energy,Refrigeration System: Total Low Stage Compressor Electricity Energy
Refrigeration System Total Low Stage Compressor Electricity Rate,Refrigeration System,,Total Low Stage Compressor Electricity Rate,Refrigeration System: Total Low Stage Compressor Electricity Rate
Refrigeration System Total Low Stage Compressor Heat Transfer Energy,Refrigeration System,,Total Low Stage Compressor Heat Transfer Energy,Refrigeration System: Total Low Stage Compressor Heat Transfer Energy
Refrigeration System Total Low Stage Compressor Heat Transfer Rate,Refrigeration System,,Total Low Stage Compressor Heat Transfer Rate,Refrigeration System: Total Low Stage Compressor Heat Transfer Rate
Refrigeration System Total Low and High Stage Compressor Electricity Energy,Refrigeration System,,Total Low and High Stage Compressor Electricity Energy,Refrigeration System: Total Low and High Stage Compressor Electricity Energy
Refrigeration System Total Suction Pipe Heat Gain Energy,Refrigeration System,,Total Suction Pipe Heat Gain Energy,Refrigeration System: Total Suction Pipe Heat Gain Energy
Refrigeration System Total Suction Pipe Heat Gain Rate,Refrigeration System,,Total Suction Pipe Heat Gain Rate,Refrigeration System: Total Suction Pipe Heat Gain Rate
Refrigeration System Total Transferred Load Heat Transfer Energy,Refrigeration System,,Total Transferred Load Heat Transfer Energy,Refrigeration System: Total Transferred Load Heat Transfer Energy
Refrigeration System Total Transferred Load Heat Transfer Rate,Refrigeration System,,Total Transferred Load Heat Transfer Rate,Refrigeration System: Total Transferred Load Heat Transfer Rate
Refrigeration Walk In Zone Latent Energy,Refrigeration Walk In,,Zone Latent Energy,Refrigeration Walk In: Zone Latent Energy
Refrigeration Walk In Zone Latent Rate,Refrigeration Walk In,,Zone Latent Rate,Refrigeration Walk In: Zone Latent Rate
Refrigeration Walk In Zone Sensible Cooling Energy,Refrigeration Walk In,,Zone Sensible Cooling Energy,Refrigeration Walk In: Zone Sensible Cooling Energy
Refrigeration Walk In Zone Sensible Cooling Rate,Refrigeration Walk In,,Zone Sensible Cooling Rate,Refrigeration Walk In: Zone Sensible Cooling Rate
Refrigeration Walk In Zone Sensible Heating Energy,Refrigeration Walk In,,Zone Sensible Heating Energy,Refrigeration Walk In: Zone Sensible Heating Energy
Refrigeration Walk In Zone Sensible Heating Rate,Refrigeration Walk In,,Zone Sensible Heating Rate,Refrigeration Walk In: Zone Sensible Heating Rate
Refrigeration Zone Air Chiller Heating Energy,Refrigeration Zone Air Chiller,,Heating Energy,Refrigeration Zone Air Chiller: Heating Energy
Refrigeration Zone Air Chiller Heating Rate,Refrigeration Zone Air Chiller,,Heating Rate,Refrigeration Zone Air Chiller: Heating Rate
Refrigeration Zone Air Chiller Latent Cooling Energy,Refrigeration Zone Air Chiller,,Latent Cooling Energy,Refrigeration Zone Air Chiller: Latent Cooling Energy
Refrigeration Zone Air Chiller Latent Cooling Rate,Refrigeration Zone Air Chiller,,Latent Cooling Rate,Refrigeration Zone Air Chiller: Latent Cooling Rate
Refrigeration Zone Air Chiller Sensible Cooling Energy,Refrigeration Zone Air Chiller,,Sensible Cooling Energy,Refrigeration Zone Air Chiller: Sensible Cooling Energy
Refrigeration Zone Air Chiller Sensible Cooling Rate,Refrigeration Zone Air Chiller,,Sensible Cooling Rate,Refrigeration Zone Air Chiller: Sensible Cooling Rate
Refrigeration Zone Air Chiller Total Cooling Energy,Refrigeration Zone Air Chiller,,Total Cooling Energy,Refrigeration Zone Air Chiller: Total Cooling Energy
Refrigeration Zone Air Chiller Total Cooling Rate,Refrigeration Zone Air Chiller,,Total Cooling Rate,Refrigeration Zone Air Chiller: Total Cooling Rate
Refrigeration Zone Air Chiller Water Removed Mass Flow Rate,Refrigeration Zone Air Chiller,,Water Removed Mass Flow Rate,Refrigeration Zone Air Chiller: Water Removed Mass Flow Rate
Schedule Value,Schedule,,Value,Schedule: Value
Secondary Side Common Pipe Flow Direction,Secondary,,Side Common Pipe Flow Direction,Secondary: Side Common Pipe Flow Direction
Solar Collector Absorber Plate Temperature,Solar Collector,,Absorber Plate Temperature,Solar Collector: Absorber Plate Temperature
Solar Collector Efficiency,Solar Collector,,Efficiency,Solar Collector: Efficiency
Solar Collector Heat Gain Rate,Solar Collector,,Heat Gain Rate,Solar Collector: Heat Gain Rate
Solar Collector Heat Loss Rate,Solar Collector,,Heat Loss Rate,Solar Collector: Heat Loss Rate
Solar Collector Heat Transfer Energy,Solar Collector,,Heat Transfer Energy,Solar Collector: Heat Transfer Energy
Solar Collector Heat Transfer Rate,Solar Collector,,Heat Transfer Rate,Solar Collector: Heat Transfer Rate
Solar Collector Incident Angle Modifier,Solar Collector,,Incident Angle Modifier,Solar Collector: Incident Angle Modifier
Solar Collector Overall Top Heat Loss Coefficient,Solar Collector,,Overall Top Heat Loss Coefficient,Solar Collector: Overall Top Heat Loss Coefficient
Solar Collector Skin Heat Transfer Energy,Solar Collector,,Skin Heat Transfer Energy,Solar Collector: Skin Heat Transfer Energy
Solar Collector Skin Heat Transfer Rate,Solar Collector,,Skin Heat Transfer Rate,Solar Collector: Skin Heat Transfer Rate
Solar Collector Storage Heat Transfer Energy,Solar Collector,,Storage Heat Transfer Energy,Solar Collector: Storage Heat Transfer Energy
Solar Collector Storage Heat Transfer Rate,Solar Collector,,Storage Heat Transfer Rate,Solar Collector: Storage Heat Transfer Rate
Solar Collector Storage Water Temperature,Solar Collector,,Storage Water Temperature,Solar Collector: Storage Water Temperature
Solar Collector Thermal Efficiency,Solar Collector,,Thermal Efficiency,Solar Collector: Thermal Efficiency
Solar Collector Transmittance Absorptance Product,Solar Collector,,Transmittance Absorptance Product,Solar Collector: Transmittance Absorptance Product
System Node Current Density,System Node,,Current Density,System Node: Current Density
System Node Current Density Volume Flow Rate,System Node,,Current Density Volume Flow Rate,System Node: Current Density Volume Flow Rate
System Node Dewpoint Temperature,System Node,,Dewpoint Temperature,System Node: Dewpoint Temperature
System Node Enthalpy,System Node,,Enthalpy,System Node: Enthalpy
System Node Height,System Node,,Height,System Node: Height
System Node Humidity Ratio,System Node,,Humidity Ratio,System Node: Humidity Ratio
System Node Last Timestep Enthalpy,System Node,,Last Timestep Enthalpy,System Node: Last Timestep Enthalpy
System Node Last Timestep Temperature,System Node,,Last Timestep Temperature,System Node: Last Timestep Temperature
System Node Mass Flow Rate,System Node,,Mass Flow Rate,System Node: Mass Flow Rate
System Node Pressure,System Node,,Pressure,System Node: Pressure
System Node Quality,System Node,,Quality,System Node: Quality
System Node Relative Humidity,System Node,,Relative Humidity,System Node: Relative Humidity
System Node Setpoint High Temperature,System Node,,Setpoint High Temperature,System Node: Setpoint High Temperature
System Node Setpoint Humidity Ratio,System Node,,Setpoint Humidity Ratio,System Node: Setpoint Humidity Ratio
System Node Setpoint Low Temperature,System Node,,Setpoint Low Temperature,System Node: Setpoint Low Temperature
System Node Setpoint Maximum Humidity Ratio,System Node,,Setpoint Maximum Humidity Ratio,System Node: Setpoint Maximum Humidity Ratio
System Node Setpoint Minimum Humidity Ratio,System Node,,Setpoint Minimum Humidity Ratio,System Node: Setpoint Minimum Humidity Ratio
System Node Setpoint Temperature,System Node,,Setpoint Temperature,System Node: Setpoint Temperature
System Node Specific Heat,System Node,,Specific Heat,System Node: Specific Heat
System Node Standard Density Volume Flow Rate,System Node,,Standard Density Volume Flow Rate,System Node: Standard Density Volume Flow Rate
System Node Temperature,System Node,,Temperature,System Node: Temperature
System Node Wetbulb Temperature,System Node,,Wetbulb Temperature,System Node: Wetbulb Temperature
Thermosiphon Status,Thermosiphon,,Status,Thermosiphon: Status
Unitary System Ancillary Electricity Rate,Unitary System,,Ancillary Electricity Rate,Unitary System: Ancillary Electricity Rate
Unitary System Compressor Part Load Ratio,Unitary System,,Compressor Part Load Ratio,Unitary System: Compressor Part Load Ratio
Unitary System Compressor Speed Ratio,Unitary System,,Compressor Speed Ratio,Unitary System: Compressor Speed Ratio
Unitary System Cooling Ancillary Electricity Energy,Unitary System,,Cooling Ancillary Electricity Energy,Unitary System: Cooling Ancillary Electricity Energy
Unitary System Cycling Ratio,Unitary System,,Cycling Ratio,Unitary System: Cycling Ratio
Unitary System DX Coil Cycling Ratio,Unitary System,,DX Coil Cycling Ratio,Unitary System: DX Coil Cycling Ratio
Unitary System DX Coil Speed Level,Unitary System,,DX Coil Speed Level,Unitary System: DX Coil Speed Level
Unitary System DX Coil Speed Ratio,Unitary System,,DX Coil Speed Ratio,Unitary System: DX Coil Speed Ratio
Unitary System Electricity Energy,Unitary System,,Electricity Energy,Unitary System: Electricity Energy
Unitary System Electricity Rate,Unitary System,,Electricity Rate,Unitary System: Electricity Rate
Unitary System Fan Part Load Ratio,Unitary System,,Fan Part Load Ratio,Unitary System: Fan Part Load Ratio
Unitary System Heat Recovery Energy,Unitary System,,Heat Recovery Energy,Unitary System: Heat Recovery Energy
Unitary System Heat Recovery Fluid Mass Flow Rate,Unitary System,,Heat Recovery Fluid Mass Flow Rate,Unitary System: Heat Recovery Fluid Mass Flow Rate
Unitary System Heat Recovery Inlet Temperature,Unitary System,,Heat Recovery Inlet Temperature,Unitary System: Heat Recovery Inlet Temperature
Unitary System Heat Recovery Outlet Temperature,Unitary System,,Heat Recovery Outlet Temperature,Unitary System: Heat Recovery Outlet Temperature
Unitary System Heat Recovery Rate,Unitary System,,Heat Recovery Rate,Unitary System: Heat Recovery Rate
Unitary System Heating Ancillary Electricity Energy,Unitary System,,Heating Ancillary Electricity Energy,Unitary System: Heating Ancillary Electricity Energy
Unitary System Latent Cooling Rate,Unitary System,,Latent Cooling Rate,Unitary System: Latent Cooling Rate
Unitary System Latent Heating Rate,Unitary System,,Latent Heating Rate,Unitary System: Latent Heating Rate
Unitary System Predicted Moisture Load to Setpoint Heat Transfer Rate,Unitary System,,Predicted Moisture Load to Setpoint Heat Transfer Rate,Unitary System: Predicted Moisture Load to Setpoint Heat Transfer Rate
Unitary System Predicted Sensible Load to Setpoint Heat Transfer Rate,Unitary System,,Predicted Sensible Load to Setpoint Heat Transfer Rate,Unitary System: Predicted Sensible Load to Setpoint Heat Transfer Rate
Unitary System Requested Heating Rate,Unitary System,,Requested Heating Rate,Unitary System: Requested Heating Rate
Unitary System Requested Latent Cooling Rate,Unitary System,,Requested Latent Cooling Rate,Unitary System: Requested Latent Cooling Rate
Unitary System Requested Sensible Cooling Rate,Unitary System,,Requested Sensible Cooling Rate,Unitary System: Requested Sensible Cooling Rate
Unitary System Sensible Cooling Rate,Unitary System,,Sensible Cooling Rate,Unitary System: Sensible Cooling Rate
Unitary System Sensible Heating Rate,Unitary System,,Sensible Heating Rate,Unitary System: Sensible Heating Rate
Unitary System Total Cooling Rate,Unitary System,,Total Cooling Rate,Unitary System: Total Cooling Rate
Unitary System Total Heating Rate,Unitary System,,Total Heating Rate,Unitary System: Total Heating Rate
Unitary System Water Coil Cycling Ratio,Unitary System,,Water Coil Cycling Ratio,Unitary System: Water Coil Cycling Ratio
Unitary System Water Coil Speed Level,Unitary System,,Water Coil Speed Level,Unitary System: Water Coil Speed Level
Unitary System Water Coil Speed Ratio,Unitary System,,Water Coil Speed Ratio,Unitary System: Water Coil Speed Ratio
VRF Heat Pump Basin Heater Electricity Energy,VRF Heat Pump,,Basin Heater Electricity Energy,VRF Heat Pump: Basin Heater Electricity Energy
VRF Heat Pump Basin Heater Electricity Rate,VRF Heat Pump,,Basin Heater Electricity Rate,VRF Heat Pump: Basin Heater Electricity Rate
VRF Heat Pump COP,VRF Heat Pump,,COP,VRF Heat Pump: COP
VRF Heat Pump Condenser Heat Transfer Energy,VRF Heat Pump,,Condenser Heat Transfer Energy,VRF Heat Pump: Condenser Heat Transfer Energy
VRF Heat Pump Condenser Heat Transfer Rate,VRF Heat Pump,,Condenser Heat Transfer Rate,VRF Heat Pump: Condenser Heat Transfer Rate
VRF Heat Pump Condenser Inlet Temperature,VRF Heat Pump,,Condenser Inlet Temperature,VRF Heat Pump: Condenser Inlet Temperature
VRF Heat Pump Condenser Mass Flow Rate,VRF Heat Pump,,Condenser Mass Flow Rate,VRF Heat Pump: Condenser Mass Flow Rate
VRF Heat Pump Condenser Outlet Temperature,VRF Heat Pump,,Condenser Outlet Temperature,VRF Heat Pump: Condenser Outlet Temperature
VRF Heat Pump Cooling COP,VRF Heat Pump,,Cooling COP,VRF Heat Pump: Cooling COP
VRF Heat Pump Cooling Electricity Energy,VRF Heat Pump,,Cooling Electricity Energy,VRF Heat Pump: Cooling Electricity Energy
VRF Heat Pump Cooling Electricity Rate,VRF Heat Pump,,Cooling Electricity Rate,VRF Heat Pump: Cooling Electricity Rate
VRF Heat Pump Crankcase Heater Electricity Energy,VRF Heat Pump,,Crankcase Heater Electricity Energy,VRF Heat Pump: Crankcase Heater Electricity Energy
VRF Heat Pump Crankcase Heater Electricity Rate,VRF Heat Pump,,Crankcase Heater Electricity Rate,VRF Heat Pump: Crankcase Heater Electricity Rate
VRF Heat Pump Cycling Ratio,VRF Heat Pump,,Cycling Ratio,VRF Heat Pump: Cycling Ratio
VRF Heat Pump Defrost Electricity Energy,VRF Heat Pump,,Defrost Electricity Energy,VRF Heat Pump: Defrost Electricity Energy
VRF Heat Pump Defrost Electricity Rate,VRF Heat Pump,,Defrost Electricity Rate,VRF Heat Pump: Defrost Electricity Rate
VRF Heat Pump Evaporative Condenser Pump Electricity Energy,VRF Heat Pump,,Evaporative Condenser Pump Electricity Energy,VRF Heat Pump: Evaporative Condenser Pump Electricity Energy
VRF Heat Pump Evaporative Condenser Pump Electricity Rate,VRF Heat Pump,,Evaporative Condenser Pump Electricity Rate,VRF Heat Pump: Evaporative Condenser Pump Electricity Rate
VRF Heat Pump Evaporative Condenser Water Use Volume,VRF Heat Pump,,Evaporative Condenser Water Use Volume,VRF Heat Pump: Evaporative Condenser Water Use Volume
VRF Heat Pump Heat Recovery Status Change Multiplier,VRF Heat Pump,,Heat Recovery Status Change Multiplier,VRF Heat Pump: Heat Recovery Status Change Multiplier
VRF Heat Pump Heating COP,VRF Heat Pump,,Heating COP,VRF Heat Pump: Heating COP
VRF Heat Pump Heating Electricity Energy,VRF Heat Pump,,Heating Electricity Energy,VRF Heat Pump: Heating Electricity Energy
VRF Heat Pump Heating Electricity Rate,VRF Heat Pump,,Heating Electricity Rate,VRF Heat Pump: Heating Electricity Rate
VRF Heat Pump Maximum Capacity Cooling Rate,VRF Heat Pump,,Maximum Capacity Cooling Rate,VRF Heat Pump: Maximum Capacity Cooling Rate
VRF Heat Pump Maximum Capacity Heating Rate,VRF Heat Pump,,Maximum Capacity Heating Rate,VRF Heat Pump: Maximum Capacity Heating Rate
VRF Heat Pump Operating Mode,VRF Heat Pump,,Operating Mode,VRF Heat Pump: Operating Mode
VRF Heat Pump Part Load Ratio,VRF Heat Pump,,Part Load Ratio,VRF Heat Pump: Part Load Ratio
VRF Heat Pump Runtime Fraction,VRF Heat Pump,,Runtime Fraction,VRF Heat Pump: Runtime Fraction
VRF Heat Pump Simultaneous Cooling and Heating Efficiency,VRF Heat Pump,,Simultaneous Cooling and Heating Efficiency,VRF Heat Pump: Simultaneous Cooling and Heating Efficiency
VRF Heat Pump Terminal Unit Cooling Load Rate,VRF Heat Pump,,Terminal Unit Cooling Load Rate,VRF Heat Pump: Terminal Unit Cooling Load Rate
VRF Heat Pump Terminal Unit Heating Load Rate,VRF Heat Pump,,Terminal Unit Heating Load Rate,VRF Heat Pump: Terminal Unit Heating Load Rate
VRF Heat Pump Total Cooling Rate,VRF Heat Pump,,Total Cooling Rate,VRF Heat Pump: Total Cooling Rate
VRF Heat Pump Total Heating Rate,VRF Heat Pump,,Total Heating Rate,VRF Heat Pump: Total Heating Rate
VSAirtoAirHP Recoverable Waste Heat,VSAirtoAirHP,,Recoverable Waste Heat,VSAirtoAirHP: Recoverable Waste Heat
Water Heater Coal Energy,Water Heater,,Coal Energy,Water Heater: Coal Energy
Water Heater Coal Rate,Water Heater,,Coal Rate,Water Heater: Coal Rate
Water Heater Cycle On Count,Water Heater,,Cycle On Count,Water Heater: Cycle On Count
Water Heater Diesel Energy,Water Heater,,Diesel Energy,Water Heater: Diesel Energy
Water Heater Diesel Rate,Water Heater,,Diesel Rate,Water Heater: Diesel Rate
Water Heater Electricity Energy,Water Heater,,Electricity Energy,Water Heater: Electricity Energy
Water Heater Electricity Rate,Water Heater,,Electricity Rate,Water Heater: Electricity Rate
Water Heater Final Tank Temperature,Water Heater,,Final Tank Temperature,Water Heater: Final Tank Temperature
Water Heater Final Temperature Node 1,Water Heater,,Final Temperature Node 1,Water Heater: Final Temperature Node 1
Water Heater Final Temperature Node 10,Water Heater,,Final Temperature Node 10,Water Heater: Final Temperature Node 10
Water Heater Final Temperature Node 11,Water Heater,,Final Temperature Node 11,Water Heater: Final Temperature Node 11
Water Heater Final Temperature Node 12,Water Heater,,Final Temperature Node 12,Water Heater: Final Temperature Node 12
Water Heater Final Temperature Node 2,Water Heater,,Final Temperature Node 2,Water Heater: Final Temperature Node 2
Water Heater Final Temperature Node 3,Water Heater,,Final Temperature Node 3,Water Heater: Final Temperature Node 3
Water Heater Final Temperature Node 4,Water Heater,,Final Temperature Node 4,Water Heater: Final Temperature Node 4
Water Heater Final Temperature Node 5,Water Heater,,Final Temperature Node 5,Water Heater: Final Temperature Node 5
Water Heater Final Temperature Node 6,Water Heater,,Final Temperature Node 6,Water Heater: Final Temperature Node 6
Water Heater Final Temperature Node 7,Water Heater,,Final Temperature Node 7,Water Heater: Final Temperature Node 7
Water Heater Final Temperature Node 8,Water Heater,,Final Temperature Node 8,Water Heater: Final Temperature Node 8
Water Heater Final Temperature Node 9,Water Heater,,Final Temperature Node 9,Water Heater: Final Temperature Node 9
Water Heater FuelOilNo1 Energy,Water Heater,,FuelOilNo1 Energy,Water Heater: FuelOilNo1 Energy
Water Heater FuelOilNo1 Rate,Water Heater,,FuelOilNo1 Rate,Water Heater: FuelOilNo1 Rate
Water Heater FuelOilNo2 Energy,Water Heater,,FuelOilNo2 Energy,Water Heater: FuelOilNo2 Energy
Water Heater FuelOilNo2 Rate,Water Heater,,FuelOilNo2 Rate,Water Heater: FuelOilNo2 Rate
Water Heater Gasoline Energy,Water Heater,,Gasoline Energy,Water Heater: Gasoline Energy
Water Heater Gasoline Rate,Water Heater,,Gasoline Rate,Water Heater: Gasoline Rate
Water Heater Heat Loss Energy,Water Heater,,Heat Loss Energy,Water Heater: Heat Loss Energy
Water Heater Heat Loss Rate,Water Heater,,Heat Loss Rate,Water Heater: Heat Loss Rate
Water Heater Heater 1 Cycle On Count,Water Heater,,Heater 1 Cycle On Count,Water Heater: Heater 1 Cycle On Count
Water Heater Heater 1 Heating Energy,Water Heater,,Heater 1 Heating Energy,Water Heater: Heater 1 Heating Energy
Water Heater Heater 1 Heating Rate,Water Heater,,Heater 1 Heating Rate,Water Heater: Heater 1 Heating Rate
Water Heater Heater 1 Runtime Fraction,Water Heater,,Heater 1 Runtime Fraction,Water Heater: Heater 1 Runtime Fraction
Water Heater Heater 2 Cycle On Count,Water Heater,,Heater 2 Cycle On Count,Water Heater: Heater 2 Cycle On Count
Water Heater Heater 2 Heating Energy,Water Heater,,Heater 2 Heating Energy,Water Heater: Heater 2 Heating Energy
Water Heater Heater 2 Heating Rate,Water Heater,,Heater 2 Heating Rate,Water Heater: Heater 2 Heating Rate
Water Heater Heater 2 Runtime Fraction,Water Heater,,Heater 2 Runtime Fraction,Water Heater: Heater 2 Runtime Fraction
Water Heater Heating Energy,Water Heater,,Heating Energy,Water Heater: Heating Energy
Water Heater Heating Rate,Water Heater,,Heating Rate,Water Heater: Heating Rate
Water Heater NaturalGas Energy,Water Heater,,NaturalGas Energy,Water Heater: NaturalGas Energy
Water Heater NaturalGas Rate,Water Heater,,NaturalGas Rate,Water Heater: NaturalGas Rate
Water Heater Net Heat Transfer Energy,Water Heater,,Net Heat Transfer Energy,Water Heater: Net Heat Transfer Energy
Water Heater Net Heat Transfer Rate,Water Heater,,Net Heat Transfer Rate,Water Heater: Net Heat Transfer Rate
Water Heater Off Cycle Parasitic Tank Heat Transfer Energy,Water Heater,,Off Cycle Parasitic Tank Heat Transfer Energy,Water Heater: Off Cycle Parasitic Tank Heat Transfer Energy
Water Heater Off Cycle Parasitic Tank Heat Transfer Rate,Water Heater,,Off Cycle Parasitic Tank Heat Transfer Rate,Water Heater: Off Cycle Parasitic Tank Heat Transfer Rate
Water Heater On Cycle Parasitic Tank Heat Transfer Energy,Water Heater,,On Cycle Parasitic Tank Heat Transfer Energy,Water Heater: On Cycle Parasitic Tank Heat Transfer Energy
Water Heater On Cycle Parasitic Tank Heat Transfer Rate,Water Heater,,On Cycle Parasitic Tank Heat Transfer Rate,Water Heater: On Cycle Parasitic Tank Heat Transfer Rate
Water Heater OtherFuel1 Energy,Water Heater,,OtherFuel1 Energy,Water Heater: OtherFuel1 Energy
Water Heater OtherFuel1 Rate,Water Heater,,OtherFuel1 Rate,Water Heater: OtherFuel1 Rate
Water Heater OtherFuel2 Energy,Water Heater,,OtherFuel2 Energy,Water Heater: OtherFuel2 Energy
Water Heater OtherFuel2 Rate,Water Heater,,OtherFuel2 Rate,Water Heater: OtherFuel2 Rate
Water Heater Part Load Ratio,Water Heater,,Part Load Ratio,Water Heater: Part Load Ratio
Water Heater Propane Energy,Water Heater,,Propane Energy,Water Heater: Propane Energy
Water Heater Propane Rate,Water Heater,,Propane Rate,Water Heater: Propane Rate
Water Heater Runtime Fraction,Water Heater,,Runtime Fraction,Water Heater: Runtime Fraction
Water Heater Source Side Heat Transfer Energy,Water Heater,,Source Side Heat Transfer Energy,Water Heater: Source Side Heat Transfer Energy
Water Heater Source Side Heat Transfer Rate,Water Heater,,Source Side Heat Transfer Rate,Water Heater: Source Side Heat Transfer Rate
Water Heater Source Side Inlet Temperature,Water Heater,,Source Side Inlet Temperature,Water Heater: Source Side Inlet Temperature
Water Heater Source Side Mass Flow Rate,Water Heater,,Source Side Mass Flow Rate,Water Heater: Source Side Mass Flow Rate
Water Heater Source Side Outlet Temperature,Water Heater,,Source Side Outlet Temperature,Water Heater: Source Side Outlet Temperature
Water Heater Tank Temperature,Water Heater,,Tank Temperature,Water Heater: Tank Temperature
Water Heater Temperature Node 1,Water Heater,,Temperature Node 1,Water Heater: Temperature Node 1
Water Heater Temperature Node 10,Water Heater,,Temperature Node 10,Water Heater: Temperature Node 10
Water Heater Temperature Node 11,Water Heater,,Temperature Node 11,Water Heater: Temperature Node 11
Water Heater Temperature Node 12,Water Heater,,Temperature Node 12,Water Heater: Temperature Node 12
Water Heater Temperature Node 2,Water Heater,,Temperature Node 2,Water Heater: Temperature Node 2
Water Heater Temperature Node 3,Water Heater,,Temperature Node 3,Water Heater: Temperature Node 3
Water Heater Temperature Node 4,Water Heater,,Temperature Node 4,Water Heater: Temperature Node 4
Water Heater Temperature Node 5,Water Heater,,Temperature Node 5,Water Heater: Temperature Node 5
Water Heater Temperature Node 6,Water Heater,,Temperature Node 6,Water Heater: Temperature Node 6
Water Heater Temperature Node 7,Water Heater,,Temperature Node 7,Water Heater: Temperature Node 7
Water Heater Temperature Node 8,Water Heater,,Temperature Node 8,Water Heater: Temperature Node 8
Water Heater Temperature Node 9,Water Heater,,Temperature Node 9,Water Heater: Temperature Node 9
Water Heater Total Demand Energy,Water Heater,,Total Demand Energy,Water Heater: Total Demand Energy
Water Heater Total Demand Heat Transfer Rate,Water Heater,,Total Demand Heat Transfer Rate,Water Heater: Total Demand Heat Transfer Rate
Water Heater Unmet Demand Heat Transfer Energy,Water Heater,,Unmet Demand Heat Transfer Energy,Water Heater: Unmet Demand Heat Transfer Energy
Water Heater Unmet Demand Heat Transfer Rate,Water Heater,,Unmet Demand Heat Transfer Rate,Water Heater: Unmet Demand Heat Transfer Rate
Water Heater Use Side Heat Transfer Energy,Water Heater,,Use Side Heat Transfer Energy,Water Heater: Use Side Heat Transfer Energy
Water Heater Use Side Heat Transfer Rate,Water Heater,,Use Side Heat Transfer Rate,Water Heater: Use Side Heat Transfer Rate
Water Heater Use Side Inlet Temperature,Water Heater,,Use Side Inlet Temperature,Water Heater: Use Side Inlet Temperature
Water Heater Use Side Mass Flow Rate,Water Heater,,Use Side Mass Flow Rate,Water Heater: Use Side Mass Flow Rate
Water Heater Use Side Outlet Temperature,Water Heater,,Use Side Outlet Temperature,Water Heater: Use Side Outlet Temperature
Water Heater Venting Heat Transfer Energy,Water Heater,,Venting Heat Transfer Energy,Water Heater: Venting Heat Transfer Energy
Water Heater Venting Heat Transfer Rate,Water Heater,,Venting Heat Transfer Rate,Water Heater: Venting Heat Transfer Rate
Water Heater Water Volume,Water Heater,,Water Volume,Water Heater: Water Volume
Water Heater Water Volume Flow Rate,Water Heater,,Water Volume Flow Rate,Water Heater: Water Volume Flow Rate
Water Use Connections Cold Water Mass Flow Rate,Water Use Connections,,Cold Water Mass Flow Rate,Water Use Connections: Cold Water Mass Flow Rate
Water Use Connections Cold Water Temperature,Water Use Connections,,Cold Water Temperature,Water Use Connections: Cold Water Temperature
Water Use Connections Cold Water Volume,Water Use Connections,,Cold Water Volume,Water Use Connections: Cold Water Volume
Water Use Connections Cold Water Volume Flow Rate,Water Use Connections,,Cold Water Volume Flow Rate,Water Use Connections: Cold Water Volume Flow Rate
Water Use Connections Drain Water Mass Flow Rate,Water Use Connections,,Drain Water Mass Flow Rate,Water Use Connections: Drain Water Mass Flow Rate
Water Use Connections Drain Water Temperature,Water Use Connections,,Drain Water Temperature,Water Use Connections: Drain Water Temperature
Water Use Connections Heat Recovery Effectiveness,Water Use Connections,,Heat Recovery Effectiveness,Water Use Connections: Heat Recovery Effectiveness
Water Use Connections Heat Recovery Energy,Water Use Connections,,Heat Recovery Energy,Water Use Connections: Heat Recovery Energy
Water Use Connections Heat Recovery Mass Flow Rate,Water Use Connections,,Heat Recovery Mass Flow Rate,Water Use Connections: Heat Recovery Mass Flow Rate
Water Use Connections Heat Recovery Rate,Water Use Connections,,Heat Recovery Rate,Water Use Connections: Heat Recovery Rate
Water Use Connections Heat Recovery Water Temperature,Water Use Connections,,Heat Recovery Water Temperature,Water Use Connections: Heat Recovery Water Temperature
Water Use Connections Hot Water Mass Flow Rate,Water Use Connections,,Hot Water Mass Flow Rate,Water Use Connections: Hot Water Mass Flow Rate
Water Use Connections Hot Water Temperature,Water Use Connections,,Hot Water Temperature,Water Use Connections: Hot Water Temperature
Water Use Connections Hot Water Volume,Water Use Connections,,Hot Water Volume,Water Use Connections: Hot Water Volume
Water Use Connections Hot Water Volume Flow Rate,Water Use Connections,,Hot Water Volume Flow Rate,Water Use Connections: Hot Water Volume Flow Rate
Water Use Connections Plant Hot Water Energy,Water Use Connections,,Plant Hot Water Energy,Water Use Connections: Plant Hot Water Energy
Water Use Connections Return Water Temperature,Water Use Connections,,Return Water Temperature,Water Use Connections: Return Water Temperature
Water Use Connections Total Mass Flow Rate,Water Use Connections,,Total Mass Flow Rate,Water Use Connections: Total Mass Flow Rate
Water Use Connections Total Volume,Water Use Connections,,Total Volume,Water Use Connections: Total Volume
Water Use Connections Total Volume Flow Rate,Water Use Connections,,Total Volume Flow Rate,Water Use Connections: Total Volume Flow Rate
Water Use Connections Waste Water Temperature,Water Use Connections,,Waste Water Temperature,Water Use Connections: Waste Water Temperature
Zone Air CO2 Concentration,Zone,Air,CO2 Concentration,Zone: Air: CO2 Concentration
Zone Air CO2 Internal Gain Volume Flow Rate,Zone,Air,CO2 Internal Gain Volume Flow Rate,Zone: Air: CO2 Internal Gain Volume Flow Rate
Zone Air Generic Air Contaminant Concentration,Zone,Air,Generic Air Contaminant Concentration,Zone: Air: Generic Air Contaminant Concentration
Zone Air Heat Balance Air Energy Storage Rate,Zone,Air Heat Balance,Air Energy Storage Rate,Zone: Air Heat Balance: Air Energy Storage Rate
Zone Air Heat Balance Deviation Rate,Zone,Air Heat Balance,Deviation Rate,Zone: Air Heat Balance: Deviation Rate
Zone Air Heat Balance Internal Convective Heat Gain Rate,Zone,Air Heat Balance,Internal Convective Heat Gain Rate,Zone: Air Heat Balance: Internal Convective Heat Gain Rate
Zone Air Heat Balance Interzone Air Transfer Rate,Zone,Air Heat Balance,Interzone Air Transfer Rate,Zone: Air Heat Balance: Interzone Air Transfer Rate
Zone Air Heat Balance Outdoor Air Transfer Rate,Zone,Air Heat Balance,Outdoor Air Transfer Rate,Zone: Air Heat Balance: Outdoor Air Transfer Rate
Zone Air Heat Balance Surface Convection Rate,Zone,Air Heat Balance,Surface Convection Rate,Zone: Air Heat Balance: Surface Convection Rate
Zone Air Heat Balance System Air Transfer Rate,Zone,Air Heat Balance,System Air Transfer Rate,Zone: Air Heat Balance: System Air Transfer Rate
Zone Air Heat Balance System Convective Heat Gain Rate,Zone,Air Heat Balance,System Convective Heat Gain Rate,Zone: Air Heat Balance: System Convective Heat Gain Rate
Zone Air Humidity Ratio,Zone,Air,Humidity Ratio,Zone: Air: Humidity Ratio
Zone Air Relative Humidity,Zone,Air,Relative Humidity,Zone: Air: Relative Humidity
Zone Air System Sensible Cooling Energy,Zone,Air System,Sensible Cooling Energy,Zone: Air System: Sensible Cooling Energy
Zone Air System Sensible Cooling Rate,Zone,Air System,Sensible Cooling Rate,Zone: Air System: Sensible Cooling Rate
Zone Air System Sensible Heating Energy,Zone,Air System,Sensible Heating Energy,Zone: Air System: Sensible Heating Energy
Zone Air System Sensible Heating Rate,Zone,Air System,Sensible Heating Rate,Zone: Air System: Sensible Heating Rate
Zone Air Temperature,Zone,Air,Temperature,Zone: Air: Temperature
Zone Air Terminal Sensible Cooling Energy,Zone,Air Terminal,Sensible Cooling Energy,Zone: Air Terminal: Sensible Cooling Energy
Zone Air Terminal Sensible Cooling Rate,Zone,Air Terminal,Sensible Cooling Rate,Zone: Air Terminal: Sensible Cooling Rate
Zone Air Terminal Sensible Heating Energy,Zone,Air Terminal,Sensible Heating Energy,Zone: Air Terminal: Sensible Heating Energy
Zone Air Terminal Sensible Heating Rate,Zone,Air Terminal,Sensible Heating Rate,Zone: Air Terminal: Sensible Heating Rate
Zone Dehumidifier Electricity Energy,Zone,Dehumidifier,Electricity Energy,Zone: Dehumidifier: Electricity Energy
Zone Dehumidifier Electricity Rate,Zone,Dehumidifier,Electricity Rate,Zone: Dehumidifier: Electricity Rate
Zone Dehumidifier Off Cycle Parasitic Electricity Energy,Zone,Dehumidifier,Off Cycle Parasitic Electricity Energy,Zone: Dehumidifier: Off Cycle Parasitic Electricity Energy
Zone Dehumidifier Off Cycle Parasitic Electricity Rate,Zone,Dehumidifier,Off Cycle Parasitic Electricity Rate,Zone: Dehumidifier: Off Cycle Parasitic Electricity Rate
Zone Dehumidifier Outlet Air Temperature,Zone,Dehumidifier,Outlet Air Temperature,Zone: Dehumidifier: Outlet Air Temperature
Zone Dehumidifier Part Load Ratio,Zone,Dehumidifier,Part Load Ratio,Zone: Dehumidifier: Part Load Ratio
Zone Dehumidifier Removed Water Mass,Zone,Dehumidifier,Removed Water Mass,Zone: Dehumidifier: Removed Water Mass
Zone Dehumidifier Removed Water Mass Flow Rate,Zone,Dehumidifier,Removed Water Mass Flow Rate,Zone: Dehumidifier: Removed Water Mass Flow Rate
Zone Dehumidifier Runtime Fraction,Zone,Dehumidifier,Runtime Fraction,Zone: Dehumidifier: Runtime Fraction
Zone Dehumidifier Sensible Heating Energy,Zone,Dehumidifier,Sensible Heating Energy,Zone: Dehumidifier: Sensible Heating Energy
Zone Dehumidifier Sensible Heating Rate,Zone,Dehumidifier,Sensible Heating Rate,Zone: Dehumidifier: Sensible Heating Rate
Zone Electric Equipment Convective Heating Energy,Zone,Electric Equipment,Convective Heating Energy,Zone: Electric Equipment: Convective Heating Energy
Zone Electric Equipment Convective Heating Rate,Zone,Electric Equipment,Convective Heating Rate,Zone: Electric Equipment: Convective Heating Rate
Zone Electric Equipment Electricity Energy,Zone,Electric Equipment,Electricity Energy,Zone: Electric Equipment: Electricity Energy
Zone Electric Equipment Electricity Rate,Zone,Electric Equipment,Electricity Rate,Zone: Electric Equipment: Electricity Rate
Zone Electric Equipment Latent Gain Energy,Zone,Electric Equipment,Latent Gain Energy,Zone: Electric Equipment: Latent Gain Energy
Zone Electric Equipment Latent Gain Rate,Zone,Electric Equipment,Latent Gain Rate,Zone: Electric Equipment: Latent Gain Rate
Zone Electric Equipment Lost Heat Energy,Zone,Electric Equipment,Lost Heat Energy,Zone: Electric Equipment: Lost Heat Energy
Zone Electric Equipment Lost Heat Rate,Zone,Electric Equipment,Lost Heat Rate,Zone: Electric Equipment: Lost Heat Rate
Zone Electric Equipment Radiant Heating Energy,Zone,Electric Equipment,Radiant Heating Energy,Zone: Electric Equipment: Radiant Heating Energy
Zone Electric Equipment Radiant Heating Rate,Zone,Electric Equipment,Radiant Heating Rate,Zone: Electric Equipment: Radiant Heating Rate
Zone Electric Equipment Total Heating Energy,Zone,Electric Equipment,Total Heating Energy,Zone: Electric Equipment: Total Heating Energy
Zone Electric Equipment Total Heating Rate,Zone,Electric Equipment,Total Heating Rate,Zone: Electric Equipment: Total Heating Rate
Zone Exterior Windows Total Transmitted Beam Solar Radiation Energy,Zone,Exterior Windows,Total Transmitted Beam Solar Radiation Energy,Zone: Exterior Windows: Total Transmitted Beam Solar Radiation Energy
Zone Exterior Windows Total Transmitted Beam Solar Radiation Rate,Zone,Exterior Windows,Total Transmitted Beam Solar Radiation Rate,Zone: Exterior Windows: Total Transmitted Beam Solar Radiation Rate
Zone Exterior Windows Total Transmitted Diffuse Solar Radiation Energy,Zone,Exterior Windows,Total Transmitted Diffuse Solar Radiation Energy,Zone: Exterior Windows: Total Transmitted Diffuse Solar Radiation Energy
Zone Exterior Windows Total Transmitted Diffuse Solar Radiation Rate,Zone,Exterior Windows,Total Transmitted Diffuse Solar Radiation Rate,Zone: Exterior Windows: Total Transmitted Diffuse Solar Radiation Rate
Zone Gas Equipment Convective Heating Energy,Zone,Gas Equipment,Convective Heating Energy,Zone: Gas Equipment: Convective Heating Energy
Zone Gas Equipment Convective Heating Rate,Zone,Gas Equipment,Convective Heating Rate,Zone: Gas Equipment: Convective Heating Rate
Zone Gas Equipment Latent Gain Energy,Zone,Gas Equipment,Latent Gain Energy,Zone: Gas Equipment: Latent Gain Energy
Zone Gas Equipment Latent Gain Rate,Zone,Gas Equipment,Latent Gain Rate,Zone: Gas Equipment: Latent Gain Rate
Zone Gas Equipment Lost Heat Energy,Zone,Gas Equipment,Lost Heat Energy,Zone: Gas Equipment: Lost Heat Energy
Zone Gas Equipment Lost Heat Rate,Zone,Gas Equipment,Lost Heat Rate,Zone: Gas Equipment: Lost Heat Rate
Zone Gas Equipment NaturalGas Energy,Zone,Gas Equipment,NaturalGas Energy,Zone: Gas Equipment: NaturalGas Energy
Zone Gas Equipment NaturalGas Rate,Zone,Gas Equipment,NaturalGas Rate,Zone: Gas Equipment: NaturalGas Rate
Zone Gas Equipment Radiant Heating Energy,Zone,Gas Equipment,Radiant Heating Energy,Zone: Gas Equipment: Radiant Heating Energy
Zone Gas Equipment Radiant Heating Rate,Zone,Gas Equipment,Radiant Heating Rate,Zone: Gas Equipment: Radiant Heating Rate
Zone Gas Equipment Total Heating Energy,Zone,Gas Equipment,Total Heating Energy,Zone: Gas Equipment: Total Heating Energy
Zone Gas Equipment Total Heating Rate,Zone,Gas Equipment,Total Heating Rate,Zone: Gas Equipment: Total Heating Rate
Zone Generic Air Contaminant Generation Volume Flow Rate,Zone,Generic,Air Contaminant Generation Volume Flow Rate,Zone: Generic: Air Contaminant Generation Volume Flow Rate
Zone Hot Water Equipment Convective Heating Energy,Zone,Hot Water Equipment,Convective Heating Energy,Zone: Hot Water Equipment: Convective Heating Energy
Zone Hot Water Equipment Convective Heating Rate,Zone,Hot Water Equipment,Convective Heating Rate,Zone: Hot Water Equipment: Convective Heating Rate
Zone Hot Water Equipment District Heating Energy,Zone,Hot Water Equipment,District Heating Energy,Zone: Hot Water Equipment: District Heating Energy
Zone Hot Water Equipment District Heating Rate,Zone,Hot Water Equipment,District Heating Rate,Zone: Hot Water Equipment: District Heating Rate
Zone Hot Water Equipment Latent Gain Energy,Zone,Hot Water Equipment,Latent Gain Energy,Zone: Hot Water Equipment: Latent Gain Energy
Zone Hot Water Equipment Latent Gain Rate,Zone,Hot Water Equipment,Latent Gain Rate,Zone: Hot Water Equipment: Latent Gain Rate
Zone Hot Water Equipment Lost Heat Energy,Zone,Hot Water Equipment,Lost Heat Energy,Zone: Hot Water Equipment: Lost Heat Energy
Zone Hot Water Equipment Lost Heat Rate,Zone,Hot Water Equipment,Lost Heat Rate,Zone: Hot Water Equipment: Lost Heat Rate
Zone Hot Water Equipment Radiant Heating Energy,Zone,Hot Water Equipment,Radiant Heating Energy,Zone: Hot Water Equipment: Radiant Heating Energy
Zone Hot Water Equipment Radiant Heating Rate,Zone,Hot Water Equipment,Radiant Heating Rate,Zone: Hot Water Equipment: Radiant Heating Rate
Zone Hot Water Equipment Total Heating Energy,Zone,Hot Water Equipment,Total Heating Energy,Zone: Hot Water Equipment: Total Heating Energy
Zone Hot Water Equipment Total Heating Rate,Zone,Hot Water Equipment,Total Heating Rate,Zone: Hot Water Equipment: Total Heating Rate
Zone ITE Adjusted Return Air Temperature,Zone,ITE,Adjusted Return Air Temperature,Zone: ITE: Adjusted Return Air Temperature
Zone ITE Air Mass Flow Rate,Zone,ITE,Air Mass Flow Rate,Zone: ITE: Air Mass Flow Rate
Zone ITE Any Air Inlet Dewpoint Temperature Above Operating Range Time,Zone,ITE,Any Air Inlet Dewpoint Temperature Above Operating Range Time,Zone: ITE: Any Air Inlet Dewpoint Temperature Above Operating Range Time
Zone ITE Any Air Inlet Dewpoint Temperature Below Operating Range Time,Zone,ITE,Any Air Inlet Dewpoint Temperature Below Operating Range Time,Zone: ITE: Any Air Inlet Dewpoint Temperature Below Operating Range Time
Zone ITE Any Air Inlet Dry-Bulb Temperature Above Operating Range Time,Zone,ITE,Any Air Inlet Dry-Bulb Temperature Above Operating Range Time,Zone: ITE: Any Air Inlet Dry-Bulb Temperature Above Operating Range Time
Zone ITE Any Air Inlet Dry-Bulb Temperature Below Operating Range Time,Zone,ITE,Any Air Inlet Dry-Bulb Temperature Below Operating Range Time,Zone: ITE: Any Air Inlet Dry-Bulb Temperature Below Operating Range Time
Zone ITE Any Air Inlet Operating Range Exceeded Time,Zone,ITE,Any Air Inlet Operating Range Exceeded Time,Zone: ITE: Any Air Inlet Operating Range Exceeded Time
Zone ITE Any Air Inlet Relative Humidity Above Operating Range Time,Zone,ITE,Any Air Inlet Relative Humidity Above Operating Range Time,Zone: ITE: Any Air Inlet Relative Humidity Above Operating Range Time
Zone ITE Any Air Inlet Relative Humidity Below Operating Range Time,Zone,ITE,Any Air Inlet Relative Humidity Below Operating Range Time,Zone: ITE: Any Air Inlet Relative Humidity Below Operating Range Time
Zone ITE Average Supply Heat Index,Zone,ITE,Average Supply Heat Index,Zone: ITE: Average Supply Heat Index
Zone ITE CPU Electricity Energy,Zone,ITE,CPU Electricity Energy,Zone: ITE: CPU Electricity Energy
Zone ITE CPU Electricity Energy at Design Inlet Conditions,Zone,ITE,CPU Electricity Energy at Design Inlet Conditions,Zone: ITE: CPU Electricity Energy at Design Inlet Conditions
Zone ITE CPU Electricity Rate,Zone,ITE,CPU Electricity Rate,Zone: ITE: CPU Electricity Rate
Zone ITE CPU Electricity Rate at Design Inlet Conditions,Zone,ITE,CPU Electricity Rate at Design Inlet Conditions,Zone: ITE: CPU Electricity Rate at Design Inlet Conditions
Zone ITE Fan Electricity Energy,Zone,ITE,Fan Electricity Energy,Zone: ITE: Fan Electricity Energy
Zone ITE Fan Electricity Energy at Design Inlet Conditions,Zone,ITE,Fan Electricity Energy at Design Inlet Conditions,Zone: ITE: Fan Electricity Energy at Design Inlet Conditions
Zone ITE Fan Electricity Rate,Zone,ITE,Fan Electricity Rate,Zone: ITE: Fan Electricity Rate
Zone ITE Fan Electricity Rate at Design Inlet Conditions,Zone,ITE,Fan Electricity Rate at Design Inlet Conditions,Zone: ITE: Fan Electricity Rate at Design Inlet Conditions
Zone ITE Standard Density Air Volume Flow Rate,Zone,ITE,Standard Density Air Volume Flow Rate,Zone: ITE: Standard Density Air Volume Flow Rate
Zone ITE Total Heat Gain to Zone Energy,Zone,ITE,Total Heat Gain to Zone Energy,Zone: ITE: Total Heat Gain to Zone Energy
Zone ITE Total Heat Gain to Zone Rate,Zone,ITE,Total Heat Gain to Zone Rate,Zone: ITE: Total Heat Gain to Zone Rate
Zone ITE UPS Electricity Energy,Zone,ITE,UPS Electricity Energy,Zone: ITE: UPS Electricity Energy
Zone ITE UPS Electricity Rate,Zone,ITE,UPS Electricity Rate,Zone: ITE: UPS Electricity Rate
Zone ITE UPS Heat Gain to Zone Energy,Zone,ITE,UPS Heat Gain to Zone Energy,Zone: ITE: UPS Heat Gain to Zone Energy
Zone ITE UPS Heat Gain to Zone Rate,Zone,ITE,UPS Heat Gain to Zone Rate,Zone: ITE: UPS Heat Gain to Zone Rate
Zone Ideal Loads Economizer Active Time,Zone,Ideal Loads,Economizer Active Time,Zone: Ideal Loads: Economizer Active Time
Zone Ideal Loads Heat Recovery Active Time,Zone,Ideal Loads,Heat Recovery Active Time,Zone: Ideal Loads: Heat Recovery Active Time
Zone Ideal Loads Heat Recovery Latent Cooling Energy,Zone,Ideal Loads,Heat Recovery Latent Cooling Energy,Zone: Ideal Loads: Heat Recovery Latent Cooling Energy
Zone Ideal Loads Heat Recovery Latent Cooling Rate,Zone,Ideal Loads,Heat Recovery Latent Cooling Rate,Zone: Ideal Loads: Heat Recovery Latent Cooling Rate
Zone Ideal Loads Heat Recovery Latent Heating Energy,Zone,Ideal Loads,Heat Recovery Latent Heating Energy,Zone: Ideal Loads: Heat Recovery Latent Heating Energy
Zone Ideal Loads Heat Recovery Latent Heating Rate,Zone,Ideal Loads,Heat Recovery Latent Heating Rate,Zone: Ideal Loads: Heat Recovery Latent Heating Rate
Zone Ideal Loads Heat Recovery Sensible Cooling Energy,Zone,Ideal Loads,Heat Recovery Sensible Cooling Energy,Zone: Ideal Loads: Heat Recovery Sensible Cooling Energy
Zone Ideal Loads Heat Recovery Sensible Cooling Rate,Zone,Ideal Loads,Heat Recovery Sensible Cooling Rate,Zone: Ideal Loads: Heat Recovery Sensible Cooling Rate
Zone Ideal Loads Heat Recovery Sensible Heating Energy,Zone,Ideal Loads,Heat Recovery Sensible Heating Energy,Zone: Ideal Loads: Heat Recovery Sensible Heating Energy
Zone Ideal Loads Heat Recovery Sensible Heating Rate,Zone,Ideal Loads,Heat Recovery Sensible Heating Rate,Zone: Ideal Loads: Heat Recovery Sensible Heating Rate
Zone Ideal Loads Heat Recovery Total Cooling Energy,Zone,Ideal Loads,Heat Recovery Total Cooling Energy,Zone: Ideal Loads: Heat Recovery Total Cooling Energy
Zone Ideal Loads Heat Recovery Total Cooling Rate,Zone,Ideal Loads,Heat Recovery Total Cooling Rate,Zone: Ideal Loads: Heat Recovery Total Cooling Rate
Zone Ideal Loads Heat Recovery Total Heating Energy,Zone,Ideal Loads,Heat Recovery Total Heating Energy,Zone: Ideal Loads: Heat Recovery Total Heating Energy
Zone Ideal Loads Heat Recovery Total Heating Rate,Zone,Ideal Loads,Heat Recovery Total Heating Rate,Zone: Ideal Loads: Heat Recovery Total Heating Rate
Zone Ideal Loads Hybrid Ventilation Available Status,Zone,Ideal Loads,Hybrid Ventilation Available Status,Zone: Ideal Loads: Hybrid Ventilation Available Status
Zone Ideal Loads Outdoor Air Latent Cooling Energy,Zone,Ideal Loads,Outdoor Air Latent Cooling Energy,Zone: Ideal Loads: Outdoor Air Latent Cooling Energy
Zone Ideal Loads Outdoor Air Latent Cooling Rate,Zone,Ideal Loads,Outdoor Air Latent Cooling Rate,Zone: Ideal Loads: Outdoor Air Latent Cooling Rate
Zone Ideal Loads Outdoor Air Latent Heating Energy,Zone,Ideal Loads,Outdoor Air Latent Heating Energy,Zone: Ideal Loads: Outdoor Air Latent Heating Energy
Zone Ideal Loads Outdoor Air Latent Heating Rate,Zone,Ideal Loads,Outdoor Air Latent Heating Rate,Zone: Ideal Loads: Outdoor Air Latent Heating Rate
Zone Ideal Loads Outdoor Air Mass Flow Rate,Zone,Ideal Loads,Outdoor Air Mass Flow Rate,Zone: Ideal Loads: Outdoor Air Mass Flow Rate
Zone Ideal Loads Outdoor Air Sensible Cooling Energy,Zone,Ideal Loads,Outdoor Air Sensible Cooling Energy,Zone: Ideal Loads: Outdoor Air Sensible Cooling Energy
Zone Ideal Loads Outdoor Air Sensible Cooling Rate,Zone,Ideal Loads,Outdoor Air Sensible Cooling Rate,Zone: Ideal Loads: Outdoor Air Sensible Cooling Rate
Zone Ideal Loads Outdoor Air Sensible Heating Energy,Zone,Ideal Loads,Outdoor Air Sensible Heating Energy,Zone: Ideal Loads: Outdoor Air Sensible Heating Energy
Zone Ideal Loads Outdoor Air Sensible Heating Rate,Zone,Ideal Loads,Outdoor Air Sensible Heating Rate,Zone: Ideal Loads: Outdoor Air Sensible Heating Rate
Zone Ideal Loads Outdoor Air Standard Density Volume Flow Rate,Zone,Ideal Loads,Outdoor Air Standard Density Volume Flow Rate,Zone: Ideal Loads: Outdoor Air Standard Density Volume Flow Rate
Zone Ideal Loads Outdoor Air Total Cooling Energy,Zone,Ideal Loads,Outdoor Air Total Cooling Energy,Zone: Ideal Loads: Outdoor Air Total Cooling Energy
Zone Ideal Loads Outdoor Air Total Cooling Rate,Zone,Ideal Loads,Outdoor Air Total Cooling Rate,Zone: Ideal Loads: Outdoor Air Total Cooling Rate
Zone Ideal Loads Outdoor Air Total Heating Energy,Zone,Ideal Loads,Outdoor Air Total Heating Energy,Zone: Ideal Loads: Outdoor Air Total Heating Energy
Zone Ideal Loads Outdoor Air Total Heating Rate,Zone,Ideal Loads,Outdoor Air Total Heating Rate,Zone: Ideal Loads: Outdoor Air Total Heating Rate
Zone Ideal Loads Supply Air Latent Cooling Energy,Zone,Ideal Loads,Supply Air Latent Cooling Energy,Zone: Ideal Loads: Supply Air Latent Cooling Energy
Zone Ideal Loads Supply Air Latent Cooling Rate,Zone,Ideal Loads,Supply Air Latent Cooling Rate,Zone: Ideal Loads: Supply Air Latent Cooling Rate
Zone Ideal Loads Supply Air Latent Heating Energy,Zone,Ideal Loads,Supply Air Latent Heating Energy,Zone: Ideal Loads: Supply Air Latent Heating Energy
Zone Ideal Loads Supply Air Latent Heating Rate,Zone,Ideal Loads,Supply Air Latent Heating Rate,Zone: Ideal Loads: Supply Air Latent Heating Rate
Zone Ideal Loads Supply Air Mass Flow Rate,Zone,Ideal Loads,Supply Air Mass Flow Rate,Zone: Ideal Loads: Supply Air Mass Flow Rate
Zone Ideal Loads Supply Air Sensible Cooling Energy,Zone,Ideal Loads,Supply Air Sensible Cooling Energy,Zone: Ideal Loads: Supply Air Sensible Cooling Energy
Zone Ideal Loads Supply Air Sensible Cooling Rate,Zone,Ideal Loads,Supply Air Sensible Cooling Rate,Zone: Ideal Loads: Supply Air Sensible Cooling Rate
Zone Ideal Loads Supply Air Sensible Heating Energy,Zone,Ideal Loads,Supply Air Sensible Heating Energy,Zone: Ideal Loads: Supply Air Sensible Heating Energy
Zone Ideal Loads Supply Air Sensible Heating Rate,Zone,Ideal Loads,Supply Air Sensible Heating Rate,Zone: Ideal Loads: Supply Air Sensible Heating Rate
Zone Ideal Loads Supply Air Standard Density Volume Flow Rate,Zone,Ideal Loads,Supply Air Standard Density Volume Flow Rate,Zone: Ideal Loads: Supply Air Standard Density Volume Flow Rate
Zone Ideal Loads Supply Air Total Cooling Energy,Zone,Ideal Loads,Supply Air Total Cooling Energy,Zone: Ideal Loads: Supply Air Total Cooling Energy
Zone Ideal Loads Supply Air Total Cooling Fuel Energy,Zone,Ideal Loads,Supply Air Total Cooling Fuel Energy,Zone: Ideal Loads: Supply Air Total Cooling Fuel Energy
Zone Ideal Loads Supply Air Total Cooling Fuel Energy Rate,Zone,Ideal Loads,Supply Air Total Cooling Fuel Energy Rate,Zone: Ideal Loads: Supply Air Total Cooling Fuel Energy Rate
Zone Ideal Loads Supply Air Total Cooling Rate,Zone,Ideal Loads,Supply Air Total Cooling Rate,Zone: Ideal Loads: Supply Air Total Cooling Rate
Zone Ideal Loads Supply Air Total Heating Energy,Zone,Ideal Loads,Supply Air Total Heating Energy,Zone: Ideal Loads: Supply Air Total Heating Energy
Zone Ideal Loads Supply Air Total Heating Fuel Energy,Zone,Ideal Loads,Supply Air Total Heating Fuel Energy,Zone: Ideal Loads: Supply Air Total Heating Fuel Energy
Zone Ideal Loads Supply Air Total Heating Fuel Energy Rate,Zone,Ideal Loads,Supply Air Total Heating Fuel Energy Rate,Zone: Ideal Loads: Supply Air Total Heating Fuel Energy Rate
Zone Ideal Loads Supply Air Total Heating Rate,Zone,Ideal Loads,Supply Air Total Heating Rate,Zone: Ideal Loads: Supply Air Total Heating Rate
Zone Ideal Loads Zone Cooling Fuel Energy,Zone,Ideal Loads,Zone Cooling Fuel Energy,Zone: Ideal Loads: Zone Cooling Fuel Energy
Zone Ideal Loads Zone Cooling Fuel Energy Rate,Zone,Ideal Loads,Zone Cooling Fuel Energy Rate,Zone: Ideal Loads: Zone Cooling Fuel Energy Rate
Zone Ideal Loads Zone Heating Fuel Energy,Zone,Ideal Loads,Zone Heating Fuel Energy,Zone: Ideal Loads: Zone Heating Fuel Energy
Zone Ideal Loads Zone Heating Fuel Energy Rate,Zone,Ideal Loads,Zone Heating Fuel Energy Rate,Zone: Ideal Loads: Zone Heating Fuel Energy Rate
Zone Ideal Loads Zone Latent Cooling Energy,Zone,Ideal Loads,Zone Latent Cooling Energy,Zone: Ideal Loads: Zone Latent Cooling Energy
Zone Ideal Loads Zone Latent Cooling Rate,Zone,Ideal Loads,Zone Latent Cooling Rate,Zone: Ideal Loads: Zone Latent Cooling Rate
Zone Ideal Loads Zone Latent Heating Energy,Zone,Ideal Loads,Zone Latent Heating Energy,Zone: Ideal Loads: Zone Latent Heating Energy
Zone Ideal Loads Zone Latent Heating Rate,Zone,Ideal Loads,Zone Latent Heating Rate,Zone: Ideal Loads: Zone Latent Heating Rate
Zone Ideal Loads Zone Sensible Cooling Energy,Zone,Ideal Loads,Zone Sensible Cooling Energy,Zone: Ideal Loads: Zone Sensible Cooling Energy
Zone Ideal Loads Zone Sensible Cooling Rate,Zone,Ideal Loads,Zone Sensible Cooling Rate,Zone: Ideal Loads: Zone Sensible Cooling Rate
Zone Ideal Loads Zone Sensible Heating Energy,Zone,Ideal Loads,Zone Sensible Heating Energy,Zone: Ideal Loads: Zone Sensible Heating Energy
Zone Ideal Loads Zone Sensible Heating Rate,Zone,Ideal Loads,Zone Sensible Heating Rate,Zone: Ideal Loads: Zone Sensible Heating Rate
Zone Ideal Loads Zone Total Cooling Energy,Zone,Ideal Loads,Zone Total Cooling Energy,Zone: Ideal Loads: Zone Total Cooling Energy
Zone Ideal Loads Zone Total Cooling Rate,Zone,Ideal Loads,Zone Total Cooling Rate,Zone: Ideal Loads: Zone Total Cooling Rate
Zone Ideal Loads Zone Total Heating Energy,Zone,Ideal Loads,Zone Total Heating Energy,Zone: Ideal Loads: Zone Total Heating Energy
Zone Ideal Loads Zone Total Heating Rate,Zone,Ideal Loads,Zone Total Heating Rate,Zone: Ideal Loads: Zone Total Heating Rate
Zone Infiltration Current Density Air Change Rate,Zone,Infiltration,Current Density Air Change Rate,Zone: Infiltration: Current Density Air Change Rate
Zone Infiltration Current Density Volume,Zone,Infiltration,Current Density Volume,Zone: Infiltration: Current Density Volume
Zone Infiltration Current Density Volume Flow Rate,Zone,Infiltration,Current Density Volume Flow Rate,Zone: Infiltration: Current Density Volume Flow Rate
Zone Infiltration Latent Heat Gain Energy,Zone,Infiltration,Latent Heat Gain Energy,Zone: Infiltration: Latent Heat Gain Energy
Zone Infiltration Latent Heat Loss Energy,Zone,Infiltration,Latent Heat Loss Energy,Zone: Infiltration: Latent Heat Loss Energy
Zone Infiltration Mass,Zone,Infiltration,Mass,Zone: Infiltration: Mass
Zone Infiltration Mass Flow Rate,Zone,Infiltration,Mass Flow Rate,Zone: Infiltration: Mass Flow Rate
Zone Infiltration Outdoor Density Air Change Rate,Zone,Infiltration,Outdoor Density Air Change Rate,Zone: Infiltration: Outdoor Density Air Change Rate
Zone Infiltration Outdoor Density Volume Flow Rate,Zone,Infiltration,Outdoor Density Volume Flow Rate,Zone: Infiltration: Outdoor Density Volume Flow Rate
Zone Infiltration Sensible Heat Gain Energy,Zone,Infiltration,Sensible Heat Gain Energy,Zone: Infiltration: Sensible Heat Gain Energy
Zone Infiltration Sensible Heat Loss Energy,Zone,Infiltration,Sensible Heat Loss Energy,Zone: Infiltration: Sensible Heat Loss Energy
Zone Infiltration Standard Density Air Change Rate,Zone,Infiltration,Standard Density Air Change Rate,Zone: Infiltration: Standard Density Air Change Rate
Zone Infiltration Standard Density Volume,Zone,Infiltration,Standard Density Volume,Zone: Infiltration: Standard Density Volume
Zone Infiltration Standard Density Volume Flow Rate,Zone,Infiltration,Standard Density Volume Flow Rate,Zone: Infiltration: Standard Density Volume Flow Rate
Zone Infiltration Total Heat Gain Energy,Zone,Infiltration,Total Heat Gain Energy,Zone: Infiltration: Total Heat Gain Energy
Zone Infiltration Total Heat Loss Energy,Zone,Infiltration,Total Heat Loss Energy,Zone: Infiltration: Total Heat Loss Energy
Zone Interior Windows Total Transmitted Beam Solar Radiation Energy,Zone,Interior Windows,Total Transmitted Beam Solar Radiation Energy,Zone: Interior Windows: Total Transmitted Beam Solar Radiation Energy
Zone Interior Windows Total Transmitted Beam Solar Radiation Rate,Zone,Interior Windows,Total Transmitted Beam Solar Radiation Rate,Zone: Interior Windows: Total Transmitted Beam Solar Radiation Rate
Zone Interior Windows Total Transmitted Diffuse Solar Radiation Energy,Zone,Interior Windows,Total Transmitted Diffuse Solar Radiation Energy,Zone: Interior Windows: Total Transmitted Diffuse Solar Radiation Energy
Zone Interior Windows Total Transmitted Diffuse Solar Radiation Rate,Zone,Interior Windows,Total Transmitted Diffuse Solar Radiation Rate,Zone: Interior Windows: Total Transmitted Diffuse Solar Radiation Rate
Zone Lights Convective Heating Energy,Zone,Lights,Convective Heating Energy,Zone: Lights: Convective Heating Energy
Zone Lights Convective Heating Rate,Zone,Lights,Convective Heating Rate,Zone: Lights: Convective Heating Rate
Zone Lights Electricity Energy,Zone,Lights,Electricity Energy,Zone: Lights: Electricity Energy
Zone Lights Electricity Rate,Zone,Lights,Electricity Rate,Zone: Lights: Electricity Rate
Zone Lights Radiant Heating Energy,Zone,Lights,Radiant Heating Energy,Zone: Lights: Radiant Heating Energy
Zone Lights Radiant Heating Rate,Zone,Lights,Radiant Heating Rate,Zone: Lights: Radiant Heating Rate
Zone Lights Return Air Heating Energy,Zone,Lights,Return Air Heating Energy,Zone: Lights: Return Air Heating Energy
Zone Lights Return Air Heating Rate,Zone,Lights,Return Air Heating Rate,Zone: Lights: Return Air Heating Rate
Zone Lights Total Heating Energy,Zone,Lights,Total Heating Energy,Zone: Lights: Total Heating Energy
Zone Lights Total Heating Rate,Zone,Lights,Total Heating Rate,Zone: Lights: Total Heating Rate
Zone Lights Visible Radiation Heating Energy,Zone,Lights,Visible Radiation Heating Energy,Zone: Lights: Visible Radiation Heating Energy
Zone Lights Visible Radiation Heating Rate,Zone,Lights,Visible Radiation Heating Rate,Zone: Lights: Visible Radiation Heating Rate
Zone Mean Air Dewpoint Temperature,Zone,Mean,Air Dewpoint Temperature,Zone: Mean: Air Dewpoint Temperature
Zone Mean Air Temperature,Zone,Mean,Air Temperature,Zone: Mean: Air Temperature
Zone Mean Radiant Temperature,Zone,Mean,Radiant Temperature,Zone: Mean: Radiant Temperature
Zone Mechanical Ventilation Air Changes per Hour,Zone,Mechanical Ventilation,Air Changes per Hour,Zone: Mechanical Ventilation: Air Changes per Hour
Zone Mechanical Ventilation Cooling Load Decrease Energy,Zone,Mechanical Ventilation,Cooling Load Decrease Energy,Zone: Mechanical Ventilation: Cooling Load Decrease Energy
Zone Mechanical Ventilation Cooling Load Increase Energy,Zone,Mechanical Ventilation,Cooling Load Increase Energy,Zone: Mechanical Ventilation: Cooling Load Increase Energy
Zone Mechanical Ventilation Cooling Load Increase Energy Due to Overheating Energy,Zone,Mechanical Ventilation,Cooling Load Increase Energy Due to Overheating Energy,Zone: Mechanical Ventilation: Cooling Load Increase Energy Due to Overheating Energy
Zone Mechanical Ventilation Current Density Volume,Zone,Mechanical Ventilation,Current Density Volume,Zone: Mechanical Ventilation: Current Density Volume
Zone Mechanical Ventilation Current Density Volume Flow Rate,Zone,Mechanical Ventilation,Current Density Volume Flow Rate,Zone: Mechanical Ventilation: Current Density Volume Flow Rate
Zone Mechanical Ventilation Heating Load Decrease Energy,Zone,Mechanical Ventilation,Heating Load Decrease Energy,Zone: Mechanical Ventilation: Heating Load Decrease Energy
Zone Mechanical Ventilation Heating Load Increase Energy,Zone,Mechanical Ventilation,Heating Load Increase Energy,Zone: Mechanical Ventilation: Heating Load Increase Energy
Zone Mechanical Ventilation Heating Load Increase Energy Due to Overcooling Energy,Zone,Mechanical Ventilation,Heating Load Increase Energy Due to Overcooling Energy,Zone: Mechanical Ventilation: Heating Load Increase Energy Due to Overcooling Energy
Zone Mechanical Ventilation Mass,Zone,Mechanical Ventilation,Mass,Zone: Mechanical Ventilation: Mass
Zone Mechanical Ventilation Mass Flow Rate,Zone,Mechanical Ventilation,Mass Flow Rate,Zone: Mechanical Ventilation: Mass Flow Rate
Zone Mechanical Ventilation No Load Heat Addition Energy,Zone,Mechanical Ventilation,No Load Heat Addition Energy,Zone: Mechanical Ventilation: No Load Heat Addition Energy
Zone Mechanical Ventilation No Load Heat Removal Energy,Zone,Mechanical Ventilation,No Load Heat Removal Energy,Zone: Mechanical Ventilation: No Load Heat Removal Energy
Zone Mechanical Ventilation Standard Density Volume,Zone,Mechanical Ventilation,Standard Density Volume,Zone: Mechanical Ventilation: Standard Density Volume
Zone Mechanical Ventilation Standard Density Volume Flow Rate,Zone,Mechanical Ventilation,Standard Density Volume Flow Rate,Zone: Mechanical Ventilation: Standard Density Volume Flow Rate
Zone Operative Temperature,Zone,Operative,Temperature,Zone: Operative: Temperature
Zone Other Equipment Convective Heating Energy,Zone,Other Equipment,Convective Heating Energy,Zone: Other Equipment: Convective Heating Energy
Zone Other Equipment Convective Heating Rate,Zone,Other Equipment,Convective Heating Rate,Zone: Other Equipment: Convective Heating Rate
Zone Other Equipment Latent Gain Energy,Zone,Other Equipment,Latent Gain Energy,Zone: Other Equipment: Latent Gain Energy
Zone Other Equipment Latent Gain Rate,Zone,Other Equipment,Latent Gain Rate,Zone: Other Equipment: Latent Gain Rate
Zone Other Equipment Lost Heat Energy,Zone,Other Equipment,Lost Heat Energy,Zone: Other Equipment: Lost Heat Energy
Zone Other Equipment Lost Heat Rate,Zone,Other Equipment,Lost Heat Rate,Zone: Other Equipment: Lost Heat Rate
Zone Other Equipment Radiant Heating Energy,Zone,Other Equipment,Radiant Heating Energy,Zone: Other Equipment: Radiant Heating Energy
Zone Other Equipment Radiant Heating Rate,Zone,Other Equipment,Radiant Heating Rate,Zone: Other Equipment: Radiant Heating Rate
Zone Other Equipment Total Heating Energy,Zone,Other Equipment,Total Heating Energy,Zone: Other Equipment: Total Heating Energy
Zone Other Equipment Total Heating Rate,Zone,Other Equipment,Total Heating Rate,Zone: Other Equipment: Total Heating Rate
Zone Outdoor Air Drybulb Temperature,Zone,Outdoor Air,Drybulb Temperature,Zone: Outdoor Air: Drybulb Temperature
Zone Outdoor Air Wetbulb Temperature,Zone,Outdoor Air,Wetbulb Temperature,Zone: Outdoor Air: Wetbulb Temperature
Zone Outdoor Air Wind Speed,Zone,Outdoor Air,Wind Speed,Zone: Outdoor Air: Wind Speed
Zone People Convective Heating Energy,Zone,People,Convective Heating Energy,Zone: People: Convective Heating Energy
Zone People Convective Heating Rate,Zone,People,Convective Heating Rate,Zone: People: Convective Heating Rate
Zone People Latent Gain Energy,Zone,People,Latent Gain Energy,Zone: People: Latent Gain Energy
Zone People Latent Gain Rate,Zone,People,Latent Gain Rate,Zone: People: Latent Gain Rate
Zone People Occupant Count,Zone,People,Occupant Count,Zone: People: Occupant Count
Zone People Radiant Heating Energy,Zone,People,Radiant Heating Energy,Zone: People: Radiant Heating Energy
Zone People Radiant Heating Rate,Zone,People,Radiant Heating Rate,Zone: People: Radiant Heating Rate
Zone People Sensible Heating Energy,Zone,People,Sensible Heating Energy,Zone: People: Sensible Heating Energy
Zone People Sensible Heating Rate,Zone,People,Sensible Heating Rate,Zone: People: Sensible Heating Rate
Zone People Total Heating Energy,Zone,People,Total Heating Energy,Zone: People: Total Heating Energy
Zone People Total Heating Rate,Zone,People,Total Heating Rate,Zone: People: Total Heating Rate
Zone Predicted Moisture Load Moisture Transfer Rate,Zone,Predicted,Moisture Load Moisture Transfer Rate,Zone: Predicted: Moisture Load Moisture Transfer Rate
Zone Predicted Moisture Load to Dehumidifying Setpoint Moisture Transfer Rate,Zone,Predicted,Moisture Load to Dehumidifying Setpoint Moisture Transfer Rate,Zone: Predicted: Moisture Load to Dehumidifying Setpoint Moisture Transfer Rate
Zone Predicted Moisture Load to Humidifying Setpoint Moisture Transfer Rate,Zone,Predicted,Moisture Load to Humidifying Setpoint Moisture Transfer Rate,Zone: Predicted: Moisture Load to Humidifying Setpoint Moisture Transfer Rate
Zone Predicted Sensible Load to Cooling Setpoint Heat Transfer Rate,Zone,Predicted,Sensible Load to Cooling Setpoint Heat Transfer Rate,Zone: Predicted: Sensible Load to Cooling Setpoint Heat Transfer Rate
Zone Predicted Sensible Load to Heating Setpoint Heat Transfer Rate,Zone,Predicted,Sensible Load to Heating Setpoint Heat Transfer Rate,Zone: Predicted: Sensible Load to Heating Setpoint Heat Transfer Rate
Zone Predicted Sensible Load to Setpoint Heat Transfer Rate,Zone,Predicted,Sensible Load to Setpoint Heat Transfer Rate,Zone: Predicted: Sensible Load to Setpoint Heat Transfer Rate
Zone Radiant HVAC Electricity Energy,Zone,Radiant HVAC,Electricity Energy,Zone: Radiant HVAC: Electricity Energy
Zone Radiant HVAC Electricity Rate,Zone,Radiant HVAC,Electricity Rate,Zone: Radiant HVAC: Electricity Rate
Zone Radiant HVAC Heating Energy,Zone,Radiant HVAC,Heating Energy,Zone: Radiant HVAC: Heating Energy
Zone Radiant HVAC Heating Rate,Zone,Radiant HVAC,Heating Rate,Zone: Radiant HVAC: Heating Rate
Zone Radiant HVAC NaturalGas Energy,Zone,Radiant HVAC,NaturalGas Energy,Zone: Radiant HVAC: NaturalGas Energy
Zone Radiant HVAC NaturalGas Rate,Zone,Radiant HVAC,NaturalGas Rate,Zone: Radiant HVAC: NaturalGas Rate
Zone Steam Equipment Convective Heating Energy,Zone,Steam Equipment,Convective Heating Energy,Zone: Steam Equipment: Convective Heating Energy
Zone Steam Equipment Convective Heating Rate,Zone,Steam Equipment,Convective Heating Rate,Zone: Steam Equipment: Convective Heating Rate
Zone Steam Equipment District Heating Energy,Zone,Steam Equipment,District Heating Energy,Zone: Steam Equipment: District Heating Energy
Zone Steam Equipment District Heating Rate,Zone,Steam Equipment,District Heating Rate,Zone: Steam Equipment: District Heating Rate
Zone Steam Equipment Latent Gain Energy,Zone,Steam Equipment,Latent Gain Energy,Zone: Steam Equipment: Latent Gain Energy
Zone Steam Equipment Latent Gain Rate,Zone,Steam Equipment,Latent Gain Rate,Zone: Steam Equipment: Latent Gain Rate
Zone Steam Equipment Lost Heat Energy,Zone,Steam Equipment,Lost Heat Energy,Zone: Steam Equipment: Lost Heat Energy
Zone Steam Equipment Lost Heat Rate,Zone,Steam Equipment,Lost Heat Rate,Zone: Steam Equipment: Lost Heat Rate
Zone Steam Equipment Radiant Heating Energy,Zone,Steam Equipment,Radiant Heating Energy,Zone: Steam Equipment: Radiant Heating Energy
Zone Steam Equipment Radiant Heating Rate,Zone,Steam Equipment,Radiant Heating Rate,Zone: Steam Equipment: Radiant Heating Rate
Zone Steam Equipment Total Heating Energy,Zone,Steam Equipment,Total Heating Energy,Zone: Steam Equipment: Total Heating Energy
Zone Steam Equipment Total Heating Rate,Zone,Steam Equipment,Total Heating Rate,Zone: Steam Equipment: Total Heating Rate
Zone Thermal Comfort ASHRAE 55 Adaptive Model 80% Acceptability Status,Zone,Thermal Comfort,ASHRAE 55 Adaptive Model 80% Acceptability Status,Zone: Thermal Comfort: ASHRAE 55 Adaptive Model 80% Acceptability Status
Zone Thermal Comfort ASHRAE 55 Adaptive Model 90% Acceptability Status,Zone,Thermal Comfort,ASHRAE 55 Adaptive Model 90% Acceptability Status,Zone: Thermal Comfort: ASHRAE 55 Adaptive Model 90% Acceptability Status
Zone Thermal Comfort ASHRAE 55 Adaptive Model Running Average Outdoor Air Temperature,Zone,Thermal Comfort,ASHRAE 55 Adaptive Model Running Average Outdoor Air Temperature,Zone: Thermal Comfort: ASHRAE 55 Adaptive Model Running Average Outdoor Air Temperature
Zone Thermal Comfort ASHRAE 55 Adaptive Model Temperature,Zone,Thermal Comfort,ASHRAE 55 Adaptive Model Temperature,Zone: Thermal Comfort: ASHRAE 55 Adaptive Model Temperature
Zone Thermal Comfort CEN 15251 Adaptive Model Category I Status,Zone,Thermal Comfort,CEN 15251 Adaptive Model Category I Status,Zone: Thermal Comfort: CEN 15251 Adaptive Model Category I Status
Zone Thermal Comfort CEN 15251 Adaptive Model Category II Status,Zone,Thermal Comfort,CEN 15251 Adaptive Model Category II Status,Zone: Thermal Comfort: CEN 15251 Adaptive Model Category II Status
Zone Thermal Comfort CEN 15251 Adaptive Model Category III Status,Zone,Thermal Comfort,CEN 15251 Adaptive Model Category III Status,Zone: Thermal Comfort: CEN 15251 Adaptive Model Category III Status
Zone Thermal Comfort CEN 15251 Adaptive Model Running Average Outdoor Air Temperature,Zone,Thermal Comfort,CEN 15251 Adaptive Model Running Average Outdoor Air Temperature,Zone: Thermal Comfort: CEN 15251 Adaptive Model Running Average Outdoor Air Temperature
Zone Thermal Comfort CEN 15251 Adaptive Model Temperature,Zone,Thermal Comfort,CEN 15251 Adaptive Model Temperature,Zone: Thermal Comfort: CEN 15251 Adaptive Model Temperature
Zone Thermal Comfort Clothing Surface Temperature,Zone,Thermal Comfort,Clothing Surface Temperature,Zone: Thermal Comfort: Clothing Surface Temperature
Zone Thermal Comfort Fanger Model PMV,Zone,Thermal Comfort,Fanger Model PMV,Zone: Thermal Comfort: Fanger Model PMV
Zone Thermal Comfort Fanger Model PPD,Zone,Thermal Comfort,Fanger Model PPD,Zone: Thermal Comfort: Fanger Model PPD
Zone Thermal Comfort KSU Model Thermal Sensation Index,Zone,Thermal Comfort,KSU Model Thermal Sensation Index,Zone: Thermal Comfort: KSU Model Thermal Sensation Index
Zone Thermal Comfort Mean Radiant Temperature,Zone,Thermal Comfort,Mean Radiant Temperature,Zone: Thermal Comfort: Mean Radiant Temperature
Zone Thermal Comfort Operative Temperature,Zone,Thermal Comfort,Operative Temperature,Zone: Thermal Comfort: Operative Temperature
Zone Thermal Comfort Pierce Model Discomfort Index,Zone,Thermal Comfort,Pierce Model Discomfort Index,Zone: Thermal Comfort: Pierce Model Discomfort Index
Zone Thermal Comfort Pierce Model Effective Temperature PMV,Zone,Thermal Comfort,Pierce Model Effective Temperature PMV,Zone: Thermal Comfort: Pierce Model Effective Temperature PMV
Zone Thermal Comfort Pierce Model Standard Effective Temperature PMV,Zone,Thermal Comfort,Pierce Model Standard Effective Temperature PMV,Zone: Thermal Comfort: Pierce Model Standard Effective Temperature PMV
Zone Thermal Comfort Pierce Model Thermal Sensation Index,Zone,Thermal Comfort,Pierce Model Thermal Sensation Index,Zone: Thermal Comfort: Pierce Model Thermal Sensation Index
Zone Thermostat Control Type,Zone,Thermostat,Control Type,Zone: Thermostat: Control Type
Zone Thermostat Cooling Setpoint Temperature,Zone,Thermostat,Cooling Setpoint Temperature,Zone: Thermostat: Cooling Setpoint Temperature
Zone Thermostat Heating Setpoint Temperature,Zone,Thermostat,Heating Setpoint Temperature,Zone: Thermostat: Heating Setpoint Temperature
Zone Total Internal Convective Heating Energy,Zone,,Total Internal Convective Heating Energy,Zone: Total Internal Convective Heating Energy
Zone Total Internal Convective Heating Rate,Zone,,Total Internal Convective Heating Rate,Zone: Total Internal Convective Heating Rate
Zone Total Internal Latent Gain Energy,Zone,,Total Internal Latent Gain Energy,Zone: Total Internal Latent Gain Energy
Zone Total Internal Latent Gain Rate,Zone,,Total Internal Latent Gain Rate,Zone: Total Internal Latent Gain Rate
Zone Total Internal Radiant Heating Energy,Zone,,Total Internal Radiant Heating Energy,Zone: Total Internal Radiant Heating Energy
Zone Total Internal Radiant Heating Rate,Zone,,Total Internal Radiant Heating Rate,Zone: Total Internal Radiant Heating Rate
Zone Total Internal Total Heating Energy,Zone,,Total Internal Total Heating Energy,Zone: Total Internal Total Heating Energy
Zone Total Internal Total Heating Rate,Zone,,Total Internal Total Heating Rate,Zone: Total Internal Total Heating Rate
Zone Total Internal Visible Radiation Heating Energy,Zone,,Total Internal Visible Radiation Heating Energy,Zone: Total Internal Visible Radiation Heating Energy
Zone Total Internal Visible Radiation Heating Rate,Zone,,Total Internal Visible Radiation Heating Rate,Zone: Total Internal Visible Radiation Heating Rate
Zone Unit Ventilator Fan Availability Status,Zone,Unit Ventilator,Fan Availability Status,Zone: Unit Ventilator: Fan Availability Status
Zone Unit Ventilator Fan Electricity Energy,Zone,Unit Ventilator,Fan Electricity Energy,Zone: Unit Ventilator: Fan Electricity Energy
Zone Unit Ventilator Fan Electricity Rate,Zone,Unit Ventilator,Fan Electricity Rate,Zone: Unit Ventilator: Fan Electricity Rate
Zone Unit Ventilator Fan Part Load Ratio,Zone,Unit Ventilator,Fan Part Load Ratio,Zone: Unit Ventilator: Fan Part Load Ratio
Zone Unit Ventilator Heating Energy,Zone,Unit Ventilator,Heating Energy,Zone: Unit Ventilator: Heating Energy
Zone Unit Ventilator Heating Rate,Zone,Unit Ventilator,Heating Rate,Zone: Unit Ventilator: Heating Rate
Zone Unit Ventilator Sensible Cooling Energy,Zone,Unit Ventilator,Sensible Cooling Energy,Zone: Unit Ventilator: Sensible Cooling Energy
Zone Unit Ventilator Sensible Cooling Rate,Zone,Unit Ventilator,Sensible Cooling Rate,Zone: Unit Ventilator: Sensible Cooling Rate
Zone Unit Ventilator Total Cooling Energy,Zone,Unit Ventilator,Total Cooling Energy,Zone: Unit Ventilator: Total Cooling Energy
Zone Unit Ventilator Total Cooling Rate,Zone,Unit Ventilator,Total Cooling Rate,Zone: Unit Ventilator: Total Cooling Rate
Zone VRF Air Terminal Cooling Electricity Energy,Zone,VRF Air Terminal,Cooling Electricity Energy,Zone: VRF Air Terminal: Cooling Electricity Energy
Zone VRF Air Terminal Cooling Electricity Rate,Zone,VRF Air Terminal,Cooling Electricity Rate,Zone: VRF Air Terminal: Cooling Electricity Rate
Zone VRF Air Terminal Fan Availability Status,Zone,VRF Air Terminal,Fan Availability Status,Zone: VRF Air Terminal: Fan Availability Status
Zone VRF Air Terminal Heating Electricity Energy,Zone,VRF Air Terminal,Heating Electricity Energy,Zone: VRF Air Terminal: Heating Electricity Energy
Zone VRF Air Terminal Heating Electricity Rate,Zone,VRF Air Terminal,Heating Electricity Rate,Zone: VRF Air Terminal: Heating Electricity Rate
Zone VRF Air Terminal Latent Cooling Energy,Zone,VRF Air Terminal,Latent Cooling Energy,Zone: VRF Air Terminal: Latent Cooling Energy
Zone VRF Air Terminal Latent Cooling Rate,Zone,VRF Air Terminal,Latent Cooling Rate,Zone: VRF Air Terminal: Latent Cooling Rate
Zone VRF Air Terminal Latent Heating Energy,Zone,VRF Air Terminal,Latent Heating Energy,Zone: VRF Air Terminal: Latent Heating Energy
Zone VRF Air Terminal Latent Heating Rate,Zone,VRF Air Terminal,Latent Heating Rate,Zone: VRF Air Terminal: Latent Heating Rate
Zone VRF Air Terminal Sensible Cooling Energy,Zone,VRF Air Terminal,Sensible Cooling Energy,Zone: VRF Air Terminal: Sensible Cooling Energy
Zone VRF Air Terminal Sensible Cooling Rate,Zone,VRF Air Terminal,Sensible Cooling Rate,Zone: VRF Air Terminal: Sensible Cooling Rate
Zone VRF Air Terminal Sensible Heating Energy,Zone,VRF Air Terminal,Sensible Heating Energy,Zone: VRF Air Terminal: Sensible Heating Energy
Zone VRF Air Terminal Sensible Heating Rate,Zone,VRF Air Terminal,Sensible Heating Rate,Zone: VRF Air Terminal: Sensible Heating Rate
Zone VRF Air Terminal Total Cooling Energy,Zone,VRF Air Terminal,Total Cooling Energy,Zone: VRF Air Terminal: Total Cooling Energy
Zone VRF Air Terminal Total Cooling Rate,Zone,VRF Air Terminal,Total Cooling Rate,Zone: VRF Air Terminal: Total Cooling Rate
Zone VRF Air Terminal Total Heating Energy,Zone,VRF Air Terminal,Total Heating Energy,Zone: VRF Air Terminal: Total Heating Energy
Zone VRF Air Terminal Total Heating Rate,Zone,VRF Air Terminal,Total Heating Rate,Zone: VRF Air Terminal: Total Heating Rate
Zone Ventilation Air Inlet Temperature,Zone,Ventilation,Air Inlet Temperature,Zone: Ventilation: Air Inlet Temperature
Zone Ventilation Current Density Air Change Rate,Zone,Ventilation,Current Density Air Change Rate,Zone: Ventilation: Current Density Air Change Rate
Zone Ventilation Current Density Volume,Zone,Ventilation,Current Density Volume,Zone: Ventilation: Current Density Volume
Zone Ventilation Current Density Volume Flow Rate,Zone,Ventilation,Current Density Volume Flow Rate,Zone: Ventilation: Current Density Volume Flow Rate
Zone Ventilation Fan Electricity Energy,Zone,Ventilation,Fan Electricity Energy,Zone: Ventilation: Fan Electricity Energy
Zone Ventilation Latent Heat Gain Energy,Zone,Ventilation,Latent Heat Gain Energy,Zone: Ventilation: Latent Heat Gain Energy
Zone Ventilation Latent Heat Loss Energy,Zone,Ventilation,Latent Heat Loss Energy,Zone: Ventilation: Latent Heat Loss Energy
Zone Ventilation Mass,Zone,Ventilation,Mass,Zone: Ventilation: Mass
Zone Ventilation Mass Flow Rate,Zone,Ventilation,Mass Flow Rate,Zone: Ventilation: Mass Flow Rate
Zone Ventilation Outdoor Density Air Change Rate,Zone,Ventilation,Outdoor Density Air Change Rate,Zone: Ventilation: Outdoor Density Air Change Rate
Zone Ventilation Outdoor Density Volume Flow Rate,Zone,Ventilation,Outdoor Density Volume Flow Rate,Zone: Ventilation: Outdoor Density Volume Flow Rate
Zone Ventilation Sensible Heat Gain Energy,Zone,Ventilation,Sensible Heat Gain Energy,Zone: Ventilation: Sensible Heat Gain Energy
Zone Ventilation Sensible Heat Loss Energy,Zone,Ventilation,Sensible Heat Loss Energy,Zone: Ventilation: Sensible Heat Loss Energy
Zone Ventilation Standard Density Air Change Rate,Zone,Ventilation,Standard Density Air Change Rate,Zone: Ventilation: Standard Density Air Change Rate
Zone Ventilation Standard Density Volume,Zone,Ventilation,Standard Density Volume,Zone: Ventilation: Standard Density Volume
Zone Ventilation Standard Density Volume Flow Rate,Zone,Ventilation,Standard Density Volume Flow Rate,Zone: Ventilation: Standard Density Volume Flow Rate
Zone Ventilation Total Heat Gain Energy,Zone,Ventilation,Total Heat Gain Energy,Zone: Ventilation: Total Heat Gain Energy
Zone Ventilation Total Heat Loss Energy,Zone,Ventilation,Total Heat Loss Energy,Zone: Ventilation: Total Heat Loss Energy
Zone Ventilator Electricity Energy,Zone,Ventilator,Electricity Energy,Zone: Ventilator: Electricity Energy
Zone Ventilator Electricity Rate,Zone,Ventilator,Electricity Rate,Zone: Ventilator: Electricity Rate
Zone Ventilator Latent Cooling Energy,Zone,Ventilator,Latent Cooling Energy,Zone: Ventilator: Latent Cooling Energy
Zone Ventilator Latent Cooling Rate,Zone,Ventilator,Latent Cooling Rate,Zone: Ventilator: Latent Cooling Rate
Zone Ventilator Latent Heating Energy,Zone,Ventilator,Latent Heating Energy,Zone: Ventilator: Latent Heating Energy
Zone Ventilator Latent Heating Rate,Zone,Ventilator,Latent Heating Rate,Zone: Ventilator: Latent Heating Rate
Zone Ventilator Sensible Cooling Energy,Zone,Ventilator,Sensible Cooling Energy,Zone: Ventilator: Sensible Cooling Energy
Zone Ventilator Sensible Cooling Rate,Zone,Ventilator,Sensible Cooling Rate,Zone: Ventilator: Sensible Cooling Rate
Zone Ventilator Sensible Heating Energy,Zone,Ventilator,Sensible Heating Energy,Zone: Ventilator: Sensible Heating Energy
Zone Ventilator Sensible Heating Rate,Zone,Ventilator,Sensible Heating Rate,Zone: Ventilator: Sensible Heating Rate
Zone Ventilator Supply Fan Availability Status,Zone,Ventilator,Supply Fan Availability Status,Zone: Ventilator: Supply Fan Availability Status
Zone Ventilator Total Cooling Energy,Zone,Ventilator,Total Cooling Energy,Zone: Ventilator: Total Cooling Energy
Zone Ventilator Total Cooling Rate,Zone,Ventilator,Total Cooling Rate,Zone: Ventilator: Total Cooling Rate
Zone Ventilator Total Heating Energy,Zone,Ventilator,Total Heating Energy,Zone: Ventilator: Total Heating Energy
Zone Ventilator Total Heating Rate,Zone,Ventilator,Total Heating Rate,Zone: Ventilator: Total Heating Rate
Zone Windows Total Heat Gain Energy,Zone,Windows,Total Heat Gain Energy,Zone: Windows: Total Heat Gain Energy
Zone Windows Total Heat Gain Rate,Zone,Windows,Total Heat Gain Rate,Zone: Windows: Total Heat Gain Rate
Zone Windows Total Heat Loss Energy,Zone,Windows,Total Heat Loss Energy,Zone: Windows: Total Heat Loss Energy
Zone Windows Total Heat Loss Rate,Zone,Windows,Total Heat Loss Rate,Zone: Windows: Total Heat Loss Rate
Zone Windows Total Transmitted Solar Radiation Energy,Zone,Windows,Total Transmitted Solar Radiation Energy,Zone: Windows: Total Transmitted Solar Radiation Energy
Zone Windows Total Transmitted Solar Radiation Rate,Zone,Windows,Total Transmitted Solar Radiation Rate,Zone: Windows: Total Transmitted Solar Radiation Rate
Air CO2 Concentration,Air,,CO2 Concentration,Air: CO2 Concentration
Air CO2 Internal Gain Volume Flow Rate,Air,,CO2 Internal Gain Volume Flow Rate,Air: CO2 Internal Gain Volume Flow Rate
Air Generic Air Contaminant Concentration,Air,,Generic Air Contaminant Concentration,Air: Generic Air Contaminant Concentration
Air Heat Balance Air Energy Storage Rate,Air Heat Balance,,Air Energy Storage Rate,Air Heat Balance: Air Energy Storage Rate
Air Heat Balance Deviation Rate,Air Heat Balance,,Deviation Rate,Air Heat Balance: Deviation Rate
Air Heat Balance Internal Convective Heat Gain Rate,Air Heat Balance,,Internal Convective Heat Gain Rate,Air Heat Balance: Internal Convective Heat Gain Rate
Air Heat Balance Interzone Air Transfer Rate,Air Heat Balance,,Interzone Air Transfer Rate,Air Heat Balance: Interzone Air Transfer Rate
Air Heat Balance Outdoor Air Transfer Rate,Air Heat Balance,,Outdoor Air Transfer Rate,Air Heat Balance: Outdoor Air Transfer Rate
Air Heat Balance Surface Convection Rate,Air Heat Balance,,Surface Convection Rate,Air Heat Balance: Surface Convection Rate
Air Heat Balance System Air Transfer Rate,Air Heat Balance,,System Air Transfer Rate,Air Heat Balance: System Air Transfer Rate
Air Heat Balance System Convective Heat Gain Rate,Air Heat Balance,,System Convective Heat Gain Rate,Air Heat Balance: System Convective Heat Gain Rate
Air Humidity Ratio,Air,,Humidity Ratio,Air: Humidity Ratio
Air Relative Humidity,Air,,Relative Humidity,Air: Relative Humidity
Air System Sensible Cooling Energy,Air System,,Sensible Cooling Energy,Air System: Sensible Cooling Energy
Air System Sensible Cooling Rate,Air System,,Sensible Cooling Rate,Air System: Sensible Cooling Rate
Air System Sensible Heating Energy,Air System,,Sensible Heating Energy,Air System: Sensible Heating Energy
Air System Sensible Heating Rate,Air System,,Sensible Heating Rate,Air System: Sensible Heating Rate
Air Temperature,Air,,Temperature,Air: Temperature
Air Terminal Sensible Cooling Energy,Air Terminal,,Sensible Cooling Energy,Air Terminal: Sensible Cooling Energy
Air Terminal Sensible Cooling Rate,Air Terminal,,Sensible Cooling Rate,Air Terminal: Sensible Cooling Rate
Air Terminal Sensible Heating Energy,Air Terminal,,Sensible Heating Energy,Air Terminal: Sensible Heating Energy
Air Terminal Sensible Heating Rate,Air Terminal,,Sensible Heating Rate,Air Terminal: Sensible Heating Rate
Dehumidifier Electricity Energy,Dehumidifier,,Electricity Energy,Dehumidifier: Electricity Energy
Dehumidifier Electricity Rate,Dehumidifier,,Electricity Rate,Dehumidifier: Electricity Rate
Dehumidifier Off Cycle Parasitic Electricity Energy,Dehumidifier,,Off Cycle Parasitic Electricity Energy,Dehumidifier: Off Cycle Parasitic Electricity Energy
Dehumidifier Off Cycle Parasitic Electricity Rate,Dehumidifier,,Off Cycle Parasitic Electricity Rate,Dehumidifier: Off Cycle Parasitic Electricity Rate
Dehumidifier Outlet Air Temperature,Dehumidifier,,Outlet Air Temperature,Dehumidifier: Outlet Air Temperature
Dehumidifier Part Load Ratio,Dehumidifier,,Part Load Ratio,Dehumidifier: Part Load Ratio
Dehumidifier Removed Water Mass,Dehumidifier,,Removed Water Mass,Dehumidifier: Removed Water Mass
Dehumidifier Removed Water Mass Flow Rate,Dehumidifier,,Removed Water Mass Flow Rate,Dehumidifier: Removed Water Mass Flow Rate
Dehumidifier Runtime Fraction,Dehumidifier,,Runtime Fraction,Dehumidifier: Runtime Fraction
Dehumidifier Sensible Heating Energy,Dehumidifier,,Sensible Heating Energy,Dehumidifier: Sensible Heating Energy
Dehumidifier Sensible Heating Rate,Dehumidifier,,Sensible Heating Rate,Dehumidifier: Sensible Heating Rate
Electric Equipment Convective Heating Energy,Electric Equipment,,Convective Heating Energy,Electric Equipment: Convective Heating Energy
Electric Equipment Convective Heating Rate,Electric Equipment,,Convective Heating Rate,Electric Equipment: Convective Heating Rate
Electric Equipment Electricity Energy,Electric Equipment,,Electricity Energy,Electric Equipment: Electricity Energy
Electric Equipment Electricity Rate,Electric Equipment,,Electricity Rate,Electric Equipment: Electricity Rate
Electric Equipment Latent Gain Energy,Electric Equipment,,Latent Gain Energy,Electric Equipment: Latent Gain Energy
Electric Equipment Latent Gain Rate,Electric Equipment,,Latent Gain Rate,Electric Equipment: Latent Gain Rate
Electric Equipment Lost Heat Energy,Electric Equipment,,Lost Heat Energy,Electric Equipment: Lost Heat Energy
Electric Equipment Lost Heat Rate,Electric Equipment,,Lost Heat Rate,Electric Equipment: Lost Heat Rate
Electric Equipment Radiant Heating Energy,Electric Equipment,,Radiant Heating Energy,Electric Equipment: Radiant Heating Energy
Electric Equipment Radiant Heating Rate,Electric Equipment,,Radiant Heating Rate,Electric Equipment: Radiant Heating Rate
Electric Equipment Total Heating Energy,Electric Equipment,,Total Heating Energy,Electric Equipment: Total Heating Energy
Electric Equipment Total Heating Rate,Electric Equipment,,Total Heating Rate,Electric Equipment: Total Heating Rate
Exterior Windows Total Transmitted Beam Solar Radiation Energy,Exterior Windows,,Total Transmitted Beam Solar Radiation Energy,Exterior Windows: Total Transmitted Beam Solar Radiation Energy
Exterior Windows Total Transmitted Beam Solar Radiation Rate,Exterior Windows,,Total Transmitted Beam Solar Radiation Rate,Exterior Windows: Total Transmitted Beam Solar Radiation Rate
Exterior Windows Total Transmitted Diffuse Solar Radiation Energy,Exterior Windows,,Total Transmitted Diffuse Solar Radiation Energy,Exterior Windows: Total Transmitted Diffuse Solar Radiation Energy
Exterior Windows Total Transmitted Diffuse Solar Radiation Rate,Exterior Windows,,Total Transmitted Diffuse Solar Radiation Rate,Exterior Windows: Total Transmitted Diffuse Solar Radiation Rate
Gas Equipment Convective Heating Energy,Gas Equipment,,Convective Heating Energy,Gas Equipment: Convective Heating Energy
Gas Equipment Convective Heating Rate,Gas Equipment,,Convective Heating Rate,Gas Equipment: Convective Heating Rate
Gas Equipment Latent Gain Energy,Gas Equipment,,Latent Gain Energy,Gas Equipment: Latent Gain Energy
Gas Equipment Latent Gain Rate,Gas Equipment,,Latent Gain Rate,Gas Equipment: Latent Gain Rate
Gas Equipment Lost Heat Energy,Gas Equipment,,Lost Heat Energy,Gas Equipment: Lost Heat Energy
Gas Equipment Lost Heat Rate,Gas Equipment,,Lost Heat Rate,Gas Equipment: Lost Heat Rate
Gas Equipment NaturalGas Energy,Gas Equipment,,NaturalGas Energy,Gas Equipment: NaturalGas Energy
Gas Equipment NaturalGas Rate,Gas Equipment,,NaturalGas Rate,Gas Equipment: NaturalGas Rate
Gas Equipment Radiant Heating Energy,Gas Equipment,,Radiant Heating Energy,Gas Equipment: Radiant Heating Energy
Gas Equipment Radiant Heating Rate,Gas Equipment,,Radiant Heating Rate,Gas Equipment: Radiant Heating Rate
Gas Equipment Total Heating Energy,Gas Equipment,,Total Heating Energy,Gas Equipment: Total Heating Energy
Gas Equipment Total Heating Rate,Gas Equipment,,Total Heating Rate,Gas Equipment: Total Heating Rate
Generic Air Contaminant Generation Volume Flow Rate,Generic,,Air Contaminant Generation Volume Flow Rate,Generic: Air Contaminant Generation Volume Flow Rate
Hot Water Equipment Convective Heating Energy,Hot Water Equipment,,Convective Heating Energy,Hot Water Equipment: Convective Heating Energy
Hot Water Equipment Convective Heating Rate,Hot Water Equipment,,Convective Heating Rate,Hot Water Equipment: Convective Heating Rate
Hot Water Equipment District Heating Energy,Hot Water Equipment,,District Heating Energy,Hot Water Equipment: District Heating Energy
Hot Water Equipment District Heating Rate,Hot Water Equipment,,District Heating Rate,Hot Water Equipment: District Heating Rate
Hot Water Equipment Latent Gain Energy,Hot Water Equipment,,Latent Gain Energy,Hot Water Equipment: Latent Gain Energy
Hot Water Equipment Latent Gain Rate,Hot Water Equipment,,Latent Gain Rate,Hot Water Equipment: Latent Gain Rate
Hot Water Equipment Lost Heat Energy,Hot Water Equipment,,Lost Heat Energy,Hot Water Equipment: Lost Heat Energy
Hot Water Equipment Lost Heat Rate,Hot Water Equipment,,Lost Heat Rate,Hot Water Equipment: Lost Heat Rate
Hot Water Equipment Radiant Heating Energy,Hot Water Equipment,,Radiant Heating Energy,Hot Water Equipment: Radiant Heating Energy
Hot Water Equipment Radiant Heating Rate,Hot Water Equipment,,Radiant Heating Rate,Hot Water Equipment: Radiant Heating Rate
Hot Water Equipment Total Heating Energy,Hot Water Equipment,,Total Heating Energy,Hot Water Equipment: Total Heating Energy
Hot Water Equipment Total Heating Rate,Hot Water Equipment,,Total Heating Rate,Hot Water Equipment: Total Heating Rate
ITE Adjusted Return Air Temperature,ITE,,Adjusted Return Air Temperature,ITE: Adjusted Return Air Temperature
ITE Air Mass Flow Rate,ITE,,Air Mass Flow Rate,ITE: Air Mass Flow Rate
ITE Any Air Inlet Dewpoint Temperature Above Operating Range Time,ITE,,Any Air Inlet Dewpoint Temperature Above Operating Range Time,ITE: Any Air Inlet Dewpoint Temperature Above Operating Range Time
ITE Any Air Inlet Dewpoint Temperature Below Operating Range Time,ITE,,Any Air Inlet Dewpoint Temperature Below Operating Range Time,ITE: Any Air Inlet Dewpoint Temperature Below Operating Range Time
ITE Any Air Inlet Dry-Bulb Temperature Above Operating Range Time,ITE,,Any Air Inlet Dry-Bulb Temperature Above Operating Range Time,ITE: Any Air Inlet Dry-Bulb Temperature Above Operating Range Time
ITE Any Air Inlet Dry-Bulb Temperature Below Operating Range Time,ITE,,Any Air Inlet Dry-Bulb Temperature Below Operating Range Time,ITE: Any Air Inlet Dry-Bulb Temperature Below Operating Range Time
ITE Any Air Inlet Operating Range Exceeded Time,ITE,,Any Air Inlet Operating Range Exceeded Time,ITE: Any Air Inlet Operating Range Exceeded Time
ITE Any Air Inlet Relative Humidity Above Operating Range Time,ITE,,Any Air Inlet Relative Humidity Above Operating Range Time,ITE: Any Air Inlet Relative Humidity Above Operating Range Time
ITE Any Air Inlet Relative Humidity Below Operating Range Time,ITE,,Any Air Inlet Relative Humidity Below Operating Range Time,ITE: Any Air Inlet Relative Humidity Below Operating Range Time
ITE Average Supply Heat Index,ITE,,Average Supply Heat Index,ITE: Average Supply Heat Index
ITE CPU Electricity Energy,ITE,,CPU Electricity Energy,ITE: CPU Electricity Energy
ITE CPU Electricity Energy at Design Inlet Conditions,ITE,,CPU Electricity Energy at Design Inlet Conditions,ITE: CPU Electricity Energy at Design Inlet Conditions
ITE CPU Electricity Rate,ITE,,CPU Electricity Rate,ITE: CPU Electricity Rate
ITE CPU Electricity Rate at Design Inlet Conditions,ITE,,CPU Electricity Rate at Design Inlet Conditions,ITE: CPU Electricity Rate at Design Inlet Conditions
ITE Fan Electricity Energy,ITE,,Fan Electricity Energy,ITE: Fan Electricity Energy
ITE Fan Electricity Energy at Design Inlet Conditions,ITE,,Fan Electricity Energy at Design Inlet Conditions,ITE: Fan Electricity Energy at Design Inlet Conditions
ITE Fan Electricity Rate,ITE,,Fan Electricity Rate,ITE: Fan Electricity Rate
ITE Fan Electricity Rate at Design Inlet Conditions,ITE,,Fan Electricity Rate at Design Inlet Conditions,ITE: Fan Electricity Rate at Design Inlet Conditions
ITE Standard Density Air Volume Flow Rate,ITE,,Standard Density Air Volume Flow Rate,ITE: Standard Density Air Volume Flow Rate
ITE Total Heat Gain to Zone Energy,ITE,,Total Heat Gain to Zone Energy,ITE: Total Heat Gain to Zone Energy
ITE Total Heat Gain to Zone Rate,ITE,,Total Heat Gain to Zone Rate,ITE: Total Heat Gain to Zone Rate
ITE UPS Electricity Energy,ITE,,UPS Electricity Energy,ITE: UPS Electricity Energy
ITE UPS Electricity Rate,ITE,,UPS Electricity Rate,ITE: UPS Electricity Rate
ITE UPS Heat Gain to Zone Energy,ITE,,UPS Heat Gain to Zone Energy,ITE: UPS Heat Gain to Zone Energy
ITE UPS Heat Gain to Zone Rate,ITE,,UPS Heat Gain to Zone Rate,ITE: UPS Heat Gain to Zone Rate
Ideal Loads Economizer Active Time,Ideal Loads,,Economizer Active Time,Ideal Loads: Economizer Active Time
Ideal Loads Heat Recovery Active Time,Ideal Loads,,Heat Recovery Active Time,Ideal Loads: Heat Recovery Active Time
Ideal Loads Heat Recovery Latent Cooling Energy,Ideal Loads,,Heat Recovery Latent Cooling Energy,Ideal Loads: Heat Recovery Latent Cooling Energy
Ideal Loads Heat Recovery Latent Cooling Rate,Ideal Loads,,Heat Recovery Latent Cooling Rate,Ideal Loads: Heat Recovery Latent Cooling Rate
Ideal Loads Heat Recovery Latent Heating Energy,Ideal Loads,,Heat Recovery Latent Heating Energy,Ideal Loads: Heat Recovery Latent Heating Energy
Ideal Loads Heat Recovery Latent Heating Rate,Ideal Loads,,Heat Recovery Latent Heating Rate,Ideal Loads: Heat Recovery Latent Heating Rate
Ideal Loads Heat Recovery Sensible Cooling Energy,Ideal Loads,,Heat Recovery Sensible Cooling Energy,Ideal Loads: Heat Recovery Sensible Cooling Energy
Ideal Loads Heat Recovery Sensible Cooling Rate,Ideal Loads,,Heat Recovery Sensible Cooling Rate,Ideal Loads: Heat Recovery Sensible Cooling Rate
Ideal Loads Heat Recovery Sensible Heating Energy,Ideal Loads,,Heat Recovery Sensible Heating Energy,Ideal Loads: Heat Recovery Sensible Heating Energy
Ideal Loads Heat Recovery Sensible Heating Rate,Ideal Loads,,Heat Recovery Sensible Heating Rate,Ideal Loads: Heat Recovery Sensible Heating Rate
Ideal Loads Heat Recovery Total Cooling Energy,Ideal Loads,,Heat Recovery Total Cooling Energy,Ideal Loads: Heat Recovery Total Cooling Energy
Ideal Loads Heat Recovery Total Cooling Rate,Ideal Loads,,Heat Recovery Total Cooling Rate,Ideal Loads: Heat Recovery Total Cooling Rate
Ideal Loads Heat Recovery Total Heating Energy,Ideal Loads,,Heat Recovery Total Heating Energy,Ideal Loads: Heat Recovery Total Heating Energy
Ideal Loads Heat Recovery Total Heating Rate,Ideal Loads,,Heat Recovery Total Heating Rate,Ideal Loads: Heat Recovery Total Heating Rate
Ideal Loads Hybrid Ventilation Available Status,Ideal Loads,,Hybrid Ventilation Available Status,Ideal Loads: Hybrid Ventilation Available Status
Ideal Loads Outdoor Air Latent Cooling Energy,Ideal Loads,,Outdoor Air Latent Cooling Energy,Ideal Loads: Outdoor Air Latent Cooling Energy
Ideal Loads Outdoor Air Latent Cooling Rate,Ideal Loads,,Outdoor Air Latent Cooling Rate,Ideal Loads: Outdoor Air Latent Cooling Rate
Ideal Loads Outdoor Air Latent Heating Energy,Ideal Loads,,Outdoor Air Latent Heating Energy,Ideal Loads: Outdoor Air Latent Heating Energy
Ideal Loads Outdoor Air Latent Heating Rate,Ideal Loads,,Outdoor Air Latent Heating Rate,Ideal Loads: Outdoor Air Latent Heating Rate
Ideal Loads Outdoor Air Mass Flow Rate,Ideal Loads,,Outdoor Air Mass Flow Rate,Ideal Loads: Outdoor Air Mass Flow Rate
Ideal Loads Outdoor Air Sensible Cooling Energy,Ideal Loads,,Outdoor Air Sensible Cooling Energy,Ideal Loads: Outdoor Air Sensible Cooling Energy
Ideal Loads Outdoor Air Sensible Cooling Rate,Ideal Loads,,Outdoor Air Sensible Cooling Rate,Ideal Loads: Outdoor Air Sensible Cooling Rate
Ideal Loads Outdoor Air Sensible Heating Energy,Ideal Loads,,Outdoor Air Sensible Heating Energy,Ideal Loads: Outdoor Air Sensible Heating Energy
Ideal Loads Outdoor Air Sensible Heating Rate,Ideal Loads,,Outdoor Air Sensible Heating Rate,Ideal Loads: Outdoor Air Sensible Heating Rate
Ideal Loads Outdoor Air Standard Density Volume Flow Rate,Ideal Loads,,Outdoor Air Standard Density Volume Flow Rate,Ideal Loads: Outdoor Air Standard Density Volume Flow Rate
Ideal Loads Outdoor Air Total Cooling Energy,Ideal Loads,,Outdoor Air Total Cooling Energy,Ideal Loads: Outdoor Air Total Cooling Energy
Ideal Loads Outdoor Air Total Cooling Rate,Ideal Loads,,Outdoor Air Total Cooling Rate,Ideal Loads: Outdoor Air Total Cooling Rate
Ideal Loads Outdoor Air Total Heating Energy,Ideal Loads,,Outdoor Air Total Heating Energy,Ideal Loads: Outdoor Air Total Heating Energy
Ideal Loads Outdoor Air Total Heating Rate,Ideal Loads,,Outdoor Air Total Heating Rate,Ideal Loads: Outdoor Air Total Heating Rate
Ideal Loads Supply Air Latent Cooling Energy,Ideal Loads,,Supply Air Latent Cooling Energy,Ideal Loads: Supply Air Latent Cooling Energy
Ideal Loads Supply Air Latent Cooling Rate,Ideal Loads,,Supply Air Latent Cooling Rate,Ideal Loads: Supply Air Latent Cooling Rate
Ideal Loads Supply Air Latent Heating Energy,Ideal Loads,,Supply Air Latent Heating Energy,Ideal Loads: Supply Air Latent Heating Energy
Ideal Loads Supply Air Latent Heating Rate,Ideal Loads,,Supply Air Latent Heating Rate,Ideal Loads: Supply Air Latent Heating Rate
Ideal Loads Supply Air Mass Flow Rate,Ideal Loads,,Supply Air Mass Flow Rate,Ideal Loads: Supply Air Mass Flow Rate
Ideal Loads Supply Air Sensible Cooling Energy,Ideal Loads,,Supply Air Sensible Cooling Energy,Ideal Loads: Supply Air Sensible Cooling Energy
Ideal Loads Supply Air Sensible Cooling Rate,Ideal Loads,,Supply Air Sensible Cooling Rate,Ideal Loads: Supply Air Sensible Cooling Rate
Ideal Loads Supply Air Sensible Heating Energy,Ideal Loads,,Supply Air Sensible Heating Energy,Ideal Loads: Supply Air Sensible Heating Energy
Ideal Loads Supply Air Sensible Heating Rate,Ideal Loads,,Supply Air Sensible Heating Rate,Ideal Loads: Supply Air Sensible Heating Rate
Ideal Loads Supply Air Standard Density Volume Flow Rate,Ideal Loads,,Supply Air Standard Density Volume Flow Rate,Ideal Loads: Supply Air Standard Density Volume Flow Rate
Ideal Loads Supply Air Total Cooling Energy,Ideal Loads,,Supply Air Total Cooling Energy,Ideal Loads: Supply Air Total Cooling Energy
Ideal Loads Supply Air Total Cooling Fuel Energy,Ideal Loads,,Supply Air Total Cooling Fuel Energy,Ideal Loads: Supply Air Total Cooling Fuel Energy
Ideal Loads Supply Air Total Cooling Fuel Energy Rate,Ideal Loads,,Supply Air Total Cooling Fuel Energy Rate,Ideal Loads: Supply Air Total Cooling Fuel Energy Rate
Ideal Loads Supply Air Total Cooling Rate,Ideal Loads,,Supply Air Total Cooling Rate,Ideal Loads: Supply Air Total Cooling Rate
Ideal Loads Supply Air Total Heating Energy,Ideal Loads,,Supply Air Total Heating Energy,Ideal Loads: Supply Air Total Heating Energy
Ideal Loads Supply Air Total Heating Fuel Energy,Ideal Loads,,Supply Air Total Heating Fuel Energy,Ideal Loads: Supply Air Total Heating Fuel Energy
Ideal Loads Supply Air Total Heating Fuel Energy Rate,Ideal Loads,,Supply Air Total Heating Fuel Energy Rate,Ideal Loads: Supply Air Total Heating Fuel Energy Rate
Ideal Loads Supply Air Total Heating Rate,Ideal Loads,,Supply Air Total Heating Rate,Ideal Loads: Supply Air Total Heating Rate
Ideal Loads Zone Cooling Fuel Energy,Ideal Loads,,Zone Cooling Fuel Energy,Ideal Loads: Zone Cooling Fuel Energy
Ideal Loads Zone Cooling Fuel Energy Rate,Ideal Loads,,Zone Cooling Fuel Energy Rate,Ideal Loads: Zone Cooling Fuel Energy Rate
Ideal Loads Zone Heating Fuel Energy,Ideal Loads,,Zone Heating Fuel Energy,Ideal Loads: Zone Heating Fuel Energy
Ideal Loads Zone Heating Fuel Energy Rate,Ideal Loads,,Zone Heating Fuel Energy Rate,Ideal Loads: Zone Heating Fuel Energy Rate
Ideal Loads Zone Latent Cooling Energy,Ideal Loads,,Zone Latent Cooling Energy,Ideal Loads: Zone Latent Cooling Energy
Ideal Loads Zone Latent Cooling Rate,Ideal Loads,,Zone Latent Cooling Rate,Ideal Loads: Zone Latent Cooling Rate
Ideal Loads Zone Latent Heating Energy,Ideal Loads,,Zone Latent Heating Energy,Ideal Loads: Zone Latent Heating Energy
Ideal Loads Zone Latent Heating Rate,Ideal Loads,,Zone Latent Heating Rate,Ideal Loads: Zone Latent Heating Rate
Ideal Loads Zone Sensible Cooling Energy,Ideal Loads,,Zone Sensible Cooling Energy,Ideal Loads: Zone Sensible Cooling Energy
Ideal Loads Zone Sensible Cooling Rate,Ideal Loads,,Zone Sensible Cooling Rate,Ideal Loads: Zone Sensible Cooling Rate
Ideal Loads Zone Sensible Heating Energy,Ideal Loads,,Zone Sensible Heating Energy,Ideal Loads: Zone Sensible Heating Energy
Ideal Loads Zone Sensible Heating Rate,Ideal Loads,,Zone Sensible Heating Rate,Ideal Loads: Zone Sensible Heating Rate
Ideal Loads Zone Total Cooling Energy,Ideal Loads,,Zone Total Cooling Energy,Ideal Loads: Zone Total Cooling Energy
Ideal Loads Zone Total Cooling Rate,Ideal Loads,,Zone Total Cooling Rate,Ideal Loads: Zone Total Cooling Rate
Ideal Loads Zone Total Heating Energy,Ideal Loads,,Zone Total Heating Energy,Ideal Loads: Zone Total Heating Energy
Ideal Loads Zone Total Heating Rate,Ideal Loads,,Zone Total Heating Rate,Ideal Loads: Zone Total Heating Rate
Infiltration Current Density Air Change Rate,Infiltration,,Current Density Air Change Rate,Infiltration: Current Density Air Change Rate
Infiltration Current Density Volume,Infiltration,,Current Density Volume,Infiltration: Current Density Volume
Infiltration Current Density Volume Flow Rate,Infiltration,,Current Density Volume Flow Rate,Infiltration: Current Density Volume Flow Rate
Infiltration Latent Heat Gain Energy,Infiltration,,Latent Heat Gain Energy,Infiltration: Latent Heat Gain Energy
Infiltration Latent Heat Loss Energy,Infiltration,,Latent Heat Loss Energy,Infiltration: Latent Heat Loss Energy
Infiltration Mass,Infiltration,,Mass,Infiltration: Mass
Infiltration Mass Flow Rate,Infiltration,,Mass Flow Rate,Infiltration: Mass Flow Rate
Infiltration Outdoor Density Air Change Rate,Infiltration,,Outdoor Density Air Change Rate,Infiltration: Outdoor Density Air Change Rate
Infiltration Outdoor Density Volume Flow Rate,Infiltration,,Outdoor Density Volume Flow Rate,Infiltration: Outdoor Density Volume Flow Rate
Infiltration Sensible Heat Gain Energy,Infiltration,,Sensible Heat Gain Energy,Infiltration: Sensible Heat Gain Energy
Infiltration Sensible Heat Loss Energy,Infiltration,,Sensible Heat Loss Energy,Infiltration: Sensible Heat Loss Energy
Infiltration Standard Density Air Change Rate,Infiltration,,Standard Density Air Change Rate,Infiltration: Standard Density Air Change Rate
Infiltration Standard Density Volume,Infiltration,,Standard Density Volume,Infiltration: Standard Density Volume
Infiltration Standard Density Volume Flow Rate,Infiltration,,Standard Density Volume Flow Rate,Infiltration: Standard Density Volume Flow Rate
Infiltration Total Heat Gain Energy,Infiltration,,Total Heat Gain Energy,Infiltration: Total Heat Gain Energy
Infiltration Total Heat Loss Energy,Infiltration,,Total Heat Loss Energy,Infiltration: Total Heat Loss Energy
Interior Windows Total Transmitted Beam Solar Radiation Energy,Interior Windows,,Total Transmitted Beam Solar Radiation Energy,Interior Windows: Total Transmitted Beam Solar Radiation Energy
Interior Windows Total Transmitted Beam Solar Radiation Rate,Interior Windows,,Total Transmitted Beam Solar Radiation Rate,Interior Windows: Total Transmitted Beam Solar Radiation Rate
Interior Windows Total Transmitted Diffuse Solar Radiation Energy,Interior Windows,,Total Transmitted Diffuse Solar Radiation Energy,Interior Windows: Total Transmitted Diffuse Solar Radiation Energy
Interior Windows Total Transmitted Diffuse Solar Radiation Rate,Interior Windows,,Total Transmitted Diffuse Solar Radiation Rate,Interior Windows: Total Transmitted Diffuse Solar Radiation Rate
Lights Convective Heating Energy,Lights,,Convective Heating Energy,Lights: Convective Heating Energy
Lights Convective Heating Rate,Lights,,Convective Heating Rate,Lights: Convective Heating Rate
Lights Electricity Energy,Lights,,Electricity Energy,Lights: Electricity Energy
Lights Electricity Rate,Lights,,Electricity Rate,Lights: Electricity Rate
Lights Radiant Heating Energy,Lights,,Radiant Heating Energy,Lights: Radiant Heating Energy
Lights Radiant Heating Rate,Lights,,Radiant Heating Rate,Lights: Radiant Heating Rate
Lights Return Air Heating Energy,Lights,,Return Air Heating Energy,Lights: Return Air Heating Energy
Lights Return Air Heating Rate,Lights,,Return Air Heating Rate,Lights: Return Air Heating Rate
Lights Total Heating Energy,Lights,,Total Heating Energy,Lights: Total Heating Energy
Lights Total Heating Rate,Lights,,Total Heating Rate,Lights: Total Heating Rate
Lights Visible Radiation Heating Energy,Lights,,Visible Radiation Heating Energy,Lights: Visible Radiation Heating Energy
Lights Visible Radiation Heating Rate,Lights,,Visible Radiation Heating Rate,Lights: Visible Radiation Heating Rate
Mean Air Dewpoint Temperature,Mean,,Air Dewpoint Temperature,Mean: Air Dewpoint Temperature
Mean Air Temperature,Mean,,Air Temperature,Mean: Air Temperature
Mean Radiant Temperature,Mean,,Radiant Temperature,Mean: Radiant Temperature
Mechanical Ventilation Air Changes per Hour,Mechanical Ventilation,,Air Changes per Hour,Mechanical Ventilation: Air Changes per Hour
Mechanical Ventilation Cooling Load Decrease Energy,Mechanical Ventilation,,Cooling Load Decrease Energy,Mechanical Ventilation: Cooling Load Decrease Energy
Mechanical Ventilation Cooling Load Increase Energy,Mechanical Ventilation,,Cooling Load Increase Energy,Mechanical Ventilation: Cooling Load Increase Energy
Mechanical Ventilation Cooling Load Increase Energy Due to Overheating Energy,Mechanical Ventilation,,Cooling Load Increase Energy Due to Overheating Energy,Mechanical Ventilation: Cooling Load Increase Energy Due to Overheating Energy
Mechanical Ventilation Current Density Volume,Mechanical Ventilation,,Current Density Volume,Mechanical Ventilation: Current Density Volume
Mechanical Ventilation Current Density Volume Flow Rate,Mechanical Ventilation,,Current Density Volume Flow Rate,Mechanical Ventilation: Current Density Volume Flow Rate
Mechanical Ventilation Heating Load Decrease Energy,Mechanical Ventilation,,Heating Load Decrease Energy,Mechanical Ventilation: Heating Load Decrease Energy
Mechanical Ventilation Heating Load Increase Energy,Mechanical Ventilation,,Heating Load Increase Energy,Mechanical Ventilation: Heating Load Increase Energy
Mechanical Ventilation Heating Load Increase Energy Due to Overcooling Energy,Mechanical Ventilation,,Heating Load Increase Energy Due to Overcooling Energy,Mechanical Ventilation: Heating Load Increase Energy Due to Overcooling Energy
Mechanical Ventilation Mass,Mechanical Ventilation,,Mass,Mechanical Ventilation: Mass
Mechanical Ventilation Mass Flow Rate,Mechanical Ventilation,,Mass Flow Rate,Mechanical Ventilation: Mass Flow Rate
Mechanical Ventilation No Load Heat Addition Energy,Mechanical Ventilation,,No Load Heat Addition Energy,Mechanical Ventilation: No Load Heat Addition Energy
Mechanical Ventilation No Load Heat Removal Energy,Mechanical Ventilation,,No Load Heat Removal Energy,Mechanical Ventilation: No Load Heat Removal Energy
Mechanical Ventilation Standard Density Volume,Mechanical Ventilation,,Standard Density Volume,Mechanical Ventilation: Standard Density Volume
Mechanical Ventilation Standard Density Volume Flow Rate,Mechanical Ventilation,,Standard Density Volume Flow Rate,Mechanical Ventilation: Standard Density Volume Flow Rate
Operative Temperature,Operative,,Temperature,Operative: Temperature
Other Equipment Convective Heating Energy,Other Equipment,,Convective Heating Energy,Other Equipment: Convective Heating Energy
Other Equipment Convective Heating Rate,Other Equipment,,Convective Heating Rate,Other Equipment: Convective Heating Rate
Other Equipment Latent Gain Energy,Other Equipment,,Latent Gain Energy,Other Equipment: Latent Gain Energy
Other Equipment Latent Gain Rate,Other Equipment,,Latent Gain Rate,Other Equipment: Latent Gain Rate
Other Equipment Lost Heat Energy,Other Equipment,,Lost Heat Energy,Other Equipment: Lost Heat Energy
Other Equipment Lost Heat Rate,Other Equipment,,Lost Heat Rate,Other Equipment: Lost Heat Rate
Other Equipment Radiant Heating Energy,Other Equipment,,Radiant Heating Energy,Other Equipment: Radiant Heating Energy
Other Equipment Radiant Heating Rate,Other Equipment,,Radiant Heating Rate,Other Equipment: Radiant Heating Rate
Other Equipment Total Heating Energy,Other Equipment,,Total Heating Energy,Other Equipment: Total Heating Energy
Other Equipment Total Heating Rate,Other Equipment,,Total Heating Rate,Other Equipment: Total Heating Rate
Outdoor Air Drybulb Temperature,Outdoor Air,,Drybulb Temperature,Outdoor Air: Drybulb Temperature
Outdoor Air Wetbulb Temperature,Outdoor Air,,Wetbulb Temperature,Outdoor Air: Wetbulb Temperature
Outdoor Air Wind Speed,Outdoor Air,,Wind Speed,Outdoor Air: Wind Speed
People Convective Heating Energy,People,,Convective Heating Energy,People: Convective Heating Energy
People Convective Heating Rate,People,,Convective Heating Rate,People: Convective Heating Rate
People Latent Gain Energy,People,,Latent Gain Energy,People: Latent Gain Energy
People Latent Gain Rate,People,,Latent Gain Rate,People: Latent Gain Rate
People Occupant Count,People,,Occupant Count,People: Occupant Count
People Radiant Heating Energy,People,,Radiant Heating Energy,People: Radiant Heating Energy
People Radiant Heating Rate,People,,Radiant Heating Rate,People: Radiant Heating Rate
People Sensible Heating Energy,People,,Sensible Heating Energy,People: Sensible Heating Energy
People Sensible Heating Rate,People,,Sensible Heating Rate,People: Sensible Heating Rate
People Total Heating Energy,People,,Total Heating Energy,People: Total Heating Energy
People Total Heating Rate,People,,Total Heating Rate,People: Total Heating Rate
Predicted Moisture Load Moisture Transfer Rate,Predicted,,Moisture Load Moisture Transfer Rate,Predicted: Moisture Load Moisture Transfer Rate
Predicted Moisture Load to Dehumidifying Setpoint Moisture Transfer Rate,Predicted,,Moisture Load to Dehumidifying Setpoint Moisture Transfer Rate,Predicted: Moisture Load to Dehumidifying Setpoint Moisture Transfer Rate
Predicted Moisture Load to Humidifying Setpoint Moisture Transfer Rate,Predicted,,Moisture Load to Humidifying Setpoint Moisture Transfer Rate,Predicted: Moisture Load to Humidifying Setpoint Moisture Transfer Rate
Predicted Sensible Load to Cooling Setpoint Heat Transfer Rate,Predicted,,Sensible Load to Cooling Setpoint Heat Transfer Rate,Predicted: Sensible Load to Cooling Setpoint Heat Transfer Rate
Predicted Sensible Load to Heating Setpoint Heat Transfer Rate,Predicted,,Sensible Load to Heating Setpoint Heat Transfer Rate,Predicted: Sensible Load to Heating Setpoint Heat Transfer Rate
Predicted Sensible Load to Setpoint Heat Transfer Rate,Predicted,,Sensible Load to Setpoint Heat Transfer Rate,Predicted: Sensible Load to Setpoint Heat Transfer Rate
Radiant HVAC Electricity Energy,Radiant HVAC,,Electricity Energy,Radiant HVAC: Electricity Energy
Radiant HVAC Electricity Rate,Radiant HVAC,,Electricity Rate,Radiant HVAC: Electricity Rate
Radiant HVAC Heating Energy,Radiant HVAC,,Heating Energy,Radiant HVAC: Heating Energy
Radiant HVAC Heating Rate,Radiant HVAC,,Heating Rate,Radiant HVAC: Heating Rate
Radiant HVAC NaturalGas Energy,Radiant HVAC,,NaturalGas Energy,Radiant HVAC: NaturalGas Energy
Radiant HVAC NaturalGas Rate,Radiant HVAC,,NaturalGas Rate,Radiant HVAC: NaturalGas Rate
Steam Equipment Convective Heating Energy,Steam Equipment,,Convective Heating Energy,Steam Equipment: Convective Heating Energy
Steam Equipment Convective Heating Rate,Steam Equipment,,Convective Heating Rate,Steam Equipment: Convective Heating Rate
Steam Equipment District Heating Energy,Steam Equipment,,District Heating Energy,Steam Equipment: District Heating Energy
Steam Equipment District Heating Rate,Steam Equipment,,District Heating Rate,Steam Equipment: District Heating Rate
Steam Equipment Latent Gain Energy,Steam Equipment,,Latent Gain Energy,Steam Equipment: Latent Gain Energy
Steam Equipment Latent Gain Rate,Steam Equipment,,Latent Gain Rate,Steam Equipment: Latent Gain Rate
Steam Equipment Lost Heat Energy,Steam Equipment,,Lost Heat Energy,Steam Equipment: Lost Heat Energy
Steam Equipment Lost Heat Rate,Steam Equipment,,Lost Heat Rate,Steam Equipment: Lost Heat Rate
Steam Equipment Radiant Heating Energy,Steam Equipment,,Radiant Heating Energy,Steam Equipment: Radiant Heating Energy
Steam Equipment Radiant Heating Rate,Steam Equipment,,Radiant Heating Rate,Steam Equipment: Radiant Heating Rate
Steam Equipment Total Heating Energy,Steam Equipment,,Total Heating Energy,Steam Equipment: Total Heating Energy
Steam Equipment Total Heating Rate,Steam Equipment,,Total Heating Rate,Steam Equipment: Total Heating Rate
Thermal Comfort ASHRAE 55 Adaptive Model 80% Acceptability Status,Thermal Comfort,,ASHRAE 55 Adaptive Model 80% Acceptability Status,Thermal Comfort: ASHRAE 55 Adaptive Model 80% Acceptability Status
Thermal Comfort ASHRAE 55 Adaptive Model 90% Acceptability Status,Thermal Comfort,,ASHRAE 55 Adaptive Model 90% Acceptability Status,Thermal Comfort: ASHRAE 55 Adaptive Model 90% Acceptability Status
Thermal Comfort ASHRAE 55 Adaptive Model Running Average Outdoor Air Temperature,Thermal Comfort,,ASHRAE 55 Adaptive Model Running Average Outdoor Air Temperature,Thermal Comfort: ASHRAE 55 Adaptive Model Running Average Outdoor Air Temperature
Thermal Comfort ASHRAE 55 Adaptive Model Temperature,Thermal Comfort,,ASHRAE 55 Adaptive Model Temperature,Thermal Comfort: ASHRAE 55 Adaptive Model Temperature
Thermal Comfort CEN 15251 Adaptive Model Category I Status,Thermal Comfort,,CEN 15251 Adaptive Model Category I Status,Thermal Comfort: CEN 15251 Adaptive Model Category I Status
Thermal Comfort CEN 15251 Adaptive Model Category II Status,Thermal Comfort,,CEN 15251 Adaptive Model Category II Status,Thermal Comfort: CEN 15251 Adaptive Model Category II Status
Thermal Comfort CEN 15251 Adaptive Model Category III Status,Thermal Comfort,,CEN 15251 Adaptive Model Category III Status,Thermal Comfort: CEN 15251 Adaptive Model Category III Status
Thermal Comfort CEN 15251 Adaptive Model Running Average Outdoor Air Temperature,Thermal Comfort,,CEN 15251 Adaptive Model Running Average Outdoor Air Temperature,Thermal Comfort: CEN 15251 Adaptive Model Running Average Outdoor Air Temperature
Thermal Comfort CEN 15251 Adaptive Model Temperature,Thermal Comfort,,CEN 15251 Adaptive Model Temperature,Thermal Comfort: CEN 15251 Adaptive Model Temperature
Thermal Comfort Clothing Surface Temperature,Thermal Comfort,,Clothing Surface Temperature,Thermal Comfort: Clothing Surface Temperature
Thermal Comfort Fanger Model PMV,Thermal Comfort,,Fanger Model PMV,Thermal Comfort: Fanger Model PMV
Thermal Comfort Fanger Model PPD,Thermal Comfort,,Fanger Model PPD,Thermal Comfort: Fanger Model PPD
Thermal Comfort KSU Model Thermal Sensation Index,Thermal Comfort,,KSU Model Thermal Sensation Index,Thermal Comfort: KSU Model Thermal Sensation Index
Thermal Comfort Mean Radiant Temperature,Thermal Comfort,,Mean Radiant Temperature,Thermal Comfort: Mean Radiant Temperature
Thermal Comfort Operative Temperature,Thermal Comfort,,Operative Temperature,Thermal Comfort: Operative Temperature
Thermal Comfort Pierce Model Discomfort Index,Thermal Comfort,,Pierce Model Discomfort Index,Thermal Comfort: Pierce Model Discomfort Index
Thermal Comfort Pierce Model Effective Temperature PMV,Thermal Comfort,,Pierce Model Effective Temperature PMV,Thermal Comfort: Pierce Model Effective Temperature PMV
Thermal Comfort Pierce Model Standard Effective Temperature PMV,Thermal Comfort,,Pierce Model Standard Effective Temperature PMV,Thermal Comfort: Pierce Model Standard Effective Temperature PMV
Thermal Comfort Pierce Model Thermal Sensation Index,Thermal Comfort,,Pierce Model Thermal Sensation Index,Thermal Comfort: Pierce Model Thermal Sensation Index
Thermostat Control Type,Thermostat,,Control Type,Thermostat: Control Type
Thermostat Cooling Setpoint Temperature,Thermostat,,Cooling Setpoint Temperature,Thermostat: Cooling Setpoint Temperature
Thermostat Heating Setpoint Temperature,Thermostat,,Heating Setpoint Temperature,Thermostat: Heating Setpoint Temperature
Total Internal Convective Heating Energy,Total Internal,,Convective Heating Energy,Total Internal: Convective Heating Energy
Total Internal Convective Heating Rate,Total Internal,,Convective Heating Rate,Total Internal: Convective Heating Rate
Total Internal Latent Gain Energy,Total Internal,,Latent Gain Energy,Total Internal: Latent Gain Energy
Total Internal Latent Gain Rate,Total Internal,,Latent Gain Rate,Total Internal: Latent Gain Rate
Total Internal Radiant Heating Energy,Total Internal,,Radiant Heating Energy,Total Internal: Radiant Heating Energy
Total Internal Radiant Heating Rate,Total Internal,,Radiant Heating Rate,Total Internal: Radiant Heating Rate
Total Internal Total Heating Energy,Total Internal,,Total Heating Energy,Total Internal: Total Heating Energy
Total Internal Total Heating Rate,Total Internal,,Total Heating Rate,Total Internal: Total Heating Rate
Total Internal Visible Radiation Heating Energy,Total Internal,,Visible Radiation Heating Energy,Total Internal: Visible Radiation Heating Energy
Total Internal Visible Radiation Heating Rate,Total Internal,,Visible Radiation Heating Rate,Total Internal: Visible Radiation Heating Rate
Unit Ventilator Fan Availability Status,Unit Ventilator,,Fan Availability Status,Unit Ventilator: Fan Availability Status
Unit Ventilator Fan Electricity Energy,Unit Ventilator,,Fan Electricity Energy,Unit Ventilator: Fan Electricity Energy
Unit Ventilator Fan Electricity Rate,Unit Ventilator,,Fan Electricity Rate,Unit Ventilator: Fan Electricity Rate
Unit Ventilator Fan Part Load Ratio,Unit Ventilator,,Fan Part Load Ratio,Unit Ventilator: Fan Part Load Ratio
Unit Ventilator Heating Energy,Unit Ventilator,,Heating Energy,Unit Ventilator: Heating Energy
Unit Ventilator Heating Rate,Unit Ventilator,,Heating Rate,Unit Ventilator: Heating Rate
Unit Ventilator Sensible Cooling Energy,Unit Ventilator,,Sensible Cooling Energy,Unit Ventilator: Sensible Cooling Energy
Unit Ventilator Sensible Cooling Rate,Unit Ventilator,,Sensible Cooling Rate,Unit Ventilator: Sensible Cooling Rate
Unit Ventilator Total Cooling Energy,Unit Ventilator,,Total Cooling Energy,Unit Ventilator: Total Cooling Energy
Unit Ventilator Total Cooling Rate,Unit Ventilator,,Total Cooling Rate,Unit Ventilator: Total Cooling Rate
VRF Air Terminal Cooling Electricity Energy,VRF Air Terminal,,Cooling Electricity Energy,VRF Air Terminal: Cooling Electricity Energy
VRF Air Terminal Cooling Electricity Rate,VRF Air Terminal,,Cooling Electricity Rate,VRF Air Terminal: Cooling Electricity Rate
VRF Air Terminal Fan Availability Status,VRF Air Terminal,,Fan Availability Status,VRF Air Terminal: Fan Availability Status
VRF Air Terminal Heating Electricity Energy,VRF Air Terminal,,Heating Electricity Energy,VRF Air Terminal: Heating Electricity Energy
VRF Air Terminal Heating Electricity Rate,VRF Air Terminal,,Heating Electricity Rate,VRF Air Terminal: Heating Electricity Rate
VRF Air Terminal Latent Cooling Energy,VRF Air Terminal,,Latent Cooling Energy,VRF Air Terminal: Latent Cooling Energy
VRF Air Terminal Latent Cooling Rate,VRF Air Terminal,,Latent Cooling Rate,VRF Air Terminal: Latent Cooling Rate
VRF Air Terminal Latent Heating Energy,VRF Air Terminal,,Latent Heating Energy,VRF Air Terminal: Latent Heating Energy
VRF Air Terminal Latent Heating Rate,VRF Air Terminal,,Latent Heating Rate,VRF Air Terminal: Latent Heating Rate
VRF Air Terminal Sensible Cooling Energy,VRF Air Terminal,,Sensible Cooling Energy,VRF Air Terminal: Sensible Cooling Energy
VRF Air Terminal Sensible Cooling Rate,VRF Air Terminal,,Sensible Cooling Rate,VRF Air Terminal: Sensible Cooling Rate
VRF Air Terminal Sensible Heating Energy,VRF Air Terminal,,Sensible Heating Energy,VRF Air Terminal: Sensible Heating Energy
VRF Air Terminal Sensible Heating Rate,VRF Air Terminal,,Sensible Heating Rate,VRF Air Terminal: Sensible Heating Rate
VRF Air Terminal Total Cooling Energy,VRF Air Terminal,,Total Cooling Energy,VRF Air Terminal: Total Cooling Energy
VRF Air Terminal Total Cooling Rate,VRF Air Terminal,,Total Cooling Rate,VRF Air Terminal: Total Cooling Rate
VRF Air Terminal Total Heating Energy,VRF Air Terminal,,Total Heating Energy,VRF Air Terminal: Total Heating Energy
VRF Air Terminal Total Heating Rate,VRF Air Terminal,,Total Heating Rate,VRF Air Terminal: Total Heating Rate
Ventilation Air Inlet Temperature,Ventilation,,Air Inlet Temperature,Ventilation: Air Inlet Temperature
Ventilation Current Density Air Change Rate,Ventilation,,Current Density Air Change Rate,Ventilation: Current Density Air Change Rate
Ventilation Current Density Volume,Ventilation,,Current Density Volume,Ventilation: Current Density Volume
Ventilation Current Density Volume Flow Rate,Ventilation,,Current Density Volume Flow Rate,Ventilation: Current Density Volume Flow Rate
Ventilation Fan Electricity Energy,Ventilation,,Fan Electricity Energy,Ventilation: Fan Electricity Energy
Ventilation Latent Heat Gain Energy,Ventilation,,Latent Heat Gain Energy,Ventilation: Latent Heat Gain Energy
Ventilation Latent Heat Loss Energy,Ventilation,,Latent Heat Loss Energy,Ventilation: Latent Heat Loss Energy
Ventilation Mass,Ventilation,,Mass,Ventilation: Mass
Ventilation Mass Flow Rate,Ventilation,,Mass Flow Rate,Ventilation: Mass Flow Rate
Ventilation Outdoor Density Air Change Rate,Ventilation,,Outdoor Density Air Change Rate,Ventilation: Outdoor Density Air Change Rate
Ventilation Outdoor Density Volume Flow Rate,Ventilation,,Outdoor Density Volume Flow Rate,Ventilation: Outdoor Density Volume Flow Rate
Ventilation Sensible Heat Gain Energy,Ventilation,,Sensible Heat Gain Energy,Ventilation: Sensible Heat Gain Energy
Ventilation Sensible Heat Loss Energy,Ventilation,,Sensible Heat Loss Energy,Ventilation: Sensible Heat Loss Energy
Ventilation Standard Density Air Change Rate,Ventilation,,Standard Density Air Change Rate,Ventilation: Standard Density Air Change Rate
Ventilation Standard Density Volume,Ventilation,,Standard Density Volume,Ventilation: Standard Density Volume
Ventilation Standard Density Volume Flow Rate,Ventilation,,Standard Density Volume Flow Rate,Ventilation: Standard Density Volume Flow Rate
Ventilation Total Heat Gain Energy,Ventilation,,Total Heat Gain Energy,Ventilation: Total Heat Gain Energy
Ventilation Total Heat Loss Energy,Ventilation,,Total Heat Loss Energy,Ventilation: Total Heat Loss Energy
Ventilator Electricity Energy,Ventilator,,Electricity Energy,Ventilator: Electricity Energy
Ventilator Electricity Rate,Ventilator,,Electricity Rate,Ventilator: Electricity Rate
Ventilator Latent Cooling Energy,Ventilator,,Latent Cooling Energy,Ventilator: Latent Cooling Energy
Ventilator Latent Cooling Rate,Ventilator,,Latent Cooling Rate,Ventilator: Latent Cooling Rate
Ventilator Latent Heating Energy,Ventilator,,Latent Heating Energy,Ventilator: Latent Heating Energy
Ventilator Latent Heating Rate,Ventilator,,Latent Heating Rate,Ventilator: Latent Heating Rate
Ventilator Sensible Cooling Energy,Ventilator,,Sensible Cooling Energy,Ventilator: Sensible Cooling Energy
Ventilator Sensible Cooling Rate,Ventilator,,Sensible Cooling Rate,Ventilator: Sensible Cooling Rate
Ventilator Sensible Heating Energy,Ventilator,,Sensible Heating Energy,Ventilator: Sensible Heating Energy
Ventilator Sensible Heating Rate,Ventilator,,Sensible Heating Rate,Ventilator: Sensible Heating Rate
Ventilator Supply Fan Availability Status,Ventilator,,Supply Fan Availability Status,Ventilator: Supply Fan Availability Status
Ventilator Total Cooling Energy,Ventilator,,Total Cooling Energy,Ventilator: Total Cooling Energy
Ventilator Total Cooling Rate,Ventilator,,Total Cooling Rate,Ventilator: Total Cooling Rate
Ventilator Total Heating Energy,Ventilator,,Total Heating Energy,Ventilator: Total Heating Energy
Ventilator Total Heating Rate,Ventilator,,Total Heating Rate,Ventilator: Total Heating Rate
Windows Total Heat Gain Energy,Windows,,Total Heat Gain Energy,Windows: Total Heat Gain Energy
Windows Total Heat Gain Rate,Windows,,Total Heat Gain Rate,Windows: Total Heat Gain Rate
Windows Total Heat Loss Energy,Windows,,Total Heat Loss Energy,Windows: Total Heat Loss Energy
Windows Total Heat Loss Rate,Windows,,Total Heat Loss Rate,Windows: Total Heat Loss Rate
Windows Total Transmitted Solar Radiation Energy,Windows,,Total Transmitted Solar Radiation Energy,Windows: Total Transmitted Solar Radiation Energy
Windows Total Transmitted Solar Radiation Rate,Windows,,Total Transmitted Solar Radiation Rate,Windows: Total Transmitted Solar Radiation Rate
Site Diffuse Solar Radiation Rate per Area,Site,,Diffuse Solar Radiation Rate per Area,Site: Diffuse Solar Radiation Rate per Area
Site Direct Solar Radiation Rate per Area,Site,,Direct Solar Radiation Rate per Area,Site: Direct Solar Radiation Rate per Area
Site Exterior Beam Normal Illuminance,Site Exterior,,Beam Normal Illuminance,Site Exterior: Beam Normal Illuminance
Site Exterior Horizontal Beam Illuminance,Site Exterior,,Horizontal Beam Illuminance,Site Exterior: Horizontal Beam Illuminance
Site Exterior Horizontal Sky Illuminance,Site Exterior,,Horizontal Sky Illuminance,Site Exterior: Horizontal Sky Illuminance
Site Outdoor Air Drybulb Temperature,Site,,Outdoor Air Drybulb Temperature,Site: Outdoor Air Drybulb Temperature
Site Outdoor Air Wetbulb Temperature,Site,,Outdoor Air Wetbulb Temperature,Site: Outdoor Air Wetbulb Temperature
Site Sky Diffuse Solar Radiation Luminous Efficacy,Site,,Sky Diffuse Solar Radiation Luminous Efficacy,Site: Sky Diffuse Solar Radiation Luminous Efficacy
Surface Inside Face Temperature,Surface,,Inside Face Temperature,Surface: Inside Face Temperature
Surface Outside Face Temperature,Surface,,Outside Face Temperature,Surface: Outside Face Temperature
Cooling Coil Stage 2 Runtime Fraction,Cooling Coil,,Stage 2 Runtime Fraction,Cooling Coil: Stage 2 Runtime Fraction
People Air Temperature,People,,Air Temperature,People: Air Temperature
Daylighting Window Reference Point 1 Illuminance,Daylighting,,Window Reference Point 1 Illuminance,Daylighting: Window Reference Point 1 Illuminance
Daylighting Window Reference Point 2 Illuminance,Daylighting,,Window Reference Point 2 Illuminance,Daylighting: Window Reference Point 2 Illuminance
Daylighting Window Reference Point 1 View Luminance,Daylighting,,Window Reference Point 1 View Luminance,Daylighting: Window Reference Point 1 View Luminance
Daylighting Window Reference Point 2 View Luminance,Daylighting,,Window Reference Point 2 View Luminance,Daylighting: Window Reference Point 2 View Luminance
Cooling Coil Dehumidification Mode,Cooling Coil,,Dehumidification Mode,Cooling Coil: Dehumidification Mode
Lights Radiant Heat Gain,Lights,,Radiant Heat Gain,Lights: Radiant Heat Gain
People Air Relative Humidity,People,,Air Relative Humidity,People: Air Relative Humidity
Site Beam Solar Radiation Luminous Efficacy,Site,,Beam Solar Radiation Luminous Efficacy,Site: Beam Solar Radiation Luminous Efficacy
Site Daylight Model Sky Brightness,Site,,Daylight Model Sky Brightness,Site: Daylight Model Sky Brightness
Site Daylight Model Sky Clearness,Site,,Daylight Model Sky Clearness,Site: Daylight Model Sky Clearness
Site Daylighting Model Sky Brightness,Site,,Daylighting Model Sky Brightness,Site: Daylighting Model Sky Brightness
Site Daylighting Model Sky Clearness,Site,,Daylighting Model Sky Clearness,Site: Daylighting Model Sky Clearness
