English,Old ES,New ES,Old FR,New FR,ES Changed,FR Changed
Air CO2 Concentration,Concentración de CO2 del Aire,Aire: Concentración de CO2,Concentration en CO2 de l&apos;air,Air: Concentration en CO2,Y,Y
Air CO2 Internal Gain Volume Flow Rate,Caudal Volumétrico de Ganancia Interna de CO2 del Aire,Aire: Tasa de Flujo Volumétrico de Ganancia Interna de CO2,Débit volumique du gain interne de CO2 de l&apos;air,Air: Débit volumique interne de gain de CO2,Y,Y
Air Generic Air Contaminant Concentration,Concentración de Contaminante Genérico del Aire,Aire: Concentración de Contaminante Genérico del Aire,Concentration en Polluant Générique de l&apos;Air,Air : Concentration en Contaminant Générique de l'Air,Y,Y
Air Heat Balance Air Energy Storage Rate,Tasa de Almacenamiento de Energía del Aire en el Balance Térmico del Aire,Balance Térmico del Aire: Velocidad de Almacenamiento de Energía del Aire,Vitesse de stockage d&apos;énergie de l&apos;air du bilan thermique de l&apos;air,Zone: Taux de Stockage d'Énergie de l'Air,Y,Y
Air Heat Balance Deviation Rate,Tasa de Desviación del Balance Térmico del Aire,Sistema de Aire: Tasa de Desviación del Balance de Calor,Taux de déviation de l&apos;équilibre thermique de l&apos;air,Bilan Thermique de l'Air : Taux d'Écart,Y,Y
Air Heat Balance Internal Convective Heat Gain Rate,Tasa de Ganancia de Calor Convectivo Interno del Balance Térmico del Aire,Balance Térmico del Aire: Velocidad de Ganancia de Calor Convectivo Interno,Débit de gain de chaleur convective interne du bilan thermique de l&apos;air,Bilan thermique de l'air : Débit de gain de chaleur convective interne,Y,Y
Air Heat Balance Interzone Air Transfer Rate,Tasa de Transferencia de Aire entre Zonas del Balance Térmico del Aire,Equilibrio Térmico del Aire: Tasa de Transferencia de Aire entre Zonas,Taux de transfert d&apos;air interzones de l&apos;équilibre thermique de l&apos;air,Bilan thermique de l'air : Débit de transfert d'air interzones,Y,Y
Air Heat Balance Outdoor Air Transfer Rate,Tasa de Transferencia de Aire Exterior del Balance Térmico del Aire,Balance de Calor del Aire: Tasa de Transferencia de Aire Exterior,Taux de transfert d&apos;air extérieur du bilan thermique de l&apos;air,Bilan thermique de l'air : Débit de transfert d'air extérieur,Y,Y
Air Heat Balance Surface Convection Rate,Tasa de Convección de Superficies del Balance Térmico del Aire,Equilibrio Térmico del Aire: Tasa de Convección en Superficie,Taux de Convection de Surface de l&apos;Équilibre Thermique de l&apos;Air,Bilan Thermique de l'Air : Débit de Convection de Surface,Y,Y
Air Heat Balance System Air Transfer Rate,Tasa de Transferencia de Aire del Sistema del Balance Térmico del Aire,Equilibrio Térmico del Aire: Tasa de Transferencia de Aire del Sistema,Taux de Transfert d&apos;Air du Système d&apos;Équilibre Thermique de l&apos;Air,Bilan Thermique de l'Air : Débit d'Air Transféré par le Système,Y,Y
Air Heat Balance System Convective Heat Gain Rate,Tasa de Ganancia de Calor Convectivo del Sistema del Balance Térmico del Aire,Equilibrio de Calor en Aire: Tasa de Ganancia de Calor Convectivo del Sistema,Taux de gain de chaleur par convection du système d&apos;équilibre thermique de l&apos;air,Bilan thermique de l'air : Flux de gain thermique convectif du système,Y,Y
Air Humidity Ratio,Relación de Humedad del Aire,Aire: Relación de Humedad,Rapport d&apos;humidité de l&apos;air,Air : Ratio d'humidité,Y,Y
Air Relative Humidity,Humedad Relativa del Aire,Aire: Humedad Relativa,Humidité Relative de l&apos;Air,Air: Humidité relative,Y,Y
Air System Component Model Simulation Calls,Llamadas de Simulación del Modelo de Componente del Sistema de Aire,Sistema de Aire: Llamadas de Simulación del Modelo de Componente,Appels de simulation du modèle de composant du système d&apos;air,Système d'air : Appels de simulation du modèle de composant,Y,Y
Air System Mixed Air Mass Flow Rate,Caudal Másico de Aire Mezclado del Sistema de Aire,Sistema de Aire: Flujo Másico de Aire Mixto,Débit massique d&apos;air mélangé du système de climatisation,Système d'air: Débit massique d'air mélangé,Y,Y
Air System Outdoor Air Economizer Status,Estado del Economizador de Aire Exterior del Sistema de Aire,Sistema de Aire: Estado del Economizador de Aire Exterior,Statut de l&apos;Économiseur d&apos;Air Extérieur du Système de Climatisation,Système de Ventilation: État de l'Économiseur d'Air Extérieur,Y,Y
Air System Outdoor Air Flow Fraction,Fracción de Flujo de Aire Exterior del Sistema de Aire,Sistema de Aire: Fracción de Flujo de Aire Exterior,Fraction de débit d&apos;air extérieur du système de climatisation,Système d'air : Fraction du débit d'air extérieur,Y,Y
Air System Outdoor Air Heat Recovery Bypass Heating Coil Activity Status,Estado de Actividad del Serpentín de Calefacción en Bypass de Recuperación de Calor del Aire Exterior,Sistema de Aire: Estado de Actividad de Derivación de Recuperación de Calor del Aire Exterior en la Bobina Calefactora,Statut d&apos;activité du serpentin de chauffage du contournement de la récupération de chaleur de l&apos;air extérieur du système d&apos;air,Système d'air : État d'activité de la bobine de chauffage du contournement de récupération de chaleur de l'air extérieur,Y,Y
Air System Outdoor Air Heat Recovery Bypass Minimum Outdoor Air Mixed Air Temperature,Temperatura Mínima de Aire Mezclado en Bypass de Recuperación de Calor del Aire Exterior,Air System: Temperatura de Aire Mezclado en Flujo de Aire Exterior Mínimo con Derivación de Recuperación de Calor Deshabilitada,Température d&apos;air mélangé minimale de l&apos;air extérieur du système de récupération de chaleur de l&apos;air extérieur du système d&apos;air,Système de climatisation : Température de l'air mélangé du contournement de récupération de chaleur de l'air extérieur au débit d'air extérieur minimum,Y,Y
Air System Outdoor Air Heat Recovery Bypass Status,Estado del Bypass de Recuperación de Calor del Aire Exterior del Sistema de Aire,Sistema de Aire: Estado de Derivación del Recuperador de Calor de Aire Exterior,État du contournement de la récupération de chaleur de l&apos;air extérieur du système d&apos;air,Système d'air: État du contournement de la récupération de chaleur de l'air extérieur,Y,Y
Air System Outdoor Air High Humidity Control Status,Estado del Control de Alta Humedad del Aire Exterior del Sistema de Aire,Air Loop: Estado de Control de Alta Humedad del Aire Exterior,Statut de contrôle de l&apos;humidité élevée de l&apos;air extérieur du système de climatisation,Système d'air: État du contrôle de l'humidité élevée de l'air extérieur,Y,Y
Air System Outdoor Air Mass Flow Rate,Caudal Másico de Aire Exterior del Sistema de Aire,Sistema de Aire: Tasa de Flujo Másico de Aire Exterior,Débit massique d&apos;air extérieur du système de climatisation,Système d'air: Débit massique d'air extérieur,Y,Y
Air System Outdoor Air Maximum Flow Fraction,Fracción de Flujo Máximo de Aire Exterior del Sistema de Aire,Sistema de Aire: Fracción de Flujo de Aire Exterior Máximo,Fraction de débit d&apos;air maximum de système de ventilation extérieure,Système de climatisation: Fraction de débit d'air extérieur maximale,Y,Y
Air System Outdoor Air Mechanical Ventilation Requested Mass Flow Rate,Caudal Másico Requerido por Ventilación Mecánica del Aire Exterior del Sistema de Aire,Sistema de Aire: Tasa de Flujo Másico de Ventilación Mecánica de Aire Exterior Solicitada,Débit massique demandé pour la ventilation mécanique de l&apos;air extérieur du système de climatisation,Système de Climatisation: Débit Massique Demandé de Ventilation Mécanique d'Air Extérieur,Y,Y
Air System Outdoor Air Minimum Flow Fraction,Fracción de Flujo Mínimo de Aire Exterior del Sistema de Aire,Sistema de Aire: Fracción Mínima de Flujo de Aire Exterior,Fraction minimale du débit d&apos;air extérieur du système de climatisation,Système d'air: Fraction minimale de débit d'air extérieur,Y,Y
Air System Sensible Cooling Energy,Energía de Enfriamiento Sensible del Sistema de Aire,Sistema de Aire: Energía de Enfriamiento Sensible,Énergie de refroidissement sensible du système d&apos;air,Air System: Énergie de refroidissement sensible,Y,Y
Air System Sensible Cooling Rate,Tasa de Enfriamiento Sensible del Sistema de Aire,Sistema de Aire: Tasa de Enfriamiento Sensible,Débit de refroidissement sensible du système d&apos;air,Système d'air : Débit de refroidissement sensible,Y,Y
Air System Sensible Heating Energy,Energía de Calefacción Sensible del Sistema de Aire,Sistema de Aire: Energía Sensible de Calentamiento,Énergie de chauffage sensible du système d&apos;air,Système d'air : Énergie de chauffage sensible,Y,Y
Air System Sensible Heating Rate,Tasa de Calefacción Sensible del Sistema de Aire,Sistema de Aire: Tasa de Calentamiento Sensible,Débit de chauffage sensible du système d&apos;air,Système d'air : Débit de chaleur sensible,Y,Y
Air System Simulation Cycle On Off Status,Estado de Ciclo Encendido/Apagado de Simulación del Sistema de Aire,Sistema de Aire: Estado de Simulación del Ciclo Encendido Apagado,État de cycle marche/arrêt de la simulation du système d&apos;air,Système de Climatisation : Statut de Marche/Arrêt du Cycle de Simulation,Y,Y
Air System Simulation Iteration Count,Conteo de Iteraciones de Simulación del Sistema de Aire,Sistema de Aire: Conteo de Iteraciones de Simulación,Nombre d&apos;itérations de simulation du système d&apos;air,Air System: Nombre d'itérations de simulation,Y,Y
Air System Simulation Maximum Iteration Count,Conteo Máximo de Iteraciones de Simulación del Sistema de Aire,Sistema de Aire: Número Máximo de Iteraciones de Simulación,Nombre maximum d&apos;itérations de simulation du système de air,Système d'air: Nombre maximum d'itérations de simulation,Y,Y
Air System Solver Iteration Count,Conteo de Iteraciones del Solucionador del Sistema de Aire,Sistema de Aire: Contador de Iteraciones del Solucionador,Nombre d&apos;itérations du solveur du système d&apos;air,Système d'air : Nombre d'itérations du solveur,Y,Y
Air Temperature,Temperatura del Aire,Aire: Temperatura,Température de l&apos;air,Air: Température,Y,Y
Air Terminal Sensible Cooling Energy,Energía de Enfriamiento Sensible del Terminal de Aire,Terminal de Aire: Energía de Enfriamiento Sensible,Énergie de refroidissement sensible du terminal d&apos;air,Terminal d'air : Énergie de refroidissement sensible,Y,Y
Air Terminal Sensible Cooling Rate,Tasa de Enfriamiento Sensible del Terminal de Aire,Difusor de Aire: Velocidad de Enfriamiento Sensible,Débit de refroidissement sensible du terminal d&apos;air,Terminaison d'air : Débit de refroidissement sensible,Y,Y
Air Terminal Sensible Heating Energy,Energía de Calefacción Sensible del Terminal de Aire,Terminal de Aire: Energía de Calentamiento Sensible,Énergie de Chauffage Sensible du Diffuseur d&apos;Air,Terminal d'air: Énergie de chauffage sensible,Y,Y
Air Terminal Sensible Heating Rate,Tasa de Calefacción Sensible del Terminal de Aire,Terminal de Aire: Tasa de Calentamiento Sensible,Débit calorifique sensible du terminal d&apos;air,Terminal d'air : Débit de chaleur sensible,Y,Y
Baseboard Convective Heating Energy,Energía de Calefacción Convectiva del Zócalo,Baseboard: Energía de Calentamiento Convectivo,Énergie de chauffage par convection de plinthe,Baseboard: Énergie de chauffage par convection,Y,Y
Baseboard Convective Heating Rate,Tasa de Calefacción Convectiva del Zócalo,Baseboard: Tasa de Calefacción Convectiva,Taux de chauffage par convection de la plinthe,Plinthe: Débit de Chaleur par Convection,Y,Y
Baseboard Electricity Energy,Energía Eléctrica del Zócalo,Baseboard: Energía Eléctrica,Énergie électrique des plinthes chauffantes,Baseboard: Énergie électrique,Y,Y
Baseboard Electricity Rate,Tasa de Electricidad del Zócalo,Baseboard: Potencia Eléctrica,Tarif d&apos;électricité pour plinthe,Plinte chauffante: Puissance électrique,Y,Y
Baseboard Radiant Heating Energy,Energía de Calefacción Radiante del Zócalo,Baseboard: Energía de Calefacción Radiante,Énergie de Chauffage Radiant Baseboard,Plinthe: Énergie de Chauffage Radiant,Y,Y
Baseboard Radiant Heating Rate,Tasa de Calefacción Radiante del Zócalo,Rodapié: Velocidad de Calefacción Radiante,Puissance de chauffage radiant par plinthe,Plinthe: Puissance de Chauffage Radiatif,Y,Y
Baseboard Total Heating Energy,Energía de Calefacción Total del Zócalo,Rodapié: Energía Total de Calentamiento,Énergie Totale de Chauffage par Plinthes,Plinthe de chauffage : Énergie de chauffage totale,Y,Y
Baseboard Total Heating Rate,Tasa de Calefacción Total del Zócalo,Zócalo Radiante: Velocidad Total de Calefacción,Taux de Chauffage Total du Plinthe,Plinthe chauffante: Puissance calorifique totale,Y,Y
Boiler Ancillary Electricity Energy,Energía Eléctrica Auxiliar de la Caldera,Caldera: Energía Eléctrica Auxiliar,Énergie Électrique Auxiliaire de la Chaudière,Chaudière : Énergie électrique auxiliaire,Y,Y
Boiler Coal Energy,Energía de Carbón de la Caldera,Caldera: Energía de Carbón,Énergie Charbon Chaudière,Chaudière : Énergie Charbon,Y,Y
Boiler Coal Rate,Tasa de Carbón de la Caldera,Caldera: Tasa de Consumo de Carbón,Débit de Charbon de la Chaudière,Chaudière: Débit de Charbon,Y,Y
Boiler Diesel Energy,Energía de Diésel de la Caldera,Caldera: Energía de Diésel,Énergie diesel de la chaudière,Chaudière : Énergie Diesel,Y,Y
Boiler Diesel Rate,Tasa de Diésel de la Caldera,Caldera: Consumo de Diésel,Taux de consommation de diesel de la chaudière,Chaudière : Débit de Diesel,Y,Y
Boiler Electricity Energy,Energía Eléctrica de la Caldera,Caldera: Energía Eléctrica,Énergie électrique de la chaudière,Chaudière : Énergie Électrique,Y,Y
Boiler Electricity Rate,Tasa de Electricidad de la Caldera,Caldera: Velocidad de Consumo de Electricidad,Tarif d&apos;électricité de la chaudière,Chaudière : Puissance Électrique,Y,Y
Boiler FuelOilNo1 Energy,Energía de Combustóleo No. 1 de la Caldera,Caldera: Energía de Combustible Diésel Nº1,Énergie Boiler FuelOilNo1,Chaudière : Énergie Fioul Domestique,Y,Y
Boiler FuelOilNo1 Rate,Tasa de Combustóleo No. 1 de la Caldera,Caldera: Tasa de Combustible Nº1,Débit Chaudière Fioul Domestique,Chaudière : Débit Fioul Domestique,Y,Y
Boiler FuelOilNo2 Energy,Energía de Combustóleo No. 2 de la Caldera,Caldera: Energía de Combustible Diésel,Énergie de Chaudière Fioul Domestique No2,Chaudière : Énergie Fioul Domestique,Y,Y
Boiler FuelOilNo2 Rate,Tasa de Combustóleo No. 2 de la Caldera,Caldera: Velocidad de Consumo de Combustible Diésel,Débit Fioul Lourd n°2 Chaudière,Chaudière : Débit de Fioul Domestique,Y,Y
Boiler Gasoline Energy,Energía de Gasolina de la Caldera,Caldera: Energía de Gasolina,Énergie de Chaudière Essence,Chaudière : Énergie Essence,Y,Y
Boiler Gasoline Rate,Tasa de Gasolina de la Caldera,Caldera: Tasa de Consumo de Gasolina,Taux de consommation d&apos;essence de la chaudière,Chaudière : Débit de Consommation d'Essence,Y,Y
Boiler Heating Energy,Energía de Calefacción de la Caldera,Caldera: Energía de Calefacción,Énergie de chauffage de la chaudière,Chaudière : Énergie de chauffage,Y,Y
Boiler Heating Rate,Tasa de Calefacción de la Caldera,Caldera: Potencia Térmica,Débit calorifique de la chaudière,Chaudière : Puissance thermique,Y,Y
Boiler Inlet Temperature,Temperatura de Entrada de la Caldera,Caldera: Temperatura en la Entrada,Température d&apos;entrée de la chaudière,Chaudière : Température d'entrée,Y,Y
Boiler Mass Flow Rate,Caudal Másico de la Caldera,Caldera: Flujo Másico,Débit massique de la chaudière,Chaudière : Débit massique,Y,Y
Boiler NaturalGas Energy,Energía de Gas Natural de la Caldera,Caldera: Energía de Gas Natural,Énergie Gaz Naturel Chaudière,Chaudière: Énergie Gaz Naturel,Y,Y
Boiler NaturalGas Rate,Tasa de Gas Natural de la Caldera,Caldera: Consumo de Gas Natural,Taux de Gaz Naturel de la Chaudière,Chaudière: Débit de gaz naturel,Y,Y
Boiler OtherFuel1 Energy,Energía de Otro Combustible 1 de la Caldera,Caldera: Energía Combustible Alternativo 1,Énergie Chaudière OtherFuel1,Chaudière : Énergie Combustible Autre 1,Y,Y
Boiler OtherFuel1 Rate,Tasa de Otro Combustible 1 de la Caldera,Caldera: Tasa de Combustible Alternativo 1,Débit de combustible alternatif 1 de la chaudière,Chaudière : Débit Combustible Auxiliaire 1,Y,Y
Boiler OtherFuel2 Energy,Energía de Otro Combustible 2 de la Caldera,Caldera: Energía de Otro Combustible 2,Chaudière Autre Combustible2 Énergie,Chaudière : Énergie Combustible Alternatif 2,Y,Y
Boiler OtherFuel2 Rate,Tasa de Otro Combustible 2 de la Caldera,Caldera: Velocidad de Consumo de Combustible Alternativo 2,Débit Combustible Alternatif 2 de la Chaudière,Chaudière : Débit Combustible Auxiliaire 2,Y,Y
Boiler Outlet Temperature,Temperatura de Salida de la Caldera,Caldera: Temperatura de Salida,Température de sortie de la chaudière,Chaudière : Température de Sortie,Y,Y
Boiler Parasitic Electric Power,Potencia Eléctrica Parásita de la Caldera,Caldera: Potencia Eléctrica Parásita,Puissance Électrique Parasite de la Chaudière,Chaudière : Puissance électrique parasite,Y,Y
Boiler Part Load Ratio,Relación de Carga Parcial de la Caldera,Caldera: Razón de Carga Parcial,Rapport de charge partielle de la chaudière,Chaudière : Ratio de Charge Partielle,Y,Y
Boiler Propane Energy,Energía de Propano de la Caldera,Caldera: Energía de Propano,Énergie Propane de la Chaudière,Chaudière : Énergie de Propane,Y,Y
Boiler Propane Rate,Tasa de Propano de la Caldera,Caldera: Tasa de Consumo de Propano,Débit de propane de la chaudière,Chaudière : Débit de Propane,Y,Y
Chilled Water Thermal Storage Tank Final Tank Temperature,Temperatura Final del Tanque de Almacenamiento Térmico de Agua Helada,Tanque de Almacenamiento Térmico de Agua Fría: Temperatura Final del Tanque,Température finale du réservoir de stockage thermique à eau glacée,Réservoir de Stockage Thermique à Eau Glacée : Température Finale du Réservoir,Y,Y
Chilled Water Thermal Storage Tank Final Temperature Node 1,Temperatura Final del Nodo 1 del Tanque de Almacenamiento Térmico de Agua Helada,Depósito de Almacenamiento Térmico de Agua Enfriada: Temperatura Final Nodo 1,Nœud de température finale du réservoir de stockage thermique à eau glacée 1,Réservoir de Stockage Thermique d'Eau Glacée : Température Finale du Nœud 1,Y,Y
Chilled Water Thermal Storage Tank Final Temperature Node 10,Temperatura Final del Nodo 10 del Tanque de Almacenamiento Térmico de Agua Helada,Tanque de Almacenamiento Térmico de Agua Enfriada: Temperatura Final del Nodo 10,Nœud de température finale du réservoir de stockage thermique à eau glacée 10,Réservoir de Stockage Thermique d'Eau Glacée: Température Finale du Nœud 10,Y,Y
Chilled Water Thermal Storage Tank Final Temperature Node 11,Temperatura Final del Nodo 11 del Tanque de Almacenamiento Térmico de Agua Helada,Tanque de Almacenamiento Térmico de Agua Enfriada: Temperatura Final en el Nodo 11,Nœud de température finale du réservoir de stockage thermique d&apos;eau glacée 11,Réservoir de Stockage Thermique Eau Glacée : Température Finale Nœud 11,Y,Y
Chilled Water Thermal Storage Tank Final Temperature Node 12,Temperatura Final del Nodo 12 del Tanque de Almacenamiento Térmico de Agua Helada,Tanque de Almacenamiento Térmico de Agua Enfriada: Temperatura Final del Nodo 12,Nœud 12 de la température finale du réservoir de stockage thermique en eau glacée,Réservoir de Stockage Thermique d'Eau Glacée: Température Finale du Nœud 12,Y,Y
Chilled Water Thermal Storage Tank Final Temperature Node 2,Temperatura Final del Nodo 2 del Tanque de Almacenamiento Térmico de Agua Helada,Tanque de Almacenamiento Térmico de Agua Fría: Temperatura Final del Nodo 2,Nœud de Température Finale du Réservoir de Stockage Thermique en Eau Glacée 2,Réservoir de Stockage Thermique d'Eau Glacée : Température Finale du Nœud 2,Y,Y
Chilled Water Thermal Storage Tank Final Temperature Node 3,Temperatura Final del Nodo 3 del Tanque de Almacenamiento Térmico de Agua Helada,Tanque de Almacenamiento Térmico de Agua Enfriada: Temperatura Final Nodo 3,Nœud 3 - Température finale du réservoir de stockage thermique d&apos;eau glacée,Réservoir de Stockage Thermique à Eau Glacée : Température Finale Nœud 3,Y,Y
Chilled Water Thermal Storage Tank Final Temperature Node 4,Temperatura Final del Nodo 4 del Tanque de Almacenamiento Térmico de Agua Helada,Tanque de Almacenamiento Térmico de Agua Enfriada: Temperatura Final Nodo 4,Nœud de température finale du réservoir de stockage thermique à eau glacée 4,Réservoir de Stockage Thermique d'Eau Glacée : Température Finale Nœud 4,Y,Y
Chilled Water Thermal Storage Tank Final Temperature Node 5,Temperatura Final del Nodo 5 del Tanque de Almacenamiento Térmico de Agua Helada,Tanque de Almacenamiento Térmico de Agua Fría: Temperatura Final en Nodo 5,Nœud de température finale du réservoir de stockage thermique à eau glacée 5,Réservoir de Stockage Thermique d'Eau Glacée : Température Finale Nœud 5,Y,Y
Chilled Water Thermal Storage Tank Final Temperature Node 6,Temperatura Final del Nodo 6 del Tanque de Almacenamiento Térmico de Agua Helada,Tanque de Almacenamiento Térmico de Agua Enfriada: Temperatura Final Nodo 6,Nœud de température finale du réservoir de stockage thermique d&apos;eau glacée 6,Réservoir de Stockage Thermique à Eau Glacée: Température Finale Nœud 6,Y,Y
Chilled Water Thermal Storage Tank Final Temperature Node 7,Temperatura Final del Nodo 7 del Tanque de Almacenamiento Térmico de Agua Helada,Tanque de Almacenamiento Térmico de Agua Fría: Temperatura Final Nodo 7,Nœud de température finale du réservoir de stockage thermique d&apos;eau glacée 7,Réservoir de Stockage Thermique à Eau Glacée : Température Finale Nœud 7,Y,Y
Chilled Water Thermal Storage Tank Final Temperature Node 8,Temperatura Final del Nodo 8 del Tanque de Almacenamiento Térmico de Agua Helada,Depósito de Almacenamiento Térmico de Agua Enfriada: Temperatura Final del Nodo 8,Nœud de température finale du réservoir de stockage thermique à eau glacée 8,Réservoir de Stockage Thermique en Eau Glacée : Température Finale du Nœud 8,Y,Y
Chilled Water Thermal Storage Tank Final Temperature Node 9,Temperatura Final del Nodo 9 del Tanque de Almacenamiento Térmico de Agua Helada,Tanque de Almacenamiento Térmico de Agua Enfriada: Temperatura Final Nodo 9,Nœud 9 de température finale du réservoir de stockage thermique à eau glacée,Réservoir de Stockage Thermique Eau Glacée : Température Finale Nœud 9,Y,Y
Chilled Water Thermal Storage Tank Heat Gain Energy,Energía de Ganancia de Calor del Tanque de Almacenamiento Térmico de Agua Helada,Tanque de Almacenamiento Térmico de Agua Enfriada: Energía de Ganancia de Calor,Énergie de Gain Thermique du Réservoir de Stockage Thermique à Eau Glacée,Réservoir de Stockage Thermique d'Eau Glacée : Énergie de Gain Thermique,Y,Y
Chilled Water Thermal Storage Tank Heat Gain Rate,Tasa de Ganancia de Calor del Tanque de Almacenamiento Térmico de Agua Helada,Tanque de Almacenamiento Térmico de Agua Fría: Velocidad de Ganancia de Calor,Taux de gain thermique du réservoir de stockage thermique à eau glacée,Réservoir de Stockage Thermique d'Eau Glacée: Débit de Gain Thermique,Y,Y
Chilled Water Thermal Storage Tank Source Side Heat Transfer Energy,Energía de Transferencia de Calor del Lado Fuente del Tanque de Almacenamiento Térmico de Agua Helada,Tanque de Almacenamiento Térmico de Agua Enfriada: Energía de Transferencia de Calor del Lado Fuente,Énergie de transfert thermique côté source du réservoir de stockage thermique à eau glacée,Réservoir de stockage thermique d'eau glacée : Énergie de transfert thermique côté source,Y,Y
Chilled Water Thermal Storage Tank Source Side Heat Transfer Rate,Tasa de Transferencia de Calor del Lado Fuente del Tanque de Almacenamiento Térmico de Agua Helada,Tanque de Almacenamiento Térmico de Agua Enfriada: Tasa de Transferencia de Calor del Lado Fuente,Débit de transfert de chaleur du côté source du réservoir de stockage thermique d&apos;eau glacée,Réservoir de Stockage Thermique d'Eau Refroidie: Débit de Transfert Thermique du Côté Source,Y,Y
Chilled Water Thermal Storage Tank Source Side Inlet Temperature,Temperatura de Entrada del Lado Fuente del Tanque de Almacenamiento Térmico de Agua Helada,Tanque de Almacenamiento Térmico de Agua Fría: Temperatura de Entrada del Lado de Fuente,Température d&apos;entrée du côté source du réservoir de stockage thermique à eau glacée,Réservoir de Stockage Thermique d'Eau Glacée: Température d'Entrée du Côté Source,Y,Y
Chilled Water Thermal Storage Tank Source Side Mass Flow Rate,Caudal Másico del Lado Fuente del Tanque de Almacenamiento Térmico de Agua Helada,Tanque de Almacenamiento Térmico de Agua Enfriada: Caudal Másico del Lado Fuente,Débit massique du côté source du réservoir de stockage thermique à eau glacée,Réservoir de Stockage Thermique d'Eau Refroidie : Débit Massique du Côté Source,Y,Y
Chilled Water Thermal Storage Tank Source Side Outlet Temperature,Temperatura de Salida del Lado Fuente del Tanque de Almacenamiento Térmico de Agua Helada,Tanque de Almacenamiento Térmico de Agua Enfriada: Temperatura de Salida del Lado de la Fuente,Température de sortie côté source du réservoir de stockage thermique à eau glacée,Réservoir de Stockage Thermique à Eau Glacée: Température de Sortie du Côté Source,Y,Y
Chilled Water Thermal Storage Tank Temperature,Temperatura del Tanque de Almacenamiento Térmico de Agua Helada,Tanque de Almacenamiento Térmico de Agua Fría: Temperatura,Température du réservoir de stockage thermique d&apos;eau glacée,Réservoir de Stockage Thermique en Eau Glacée: Température,Y,Y
Chilled Water Thermal Storage Tank Temperature Node 1,Temperatura del Nodo 1 del Tanque de Almacenamiento Térmico de Agua Helada,Tanque de Almacenamiento Térmico de Agua Fría: Temperatura Nodo 1,Nœud 1 de température du réservoir de stockage thermique d&apos;eau refroidie,Réservoir de Stockage Thermique d'Eau Refroidie : Température Nœud 1,Y,Y
Chilled Water Thermal Storage Tank Temperature Node 10,Temperatura del Nodo 10 del Tanque de Almacenamiento Térmico de Agua Helada,Tanque de Almacenamiento Térmico de Agua Enfriada: Temperatura Nodo 10,Nœud de température du réservoir de stockage thermique à eau glacée 10,Réservoir de Stockage Thermique d'Eau Glacée : Température au Nœud 10,Y,Y
Chilled Water Thermal Storage Tank Temperature Node 11,Temperatura del Nodo 11 del Tanque de Almacenamiento Térmico de Agua Helada,Tanque de Almacenamiento Térmico de Agua Enfriada: Temperatura Nodo 11,Nœud de température 11 du réservoir de stockage thermique à eau glacée,Réservoir de stockage thermique d'eau glacée : Température du nœud 11,Y,Y
Chilled Water Thermal Storage Tank Temperature Node 12,Temperatura del Nodo 12 del Tanque de Almacenamiento Térmico de Agua Helada,Tanque de Almacenamiento Térmico de Agua Enfriada: Temperatura Nodo 12,Nœud de température du réservoir de stockage thermique d&apos;eau glacée 12,Réservoir de Stockage Thermique à Eau Glacée : Température du Nœud 12,Y,Y
Chilled Water Thermal Storage Tank Temperature Node 2,Temperatura del Nodo 2 del Tanque de Almacenamiento Térmico de Agua Helada,Tanque de Almacenamiento Térmico de Agua Enfriada: Temperatura en Nodo 2,Nœud de Température du Réservoir de Stockage Thermique à Eau Glacée 2,Réservoir de Stockage Thermique à Eau Glacée : Température Nœud 2,Y,Y
Chilled Water Thermal Storage Tank Temperature Node 3,Temperatura del Nodo 3 del Tanque de Almacenamiento Térmico de Agua Helada,Tanque de Almacenamiento Térmico de Agua Fría: Temperatura Nodo 3,Nœud 3 de température du réservoir de stockage thermique d&apos;eau glacée,Réservoir de Stockage Thermique en Eau Glacée : Température Nœud 3,Y,Y
Chilled Water Thermal Storage Tank Temperature Node 4,Temperatura del Nodo 4 del Tanque de Almacenamiento Térmico de Agua Helada,Depósito de Almacenamiento Térmico de Agua Fría: Temperatura Nodo 4,Nœud 4 de température du réservoir de stockage thermique d&apos;eau glacée,Réservoir de Stockage Thermique d'Eau Refroidie : Température Nœud 4,Y,Y
Chilled Water Thermal Storage Tank Temperature Node 5,Temperatura del Nodo 5 del Tanque de Almacenamiento Térmico de Agua Helada,Tanque de Almacenamiento Térmico de Agua Enfriada: Temperatura Nodo 5,Nœud de Température du Réservoir de Stockage Thermique d&apos;Eau Glacée 5,Réservoir de Stockage Thermique à Eau Glacée : Température Nœud 5,Y,Y
Chilled Water Thermal Storage Tank Temperature Node 6,Temperatura del Nodo 6 del Tanque de Almacenamiento Térmico de Agua Helada,Tanque de Almacenamiento Térmico de Agua Fría: Temperatura Nodo 6,Nœud 6 de la température du réservoir de stockage thermique d&apos;eau refroidie,Réservoir de Stockage Thermique d'Eau Refroidie : Température du Nœud 6,Y,Y
Chilled Water Thermal Storage Tank Temperature Node 7,Temperatura del Nodo 7 del Tanque de Almacenamiento Térmico de Agua Helada,Tanque de Almacenamiento Térmico de Agua Enfriada: Temperatura Nodo 7,Nœud Température du Réservoir de Stockage Thermique à Eau Glacée 7,Réservoir Thermique d'Eau Glacée : Température Nœud 7,Y,Y
Chilled Water Thermal Storage Tank Temperature Node 8,Temperatura del Nodo 8 del Tanque de Almacenamiento Térmico de Agua Helada,Tanque Almacenamiento Térmico Agua Fría: Temperatura Nodo 8,Nœud de Température du Réservoir de Stockage Thermique à Eau Refroidie 8,Réservoir de Stockage Thermique d'Eau Refroidie : Température Nœud 8,Y,Y
Chilled Water Thermal Storage Tank Temperature Node 9,Temperatura del Nodo 9 del Tanque de Almacenamiento Térmico de Agua Helada,Tanque de Almacenamiento Térmico de Agua Enfriada: Temperatura Nodo 9,Nœud de Température du Réservoir de Stockage Thermique à Eau Glacée 9,Réservoir de Stockage Thermique à Eau Glacée : Température Nœud 9,Y,Y
Chilled Water Thermal Storage Tank Use Side Heat Transfer Energy,Energía de Transferencia de Calor del Lado de Uso del Tanque de Almacenamiento Térmico de Agua Helada,Depósito de Almacenamiento Térmico de Agua Fría: Energía de Transferencia Térmica del Lado de Uso,Énergie de transfert thermique du côté utilisation du réservoir de stockage thermique d&apos;eau glacée,Réservoir de Stockage Thermique d'Eau Refroidie : Énergie de Transfert de Chaleur du Côté Utilisation,Y,Y
Chilled Water Thermal Storage Tank Use Side Heat Transfer Rate,Tasa de Transferencia de Calor del Lado de Uso del Tanque de Almacenamiento Térmico de Agua Helada,Tanque de Almacenamiento Térmico de Agua Enfriada: Tasa de Transferencia de Calor del Lado de Uso,Débit de transfert thermique du côté utilisation du réservoir de stockage thermique d&apos;eau glacée,Réservoir de Stockage Thermique d'Eau Glacée : Débit de Transfert Thermique Côté Utilisation,Y,Y
Chilled Water Thermal Storage Tank Use Side Inlet Temperature,Temperatura de Entrada del Lado de Uso del Tanque de Almacenamiento Térmico de Agua Helada,Tanque de Almacenamiento Térmico de Agua Enfriada: Temperatura de Entrada Lado de Uso,Température d&apos;entrée côté utilisation du réservoir de stockage thermique à eau glacée,Réservoir de Stockage Thermique d'Eau Glacée : Température d'Entrée Côté Utilisation,Y,Y
Chilled Water Thermal Storage Tank Use Side Mass Flow Rate,Caudal Másico del Lado de Uso del Tanque de Almacenamiento Térmico de Agua Helada,Tanque de Almacenamiento Térmico de Agua Fría: Flujo Másico del Lado de Uso,Débit massique du côté utilisation du réservoir de stockage thermique à eau glacée,Réservoir de Stockage Thermique en Eau Glacée : Débit Massique du Côté Utilisation,Y,Y
Chilled Water Thermal Storage Tank Use Side Outlet Temperature,Temperatura de Salida del Lado de Uso del Tanque de Almacenamiento Térmico de Agua Helada,Tanque de Almacenamiento Térmico de Agua Enfriada: Temperatura de Salida del Lado de Uso,Température de sortie du côté utilisation du réservoir de stockage thermique à eau glacée,Réservoir de Stockage Thermique d'Eau Glacée: Température de Sortie du Côté Utilisation,Y,Y
Chiller Basin Heater Electricity Energy,Energía Eléctrica del Calefactor de Depósito de la Enfriadora,Enfriadora: Energía Eléctrica del Calentador de Cuenca,Énergie Électrique du Radiateur du Bassin du Refroidisseur,Refroidisseur : Énergie électrique du réchauffeur de bâche,Y,Y
Chiller Basin Heater Electricity Rate,Tasa de Electricidad del Calefactor de Depósito de la Enfriadora,Enfriador: Tasa de Electricidad del Calentador de Depósito,Taux d&apos;électricité du radiateur du bac du refroidisseur,Refroidisseur : Débit électrique du réchauffeur de bassin,Y,Y
Chiller COP,COP de la Enfriadora,Enfriador: COP,Chiller COP,Refroidisseur: COP,Y,Y
Chiller Capacity Temperature Modifier Multiplier,Multiplicador Modificador de Temperatura de Capacidad de la Enfriadora,Enfriador: Multiplicador Modificador de Temperatura de Capacidad,Multiplicateur du modificateur de température de la capacité du refroidisseur,Refroidisseur: Multiplicateur Modificateur de Capacité en Fonction de la Température,Y,Y
Chiller Condenser Fan Electricity Energy,Energía Eléctrica del Ventilador del Condensador de la Enfriadora,Enfriadora: Energía Eléctrica del Ventilador del Condensador,Consommation électrique du ventilateur du condenseur du refroidisseur,Refroidisseur: Énergie Électrique du Ventilateur du Condenseur,Y,Y
Chiller Condenser Fan Electricity Rate,Tasa de Electricidad del Ventilador del Condensador de la Enfriadora,Enfriadora: Velocidad de Consumo Eléctrico del Ventilador del Condensador,Débit d&apos;électricité du ventilateur condenseur du refroidisseur,Refroidisseur : Débit d'électricité du ventilateur du condenseur,Y,Y
Chiller Condenser Heat Transfer Energy,Energía de Transferencia de Calor del Condensador de la Enfriadora,Enfriadora: Energía de Transferencia de Calor del Condensador,Énergie de Transfert de Chaleur du Condenseur du Refroidisseur,Refroidisseur: Énergie de transfert thermique au condenseur,Y,Y
Chiller Condenser Heat Transfer Rate,Tasa de Transferencia de Calor del Condensador de la Enfriadora,Enfriador: Tasa de Transferencia de Calor del Condensador,Taux de transfert de chaleur du condenseur du refroidisseur,Refroidisseur : Débit de transfert de chaleur au condenseur,Y,Y
Chiller Condenser Inlet Temperature,Temperatura de Entrada del Condensador de la Enfriadora,Enfriadora: Temperatura de Entrada del Condensador,Température d&apos;entrée du condenseur du refroidisseur,Refroidisseur: Température à l'Entrée du Condenseur,Y,Y
Chiller Condenser Mass Flow Rate,Caudal Másico del Condensador de la Enfriadora,Enfriadora: Flujo Másico del Condensador,Débit massique du condenseur du refroidisseur,Refroidisseur: Débit Massique du Condenseur,Y,Y
Chiller Condenser Outlet Temperature,Temperatura de Salida del Condensador de la Enfriadora,Enfriadora: Temperatura de Salida del Condensador,Température de sortie du condenseur du refroidisseur,Refroidisseur : Température de sortie du condenseur,Y,Y
Chiller Cycling Ratio,Relación de Ciclos de la Enfriadora,Enfriadora: Razón de Ciclo,Rapport de cyclage du refroidisseur,Refroidisseur : Taux de Cyclage,Y,Y
Chiller EIR Part Load Modifier Multiplier,Multiplicador Modificador de Carga Parcial EIR de la Enfriadora,Enfriadora: Multiplicador del Factor de Modificación del EIR en Función de Carga Parcial,Multiplicateur du modificateur de charge partielle du EIR du refroidisseur,Refroidisseur: Multiplicateur du Modificateur de Charge Partielle EIR,Y,Y
Chiller EIR Temperature Modifier Multiplier,Multiplicador Modificador de Temperatura EIR de la Enfriadora,Enfriadora: Multiplicador Modificador EIR por Temperatura,Multiplicateur de modification de température du rendement énergétique du refroidisseur,Refroidisseur: Multiplicateur de Modification de la Température du TER,Y,Y
Chiller Effective Heat Rejection Temperature,Temperatura Efectiva de Rechazo de Calor de la Enfriadora,Enfriadora: Temperatura Efectiva de Rechazo de Calor,Température efficace de rejet de chaleur du refroidisseur,Refroidisseur: Température Effective de Rejet de Chaleur,Y,Y
Chiller Electricity Energy,Energía Eléctrica de la Enfriadora,Enfriador: Energía Eléctrica,Énergie électrique du refroidisseur,Refroidisseur: Énergie Électrique,Y,Y
Chiller Electricity Rate,Tasa de Electricidad de la Enfriadora,Enfriador: Tasa de Consumo de Electricidad,Tarif d&apos;électricité du refroidisseur,Refroidisseur: Puissance Électrique,Y,Y
Chiller Evaporative Condenser Mains Supply Water Volume,Volumen de Agua de Red del Condensador Evaporativo de la Enfriadora,Enfriadora: Volumen de Agua de Suministro Principal del Condensador Evaporativo,Volume d&apos;eau d&apos;apport principal du condenseur évaporatif du refroidisseur,Refroidisseur: Volume d'eau d'appoint du condenseur évaporatif,Y,Y
Chiller Evaporative Condenser Water Volume,Volumen de Agua del Condensador Evaporativo de la Enfriadora,Enfriadora: Volumen de Agua del Condensador Evaporativo,Volume d&apos;eau du condenseur évaporatif du refroidisseur,Refroidisseur : Volume d'eau du condenseur évaporatif,Y,Y
Chiller Evaporator Cooling Energy,Energía de Enfriamiento del Evaporador de la Enfriadora,Enfriador: Energía de Enfriamiento del Evaporador,Énergie de refroidissement de l&apos;évaporateur du refroidisseur,Refroidisseur: Énergie de refroidissement de l'évaporateur,Y,Y
Chiller Evaporator Cooling Rate,Tasa de Enfriamiento del Evaporador de la Enfriadora,Enfriador: Velocidad de Enfriamiento del Evaporador,Taux de refroidissement de l&apos;évaporateur du refroidisseur,Refroidisseur: Débit de refroidissement à l'évaporateur,Y,Y
Chiller Evaporator Inlet Temperature,Temperatura de Entrada del Evaporador de la Enfriadora,Enfriador: Temperatura de Entrada del Evaporador,Température d&apos;entrée de l&apos;évaporateur du refroidisseur,Refroidisseur: Température d'entrée de l'évaporateur,Y,Y
Chiller Evaporator Mass Flow Rate,Caudal Másico del Evaporador de la Enfriadora,Enfriadora: Flujo Másico del Evaporador,Débit massique de l&apos;évaporateur du refroidisseur,Refroidisseur : Débit Massique de l'Évaporateur,Y,Y
Chiller Evaporator Outlet Temperature,Temperatura de Salida del Evaporador de la Enfriadora,Enfriador: Temperatura de Salida del Evaporador,Température de sortie de l&apos;évaporateur du refroidisseur,Refroidisseur: Température de Sortie de l'Évaporateur,Y,Y
Chiller False Load Heat Transfer Energy,Energía de Transferencia de Calor de Carga Falsa de la Enfriadora,Enfriador: Energía de Transferencia de Calor por Carga Falsa,Énergie de transfert de chaleur à faux charge du refroidisseur,Refroidisseur: Énergie de Transfert Thermique de Faux Chargement,Y,Y
Chiller False Load Heat Transfer Rate,Tasa de Transferencia de Calor de Carga Falsa de la Enfriadora,Enfriador: Velocidad de Transferencia de Calor de Carga Ficticia,Débit de transfert thermique de charge fictive du refroidisseur,Refroidisseur : Taux de Transfert de Chaleur en Charge Fictive,Y,Y
Chiller Heat Recovery Inlet Temperature,Temperatura de Entrada de Recuperación de Calor de la Enfriadora,Enfriadora: Temperatura de Entrada de Recuperación de Calor,Température d&apos;entrée de récupération de chaleur du refroidisseur,Refroidisseur : Température d'entrée de récupération de chaleur,Y,Y
Chiller Heat Recovery Mass Flow Rate,Caudal Másico de Recuperación de Calor de la Enfriadora,Enfriador: Velocidad de Flujo Másico de Recuperación de Calor,Débit massique de récupération de chaleur du refroidisseur,Refroidisseur : Débit massique de récupération de chaleur,Y,Y
Chiller Heat Recovery Outlet Temperature,Temperatura de Salida de Recuperación de Calor de la Enfriadora,Enfriadora: Temperatura de Salida de Recuperación de Calor,Température de sortie de récupération de chaleur du refroidisseur,Refroidisseur: Température de Sortie de Récupération de Chaleur,Y,Y
Chiller Hot Water Mass Flow Rate,Caudal Másico de Agua Caliente de la Enfriadora,Enfriador: Caudal Másico de Agua Caliente,Débit massique d&apos;eau chaude du refroidisseur,Refroidisseur : Débit massique d'eau chaude,Y,Y
Chiller Part Load Ratio,Relación de Carga Parcial de la Enfriadora,Enfriadora: Razón de Carga Parcial,Ratio de charge partielle du refroidisseur,Refroidisseur: Ratio de Charge Partielle,Y,Y
Chiller Part-Load Ratio,Relación de Carga Parcial de la Enfriadora (2),Enfriadora: Relación de Carga Parcial,Taux de Charge Partielle du Refroidisseur,Refroidisseur : Taux de Charge Partielle,Y,Y
Chiller Source Hot Water Energy,Energía de Agua Caliente de Fuente de la Enfriadora,Enfriadora: Energía de Agua Caliente de Fuente,Énergie d&apos;eau chaude source du refroidisseur,Refroidisseur : Énergie de l'eau chaude source,Y,Y
Chiller Source Hot Water Rate,Tasa de Agua Caliente de Fuente de la Enfriadora,Enfriadora: Caudal de Agua Caliente de Fuente,Débit d&apos;eau chaude source du refroidisseur,Refroidisseur : Débit d'eau chaude à la source,Y,Y
Chiller Source Steam Energy,Energía de Vapor de Fuente de la Enfriadora,Enfriadora: Energía del Vapor Fuente,Énergie de la vapeur source du refroidisseur,Refroidisseur : Énergie vapeur source,Y,Y
Chiller Source Steam Rate,Tasa de Vapor de Fuente de la Enfriadora,Enfriadora: Caudal de Vapor de Fuente,Débit de vapeur source du refroidisseur,Refroidisseur : Débit de vapeur source,Y,Y
Chiller Steam Heat Loss Rate,Tasa de Pérdida de Calor por Vapor de la Enfriadora,Enfriadora: Tasa de Pérdida de Calor por Vapor,Débit de perte de chaleur à la vapeur du refroidisseur,Refroidisseur : Débit de perte thermique à la vapeur,Y,Y
Chiller Steam Mass Flow Rate,Caudal Másico de Vapor de la Enfriadora,Enfriadora: Flujo Másico de Vapor,Débit massique de vapeur du refroidisseur,Refroidisseur : Débit massique de vapeur,Y,Y
Chiller Total Recovered Heat Energy,Energía Total de Calor Recuperado de la Enfriadora,Enfriadora: Energía Total de Calor Recuperado,Chiller Énergie Calorifique Totale Récupérée,Refroidisseur: Énergie Thermique Totale Récupérée,Y,Y
Chiller Total Recovered Heat Rate,Tasa Total de Calor Recuperado de la Enfriadora,Enfriadora: Tasa de Calor Total Recuperado,Taux total de chaleur récupérée du refroidisseur,Refroidisseur: Puissance Totale de Chaleur Récupérée,Y,Y
Cooling Coil Air Inlet Humidity Ratio,Relación de Humedad del Aire de Entrada del Serpentín de Enfriamiento,Serpentín de Enfriamiento: Relación de Humedad del Aire de Entrada,Ratio d&apos;humidité à l&apos;entrée de l&apos;air de la batterie de refroidissement,Serpentin de Refroidissement : Ratio d'Humidité de l'Air à l'Entrée,Y,Y
Cooling Coil Air Inlet Temperature,Temperatura del Aire de Entrada del Serpentín de Enfriamiento,Serpentín de Enfriamiento: Temperatura de Entrada de Aire,Température d&apos;entrée d&apos;air de la batterie de refroidissement,Serpentin de Refroidissement: Température de l'Air à l'Entrée,Y,Y
Cooling Coil Air Mass Flow Rate,Caudal Másico de Aire del Serpentín de Enfriamiento,Bobina de Enfriamiento: Caudal Másico de Aire,Débit massique d&apos;air de la serpentine de refroidissement,Serpentin de Refroidissement: Débit Massique d'Air,Y,Y
Cooling Coil Air Outlet Humidity Ratio,Relación de Humedad del Aire de Salida del Serpentín de Enfriamiento,Serpentín de Enfriamiento: Relación de Humedad del Aire de Salida,Taux d&apos;humidité à la sortie air de la batterie de refroidissement,Serpentin de Refroidissement : Ratio d'Humidité de l'Air Sortant,Y,Y
Cooling Coil Air Outlet Temperature,Temperatura del Aire de Salida del Serpentín de Enfriamiento,Serpentín de Enfriamiento: Temperatura de Salida del Aire,Température de sortie d&apos;air de la batterie de refroidissement,Serpentin de Refroidissement : Température de Sortie d'Air,Y,Y
Cooling Coil Basin Heater Electricity Energy,Energía Eléctrica del Calefactor de Depósito del Serpentín de Enfriamiento,Bobina de Enfriamiento: Energía Eléctrica del Calentador de Depósito,Énergie électrique du chauffage du bac du serpentin de refroidissement,Serpentin de Refroidissement: Énergie Électrique du Réchauffeur de Bac,Y,Y
Cooling Coil Basin Heater Electricity Rate,Tasa de Electricidad del Calefactor de Depósito del Serpentín de Enfriamiento,Bobina de Enfriamiento: Potencia Eléctrica del Calentador de Depósito,Taux d&apos;électricité du réchauffeur de bassin de la batterie de refroidissement,Serpentin de Refroidissement: Puissance Électrique du Chauffage de Bassin,Y,Y
Cooling Coil Condensate Volume,Volumen de Condensado del Serpentín de Enfriamiento,Bobina de Enfriamiento: Volumen de Condensado,Volume de condensat de la batterie de refroidissement,Serpentin de Refroidissement : Volume de Condensat,Y,Y
Cooling Coil Condensate Volume Flow Rate,Caudal Volumétrico de Condensado del Serpentín de Enfriamiento,Serpentín de Enfriamiento: Caudal Volumétrico de Condensado,Débit volumique de condensat de la batterie de refroidissement,Serpentin de refroidissement : Débit volumétrique de condensat,Y,Y
Cooling Coil Condenser Inlet Temperature,Temperatura de Entrada del Condensador del Serpentín de Enfriamiento,Bobina de Enfriamiento: Temperatura de Entrada del Condensador,Température d&apos;entrée du condenseur de la bobine de refroidissement,Bobine de refroidissement: Température d'entrée du condenseur,Y,Y
Cooling Coil Crankcase Heater Electricity Energy,Energía Eléctrica del Calefactor del Cárter del Serpentín de Enfriamiento,Serpentín de Enfriamiento: Energía Eléctrica del Calentador de Cárter del Compresor,Énergie électrique du réchauffeur de carter du serpentin de refroidissement,Bobine de refroidissement : Énergie électrique du réchauffeur de carter,Y,Y
Cooling Coil Crankcase Heater Electricity Rate,Tasa de Electricidad del Calefactor del Cárter del Serpentín de Enfriamiento,Bobina Enfriadora: Tasa de Consumo Eléctrico del Calentador de Cárter del Compresor,Taux d&apos;électricité du réchauffeur de carter de la bobine de refroidissement,Serpentin de Refroidissement : Puissance Électrique du Réchauffeur de Carter,Y,Y
Cooling Coil Dehumidification Mode,Modo de Deshumidificación del Serpentín de Enfriamiento,Serpentín de Enfriamiento: Modo de Deshumidificación,Mode de Déshumidification de la Batterie de Refroidissement,Serpentin de Refroidissement: Mode de Déshumidification,Y,Y
Cooling Coil Electricity Energy,Energía Eléctrica del Serpentín de Enfriamiento,Bobina de Enfriamiento: Energía Eléctrica,Énergie électrique de la batterie de refroidissement,Serpentin de Refroidissement : Énergie Électrique,Y,Y
Cooling Coil Electricity Rate,Tasa de Electricidad del Serpentín de Enfriamiento,Bobina de Enfriamiento: Velocidad de Consumo Eléctrico,Taux d&apos;électricité de la batterie de refroidissement,Serpentin de Refroidissement: Puissance Électrique,Y,Y
Cooling Coil Evaporative Condenser Mains Supply Water Volume,Volumen de Agua de Red del Condensador Evaporativo del Serpentín de Enfriamiento,Bobina de Enfriamiento: Volumen de Agua de Suministro Principal del Condensador Evaporativo,Volume d&apos;eau d&apos;alimentation principal du condenseur évaporatif de la bobine de refroidissement,Serpentin de refroidissement : Volume d'eau d'alimentation du réseau pour condenseur à refroidissement évaporatif,Y,Y
Cooling Coil Evaporative Condenser Mains Water Volume,Volumen de Agua de Red del Condensador Evaporativo del Serpentín de Enfriamiento (2),Bobina de Enfriamiento: Volumen de Agua de Red de Pre-Enfriamiento Evaporativo del Condensador,Débit d&apos;eau de refroidissement du condenseur évaporatif de la batterie de refroidissement,Serpentin de refroidissement : Volume d'eau du réseau pour condenseur avec refroidissement évaporatif,Y,Y
Cooling Coil Evaporative Condenser Pump Electricity Energy,Energía Eléctrica de la Bomba del Condensador Evaporativo del Serpentín de Enfriamiento,Bobina de Enfriamiento: Energía Eléctrica de Bomba de Condensador Evaporativo,Énergie électrique de la pompe du condenseur évaporatif de la batterie de refroidissement,Serpentin de Refroidissement: Énergie Électrique de la Pompe du Condenseur Évaporatif,Y,Y
Cooling Coil Evaporative Condenser Pump Electricity Rate,Tasa de Electricidad de la Bomba del Condensador Evaporativo del Serpentín de Enfriamiento,Bobina de Enfriamiento: Potencia Eléctrica del Compresor Evaporativo,Débit d&apos;électricité de la pompe du condenseur évaporatif de la serpentine de refroidissement,Serpentin de Refroidissement: Puissance Électrique de la Pompe du Condenseur Évaporatif,Y,Y
Cooling Coil Evaporative Condenser Water Volume,Volumen de Agua del Condensador Evaporativo del Serpentín de Enfriamiento,Bobina de Enfriamiento: Volumen de Agua del Condensador Evaporativo,Volume d&apos;eau du condenseur évaporatif de la serpentine de refroidissement,Serpentin de Refroidissement: Volume d'Eau du Condenseur à Refroidissement Évaporatif,Y,Y
Cooling Coil Latent Cooling Energy,Energía de Enfriamiento Latente del Serpentín de Enfriamiento,Serpentín de Enfriamiento: Energía de Enfriamiento Latente,Énergie de refroidissement latent de la bobine de refroidissement,Serpentin de Refroidissement: Énergie de Refroidissement Latent,Y,Y
Cooling Coil Latent Cooling Rate,Tasa de Enfriamiento Latente del Serpentín de Enfriamiento,Serpentín de Enfriamiento: Velocidad de Enfriamiento Latente,Débit de refroidissement latent de la bobine de refroidissement,Serpentin de Refroidissement: Débit de Refroidissement Latent,Y,Y
Cooling Coil Neighboring Speed Levels Ratio,Relación de Niveles de Velocidad Vecinos del Serpentín de Enfriamiento,Bobina de Enfriamiento: Relación de Niveles de Velocidad Adyacentes,Rapport des niveaux de vitesse voisins de la serpentine de refroidissement,Serpentin de Refroidissement: Ratio des Niveaux de Vitesse Voisins,Y,Y
Cooling Coil Part Load Ratio,Relación de Carga Parcial del Serpentín de Enfriamiento,Serpentín de Enfriamiento: Relación de Carga Parcial,Taux de charge partielle de la batterie de refroidissement,Serpentin de refroidissement : Rapport de charge partielle,Y,Y
Cooling Coil Runtime Fraction,Fracción de Tiempo en Funcionamiento del Serpentín de Enfriamiento,Serpentín de Enfriamiento: Fracción de Tiempo de Operación,Fraction de fonctionnement de la batterie de refroidissement,Serpentin de refroidissement : Fraction de temps de fonctionnement,Y,Y
Cooling Coil Sensible Cooling Energy,Energía de Enfriamiento Sensible del Serpentín de Enfriamiento,Serpentín de Enfriamiento: Energía de Enfriamiento Sensible,Énergie de refroidissement sensible de la bobine de refroidissement,Serpentin de Refroidissement: Énergie de Refroidissement Sensible,Y,Y
Cooling Coil Sensible Cooling Rate,Tasa de Enfriamiento Sensible del Serpentín de Enfriamiento,Serpentín de Enfriamiento: Velocidad de Enfriamiento Sensible,Débit de refroidissement sensible de la serpentine de refroidissement,Serpentin de Refroidissement : Débit de Refroidissement Sensible,Y,Y
Cooling Coil Source Side Heat Transfer Energy,Energía de Transferencia de Calor del Lado Fuente del Serpentín de Enfriamiento,Bobina de Enfriamiento: Energía de Transferencia de Calor del Lado de la Fuente,Énergie de transfert de chaleur côté source de la batterie de refroidissement,Serpentin de Refroidissement: Énergie Transférée du Côté Source,Y,Y
Cooling Coil Source Side Heat Transfer Rate,Tasa de Transferencia de Calor del Lado Fuente del Serpentín de Enfriamiento,Serpentín de Enfriamiento: Tasa de Transferencia de Calor del Lado Fuente,Débit de transfert de chaleur côté source de la serpentine de refroidissement,Serpentin de refroidissement: Débit de transfert de chaleur côté source,Y,Y
Cooling Coil Stage 2 Runtime Fraction,Fracción de Tiempo de Funcionamiento de la Etapa 2 del Serpín de Enfriamiento,Bobina de Enfriamiento: Fracción de Tiempo de Funcionamiento de Etapa 2,Fraction de Temps d&apos;Exécution de l&apos;Étage 2 de la Batterie de Refroidissement,Serpentin de Refroidissement : Fraction de Fonctionnement Étape 2,Y,Y
Cooling Coil Total Cooling Energy,Energía Total de Enfriamiento del Serpentín de Enfriamiento,Serpentín de Enfriamiento: Energía Total de Enfriamiento,Énergie de refroidissement totale de la batterie de refroidissement,Serpentin de Refroidissement: Énergie de Refroidissement Totale,Y,Y
Cooling Coil Total Cooling Rate,Tasa Total de Enfriamiento del Serpentín de Enfriamiento,Serpentín de Enfriamiento: Tasa Total de Enfriamiento,Débit de refroidissement total de la batterie de refroidissement,Serpentin de Refroidissement : Débit de Refroidissement Total,Y,Y
Cooling Coil Upper Speed Level,Nivel de Velocidad Superior del Serpentín de Enfriamiento,Serpentín de Enfriamiento: Nivel de Velocidad Superior,Niveau de Vitesse Supérieur de la Batterie de Refroidissement,Serpentin de Refroidissement: Niveau de Vitesse Supérieur,Y,Y
Cooling Coil Wetted Area Fraction,Fracción de Área Húmeda del Serpentín de Enfriamiento,Serpentín de Enfriamiento: Fracción de Área Mojada,Fraction de surface mouillée de la serpentin de refroidissement,Serpentin de Refroidissement : Fraction de Surface Mouillée,Y,Y
Cooling Panel Convective Cooling Energy,Energía de Enfriamiento Convectivo del Panel de Enfriamiento,Panel de Enfriamiento: Energía de Enfriamiento Convectivo,Énergie de refroidissement par convection du panneau de refroidissement,Panneau Refroidissant: Énergie de Refroidissement Convectif,Y,Y
Cooling Panel Convective Cooling Rate,Tasa de Enfriamiento Convectivo del Panel de Enfriamiento,Panel de Enfriamiento: Velocidad de Enfriamiento Convectivo,Débit de refroidissement par convection du panneau de refroidissement,Panneau Radiant de Refroidissement : Débit de Refroidissement par Convection,Y,Y
Cooling Panel Radiant Cooling Energy,Energía de Enfriamiento Radiante del Panel de Enfriamiento,Panel de Enfriamiento Radiante: Energía de Enfriamiento Radiante,Énergie de refroidissement radiant du panneau de refroidissement,Panneau Radiant: Énergie de Refroidissement Radiant,Y,Y
Cooling Panel Radiant Cooling Rate,Tasa de Enfriamiento Radiante del Panel de Enfriamiento,Panel Radiante: Velocidad de Enfriamiento Radiante,Débit de refroidissement radiant du panneau de refroidissement,Panneau Radiant: Débit de Refroidissement Radiant,Y,Y
Cooling Panel Total Cooling Energy,Energía de Enfriamiento Total del Panel de Enfriamiento,Panel de Enfriamiento: Energía Total de Enfriamiento,Énergie de refroidissement totale du panneau de refroidissement,Panneau de Refroidissement : Énergie de Refroidissement Totale,Y,Y
Cooling Panel Total Cooling Rate,Tasa de Enfriamiento Total del Panel de Enfriamiento,Panel de Enfriamiento: Tasa Total de Enfriamiento,Débit de refroidissement total du panneau de refroidissement,Panneau de Refroidissement: Débit de Refroidissement Total,Y,Y
Cooling Panel Total System Cooling Energy,Energía de Enfriamiento Total del Sistema del Panel de Enfriamiento,Panel de Enfriamiento: Energía Total de Enfriamiento del Sistema,Énergie de refroidissement totale du système de panneau de refroidissement,Panneau de Refroidissement : Énergie Totale de Refroidissement du Système,Y,Y
Cooling Panel Total System Cooling Rate,Tasa de Enfriamiento Total del Sistema del Panel de Enfriamiento,Panel de Enfriamiento: Tasa Total de Enfriamiento del Sistema,Débit de refroidissement total du système de panneau de refroidissement,Panneau de Refroidissement Radiant : Débit de Refroidissement Système Total,Y,Y
Cooling Tower Air Flow Rate Ratio,Relación de Caudal de Aire de la Torre de Enfriamiento,Torre de Enfriamiento: Relación de Caudal de Aire,Rapport du débit d&apos;air de la tour de refroidissement,Tour de refroidissement : Rapport du débit d'air,Y,Y
Cooling Tower Basin Heater Electric Energy,Energía Eléctrica del Calefactor de Depósito de la Torre de Enfriamiento,Torre de Enfriamiento: Energía Eléctrica del Calentador de Cuenca,Énergie électrique du réchauffeur de bac de tour de refroidissement,Tour de Refroidissement : Énergie Électrique du Réchauffeur de Bassin,Y,Y
Cooling Tower Basin Heater Electricity Rate,Tasa de Electricidad del Calefactor de Depósito de la Torre de Enfriamiento,Torre de Refrigeración: Velocidad de Consumo Eléctrico del Calentador de Cuenca,Taux d&apos;électricité du réchauffeur du bassin de la tour de refroidissement,Tour de refroidissement : Puissance électrique du radiateur de bassin,Y,Y
Cooling Tower Bypass Fraction,Fracción de Bypass de la Torre de Enfriamiento,Torre de Enfriamiento: Fracción de Derivación,Fraction de contournement de la tour de refroidissement,Tour de refroidissement : Fraction de contournement,Y,Y
Cooling Tower Fan Cycling Ratio,Relación de Ciclos del Ventilador de la Torre de Enfriamiento,Torre de Enfriamiento: Relación de Ciclo del Ventilador,Ratio de Cycle du Ventilateur de Refroidisseur,Tour de Refroidissement: Rapport de Cycle du Ventilateur,Y,Y
Cooling Tower Fan Electricity Energy,Energía Eléctrica del Ventilador de la Torre de Enfriamiento,Torre de Enfriamiento: Energía Eléctrica del Ventilador,Énergie électrique du ventilateur de la tour de refroidissement,Tour de Refroidissement: Énergie Électrique du Ventilateur,Y,Y
Cooling Tower Fan Electricity Rate,Tasa de Electricidad del Ventilador de la Torre de Enfriamiento,Torre de Enfriamiento: Tasa de Electricidad del Ventilador,Débit d&apos;électricité du ventilateur de la tour de refroidissement,Tour de refroidissement: Puissance électrique du ventilateur,Y,Y
Cooling Tower Fan Part Load Ratio,Relación de Carga Parcial del Ventilador de la Torre de Enfriamiento,Torre de Enfriamiento: Relación de Carga Parcial del Ventilador,Ratio de charge partielle du ventilateur de la tour de refroidissement,Tour de refroidissement : Rapport de charge partielle du ventilateur,Y,Y
Cooling Tower Fan Speed Level,Nivel de Velocidad del Ventilador de la Torre de Enfriamiento,Torre de Enfriamiento: Nivel de Velocidad del Ventilador,Niveau de vitesse du ventilateur de la tour de refroidissement,Tour de Refroidissement : Niveau de Vitesse du Ventilateur,Y,Y
Cooling Tower Heat Transfer Rate,Tasa de Transferencia de Calor de la Torre de Enfriamiento,Torre de Enfriamiento: Velocidad de Transferencia de Calor,Débit de transfert thermique de la tour de refroidissement,Tour de refroidissement: Débit de transfert thermique,Y,Y
Cooling Tower Inlet Temperature,Temperatura de Entrada de la Torre de Enfriamiento,Torre de Enfriamiento: Temperatura de Entrada,Température d&apos;entrée de la tour de refroidissement,Tour de Refroidissement: Température d'Entrée,Y,Y
Cooling Tower Make Up Mains Water Volume,Volumen de Agua de Red de Reposición de la Torre de Enfriamiento,Torre de Enfriamiento: Volumen de Agua de Reposición de Red Principal,Volume d&apos;eau d&apos;appoint de refroidisseur en provenance du réseau principal,Tour de Refroidissement: Volume d'Eau d'Appoint Réseau,Y,Y
Cooling Tower Make Up Water Volume,Volumen de Agua de Reposición de la Torre de Enfriamiento,Torre de Enfriamiento: Volumen de Agua de Reposición,Volume d&apos;eau d&apos;appoint de la tour de refroidissement,Cooling Tower: Volume d'eau d'appoint,Y,Y
Cooling Tower Make Up Water Volume Flow Rate,Caudal Volumétrico de Agua de Reposición de la Torre de Enfriamiento,Torre de Enfriamiento: Caudal Volumétrico de Agua de Reposición,Débit volumique d&apos;appoint en eau de la tour de refroidissement,Tour de Refroidissement: Débit Volumique d'Eau d'Appoint,Y,Y
Cooling Tower Mass Flow Rate,Caudal Másico de la Torre de Enfriamiento,Torre de Enfriamiento: Caudal Másico,Débit massique de la tour de refroidissement,Tour de Refroidissement : Débit Massique,Y,Y
Cooling Tower Operating Cells Count,Conteo de Celdas en Operación de la Torre de Enfriamiento,Torre de Enfriamiento: Conteo de Celdas Operativas,Nombre de cellules de la tour de refroidissement en fonctionnement,Refroidisseur à eau : Nombre de cellules en fonctionnement,Y,Y
Cooling Tower Outlet Temperature,Temperatura de Salida de la Torre de Enfriamiento,Torre de Refrigeración: Temperatura de Salida,Température de sortie de la tour de refroidissement,Tour de refroidissement: Température de sortie,Y,Y
Daylighting Lighting Power Multiplier,Multiplicador de Potencia de Iluminación por Luz Natural,Luz Natural: Multiplicador de Potencia de Iluminación,Multiplicateur de Puissance d&apos;Éclairage en Lumière du Jour,Éclairage naturel : Multiplicateur de puissance d'éclairage,Y,Y
Daylighting Reference Point 1 Daylight Illuminance Setpoint Exceeded Time,Tiempo de Superación del Punto de Ajuste de Iluminancia del Punto de Referencia 1 de Luz Natural,Iluminación Natural: Tiempo de Excedencia del Punto de Referencia 1 Setpoint de Iluminancia Luz Natural,Temps de dépassement du point de consigne d&apos;éclairement lumineux du point de référence d&apos;éclairage naturel 1,Éclairage naturel : Temps de dépassement du point de référence 1 du point de consigne d'éclairement lumineux,Y,Y
Daylighting Reference Point 1 Glare Index,Índice de Deslumbramiento del Punto de Referencia 1 de Luz Natural,Iluminación Natural: Índice de Deslumbramiento Punto de Referencia 1,Indice d&apos;éblouissement du point de référence d&apos;éclairage naturel 1,Éclairage naturel : Indice d'éblouissement du point de référence 1,Y,Y
Daylighting Reference Point 1 Glare Index Setpoint Exceeded Time,Tiempo de Superación del Punto de Ajuste del Índice de Deslumbramiento del Punto de Referencia 1 de Luz Natural,Iluminación Natural: Tiempo de Excedencia del Setpoint del Índice de Deslumbramiento del Punto de Referencia 1,Temps de dépassement du point de consigne de l&apos;indice d&apos;éblouissement du point de référence d&apos;éclairage naturel 1,Éclairage naturel : Temps de dépassement du consigne d'indice d'éblouissement du point de référence 1,Y,Y
Daylighting Reference Point 1 Illuminance,Iluminancia del Punto de Referencia 1 de Luz Natural,Iluminación natural: Iluminancia del Punto de Referencia 1,Illuminance au point de référence d&apos;éclairage naturel 1,Éclairage naturel : Illuminance au point de référence 1,Y,Y
Daylighting Reference Point 2 Daylight Illuminance Setpoint Exceeded Time,Tiempo de Superación del Punto de Ajuste de Iluminancia del Punto de Referencia 2 de Luz Natural,Iluminación Natural: Tiempo de Excedencia del Punto de Referencia 2 Iluminancia Establecida,Temps de dépassement du point de consigne d&apos;éclairement naturel du point de référence d&apos;éclairage naturel 2,Éclairage naturel : Temps de dépassement du point de référence 2 - Consigne d'illuminance lumineuse naturelle,Y,Y
Daylighting Reference Point 2 Glare Index,Índice de Deslumbramiento del Punto de Referencia 2 de Luz Natural,Iluminación Natural: Índice de Deslumbramiento Punto de Referencia 2,Indice d&apos;éblouissement au point de référence de l&apos;éclairage naturel 2,Éclairage naturel : Index d'éblouissement au point de référence 2,Y,Y
Daylighting Reference Point 2 Glare Index Setpoint Exceeded Time,Tiempo de Superación del Punto de Ajuste del Índice de Deslumbramiento del Punto de Referencia 2 de Luz Natural,Iluminación Natural: Tiempo Excedido del Punto de Referencia 2 Índice de Deslumbramiento en Consigna,Indice d&apos;éblouissement du point de référence d&apos;éclairage naturel 2 - Temps de dépassement du point de consigne,Éclairage naturel : Temps de dépassement du point de référence 2 Indice d'éblouissement Consigne,Y,Y
Daylighting Reference Point 2 Illuminance,Iluminancia del Punto de Referencia 2 de Luz Natural,Iluminación Natural: Iluminancia del Punto de Referencia 2,Point de référence d&apos;éclairage naturel 2 - Éclairement,Éclairage naturel : Illuminance au point de référence 2,Y,Y
Daylighting Window Reference Point 1 Illuminance,Iluminancia del Punto de Referencia 1 de Ventana de Luz Natural,Iluminación Natural: Iluminancia en Punto de Referencia de Ventana 1,Illuminance du Point de Référence 1 de la Fenêtre de Lumière Naturelle,Éclairage naturel : Illuminance au point de référence de fenêtre 1,Y,Y
Daylighting Window Reference Point 1 View Luminance,Luminancia de Vista del Punto de Referencia 1 de Ventana de Luz Natural,Iluminación Natural: Luminancia Vista Punto Referencia Ventana 1,Luminance de vue du point de référence 1 de la fenêtre de lumière du jour,Éclairage naturel : Luminance de vue au point de référence 1 de fenêtre,Y,Y
Daylighting Window Reference Point 2 Illuminance,Iluminancia del Punto de Referencia 2 de Ventana de Luz Natural,Iluminación Natural: Iluminancia del Punto de Referencia de Ventana 2,Illuminance du Point de Référence 2 pour Fenêtre de Lumière Naturelle,Éclairage naturel : Illuminance au point de référence 2 de la fenêtre,Y,Y
Daylighting Window Reference Point 2 View Luminance,Luminancia de Vista del Punto de Referencia 2 de Ventana de Luz Natural,Iluminación Natural: Luminancia de Vista del Punto de Referencia 2 de Ventana,Luminance visuelle du point de référence de fenêtre d&apos;éclairage naturel 2,Éclairage naturel : Luminance vue du point de référence 2 de la fenêtre,Y,Y
Debug Plant Last Simulated Loop Side,Depuración: Último Lado del Circuito Simulado de Planta,Depuración: Lado del Bucle de Planta Simulado Recientemente,Déboguer Côté Boucle Dernière Simulation de la Centrale,Débogage : Dernier Côté de Boucle de Tuyauterie Simulé,Y,Y
Debug Plant Loop Bypass Fraction,Depuración: Fracción de Bypass del Circuito de Planta,Depuración: Fracción de Derivación de Bucle de Planta,Fraction de contournement de la boucle de fluide thermique de débogage,Débogage : Fraction de Dérivation de la Boucle de Fluide Caloporteur,Y,Y
Dehumidifier Electricity Energy,Energía Eléctrica del Deshumidificador,Deshumidificador: Energía Eléctrica,Énergie électrique du déshumidificateur,Déshumidificateur : Énergie Électrique,Y,Y
Dehumidifier Electricity Rate,Tasa de Electricidad del Deshumidificador,Deshumidificador: Tasa de Consumo Eléctrico,Taux d&apos;électricité du déshumidificateur,Déshumidificateur : Puissance électrique,Y,Y
Dehumidifier Off Cycle Parasitic Electricity Energy,Energía Eléctrica Parásita en Ciclo Apagado del Deshumidificador,Deshumidificador: Energía Eléctrica Parasitaria en Ciclo Apagado,Énergie Électrique Parasitaire du Cycle d&apos;Arrêt du Déshumidificateur,Déshumidificateur : Énergie électrique parasite en cycle d'arrêt,Y,Y
Dehumidifier Off Cycle Parasitic Electricity Rate,Tasa de Electricidad Parásita en Ciclo Apagado del Deshumidificador,Deshumidificador: Tasa de Electricidad Parasitaria en Ciclo Apagado,Taux d&apos;Électricité Parasite du Cycle d&apos;Arrêt du Déshumidificateur,Déshumidificateur : Consommation électrique parasitaire en régime arrêt,Y,Y
Dehumidifier Outlet Air Temperature,Temperatura del Aire de Salida del Deshumidificador,Deshumidificador: Temperatura del Aire de Salida,Température de l&apos;air de sortie du déshumidificateur,Déshumidificateur : Température de l'air à la sortie,Y,Y
Dehumidifier Part Load Ratio,Relación de Carga Parcial del Deshumidificador,Deshumidificador: Relación de Carga Parcial,Ratio de Charge Partielle du Déshumidificateur,Déshumidificateur: Rapport de charge partielle,Y,Y
Dehumidifier Removed Water Mass,Masa de Agua Extraída por el Deshumidificador,Deshumidificador: Masa de Agua Removida,Masse d&apos;eau extraite par le déshumidificateur,Déshumidificateur: Masse d'eau extraite,Y,Y
Dehumidifier Removed Water Mass Flow Rate,Caudal Másico de Agua Extraída por el Deshumidificador,Deshumidificador: Tasa de Flujo de Masa de Agua Removida,Débit massique d&apos;eau extraite du déshumidificateur,Déshumidificateur: Débit massique d'eau extraite,Y,Y
Dehumidifier Runtime Fraction,Fracción de Tiempo en Funcionamiento del Deshumidificador,Deshumidificador: Fracción de Tiempo de Funcionamiento,Fraction de temps de fonctionnement du déshumidificateur,Déshumidificateur : Fraction de fonctionnement,Y,Y
Dehumidifier Sensible Heating Energy,Energía de Calefacción Sensible del Deshumidificador,Deshumidificador: Energía de Calentamiento Sensible,Énergie de chauffage sensible du déshumidificateur,Déshumidificateur: Énergie de Chauffage Sensible,Y,Y
Dehumidifier Sensible Heating Rate,Tasa de Calefacción Sensible del Deshumidificador,Deshumidificador: Velocidad de Calentamiento Sensible,Taux de chauffage sensible du déshumidificateur,Déshumidificateur: Débit de chauffage sensible,Y,Y
District Cooling Water Energy,Energía de Agua de Enfriamiento Distrital,Agua de Enfriamiento Distrital: Energía,Énergie de l&apos;eau de refroidissement urbain,Eau Refroidie District: Énergie,Y,Y
District Cooling Water Inlet Temperature,Temperatura de Entrada del Agua de Enfriamiento Distrital,Agua de Enfriamiento por Distrito: Temperatura de Entrada,Température d&apos;entrée de l&apos;eau de refroidissement urbain,Eau de refroidissement urbain : Température à l'entrée,Y,Y
District Cooling Water Mass Flow Rate,Caudal Másico del Agua de Enfriamiento Distrital,Sistema de Enfriamiento por Red: Caudal Másico,Débit massique de l&apos;eau de refroidissement urbain,Eau Refroidie du Réseau de Froid : Débit Massique,Y,Y
District Cooling Water Outlet Temperature,Temperatura de Salida del Agua de Enfriamiento Distrital,Sistema de Agua Enfriada Urbana: Temperatura de Salida,Température de sortie d&apos;eau de refroidissement urbain,Eau de Refroidissement Urbain : Température de Sortie,Y,Y
District Cooling Water Rate,Tasa de Agua de Enfriamiento Distrital,Agua Enfriada de Distrito: Potencia,Débit d&apos;eau de refroidissement urbain,Eau Refroidie de Réseau: Débit de Puissance,Y,Y
District Heating Water Energy,Energía de Agua de Calefacción Distrital,Agua de Calefacción Distrital: Energía,Énergie de l&apos;eau de chauffage urbain,Eau Chaude de Réseau: Énergie,Y,Y
District Heating Water Inlet Temperature,Temperatura de Entrada del Agua de Calefacción Distrital,Agua de Calefacción Distrital: Temperatura de Entrada,Température d&apos;entrée de l&apos;eau de chauffage urbain,Chauffage Urbain Eau: Température d'Entrée,Y,Y
District Heating Water Mass Flow Rate,Caudal Másico del Agua de Calefacción Distrital,Agua de Calefacción Distrital: Caudal Másico,Débit massique d&apos;eau de chauffage urbain,Chauffage Urbain Eau: Débit Massique,Y,Y
District Heating Water Outlet Temperature,Temperatura de Salida del Agua de Calefacción Distrital,Calefacción Distrital de Agua: Temperatura de Salida,Température de sortie de l&apos;eau de chauffage urbain,Eau de Chauffage Urbain: Température de Sortie,Y,Y
District Heating Water Rate,Tasa de Agua de Calefacción Distrital,Agua Calefacción Urbana: Velocidad de Energía Útil,Taux d&apos;eau de chauffage urbain,Eau de Chauffage Urbain : Puissance Utile,Y,Y
Electric Equipment Convective Heating Energy,Energía de Calefacción Convectiva del Equipo Eléctrico,Equipo Eléctrico: Energía de Calentamiento Convectivo,Énergie de chauffage par convection des équipements électriques,Équipement Électrique: Énergie de Chauffage par Convection,Y,Y
Electric Equipment Convective Heating Rate,Tasa de Calefacción Convectiva del Equipo Eléctrico,Equipo Eléctrico: Tasa de Calentamiento Convectivo,Taux de chauffage par convection de l&apos;équipement électrique,Équipement Électrique: Débit de Chaleur Convective,Y,Y
Electric Equipment Electricity Energy,Energía Eléctrica del Equipo Eléctrico,Equipo Eléctrico: Energía Eléctrica,Électricité de l&apos;Équipement Électrique,Équipement Électrique : Énergie Électrique,Y,Y
Electric Equipment Electricity Rate,Tasa de Electricidad del Equipo Eléctrico,Equipo Eléctrico: Tasa de Electricidad,Taux d&apos;électricité pour équipements électriques,Équipement Électrique: Puissance Électrique,Y,Y
Electric Equipment Latent Gain Energy,Energía de Ganancia Latente del Equipo Eléctrico,Equipo Eléctrico: Energía de Ganancia Latente,Énergie de gain latent de l&apos;équipement électrique,Équipement Électrique: Énergie de Chaleur Latente,Y,Y
Electric Equipment Latent Gain Rate,Tasa de Ganancia Latente del Equipo Eléctrico,Equipo Eléctrico: Tasa de Ganancia Latente,Débit de gain latent de l&apos;équipement électrique,Équipement Électrique: Débit de Gain Latent,Y,Y
Electric Equipment Lost Heat Energy,Energía de Calor Perdido del Equipo Eléctrico,Equipo Eléctrico: Energía Térmica Perdida,Énergie de chaleur perdue par les équipements électriques,Équipement Électrique : Énergie Thermique Perdue,Y,Y
Electric Equipment Lost Heat Rate,Tasa de Calor Perdido del Equipo Eléctrico,Equipo Eléctrico: Tasa de Calor Perdido,Débit de chaleur perdue pour équipements électriques,Équipement Électrique: Taux de Chaleur Perdue,Y,Y
Electric Equipment Radiant Heating Energy,Energía de Calefacción Radiante del Equipo Eléctrico,Equipo Eléctrico: Energía de Calefacción Radiante,Énergie de chauffage radiant due aux équipements électriques,Équipement Électrique : Énergie de Chauffage Radiant,Y,Y
Electric Equipment Radiant Heating Rate,Tasa de Calefacción Radiante del Equipo Eléctrico,Equipo Eléctrico: Tasa de Calentamiento Radiante,Taux de chauffage par rayonnement de l&apos;équipement électrique,Équipement Électrique : Débit de Chauffage Radiatif,Y,Y
Electric Equipment Total Heating Energy,Energía de Calefacción Total del Equipo Eléctrico,Equipo Eléctrico: Energía de Calentamiento Total,Énergie de chauffage totale de l&apos;équipement électrique,Équipement Électrique : Énergie Calorifique Totale,Y,Y
Electric Equipment Total Heating Rate,Tasa de Calefacción Total del Equipo Eléctrico,Equipo Eléctrico: Tasa de Calentamiento Total,Taux de chauffage total de l&apos;équipement électrique,Équipement électrique : Débit de chaleur total,Y,Y
Electric Load Center Produced Electricity Energy,Energía Eléctrica Producida por el Centro de Carga Eléctrica,Centro de Carga Eléctrica: Energía Eléctrica Producida,Énergie Électrique Produite par le Centre de Charge Électrique,Centre de Charge Électrique: Énergie Électrique Produite,Y,Y
Electric Load Center Produced Electricity Rate,Tasa de Electricidad Producida por el Centro de Carga Eléctrica,Centro de Carga Eléctrica: Tasa de Producción de Energía Eléctrica,Taux d&apos;électricité produite du centre de charge électrique,Centre de Charge Électrique: Débit d'Électricité Produite,Y,Y
Electric Load Center Produced Thermal Energy,Energía Térmica Producida por el Centro de Carga Eléctrica,Centro de Carga Eléctrica: Energía Térmica Producida,Énergie thermique produite par le centre de charge électrique,Centre de Charge Électrique : Énergie Thermique Produite,Y,Y
Electric Load Center Produced Thermal Rate,Tasa Térmica Producida por el Centro de Carga Eléctrica,Centro de Carga Eléctrica: Velocidad Térmica Producida,Taux thermique produit du centre de charge électrique,Centre de Charge Électrique : Débit Thermique Produit,Y,Y
Electric Load Center Requested Electricity Rate,Tasa de Electricidad Requerida por el Centro de Carga Eléctrica,Centro de Carga Eléctrica: Potencia Eléctrica Solicitada,Centre de Charge Électrique Taux d&apos;Électricité Demandé,Centre de Distribution Électrique : Puissance Électrique Demandée,Y,Y
Evaporative Cooler Dewpoint Bound Status,Estado del Límite de Punto de Rocío del Enfriador Evaporativo,Enfriador Evaporativo: Estado de Limitación por Punto de Rocío,Statut de limite du point de rosée du refroidisseur évaporatif,Refroidisseur évaporatif: État de limitation par point de rosée,Y,Y
Evaporative Cooler Electricity Energy,Energía Eléctrica del Enfriador Evaporativo,Enfriador Evaporativo: Energía Eléctrica,Énergie électrique du refroidisseur par évaporation,Refroidisseur Évaporatif: Énergie Électrique,Y,Y
Evaporative Cooler Electricity Rate,Tasa de Electricidad del Enfriador Evaporativo,Enfriador Evaporativo: Velocidad de Consumo Eléctrico,Taux d&apos;électricité du refroidisseur par évaporation,Refroidisseur Évaporatif : Puissance Électrique,Y,Y
Evaporative Cooler Mains Water Volume,Volumen de Agua de Red del Enfriador Evaporativo,Enfriador Evaporativo: Volumen de Agua de Red,Volume d&apos;eau réseau du refroidisseur évaporatif,Refroidisseur Évaporatif : Volume d'Eau de Réseau,Y,Y
Evaporative Cooler Operating Mode Satus,Estado del Modo de Operación del Enfriador Evaporativo,Enfriador Evaporativo: Estado del Modo de Operación,Mode de fonctionnement du refroidisseur évaporatif - Statut,Refroidisseur Évaporatif : État du Mode de Fonctionnement,Y,Y
Evaporative Cooler Part Load Ratio,Relación de Carga Parcial del Enfriador Evaporativo,Enfriador Evaporativo: Relación de Carga Parcial,Rapport de charge partielle du refroidisseur par évaporation,Refroidisseur Évaporatif: Rapport de Charge Partielle,Y,Y
Evaporative Cooler Stage Effectiveness,Efectividad de Etapa del Enfriador Evaporativo,Enfriador Evaporativo: Efectividad de Etapa,Efficacité de l&apos;étage du refroidisseur évaporatif,Refroidisseur Évaporatif: Efficacité de l'Étage,Y,Y
Evaporative Cooler Total Stage Effectiveness,Efectividad Total de Etapa del Enfriador Evaporativo,Enfriador Evaporativo: Efectividad de Etapa Total,Efficacité Totale du Refroidisseur Évaporatif par Étage,Refroidisseur Évaporatif : Efficacité Totale de l'Étage,Y,Y
Evaporative Cooler Water Volume,Volumen de Agua del Enfriador Evaporativo,Enfriador Evaporativo: Volumen de Agua,Volume d&apos;eau du refroidisseur par évaporation,Refroidisseur évaporatif : Volume d'eau,Y,Y
Exterior Windows Total Transmitted Beam Solar Radiation Energy,Energía de Radiación Solar de Haz Transmitida Total por Ventanas Exteriores,Ventanas Exteriores: Energía Total de Radiación Solar Directa Transmitida,Énergie Solaire du Rayonnement Direct Transmise Totale par les Fenêtres Extérieures,Fenêtres Extérieures: Énergie Totale du Rayonnement Solaire Direct Transmis,Y,Y
Exterior Windows Total Transmitted Beam Solar Radiation Rate,Tasa de Radiación Solar de Haz Transmitida Total por Ventanas Exteriores,Ventanas Exteriores: Velocidad Total de Radiación Solar Directa Transmitida,Débit de rayonnement solaire direct transmis total par les fenêtres extérieures,Fenêtres Extérieures: Débit de Rayonnement Solaire Direct Transmis Total,Y,Y
Exterior Windows Total Transmitted Diffuse Solar Radiation Energy,Energía de Radiación Solar Difusa Transmitida Total por Ventanas Exteriores,Ventanas Exteriores: Energía Total de Radiación Solar Difusa Transmitida,Énergie Solaire Diffuse Transmise Totale par les Fenêtres Extérieures,Fenêtres Extérieures: Énergie Solaire Diffuse Transmise Totale,Y,Y
Exterior Windows Total Transmitted Diffuse Solar Radiation Rate,Tasa de Radiación Solar Difusa Transmitida Total por Ventanas Exteriores,Ventanas Exteriores: Tasa de Radiación Solar Difusa Transmitida Total,Débit de rayonnement solaire diffus transmis total à travers les fenêtres extérieures,Fenêtres Extérieures : Débit de Rayonnement Solaire Diffus Transmis Total,Y,Y
Fan Air Mass Flow Rate,Caudal Másico de Aire del Ventilador,Ventilador: Caudal Másico del Aire,Débit massique d&apos;air du ventilateur,Ventilateur: Débit massique d'air,Y,Y
Fan Balanced Air Mass Flow Rate,Caudal Másico de Aire Balanceado del Ventilador,Ventilador: Flujo Másico de Aire Equilibrado,Débit massique d&apos;air équilibré du ventilateur,Ventilateur : Débit massique d'air équilibré,Y,Y
Fan Electricity Energy,Energía Eléctrica del Ventilador,Ventilador: Energía Eléctrica,Énergie électrique du ventilateur,Ventilateur: Énergie électrique,Y,Y
Fan Electricity Rate,Tasa de Electricidad del Ventilador,Ventilador: Potencia Eléctrica,Débit électrique du ventilateur,Ventilateur: Puissance Électrique,Y,Y
Fan Heat Gain to Air,Ganancia de Calor al Aire del Ventilador,Ventilador: Ganancia de Calor al Aire,Gain de chaleur du ventilateur à l&apos;air,Ventilateur : Gain de chaleur vers l'air,Y,Y
Fan Rise in Air Temperature,Incremento de Temperatura del Aire del Ventilador,Ventilador: Aumento de Temperatura del Aire,Augmentation de température de l&apos;air du ventilateur,Ventilateur : Augmentation de la température de l'air,Y,Y
Fan Runtime Fraction,Fracción de Tiempo en Funcionamiento del Ventilador,Ventilador: Fracción de Tiempo de Operación,Fraction de Fonctionnement du Ventilateur,Ventilateur : Fraction de fonctionnement,Y,Y
Fan Unbalanced Air Mass Flow Rate,Caudal Másico de Aire No Balanceado del Ventilador,Ventilador: Flujo Másico de Aire Desbalanceado,Débit massique d&apos;air déséquilibré du ventilateur,Ventilateur : Débit massique d'air déséquilibré,Y,Y
Fluid Heat Exchanger Effectiveness,Efectividad del Intercambiador de Calor de Fluido,Intercambiador de Calor de Fluido: Efectividad,Efficacité de l&apos;échangeur thermique à fluide,Échangeur de Chaleur Fluide : Efficacité,Y,Y
Fluid Heat Exchanger Heat Transfer Energy,Energía de Transferencia de Calor del Intercambiador de Calor de Fluido,Intercambiador de Calor de Fluido: Energía de Transferencia de Calor,Énergie de transfert de chaleur de l&apos;échangeur thermique à fluide,Échangeur de Chaleur Fluide: Énergie Transférée,Y,Y
Fluid Heat Exchanger Heat Transfer Rate,Tasa de Transferencia de Calor del Intercambiador de Calor de Fluido,Intercambiador de Calor de Fluido: Tasa de Transferencia de Calor,Débit de transfert de chaleur de l&apos;échangeur de chaleur à fluide,Échangeur de Chaleur Fluide : Débit de Transfert Thermique,Y,Y
Fluid Heat Exchanger Loop Demand Side Inlet Temperature,Temperatura de Entrada del Lado de Demanda del Circuito del Intercambiador de Calor de Fluido,Intercambiador de Calor de Fluido: Temperatura de Entrada Lado Demanda del Circuito,Température d&apos;entrée du côté demande de la boucle d&apos;échangeur thermique fluide,Échangeur de Chaleur Fluide: Température d'Entrée Côté Demande de la Boucle,Y,Y
Fluid Heat Exchanger Loop Demand Side Mass Flow Rate,Caudal Másico del Lado de Demanda del Circuito del Intercambiador de Calor de Fluido,Intercambiador de Calor de Fluido: Tasa de Flujo Másico del Lado de Demanda del Circuito,Débit Massique du Côté Demande de la Boucle d&apos;Échangeur de Chaleur à Fluide,Échangeur de Chaleur Fluide : Débit Massique du Côté Demande de Boucle,Y,Y
Fluid Heat Exchanger Loop Demand Side Outlet Temperature,Temperatura de Salida del Lado de Demanda del Circuito del Intercambiador de Calor de Fluido,Intercambiador de Calor de Fluido: Temperatura de Salida del Lado de Demanda del Circuito,Température de sortie du côté demande de la boucle échangeur de chaleur à fluide,Échangeur de Chaleur Fluide: Température de Sortie Côté Demande de Boucle,Y,Y
Fluid Heat Exchanger Loop Supply Side Inlet Temperature,Temperatura de Entrada del Lado de Suministro del Circuito del Intercambiador de Calor de Fluido,Intercambiador de Calor de Fluido: Temperatura de Entrada del Lado de Suministro del Lazo,Température d&apos;entrée du côté alimentation de la boucle d&apos;échangeur de chaleur à fluide,Échangeur de Chaleur Fluide : Température à l'Entrée du Côté Alimentation de la Boucle,Y,Y
Fluid Heat Exchanger Loop Supply Side Mass Flow Rate,Caudal Másico del Lado de Suministro del Circuito del Intercambiador de Calor de Fluido,Intercambiador de Calor de Fluido: Caudal Másico del Lado de Suministro del Circuito,Débit massique du côté alimentation de la boucle d&apos;échangeur de chaleur à fluide,Échangeur de Chaleur Fluide : Débit Massique du Côté Alimenté de la Boucle,Y,Y
Fluid Heat Exchanger Loop Supply Side Outlet Temperature,Temperatura de Salida del Lado de Suministro del Circuito del Intercambiador de Calor de Fluido,Intercambiador de Calor de Fluido: Temperatura de Salida del Lado de Suministro del Circuito,Température de sortie du côté alimentation de la boucle d&apos;échangeur thermique fluide,Échangeur thermique fluide : Température de sortie côté alimentation de la boucle,Y,Y
Fluid Heat Exchanger Operation Status,Estado de Operación del Intercambiador de Calor de Fluido,Intercambiador de Calor de Fluido: Estado de Operación,Statut de fonctionnement de l&apos;échangeur thermique à fluide,Échangeur de chaleur fluide : État de fonctionnement,Y,Y
Gas Equipment Convective Heating Energy,Energía de Calefacción Convectiva del Equipo de Gas,Equipo de Gas: Energía de Calentamiento Convectivo,Énergie de chauffage par convection de l&apos;équipement à gaz,Équipement Gaz : Énergie de Chauffage Convective,Y,Y
Gas Equipment Convective Heating Rate,Tasa de Calefacción Convectiva del Equipo de Gas,Equipo a Gas: Tasa de Calentamiento Convectivo,Taux de chauffage par convection des équipements à gaz,Équipement Gaz : Débit de Chauffage par Convection,Y,Y
Gas Equipment Latent Gain Energy,Energía de Ganancia Latente del Equipo de Gas,Equipo de Gas: Energía de Ganancia Latente,Énergie de Gain Latent des Équipements à Gaz,Équipement à Gaz: Énergie de Gain Latent,Y,Y
Gas Equipment Latent Gain Rate,Tasa de Ganancia Latente del Equipo de Gas,Equipo de Gas: Tasa de Ganancia Latente,Débit de gain latent équipement gaz,Équipement à gaz : Débit de gain latent,Y,Y
Gas Equipment Lost Heat Energy,Energía de Calor Perdido del Equipo de Gas,Equipo de Gas: Energía de Calor Perdido,Énergie perdue par la chaleur des équipements à gaz,Équipement à gaz: Énergie thermique perdue,Y,Y
Gas Equipment Lost Heat Rate,Tasa de Calor Perdido del Equipo de Gas,Equipo de Gas: Tasa de Calor Perdido,Débit de perte de chaleur de l&apos;équipement à gaz,Équipement à gaz: Débit de chaleur perdue,Y,Y
Gas Equipment NaturalGas Energy,Energía de Gas Natural del Equipo de Gas,Equipo de Gas: Energía de Gas Natural,Énergie Gaz Naturel des Équipements à Gaz,Équipement Gaz : Énergie Gaz Naturel,Y,Y
Gas Equipment NaturalGas Rate,Tasa de Gas Natural del Equipo de Gas,Equipo de Gas: Consumo de Gas Natural,Gas Equipment NaturalGas Rate,Équipement à Gaz : Débit de Gaz Naturel,Y,Y
Gas Equipment Radiant Heating Energy,Energía de Calefacción Radiante del Equipo de Gas,Equipo de Gas: Energía de Calefacción Radiante,Énergie de chauffage radiant par équipement à gaz,Équipement à gaz : Énergie de chauffage radiant,Y,Y
Gas Equipment Radiant Heating Rate,Tasa de Calefacción Radiante del Equipo de Gas,Equipo de Gas: Velocidad de Calentamiento Radiante,Débit de chauffage radiant des équipements à gaz,Équipement à Gaz : Débit de Chauffage par Rayonnement,Y,Y
Gas Equipment Total Heating Energy,Energía de Calefacción Total del Equipo de Gas,Equipo de Gas: Energía Total de Calefacción,Énergie de Chauffage Totale des Équipements au Gaz,Équipement à gaz: Énergie de chauffage totale,Y,Y
Gas Equipment Total Heating Rate,Tasa de Calefacción Total del Equipo de Gas,Equipo de Gas: Tasa Total de Calentamiento,Débit de chaleur total des équipements à gaz,Équipement à gaz : Puissance thermique totale,Y,Y
Generator Ancillary Electricity Energy,Energía Eléctrica Auxiliar del Generador,Generador: Energía Eléctrica Auxiliar,Énergie électrique auxiliaire du générateur,Générateur : Énergie Électrique Auxiliaire,Y,Y
Generator Ancillary Electricity Rate,Tasa de Electricidad Auxiliar del Generador,Generador: Tasa de Electricidad Auxiliar,Taux d&apos;électricité auxiliaire du générateur,Générateur : Puissance électrique auxiliaire,Y,Y
Generator Exhaust Air Mass Flow Rate,Caudal Másico del Aire de Escape del Generador,Generador: Caudal Másico de Aire de Escape,Débit massique de l&apos;air d&apos;échappement du générateur,Générateur: Débit massique de l'air d'échappement,Y,Y
Generator Exhaust Air Temperature,Temperatura del Aire de Escape del Generador,Generador: Temperatura del Aire de Escape,Température de l&apos;air d&apos;échappement du générateur,Générateur : Température de l'Air d'Échappement,Y,Y
Generator Fuel HHV Basis Energy,Energía Base PCS del Combustible del Generador,Generador: Energía en Base HHV del Combustible,Énergie de Base PCS du Combustible du Générateur,Générateur : Énergie sur base PCS du carburant,Y,Y
Generator Fuel HHV Basis Rate,Tasa Base PCS del Combustible del Generador,Generador: Tasa de Base PCI de Combustible,Taux de base du PCI du carburant du générateur,Générateur : Débit basé sur la PCI du combustible,Y,Y
Generator LHV Basis Electric Efficiency,Eficiencia Eléctrica Base PCI del Generador,Generador: Eficiencia Eléctrica en Base PCI,Rendement électrique sur la base du PCI du générateur,Générateur : Rendement Électrique Base PCI,Y,Y
Generator NaturalGas HHV Basis Energy,Energía Base PCS de Gas Natural del Generador,Generador: Energía Base PCI Gas Natural,Énergie du Générateur Gaz Naturel sur Base PCS,Générateur : Énergie sur base du PCS du gaz naturel,Y,Y
Generator NaturalGas HHV Basis Rate,Tasa Base PCS de Gas Natural del Generador,Generador: Tasa en Base PCI de Gas Natural,Taux de base du générateur en gaz naturel (PCS),Générateur: Débit sur base PCS gaz naturel,Y,Y
Generator NaturalGas Mass Flow Rate,Caudal Másico de Gas Natural del Generador,Generador: Flujo Másico de Gas Natural,Débit massique de gaz naturel du générateur,Générateur : Débit massique gaz naturel,Y,Y
Generator Produced AC Electricity Energy,Energía Eléctrica CA Producida por el Generador,Generador: Energía Eléctrica de CA Producida,Énergie électrique AC produite par le générateur,Générateur : Énergie électrique alternative produite,Y,Y
Generator Produced AC Electricity Rate,Tasa de Electricidad CA Producida por el Generador,Generador: Tasa de Electricidad CA Producida,Taux d&apos;électricité CA produite par le générateur,Générateur: Débit d'Électricité CA Produite,Y,Y
Generator Propane HHV Basis Energy,Energía Base PCS de Propano del Generador,Generador: Energía en Base del PCS del Propano,Énergie du Générateur sur la base du PCS du Propane,Générateur: Énergie base PCI Propane,Y,Y
Generator Propane HHV Basis Rate,Tasa Base PCS de Propano del Generador,Generador: Tasa de Base PCI Propano,Débit de base du PCS du générateur au propane,Générateur : Débit base PCI Propane,Y,Y
Generator Propane Mass Flow Rate,Caudal Másico de Propano del Generador,Generador: Flujo Másico de Propano,Débit massique de propane du générateur,Générateur : Débit massique de propane,Y,Y
Generator Standby Electric Energy,Energía Eléctrica en Espera del Generador,Generador: Energía Eléctrica en Espera,Énergie Électrique de Secours du Générateur,Générateur : Énergie électrique en attente,Y,Y
Generator Standby Electricity Rate,Tasa de Electricidad en Espera del Generador,Generador: Velocidad de Consumo Eléctrico en Espera,Taux d&apos;électricité en attente du générateur,Générateur : Puissance électrique en attente,Y,Y
Generic Air Contaminant Generation Volume Flow Rate,Caudal Volumétrico de Generación de Contaminante Genérico del Aire,Genérico: Tasa de Flujo Volumétrico de Generación de Contaminante del Aire,Débit volumique de génération de contaminant d&apos;air générique,Générique : Débit volumique de génération de contaminant aérien,Y,Y
Ground Heat Exchanger Average Borehole Temperature,Temperatura Promedio de la Perforación del Intercambiador de Calor de Suelo,Intercambiador de Calor Geotérmico: Temperatura Promedio del Pozo,Température moyenne du forage de l&apos;échangeur géothermique,Échangeur de Chaleur Géothermique : Température Moyenne du Forage,Y,Y
Ground Heat Exchanger Average Fluid Temperature,Temperatura Promedio del Fluido del Intercambiador de Calor de Suelo,Intercambiador de Calor Geotérmico: Temperatura Promedio del Fluido de Trabajo,Température moyenne du fluide de l&apos;échangeur géothermique,Échangeur Géothermique : Température Moyenne du Fluide Caloporteur,Y,Y
Ground Heat Exchanger Fluid Heat Transfer Rate,Tasa de Transferencia de Calor del Fluido del Intercambiador de Calor de Suelo,Intercambiador de Calor Geotérmico: Velocidad de Transferencia de Calor del Fluido,Débit de transfert de chaleur du fluide de l&apos;échangeur thermique souterrain,Échangeur Géothermique: Débit de Transfert Thermique du Fluide,Y,Y
Ground Heat Exchanger Heat Transfer Rate,Tasa de Transferencia de Calor del Intercambiador de Calor de Suelo,Intercambiador de Calor Geotérmico: Tasa de Transferencia de Calor,Débit de transfert thermique de l&apos;échangeur géothermique,Échangeur Géothermique: Débit de Transfert de Chaleur,Y,Y
Ground Heat Exchanger Inlet Temperature,Temperatura de Entrada del Intercambiador de Calor de Suelo,Intercambiador de Calor Geotérmico: Temperatura de Entrada,Température d&apos;entrée de l&apos;échangeur de chaleur géothermique,Échangeur de Chaleur Souterrain: Température à l'Entrée,Y,Y
Ground Heat Exchanger Mass Flow Rate,Caudal Másico del Intercambiador de Calor de Suelo,Intercambiador de Calor Geotérmico: Caudal Másico,Débit massique de l&apos;échangeur thermique souterrain,Échangeur Géothermique: Débit Massique,Y,Y
Ground Heat Exchanger Outlet Temperature,Temperatura de Salida del Intercambiador de Calor de Suelo,Intercambiador de Calor Geotérmico: Temperatura de Salida,Température de sortie de l&apos;échangeur géothermique,Échangeur de Chaleur Géothermique: Température de Sortie,Y,Y
HVAC System Solver Iteration Count,Conteo de Iteraciones del Solucionador del Sistema HVAC,HVAC: Conteo de Iteraciones del Solucionador del Sistema,Nombre d&apos;itérations du solveur du système HVAC,HVAC: Nombre d'itérations du solveur système,Y,Y
Heat Exchanger Defrost Time Fraction,Fracción de Tiempo de Desescarche del Intercambiador de Calor,Intercambiador de Calor: Fracción de Tiempo de Descongelación,Fraction de temps de décongélation de l&apos;échangeur thermique,Échangeur de Chaleur: Fraction de Temps de Dégivrage,Y,Y
Heat Exchanger Electricity Energy,Energía Eléctrica del Intercambiador de Calor,Intercambiador de Calor: Energía Eléctrica,Énergie Électrique de l&apos;Échangeur Thermique,Échangeur de Chaleur: Énergie Électrique,Y,Y
Heat Exchanger Electricity Rate,Tasa de Electricidad del Intercambiador de Calor,Intercambiador de Calor: Velocidad de Consumo Eléctrico,Puissance électrique de l&apos;échangeur thermique,Échangeur de Chaleur: Puissance Électrique,Y,Y
Heat Exchanger Exhaust Air Bypass Mass Flow Rate,Caudal Másico en Bypass del Aire de Escape del Intercambiador de Calor,Intercambiador de Calor: Caudal Másico de Derivación de Aire de Extracción,Débit massique de contournement de l&apos;air d&apos;extraction de l&apos;échangeur thermique,Échangeur de Chaleur: Débit Massique de l'Air Échappé Contournant l'Échangeur,Y,Y
Heat Exchanger Latent Cooling Energy,Energía de Enfriamiento Latente del Intercambiador de Calor,Intercambiador de Calor: Energía de Enfriamiento Latente,Énergie de refroidissement latent de l&apos;échangeur thermique,Échangeur de chaleur: Énergie de refroidissement latent,Y,Y
Heat Exchanger Latent Cooling Rate,Tasa de Enfriamiento Latente del Intercambiador de Calor,Intercambiador de Calor: Velocidad de Enfriamiento Latente,Débit de refroidissement latent de l&apos;échangeur thermique,Échangeur de chaleur : Débit de refroidissement latent,Y,Y
Heat Exchanger Latent Effectiveness,Efectividad Latente del Intercambiador de Calor,Intercambiador de Calor: Efectividad Latente,Efficacité latente de l&apos;échangeur de chaleur,Échangeur de Chaleur: Efficacité Latente,Y,Y
Heat Exchanger Latent Gain Energy,Energía de Ganancia Latente del Intercambiador de Calor,Intercambiador de Calor: Energía de Ganancia Latente,Énergie de gain latent de l&apos;échangeur de chaleur,Échangeur de Chaleur: Énergie de Gain Latent,Y,Y
Heat Exchanger Latent Gain Rate,Tasa de Ganancia Latente del Intercambiador de Calor,Intercambiador de Calor: Tasa de Ganancia Latente,Taux de gain latent de l&apos;échangeur thermique,Échangeur thermique : Débit de gain latent,Y,Y
Heat Exchanger Sensible Cooling Energy,Energía de Enfriamiento Sensible del Intercambiador de Calor,Intercambiador de Calor: Energía de Enfriamiento Sensible,Énergie de refroidissement sensible de l&apos;échangeur de chaleur,Échangeur de chaleur: Énergie de refroidissement sensible,Y,Y
Heat Exchanger Sensible Cooling Rate,Tasa de Enfriamiento Sensible del Intercambiador de Calor,Intercambiador de Calor: Tasa de Enfriamiento Sensible,Débit de refroidissement sensible de l&apos;échangeur thermique,Échangeur de Chaleur : Débit de Refroidissement Sensible,Y,Y
Heat Exchanger Sensible Effectiveness,Efectividad Sensible del Intercambiador de Calor,Intercambiador de Calor: Efectividad Sensible,Efficacité sensible de l&apos;échangeur de chaleur,Échangeur de Chaleur: Efficacité Sensible,Y,Y
Heat Exchanger Sensible Heating Energy,Energía de Calefacción Sensible del Intercambiador de Calor,Intercambiador de Calor: Energía de Calentamiento Sensible,Énergie de chauffage sensible de l&apos;échangeur de chaleur,Échangeur de Chaleur: Énergie de Chauffage Sensible,Y,Y
Heat Exchanger Sensible Heating Rate,Tasa de Calefacción Sensible del Intercambiador de Calor,Intercambiador de Calor: Velocidad de Calentamiento Sensible,Débit de chaleur sensible de l&apos;échangeur thermique,Échangeur de Chaleur : Puissance de Chauffage Sensible,Y,Y
Heat Exchanger Supply Air Bypass Mass Flow Rate,Caudal Másico en Bypass del Aire de Suministro del Intercambiador de Calor,Intercambiador de Calor: Caudal Másico de Aire de Suministro en Derivación,Débit massique de contournement de l&apos;air soufflé de l&apos;échangeur thermique,Échangeur de Chaleur: Débit Massique d'Air Alimenté en Dérivation,Y,Y
Heat Exchanger Total Cooling Energy,Energía Total de Enfriamiento del Intercambiador de Calor,Intercambiador de Calor: Energía Total de Enfriamiento,Énergie de refroidissement totale de l&apos;échangeur de chaleur,Échangeur Thermique: Énergie Totale de Refroidissement,Y,Y
Heat Exchanger Total Cooling Rate,Tasa Total de Enfriamiento del Intercambiador de Calor,Intercambiador de Calor: Velocidad Total de Enfriamiento,Taux de refroidissement total de l&apos;échangeur de chaleur,Échangeur de chaleur : Débit de refroidissement total,Y,Y
Heat Exchanger Total Heating Energy,Energía Total de Calefacción del Intercambiador de Calor,Intercambiador de Calor: Energía Total de Calentamiento,Énergie de chauffage totale de l&apos;échangeur de chaleur,Échangeur de Chaleur : Énergie Thermique Totale,Y,Y
Heat Exchanger Total Heating Rate,Tasa Total de Calefacción del Intercambiador de Calor,Intercambiador de Calor: Tasa Total de Calentamiento,Débit de chauffage total de l&apos;échangeur de chaleur,Échangeur de Chaleur: Débit de Chauffage Total,Y,Y
Heating Coil Air Heating Energy,Energía de Calefacción del Aire del Serpentín de Calefacción,Serpentín de Calefacción: Energía de Calefacción del Aire,Énergie de chauffage de l&apos;air de la batterie de chauffage,Serpentin de Chauffage : Énergie de Chauffage de l'Air,Y,Y
Heating Coil Air Heating Rate,Tasa de Calefacción del Aire del Serpentín de Calefacción,Serpentín de Calefacción: Tasa de Calentamiento de Aire,Débit de chauffage de la bobine de chauffage de l&apos;air,Serpentin de Chauffage: Puissance de Chauffage de l'Air,Y,Y
Heating Coil Ancillary Coal Energy,Energía Auxiliar de Carbón del Serpentín de Calefacción,Bobina de Calefacción: Energía Auxiliar de Carbón,Énergie Auxiliaire du Charbon de la Batterie de Réchauffage,Serpentin de Chauffage: Énergie Auxiliaire Charbon,Y,Y
Heating Coil Ancillary Coal Rate,Tasa Auxiliar de Carbón del Serpentín de Calefacción,Serpentín de Calefacción: Tasa Auxiliar de Carbón,Débit de charbon auxiliaire de la bobine de chauffage,Serpentin de chauffage : Consommation auxiliaire de charbon,Y,Y
Heating Coil Ancillary Diesel Energy,Energía Auxiliar de Diésel del Serpentín de Calefacción,Serpentín de Calentamiento: Energía Diesel Auxiliar,Énergie Diesel Auxiliaire de Serpentin de Chauffage,Serpentin de Chauffage: Énergie Auxiliaire au Diesel,Y,Y
Heating Coil Ancillary Diesel Rate,Tasa Auxiliar de Diésel del Serpentín de Calefacción,Serpentín de Calefacción: Tasa de Diésel Auxiliar,Taux de Diesel Auxiliaire de la Batterie de Chauffage,Serpentin de chauffage : Débit auxiliaire de diesel,Y,Y
Heating Coil Ancillary FuelOilNo1 Energy,Energía Auxiliar de Combustóleo No. 1 del Serpentín de Calefacción,Bobina de Calefacción: Energía Auxiliar de Combustible Diésel,Énergie Combustible Auxiliaire Serpentin de Chauffage Fioul Domestique No1,Serpentin de Chauffage: Énergie Auxiliaire Fioul Lourd,Y,Y
Heating Coil Ancillary FuelOilNo1 Rate,Tasa Auxiliar de Combustóleo No. 1 del Serpentín de Calefacción,Serpentín de Calefacción: Tasa de Combustible Destilado Nº 1 Auxiliar,Débit de Combustible Auxiliaire Serpentin de Chauffage FuelOilNo1,Serpentin de chauffage : Débit de combustible auxiliaire No1,Y,Y
Heating Coil Ancillary FuelOilNo2 Energy,Energía Auxiliar de Combustóleo No. 2 del Serpentín de Calefacción,Serpentín de Calentamiento: Energía Auxiliar de Combustible Diésel,Énergie auxiliaire de la bobine de chauffage - Fioul lourd n°2,Serpentin de Chauffage : Énergie Auxiliaire Fioul Lourd,Y,Y
Heating Coil Ancillary FuelOilNo2 Rate,Tasa Auxiliar de Combustóleo No. 2 del Serpentín de Calefacción,Serpentín de Calefacción: Tasa de Consumo de Combustible Aceitoso N°2,Débit de Combustible Auxiliaire Mazout No2 de la Serpentin de Chauffage,Serpentin de Chauffage: Débit de Combustible Auxiliaire Fioul Lourd,Y,Y
Heating Coil Ancillary Gasoline Energy,Energía Auxiliar de Gasolina del Serpentín de Calefacción,Serpentín de Calefacción: Energía Auxiliar de Gasolina,Énergie Auxiliaire en Essence de la Batterie de Chauffage,Serpentin de Chauffage: Énergie Essence Auxiliaire,Y,Y
Heating Coil Ancillary Gasoline Rate,Tasa Auxiliar de Gasolina del Serpentín de Calefacción,Serpentín de Calefacción: Consumo de Gasolina Auxiliar,Débit de consommation d&apos;essence auxiliaire de la batterie de chauffage,Serpentin de Chauffage: Consommation Auxiliaire d'Essence,Y,Y
Heating Coil Ancillary NaturalGas Energy,Energía Auxiliar de Gas Natural del Serpentín de Calefacción,Serpentín de Calefacción: Energía Auxiliar de Gas Natural,Énergie Gaz Naturel Auxiliaire de la Batterie de Chauffage,Serpentin de Chauffage : Énergie Gaz Naturel Auxiliaire,Y,Y
Heating Coil Ancillary NaturalGas Rate,Tasa Auxiliar de Gas Natural del Serpentín de Calefacción,Serpentín de Calefacción: Tasa de Gas Natural Auxiliar,Débit de gaz naturel auxiliaire de la batterie de chauffage,Serpentin de Chauffage: Débit de Gaz Naturel Auxiliaire,Y,Y
Heating Coil Ancillary OtherFuel1 Energy,Energía Auxiliar de Otro Combustible 1 del Serpentín de Calefacción,Serpentín de Calefacción: Energía Auxiliar de Otro Combustible 1,Énergie Carburant Auxiliaire 1 de la Batterie de Chauffage,Serpentin de Chauffage: Énergie Auxiliaire OtherFuel1,Y,Y
Heating Coil Ancillary OtherFuel1 Rate,Tasa Auxiliar de Otro Combustible 1 del Serpentín de Calefacción,Serpentín de Calefacción: Tasa de Combustible Auxiliar Otro1,Puissance de Combustible Auxiliaire 1 de la Batterie de Chauffage,Serpentin de Chauffage: Débit d'Énergie Auxiliaire OtherFuel1,Y,Y
Heating Coil Ancillary OtherFuel2 Energy,Energía Auxiliar de Otro Combustible 2 del Serpentín de Calefacción,Serpentín de Calentamiento: Energía Combustible Auxiliar Adicional 2,Énergie Auxiliaire Serpentin de Chauffage Carburant Autre2,Serpentin de Chauffage : Énergie Auxiliaire Combustible2,Y,Y
Heating Coil Ancillary OtherFuel2 Rate,Tasa Auxiliar de Otro Combustible 2 del Serpentín de Calefacción,Serpentín de Calefacción: Tasa de Combustible Auxiliar Adicional 2,Débit de carburant auxiliaire 2 de la batterie de chauffage,Serpentin de Chauffage : Débit Combustible Auxiliaire Autre2,Y,Y
Heating Coil Ancillary Propane Energy,Energía Auxiliar de Propano del Serpentín de Calefacción,Serpentín de Calefacción: Energía Propano Auxiliar,Énergie Propane Auxiliaire de la Serpentin de Chauffage,Serpentin de Chauffage : Énergie Propane Auxiliaire,Y,Y
Heating Coil Ancillary Propane Rate,Tasa Auxiliar de Propano del Serpentín de Calefacción,Bobina de Calefacción: Tasa de Propano Auxiliar,Débit de propane auxiliaire de la serpentine de chauffage,Serpentin de Chauffage: Débit d'Appoint en Propane,Y,Y
Heating Coil Coal Energy,Energía de Carbón del Serpentín de Calefacción,Serpentín de Calefacción: Energía de Carbón,Énergie Charbon Serpentin de Chauffage,Serpentin de Chauffage: Énergie du Charbon,Y,Y
Heating Coil Coal Rate,Tasa de Carbón del Serpentín de Calefacción,Bobina de Calefacción: Tasa de Carbón,Débit de charbon de la batterie de chauffage,Serpentin de Chauffage : Débit de Charbon,Y,Y
Heating Coil Crankcase Heater Electricity Energy,Energía Eléctrica del Calefactor del Cárter del Serpentín de Calefacción,Serpentín de Calentamiento: Energía Eléctrica del Calentador de Cárter del Compresor,Énergie électrique du réchauffeur de carter du serpentin de chauffage,Serpentin de Chauffage: Énergie Électrique du Réchauffeur de Carter du Compresseur,Y,Y
Heating Coil Crankcase Heater Electricity Rate,Tasa de Electricidad del Calefactor del Cárter del Serpentín de Calefacción,Serpentín de Calentamiento: Velocidad de Consumo Eléctrico del Calentador del Cárter del Compresor,Taux d&apos;électricité du réchauffeur de carter de bobine de chauffage,Serpentin de Chauffage: Puissance Électrique du Réchauffeur de Carter,Y,Y
Heating Coil Defrost Electricity Energy,Energía Eléctrica de Desescarche del Serpentín de Calefacción,Bobina de Calefacción: Energía Eléctrica de Descongelación,Énergie Électrique du Dégivrage de la Batterie de Chauffage,Serpentin de Chauffage: Énergie Électrique en Mode Dégivrage,Y,Y
Heating Coil Defrost Electricity Rate,Tasa de Electricidad de Desescarche del Serpentín de Calefacción,Serpentín de Calefacción: Velocidad de Consumo Eléctrico en Descongelación,Puissance électrique de dégivrage de la serpentine de chauffage,Serpentin de Chauffage: Puissance Électrique en Dégivrage,Y,Y
Heating Coil Defrost Gas Energy,Energía de Gas de Desescarche del Serpentín de Calefacción,Serpentín de Calefacción: Energía de Gas en Descongelación,Énergie gaz de dégivrage de la batterie de chauffage,Serpentin de chauffage : Énergie du gaz de dégivrage,Y,Y
Heating Coil Defrost Gas Rate,Tasa de Gas de Desescarche del Serpentín de Calefacción,Bobina de Calefacción: Tasa de Gas de Descongelación,Débit de gaz de dégivrage de la serpentine de chauffage,Serpentin de Chauffage: Débit de Gaz de Dégel,Y,Y
Heating Coil Diesel Energy,Energía de Diésel del Serpentín de Calefacción,Serpentín de Calefacción: Energía Diésel,Énergie Diesel de la Batterie de Chauffage,Serpentin de chauffage : Énergie Diesel,Y,Y
Heating Coil Diesel Rate,Tasa de Diésel del Serpentín de Calefacción,Bobina de Calefacción: Consumo de Diésel,Taux de Diesel de la Batterie de Chauffage,Serpentin de Chauffage : Débit de Diesel,Y,Y
Heating Coil Electricity Energy,Energía Eléctrica del Serpentín de Calefacción,Bobina de Calefacción: Energía Eléctrica,Énergie électrique de la serpentin de chauffage,Serpentin de Chauffage: Énergie Électrique,Y,Y
Heating Coil Electricity Rate,Tasa de Electricidad del Serpentín de Calefacción,Serpentín de Calefacción: Potencia Eléctrica,Débit électrique de la batterie de chauffage,Batterie de Chauffage : Puissance Électrique,Y,Y
Heating Coil FuelOilNo1 Energy,Energía de Combustóleo No. 1 del Serpentín de Calefacción,Serpentín de Calefacción: Energía de Combustóleo No.1,Énergie de la Bobine de Chauffage Fioul n°1,Serpentin de Chauffage: Énergie Fioul Domestique,Y,Y
Heating Coil FuelOilNo1 Rate,Tasa de Combustóleo No. 1 del Serpentín de Calefacción,Serpentín de Calefacción: Tasa de Consumo de Combustible Diésel,Débit de Serpentin de Chauffage Fioul Domestique,Serpentin de Chauffage : Débit de Fioul Domestique,Y,Y
Heating Coil FuelOilNo2 Energy,Energía de Combustóleo No. 2 del Serpentín de Calefacción,Serpentín de Calefacción: Energía de Combustible Diésel,Énergie de la Serpentin de Chauffage Fioul Lourd,Serpentin de Chauffage : Énergie Fioul Domestique,Y,Y
Heating Coil FuelOilNo2 Rate,Tasa de Combustóleo No. 2 del Serpentín de Calefacción,Serpentín de Calefacción: Consumo de Combustible Destilado,Débit de Combustible Mazout n°2 de la Batterie de Chauffage,Serpentin de Chauffage : Débit de Fioul Lourd,Y,Y
Heating Coil Gasoline Energy,Energía de Gasolina del Serpentín de Calefacción,Serpentín de Calentamiento: Energía de Gasolina,Énergie de Chauffage de la Bobine à Essence,Serpentin de Chauffage: Énergie du Carburant,Y,Y
Heating Coil Gasoline Rate,Tasa de Gasolina del Serpentín de Calefacción,Serpentín de Calefacción: Tasa de Consumo de Gasolina,Débit de chauffage à l&apos;essence,Serpentin de Chauffage : Débit de Combustible Essence,Y,Y
Heating Coil Heating Energy,Energía de Calefacción del Serpentín de Calefacción,Serpentín de Calefacción: Energía de Calefacción,Énergie de chauffage de la batterie de chauffage,Serpentin de Chauffage : Énergie de Chauffage,Y,Y
Heating Coil Heating Rate,Tasa de Calefacción del Serpentín de Calefacción,Serpentín de Calefacción: Velocidad de Calentamiento,Débit thermique de la batterie de chauffage,Serpentin de Chauffage: Puissance de Chauffage,Y,Y
Heating Coil NaturalGas Energy,Energía de Gas Natural del Serpentín de Calefacción,Serpentín de Calefacción: Energía de Gas Natural,Énergie du serpentin de chauffage gaz naturel,Serpentin de Chauffage: Énergie Gaz Naturel,Y,Y
Heating Coil NaturalGas Rate,Tasa de Gas Natural del Serpentín de Calefacción,Serpentín de Calefacción: Tasa de Gas Natural,Débit de gaz naturel de la bobine de chauffage,Serpentin de Chauffage : Débit de Gaz Naturel,Y,Y
Heating Coil OtherFuel1 Energy,Energía de Otro Combustible 1 del Serpentín de Calefacción,Bobina de Calefacción: Energía Combustible Alternativo 1,Énergie Coil Chauffage OtherFuel1,Serpentin de Chauffage: Énergie Combustible Autre 1,Y,Y
Heating Coil OtherFuel1 Rate,Tasa de Otro Combustible 1 del Serpentín de Calefacción,Serpentín de Calefacción: Tasa de Combustible Alternativo 1,Débit de la Batterie de Chauffage OtherFuel1,Serpentin de Chauffage : Débit d'Autre Combustible 1,Y,Y
Heating Coil OtherFuel2 Energy,Energía de Otro Combustible 2 del Serpentín de Calefacción,Bobina de Calefacción: Energía de Otro Combustible 2,Énergie du serpentin de chauffage OtherFuel2,Serpentin de Chauffage: Énergie Combustible Auxiliaire 2,Y,Y
Heating Coil OtherFuel2 Rate,Tasa de Otro Combustible 2 del Serpentín de Calefacción,Serpentín de Calefacción: Tasa de Combustible Alternativo 2,Débit de Combustible Auxiliaire 2 de la Batterie de Chauffage,Serpentin de Chauffage : Débit de Combustible Secondaire 2,Y,Y
Heating Coil Propane Energy,Energía de Propano del Serpentín de Calefacción,Serpentín de Calefacción: Energía de Propano,Énergie Propane de la Batterie de Chauffage,Serpentin de Chauffage : Énergie Propane,Y,Y
Heating Coil Propane Rate,Tasa de Propano del Serpentín de Calefacción,Serpentín de Calefacción: Tasa de Propano,Débit de propane de la batterie de chauffage,Serpentin de Chauffage : Débit de Propane,Y,Y
Heating Coil Runtime Fraction,Fracción de Tiempo en Funcionamiento del Serpentín de Calefacción,Bobina de Calefacción: Fracción de Tiempo en Operación,Fraction de temps de fonctionnement de la batterie de chauffage,Serpentin de Chauffage: Fraction de Fonctionnement,Y,Y
Heating Coil Source Side Heat Transfer Energy,Energía de Transferencia de Calor del Lado Fuente del Serpentín de Calefacción,Bobina de Calefacción: Energía de Transferencia de Calor del Lado Fuente,Énergie de transfert de chaleur côté source de la bobine de chauffage,Serpentin de Chauffage: Énergie de Transfert Thermique Côté Source,Y,Y
Heating Coil Total Heating Energy,Energía Total de Calefacción del Serpentín de Calefacción,Serpentín de Calefacción: Energía Total de Calefacción,Énergie de Chauffage Totale de la Batterie de Chauffage,Serpentin de Chauffage: Énergie de Chauffage Totale,Y,Y
Heating Coil Total Heating Rate,Tasa Total de Calefacción del Serpentín de Calefacción,Serpentín de Calefacción: Tasa Total de Calefacción,Débit de chauffage total de la batterie de chauffage,Serpentin de Chauffage : Puissance de Chauffage Totale,Y,Y
Heating Coil U Factor Times Area Value,Valor del Factor U por Área del Serpentín de Calefacción,Serpentín de Calefacción: Valor de Factor U por Área,Valeur du coefficient U fois la surface de la batterie de chauffage,Serpentin de Chauffage : Valeur du Coefficient U fois la Superficie,Y,Y
Hot Water Equipment Convective Heating Energy,Energía de Calefacción Convectiva del Equipo de Agua Caliente,Equipo de Agua Caliente: Energía de Calentamiento Convectivo,Énergie de chauffage par convection de l&apos;équipement d&apos;eau chaude,Équipement Eau Chaude: Énergie de Chauffage Convectif,Y,Y
Hot Water Equipment Convective Heating Rate,Tasa de Calefacción Convectiva del Equipo de Agua Caliente,Equipo de Agua Caliente: Velocidad de Transferencia de Calor Convectiva,Taux de chauffage par convection de l&apos;équipement d&apos;eau chaude,Équipement d'eau chaude : Débit de chaleur convective,Y,Y
Hot Water Equipment District Heating Energy,Energía de Calefacción Distrital del Equipo de Agua Caliente,Equipo de Agua Caliente: Energía de Calefacción Distrital,Énergie de Chauffage Urbain des Équipements d&apos;Eau Chaude,Équipement Eau Chaude : Énergie de Chauffage Urbain,Y,Y
Hot Water Equipment District Heating Rate,Tasa de Calefacción Distrital del Equipo de Agua Caliente,Equipo de Agua Caliente: Velocidad de Calefacción Distrital,Taux de Chauffage Urbain des Équipements d&apos;Eau Chaude,Équipement Eau Chaude : Débit de Chauffage Urbain,Y,Y
Hot Water Equipment Latent Gain Energy,Energía de Ganancia Latente del Equipo de Agua Caliente,Equipo de Agua Caliente: Energía de Ganancia Latente,Énergie de Gain Latent de l&apos;Équipement d&apos;Eau Chaude,Équipement Eau Chaude: Énergie de Gain Latent,Y,Y
Hot Water Equipment Latent Gain Rate,Tasa de Ganancia Latente del Equipo de Agua Caliente,Equipo de Agua Caliente: Tasa de Ganancia Latente,Taux de Gain Latent de l&apos;Équipement d&apos;Eau Chaude,Équipement d'Eau Chaude: Taux de Gain Latent,Y,Y
Hot Water Equipment Lost Heat Energy,Energía de Calor Perdido del Equipo de Agua Caliente,Equipo de Agua Caliente: Energía Perdida por Calor,Énergie Thermique Perdue par l&apos;Équipement d&apos;Eau Chaude,Équipement Eau Chaude: Énergie Thermique Perdue,Y,Y
Hot Water Equipment Lost Heat Rate,Tasa de Calor Perdido del Equipo de Agua Caliente,Equipo de Agua Caliente: Tasa de Pérdida de Calor,Taux de perte de chaleur de l&apos;équipement d&apos;eau chaude,Équipement Eau Chaude: Débit de Chaleur Perdue,Y,Y
Hot Water Equipment Radiant Heating Energy,Energía de Calefacción Radiante del Equipo de Agua Caliente,Equipo de Agua Caliente: Energía de Calefacción Radiante,Énergie de chauffage radiant des équipements d&apos;eau chaude,Équipement Eau Chaude: Énergie de Chauffage par Rayonnement,Y,Y
Hot Water Equipment Radiant Heating Rate,Tasa de Calefacción Radiante del Equipo de Agua Caliente,Equipo de Agua Caliente: Tasa de Calefacción Radiante,Débit de chauffage radiatif de l&apos;équipement d&apos;eau chaude,Équipement Eau Chaude: Puissance de Chauffage Radiant,Y,Y
Hot Water Equipment Total Heating Energy,Energía de Calefacción Total del Equipo de Agua Caliente,Equipo de Agua Caliente: Energía Total de Calentamiento,Énergie Calorifique Totale de l&apos;Équipement d&apos;Eau Chaude,Équipement d'Eau Chaude : Énergie Thermique Totale,Y,Y
Hot Water Equipment Total Heating Rate,Tasa de Calefacción Total del Equipo de Agua Caliente,Equipo de Agua Caliente: Tasa Total de Calentamiento,Débit de chaleur total du matériel d&apos;eau chaude,Équipement d'Eau Chaude: Débit de Chaleur Total,Y,Y
Humidifier Electricity Energy,Energía Eléctrica del Humidificador,Humidificador: Energía Eléctrica,Énergie électrique de l&apos;humidificateur,Humidificateur : Énergie électrique,Y,Y
Humidifier Electricity Rate,Tasa de Electricidad del Humidificador,Humidificador: Velocidad de Consumo de Electricidad,Débit électrique du humidificateur,Humidificateur : Débit électrique,Y,Y
Humidifier Mains Water Volume,Volumen de Agua de Red del Humidificador,Humidificador: Volumen de Agua de la Red,Volume d&apos;eau de réseau de l&apos;humidificateur,Humidificateur : Volume d'eau de réseau,Y,Y
Humidifier Water Volume,Volumen de Agua del Humidificador,Humidificador: Volumen de Agua,Volume d&apos;eau de l&apos;humidificateur,Humidificateur : Volume d'eau,Y,Y
Humidifier Water Volume Flow Rate,Caudal Volumétrico de Agua del Humidificador,Humidificador: Caudal Volumétrico de Agua,Débit volumique d&apos;eau de l&apos;humidificateur,Humidificateur : Débit volumique d'eau,Y,Y
ITE Adjusted Return Air Temperature,Temperatura de Aire de Retorno Ajustada del ITE,ITE: Temperatura de Aire de Retorno Ajustada,Température de l&apos;air de retour ajustée pour les TI,ITE: Température de l'air de retour ajustée,Y,Y
ITE Air Mass Flow Rate,Caudal Másico de Aire del ITE,ITE: Caudal Másico de Aire,Débit massique d&apos;air ITE,ITE : Débit Massique d'Air,Y,Y
ITE Any Air Inlet Dewpoint Temperature Above Operating Range Time,Tiempo de Humedad Relativa del Aire de Entrada por Debajo del Rango de Funcionamiento en ITE,ITE: Tiempo de Temperatura de Punto de Rocío en Cualquier Entrada de Aire por Encima del Rango de Funcionamiento,Température de point de rosée à l&apos;entrée d&apos;air ITE au-dessus de la plage de fonctionnement - Durée,ITE: Temps avec Température de Point de Rosée à l'Entrée d'Air au-dessus de la Plage de Fonctionnement,Y,Y
ITE Any Air Inlet Dewpoint Temperature Below Operating Range Time,Energía Eléctrica de CPU ITE en Condiciones de Diseño de Entrada,ITE: Tiempo con Temperatura de Punto de Rocío de Entrada de Aire por Debajo del Rango de Operación,Temps pendant lequel la température de point de rosée de l&apos;air à l&apos;entrée est inférieure à la plage de fonctionnement,Équipement Informatique : Temps avec Température de Point de Rosée de Prise d'Air en Dessous de la Plage de Fonctionnement,Y,Y
ITE Any Air Inlet Dry-Bulb Temperature Above Operating Range Time,Tasa de Electricidad de CPU de TI en Condiciones de Entrada de Diseño,ITE: Tiempo con Temperatura de Bulbo Seco en Entrada de Aire por Encima del Rango de Funcionamiento,Température de bulbe sec à l&apos;entrée d&apos;air ITE au-dessus de la plage de fonctionnement - Temps,ITE: Durée pendant laquelle la Température Sèche à l'Entrée d'Air Dépasse la Plage de Fonctionnement,Y,Y
ITE Any Air Inlet Dry-Bulb Temperature Below Operating Range Time,Energía Eléctrica del Ventilador ITE en Condiciones de Entrada de Diseño,ITE: Tiempo con Temperatura de Bulbo Seco en Entrada de Aire por Debajo del Rango Operativo,Temps d&apos;entrée d&apos;air ITE à température de bulbe sec inférieure à la plage de fonctionnement,ITE: Temps d'entrée d'air à température sèche inférieure à la plage de fonctionnement,Y,Y
ITE Any Air Inlet Operating Range Exceeded Time,Tasa de Electricidad del Ventilador ITE en Condiciones de Entrada de Diseño,ITE: Tiempo de Rango de Funcionamiento de Entrada de Aire Excedido,Plage de fonctionnement dépassée pour l&apos;admission d&apos;air quelconque de l&apos;équipement ITE,ITE: Temps de Dépassement de la Plage de Fonctionnement d'Entrée d'Air,Y,Y
ITE Any Air Inlet Relative Humidity Above Operating Range Time,Tiempo de Humedad Relativa de Entrada de Aire del ITE por Encima del Rango de Operación,ITE: Tiempo en que la Humedad Relativa en Cualquier Entrada de Aire Está por Encima del Rango de Operación,ITE Humidité relative de l&apos;air à l&apos;entrée - Temps au-dessus de la plage de fonctionnement,ITE: Temps pendant lequel l'Humidité Relative à une Entrée d'Air quelconque dépasse la Plage de Fonctionnement,Y,Y
ITE Any Air Inlet Relative Humidity Below Operating Range Time,Tiempo de Humedad Relativa de Entrada de Aire del ITE por Debajo del Rango de Operación,ITE: Tiempo en que la Humedad Relativa de Cualquier Entrada de Aire está por Debajo del Rango de Operación,ITE Any Air Inlet Relative Humidity Below Operating Range Time,ITE: Temps Pendant Lequel l'Humidité Relative à Toute Prise d'Air est Inférieure à la Plage de Fonctionnement,Y,Y
ITE Average Supply Heat Index,Índice de Calor de Suministro Promedio del ITE,ITE: Índice Promedio de Calor de Suministro,Indice de chaleur d&apos;alimentation moyen ITE,ITE: Indice de Chaleur d'Alimentation Moyen,Y,Y
ITE CPU Electricity Energy,Energía Eléctrica de la CPU del ITE,ITE: Energía Eléctrica de la CPU,Énergie électrique CPU ITE,ITE: Énergie Électrique du Processeur,Y,Y
ITE CPU Electricity Energy at Design Inlet Conditions,Energía Eléctrica de la CPU del ITE en Condiciones de Diseño de Entrada,ITE: Energía Eléctrica de CPU en Condiciones de Entrada de Diseño,Énergie électrique CPU ITE aux conditions d&apos;entrée de conception,ITE: Énergie électrique du processeur aux conditions d'entrée de conception,Y,Y
ITE CPU Electricity Rate,Tasa de Electricidad de la CPU del ITE,ITE: Potencia Eléctrica de CPU,Taux d&apos;électricité du processeur ITE,ITE: Débit électrique du processeur,Y,Y
ITE CPU Electricity Rate at Design Inlet Conditions,Tasa de Electricidad de la CPU del ITE en Condiciones de Diseño de Entrada,ITE: Tasa de Electricidad de CPU en Condiciones de Entrada de Diseño,Taux d&apos;électricité CPU ITE aux conditions d&apos;entrée de conception,ITE: Débit Électrique du Processeur aux Conditions d'Entrée de Conception,Y,Y
ITE Fan Electricity Energy,Energía Eléctrica del Ventilador del ITE,Equipos Informáticos: Energía Eléctrica del Ventilador,Énergie électrique du ventilateur ITE,ITE : Énergie Électrique du Ventilateur,Y,Y
ITE Fan Electricity Energy at Design Inlet Conditions,Energía Eléctrica del Ventilador del ITE en Condiciones de Diseño de Entrada,ITE: Energía Eléctrica del Ventilador en Condiciones de Entrada de Diseño,Énergie électrique du ventilateur IT à des conditions d&apos;entrée de conception,ITE: Énergie Électrique du Ventilateur aux Conditions d'Entrée de Conception,Y,Y
ITE Fan Electricity Rate,Tasa de Electricidad del Ventilador del ITE,ITE: Potencia Eléctrica del Ventilador,Taux d&apos;électricité du ventilateur ITE,ITE: Puissance électrique du ventilateur,Y,Y
ITE Fan Electricity Rate at Design Inlet Conditions,Tasa de Electricidad del Ventilador del ITE en Condiciones de Diseño de Entrada,ITE: Tasa de Electricidad del Ventilador en Condiciones de Entrada de Diseño,Taux d&apos;électricité du ventilateur ITE aux conditions d&apos;entrée en conception,ITE: Puissance Électrique du Ventilateur aux Conditions d'Entrée de Conception,Y,Y
ITE Standard Density Air Volume Flow Rate,Caudal Volumétrico de Aire a Densidad Estándar del ITE,ITE: Flujo Volumétrico de Aire a Densidad Estándar,Débit volumique d&apos;air à densité standard ITE,Équipement Informatique : Débit Volumique d'Air à Densité Standard,Y,Y
ITE Total Heat Gain to Zone Energy,Energía de Ganancia de Calor Total a la Zona del ITE,ITE: Energía Total de Ganancia de Calor a la Zona,ITE Total Heat Gain to Zone Energy,ITE: Énergie totale de gain thermique vers la zone,Y,Y
ITE Total Heat Gain to Zone Rate,Tasa de Ganancia de Calor Total a la Zona del ITE,ITE: Tasa de Ganancia Total de Calor hacia la Zona,Débit total de chaleur générée par l&apos;équipement informatique vers la zone,ITE: Taux de gain thermique total vers la zone,Y,Y
ITE UPS Electricity Energy,Energía Eléctrica del SAI del ITE,ITE: Energía Eléctrica UPS,Électricité UPS TI,ITE : Énergie Électrique UPS,Y,Y
ITE UPS Electricity Rate,Tasa de Electricidad del SAI del ITE,ITE: Tasa de Electricidad del UPS,Taux d&apos;électricité des UPS informatiques,ITE: Taux d'Électricité UPS,Y,Y
ITE UPS Heat Gain to Zone Energy,Energía de Ganancia de Calor del SAI a la Zona del ITE,ITE: Energía de Ganancia de Calor del UPS hacia la Zona,Gain de chaleur UPS ITE vers l&apos;énergie de la zone,ITE: Énergie du Gain de Chaleur de l'UPS à la Zone,Y,Y
ITE UPS Heat Gain to Zone Rate,Tasa de Ganancia de Calor del SAI a la Zona del ITE,ITE: Tasa de Ganancia de Calor de UPS hacia la Zona,ITE UPS Heat Gain to Zone Rate,ITE: Débit de transfert thermique du SAI vers la zone,Y,Y
Ice Thermal Storage Ancillary Electricity Energy,Energía Eléctrica Auxiliar del Almacenamiento Térmico de Hielo,Almacenamiento Térmico de Hielo: Energía Eléctrica Auxiliar,Énergie électrique auxiliaire du stockage thermique sur glace,Stockage Thermique Glace : Énergie Électrique Auxiliaire,Y,Y
Ice Thermal Storage Ancillary Electricity Rate,Tasa de Electricidad Auxiliar del Almacenamiento Térmico de Hielo,Almacenamiento Térmico de Hielo: Velocidad de Potencia Eléctrica Auxiliar,Taux d&apos;Électricité Auxiliaire de Stockage Thermique par Glace,Stockage Thermique de Glace : Puissance Électrique Auxiliaire,Y,Y
Ice Thermal Storage Blended Outlet Temperature,Temperatura de Salida Mezclada del Almacenamiento Térmico de Hielo,Almacenamiento Térmico de Hielo: Temperatura de Salida Mezclada,Température de sortie mélangée du stockage thermique par glace,Stockage Thermique par Glace: Température de Sortie Mélangée,Y,Y
Ice Thermal Storage Bypass Mass Flow Rate,Caudal Másico en Bypass del Almacenamiento Térmico de Hielo,Almacenamiento Térmico de Hielo: Tasa de Flujo Másico de Derivación,Débit massique de contournement du stockage thermique à glace,Stockage Thermique de Glace : Débit Massique de Contournement,Y,Y
Ice Thermal Storage Change Fraction,Fracción de Cambio del Almacenamiento Térmico de Hielo,Almacenamiento Térmico de Hielo: Cambio de Fracción,Fraction de Changement de Stockage Thermique en Glace,Stockage Thermique par Glace: Variation de Fraction,Y,Y
Ice Thermal Storage Cooling Charge Energy,Energía de Carga de Enfriamiento del Almacenamiento Térmico de Hielo,Almacenamiento Térmico de Hielo: Energía de Carga de Enfriamiento,Énergie de charge du stockage thermique de glace pour refroidissement,Stockage Thermique Glace: Énergie de Charge Refroidissement,Y,Y
Ice Thermal Storage Cooling Charge Rate,Tasa de Carga de Enfriamiento del Almacenamiento Térmico de Hielo,Almacenamiento Térmico de Hielo: Tasa de Carga Frigorífica,Taux de charge de refroidissement du stockage thermique par glace,Stockage Thermique par Glace: Taux de Charge Frigorifique,Y,Y
Ice Thermal Storage Cooling Discharge Energy,Energía de Descarga de Enfriamiento del Almacenamiento Térmico de Hielo,Almacenamiento Térmico de Hielo: Energía de Descarga de Enfriamiento,Énergie de décharge du refroidissement par stockage thermique de glace,Stockage Thermique par Glace : Énergie de Refroidissement Déchargée,Y,Y
Ice Thermal Storage Cooling Discharge Rate,Tasa de Descarga de Enfriamiento del Almacenamiento Térmico de Hielo,Almacenamiento Térmico de Hielo: Tasa de Descarga de Enfriamiento,Débit de décharge de refroidissement du stockage thermique par glace,Stockage Thermique sur Glace : Débit de Refroidissement à la Décharge,Y,Y
Ice Thermal Storage Cooling Rate,Tasa de Enfriamiento del Almacenamiento Térmico de Hielo,Almacenamiento Térmico de Hielo: Velocidad de Enfriamiento,Taux de refroidissement du stockage thermique par glace,Stockage Thermique par Glace : Débit de Refroidissement,Y,Y
Ice Thermal Storage End Fraction,Fracción Final del Almacenamiento Térmico de Hielo,Almacenamiento Térmico de Hielo: Fracción Final,Fraction de fin du stockage thermique par glace,Stockage Thermique par Glace: Fraction Finale,Y,Y
Ice Thermal Storage Fluid Inlet Temperature,Temperatura de Entrada del Fluido del Almacenamiento Térmico de Hielo,Almacenamiento Térmico de Hielo: Temperatura de Entrada del Fluido,Température d&apos;entrée du fluide de stockage thermique par glace,Stockage Thermique par Glace : Température d'Entrée du Fluide,Y,Y
Ice Thermal Storage Mass Flow Rate,Caudal Másico del Almacenamiento Térmico de Hielo,Almacenamiento Térmico de Hielo: Caudal Másico,Débit massique du stockage thermique à glaçons,Stockage Thermique par Glace : Débit Massique,Y,Y
Ice Thermal Storage On Coil Fraction,Fracción Sobre el Serpentín del Almacenamiento Térmico de Hielo,Almacenamiento Térmico de Hielo: Fracción en la Serpentín,Fraction de stockage thermique de glace sur serpentin,Stockage Thermique par Glace : Fraction sur la Serpentin,Y,Y
Ice Thermal Storage Tank Mass Flow Rate,Caudal Másico del Tanque del Almacenamiento Térmico de Hielo,Almacenamiento Térmico de Hielo: Caudal Másico del Tanque,Débit massique du réservoir de stockage thermique à glace,Stockage Thermique de Glace : Débit Massique du Réservoir,Y,Y
Ice Thermal Storage Tank Outlet Temperature,Temperatura de Salida del Tanque del Almacenamiento Térmico de Hielo,Almacenamiento Térmico de Hielo: Temperatura de Salida del Tanque,Température de sortie du réservoir de stockage thermique de glace,Stockage Thermique de Glace : Température de Sortie du Réservoir,Y,Y
Ideal Loads Economizer Active Time,Tiempo Activo del Economizador de Cargas,Cargas Ideales: Tiempo de Economizador Activo,Durée d&apos;activité de l&apos;économiseur des charges idéales,Charges Idéales: Temps d'Activité de l'Économiseur,Y,Y
Ideal Loads Heat Recovery Active Time,Tiempo Activo de Recuperación de Calor de Cargas,Cargas Ideales: Tiempo Activo de Recuperación de Calor,Temps actif de récupération de chaleur des charges idéales,Charges Idéales : Temps Actif de Récupération de Chaleur,Y,Y
Ideal Loads Heat Recovery Latent Cooling Energy,Energía de Enfriamiento Latente por Recuperación de Calor de Cargas,Cargas Ideales: Energía de Enfriamiento Latente por Recuperación de Calor,Énergie de refroidissement latent par récupération de chaleur - Charges idéales,Charges Idéales : Énergie de Refroidissement Latent de la Récupération de Chaleur,Y,Y
Ideal Loads Heat Recovery Latent Cooling Rate,Tasa de Enfriamiento Latente por Recuperación de Calor de Cargas,Carga Ideal: Velocidad de Enfriamiento Latente por Recuperación de Calor,Débit de refroidissement latent en récupération de chaleur - Charges idéales,Charges Idéales: Puissance de Refroidissement Latent de la Récupération de Chaleur,Y,Y
Ideal Loads Heat Recovery Latent Heating Energy,Energía de Calefacción Latente por Recuperación de Calor de Cargas,Cargas Ideales: Energía de Calentamiento Latente de Recuperación de Calor,Énergie de chauffage latent de la récupération de chaleur des charges idéales,Charges Idéales : Énergie de Chauffage Latent de la Récupération de Chaleur,Y,Y
Ideal Loads Heat Recovery Latent Heating Rate,Tasa de Calefacción Latente por Recuperación de Calor de Cargas,Cargas Ideales: Tasa de Calentamiento Latente en Recuperación de Calor,Débit de chauffage sensible en récupération thermique Ideal Loads,Charges Idéales : Débit de Chaleur Sensible de la Récupération de Chaleur,Y,Y
Ideal Loads Heat Recovery Sensible Cooling Energy,Energía de Enfriamiento Sensible por Recuperación de Calor de Cargas,Cargas Ideales: Energía de Enfriamiento Sensible de Recuperación de Calor,Énergie de Refroidissement Sensible de la Récupération de Chaleur des Charges Idéales,Charges Idéales: Énergie Sensible de Refroidissement par Récupération de Chaleur,Y,Y
Ideal Loads Heat Recovery Sensible Cooling Rate,Tasa de Enfriamiento Sensible por Recuperación de Calor de Cargas,Carga Ideal: Tasa de Enfriamiento Sensible de Recuperación de Calor,Débit de refroidissement sensible du système de récupération de chaleur idéal,Charges Idéales : Débit de Refroidissement Sensible de la Récupération de Chaleur,Y,Y
Ideal Loads Heat Recovery Sensible Heating Energy,Energía de Calefacción Sensible por Recuperación de Calor de Cargas,Cargas Ideales: Energía de Calentamiento Sensible de Recuperación de Calor,Énergie de Chauffage Sensible de la Récupération de Chaleur pour Charges Idéales,Charges Idéales : Énergie de Chauffage Sensible de la Récupération de Chaleur,Y,Y
Ideal Loads Heat Recovery Sensible Heating Rate,Tasa de Calefacción Sensible por Recuperación de Calor de Cargas,Cargas Ideales: Tasa de Calentamiento Sensible de Recuperación de Calor,Débit de récupération de chaleur sensible pour charges idéales de chauffage,Charges Idéales: Débit de Chauffage Sensible en Récupération de Chaleur,Y,Y
Ideal Loads Heat Recovery Total Cooling Energy,Energía Total de Enfriamiento por Recuperación de Calor de Cargas,Cargas Ideales: Energía Total de Enfriamiento por Recuperación de Calor,Énergie Totale de Refroidissement de la Récupération de Chaleur des Charges Idéales,Charges Idéales : Énergie de Refroidissement Totale de la Récupération de Chaleur,Y,Y
Ideal Loads Heat Recovery Total Cooling Rate,Tasa Total de Enfriamiento por Recuperación de Calor de Cargas,Cargas Ideales: Tasa Total de Enfriamiento de Recuperación de Calor,Idéal Loads Débit de Refroidissement Total avec Récupération de Chaleur,Charges Idéales: Débit de Refroidissement Total du Récupérateur de Chaleur,Y,Y
Ideal Loads Heat Recovery Total Heating Energy,Energía Total de Calefacción por Recuperación de Calor de Cargas,Cargas Ideales: Energía Total de Calentamiento en Recuperación de Calor,Énergie Totale de Chauffage de la Récupération de Chaleur des Charges Idéales,Zone Ideal Loads: Énergie Thermique Totale Récupérée,Y,Y
Ideal Loads Heat Recovery Total Heating Rate,Tasa Total de Calefacción por Recuperación de Calor de Cargas,Cargas Ideales: Tasa Total de Calentamiento de Recuperación de Calor,Débit de récupération de chaleur des charges idéales - Total chauffage,Charges Idéales : Taux de Chauffage Total de la Récupération de Chaleur,Y,Y
Ideal Loads Hybrid Ventilation Available Status,Estado Disponible de Ventilación Híbrida de Cargas,Cargas Ideales: Estado de Disponibilidad de Ventilación Híbrida,Statut de disponibilité de la ventilation hybride des charges idéales,Zone à Charge Idéale : État de Disponibilité de la Ventilation Hybride,Y,Y
Ideal Loads Outdoor Air Latent Cooling Energy,Energía de Enfriamiento Latente del Aire Exterior de Cargas,Cargas Ideales: Energía de Enfriamiento Latente del Aire Exterior,Énergie de refroidissement latent de l&apos;air extérieur des charges idéales,Charges Idéales : Énergie de Refroidissement Latent de l'Air Extérieur,Y,Y
Ideal Loads Outdoor Air Latent Cooling Rate,Tasa de Enfriamiento Latente del Aire Exterior de Cargas,Cargas Ideales: Velocidad de Enfriamiento Latente de Aire Exterior,Débit de refroidissement latent de l&apos;air extérieur pour Charges idéales,Charges Idéales : Débit de Refroidissement Latent de l'Air Extérieur,Y,Y
Ideal Loads Outdoor Air Latent Heating Energy,Energía de Calefacción Latente del Aire Exterior de Cargas,Cargas Ideales: Energía de Calentamiento Latente del Aire Exterior,Énergie de chauffage latent de l&apos;air extérieur des charges idéales,Zone à Charges Idéales : Énergie de Chauffage Latent de l'Air Extérieur,Y,Y
Ideal Loads Outdoor Air Latent Heating Rate,Tasa de Calefacción Latente del Aire Exterior de Cargas,Cargas Ideales: Velocidad de Calentamiento Latente del Aire Exterior,Débit de chauffage latent de l&apos;air extérieur des charges idéales,Zone Ideal Loads: Taux de Chauffage Latent de l'Air Extérieur,Y,Y
Ideal Loads Outdoor Air Mass Flow Rate,Caudal Másico de Aire Exterior de Cargas,Cargas Ideales: Caudal Másico de Aire Exterior,Débit massique d&apos;air extérieur pour charges idéales,Charges Idéales : Débit Massique d'Air Extérieur,Y,Y
Ideal Loads Outdoor Air Sensible Cooling Energy,Energía de Enfriamiento Sensible del Aire Exterior de Cargas,Cargas Ideales: Energía de Enfriamiento Sensible del Aire Exterior,Énergie de refroidissement sensible de l&apos;air extérieur des charges idéales,Charges Idéales: Énergie de Refroidissement Sensible de l'Air Extérieur,Y,Y
Ideal Loads Outdoor Air Sensible Cooling Rate,Tasa de Enfriamiento Sensible del Aire Exterior de Cargas,Cargas Ideales: Velocidad de Enfriamiento Sensible del Aire Exterior,Débit de refroidissement sensible de l&apos;air extérieur avec charges idéales,Charges Idéales : Débit de Refroidissement Sensible de l'Air Extérieur,Y,Y
Ideal Loads Outdoor Air Sensible Heating Energy,Energía de Calefacción Sensible del Aire Exterior de Cargas,Cargas Ideales: Energía de Calentamiento Sensible de Aire Exterior,Énergie de chauffage sensible de l&apos;air extérieur des charges idéales,Zone Idéale: Énergie de Chauffage Sensible de l'Air Extérieur,Y,Y
Ideal Loads Outdoor Air Sensible Heating Rate,Tasa de Calefacción Sensible del Aire Exterior de Cargas,Cargas Ideales: Tasa de Calentamiento Sensible de Aire Exterior,Idéal Loads - Taux de Chauffage Sensible de l&apos;Air Extérieur,Charges Idéales: Débit Calorifique Sensible de l'Air Extérieur,Y,Y
Ideal Loads Outdoor Air Standard Density Volume Flow Rate,Caudal Volumétrico a Densidad Estándar del Aire Exterior de Cargas,Sistema de Cargas Ideales: Flujo volumétrico de aire exterior a densidad estándar,Débit volumétrique de l&apos;air extérieur aux conditions normales - Charges Idéales,Charges Idéales: Débit Volumétrique Massique d'Air Extérieur,Y,Y
Ideal Loads Outdoor Air Total Cooling Energy,Energía Total de Enfriamiento del Aire Exterior de Cargas,Cargas Ideales: Energía Total de Enfriamiento de Aire Exterior,Énergie de refroidissement totale de l&apos;air extérieur des charges idéales,Charges Idéales : Énergie Totale de Refroidissement d'Air Extérieur,Y,Y
Ideal Loads Outdoor Air Total Cooling Rate,Tasa Total de Enfriamiento del Aire Exterior de Cargas,Cargas Ideales: Tasa de Enfriamiento Total del Aire Exterior,Débit de refroidissement total de l&apos;air extérieur - Charges idéales,Charges Idéales: Débit de Refroidissement Total Air Extérieur,Y,Y
Ideal Loads Outdoor Air Total Heating Energy,Energía Total de Calefacción del Aire Exterior de Cargas,Cargas Ideales: Energía Total de Calentamiento de Aire Exterior,Énergie de Chauffage Totale de l&apos;Air Extérieur des Charges Idéales,Charges Idéales: Énergie Totale de Chauffage de l'Air Extérieur,Y,Y
Ideal Loads Outdoor Air Total Heating Rate,Tasa Total de Calefacción del Aire Exterior de Cargas,Cargas Ideales: Tasa de Calefacción Total del Aire Exterior,Débit calorique total de l&apos;air extérieur avec charges idéales,Charges Idéales : Débit de Chaleur Total Air Extérieur,Y,Y
Ideal Loads Supply Air Latent Cooling Energy,Energía de Enfriamiento Latente del Aire de Suministro de Cargas,Cargas Ideales: Energía de Enfriamiento Latente del Aire de Suministro,Énergie de refroidissement latent de l&apos;air de soufflage des charges idéales,Charges Idéales : Énergie de Refroidissement Latent de l'Air de Soufflage,Y,Y
Ideal Loads Supply Air Latent Cooling Rate,Tasa de Enfriamiento Latente del Aire de Suministro de Cargas,Ideal Loads: Tasa de Enfriamiento Latente del Aire de Suministro,Débit de refroidissement latent de l&apos;air soufflé à charge idéale,Charges Idéales: Débit de Refroidissement Latent de l'Air Soufflé,Y,Y
Ideal Loads Supply Air Latent Heating Energy,Energía de Calefacción Latente del Aire de Suministro de Cargas,Cargas Ideales: Energía de Calentamiento Latente del Aire de Suministro,Énergie de chauffage latent de l&apos;air de soufflage des charges idéales,Zone Idéale: Énergie de Chauffage Latent de l'Air Soufflé,Y,Y
Ideal Loads Supply Air Latent Heating Rate,Tasa de Calefacción Latente del Aire de Suministro de Cargas,Cargas Ideales: Velocidad de Calentamiento Latente del Aire de Suministro,Débit de chaleur sensible de l&apos;air de soufflage des charges idéales,Charges Idéales : Débit de Chaleur Latente de l'Air Soufflé,Y,Y
Ideal Loads Supply Air Mass Flow Rate,Caudal Másico del Aire de Suministro de Cargas,Ideal Loads: Caudal Másico del Aire de Suministro,Débit massique d&apos;air soufflé Ideal Loads,Charges Idéales: Débit Massique de l'Air Soufflé,Y,Y
Ideal Loads Supply Air Sensible Cooling Energy,Energía de Enfriamiento Sensible del Aire de Suministro de Cargas,Cargas Ideales: Energía de Enfriamiento Sensible del Aire de Suministro,Énergie de refroidissement sensible de l&apos;air soufflé avec charges idéales,Zone Ideal Loads: Énergie de refroidissement sensible de l'air de soufflage,Y,Y
Ideal Loads Supply Air Sensible Cooling Rate,Tasa de Enfriamiento Sensible del Aire de Suministro de Cargas,Cargas Ideales: Velocidad de Enfriamiento Sensible del Aire de Suministro,Débit de refroidissement sensible de l&apos;air soufflé des charges idéales,Charges Idéales : Débit de Refroidissement Sensible de l'Air Soufflé,Y,Y
Ideal Loads Supply Air Sensible Heating Energy,Energía de Calefacción Sensible del Aire de Suministro de Cargas,Cargas Ideales: Energía de Calentamiento Sensible del Aire de Suministro,Énergie de Chauffage Sensible de l&apos;Air Soufflé par les Charges Idéales,Charges Idéales : Énergie de Chauffage Sensible de l'Air Soufflé,Y,Y
Ideal Loads Supply Air Sensible Heating Rate,Tasa de Calefacción Sensible del Aire de Suministro de Cargas,Cargas Ideales: Velocidad de Calentamiento Sensible del Aire de Suministro,Débit de chaleur sensible du courant de soufflage des charges idéales,Idéal Loads : Débit de Chaleur Sensible de l'Air Soufflé,Y,Y
Ideal Loads Supply Air Standard Density Volume Flow Rate,Caudal Volumétrico a Densidad Estándar del Aire de Suministro de Cargas,Cargas Ideales: Flujo Volumétrico de Aire de Suministro a Densidad Estándar,Débit volumique à densité standard de l&apos;air de soufflage des charges idéales,Ideal Loads: Débit volumique d'air soufflé à densité standard,Y,Y
Ideal Loads Supply Air Total Cooling Energy,Energía Total de Enfriamiento del Aire de Suministro de Cargas,Cargas Ideales: Energía Total de Enfriamiento del Aire de Suministro,Énergie totale de refroidissement de l&apos;air soufflé aux charges idéales,Charges Idéales: Énergie Totale de Refroidissement de l'Air Soufflé,Y,Y
Ideal Loads Supply Air Total Cooling Fuel Energy,Energía de Combustible Total de Enfriamiento del Aire de Suministro de Cargas,Cargas Ideales: Energía Combustible Total de Enfriamiento del Aire de Suministro,Énergie Thermique Totale de Refroidissement de l&apos;Air Soufflé des Charges Idéales,Charges idéales : Énergie de combustible de refroidissement total de l'air soufflé,Y,Y
Ideal Loads Supply Air Total Cooling Fuel Energy Rate,Tasa de Energía de Combustible Total de Enfriamiento del Aire de Suministro de Cargas,Cargas Ideales: Tasa de Energía de Combustible de Enfriamiento Total del Aire de Suministro,Débit d&apos;énergie thermique total du refroidissement de l&apos;air soufflé à charges idéales,Charges Idéales: Taux d'Énergie de Combustible de Refroidissement Total de l'Air Soufflé,Y,Y
Ideal Loads Supply Air Total Cooling Rate,Tasa Total de Enfriamiento del Aire de Suministro de Cargas,Cargas Ideales: Velocidad Total de Enfriamiento del Aire de Suministro,Débit de refroidissement total de l&apos;air soufflé des charges idéales,Charges Idéales: Débit de Refroidissement Total de l'Air Soufflé,Y,Y
Ideal Loads Supply Air Total Heating Energy,Energía Total de Calefacción del Aire de Suministro de Cargas,Cargas Ideales: Energía Total de Calefacción del Aire de Suministro,Énergie de Chauffage Totale de l&apos;Air Soufflé des Charges Idéales,Charges Idéales : Énergie Totale de Chauffage de l'Air Soufflé,Y,Y
Ideal Loads Supply Air Total Heating Fuel Energy,Energía de Combustible Total de Calefacción del Aire de Suministro de Cargas,Cargas Ideales: Energía de Combustible de Calentamiento del Aire de Suministro Total,Énergie thermique totale du combustible de l&apos;air soufflé de la charge idéale,Charges Idéales : Énergie Totale de Combustible de Chauffage de l'Air Soufflé,Y,Y
Ideal Loads Supply Air Total Heating Fuel Energy Rate,Tasa de Energía de Combustible Total de Calefacción del Aire de Suministro de Cargas,Cargas Ideales: Tasa de Energía de Combustible de Calentamiento del Aire de Suministro Total,Débit énergétique total de combustible de chauffage de l&apos;air soufflé des charges idéales,Charges Idéales: Débit d'Énergie Totale de Combustible de Chauffage de l'Air Soufflé,Y,Y
Ideal Loads Supply Air Total Heating Rate,Tasa Total de Calefacción del Aire de Suministro de Cargas,Cargas Ideales: Tasa de Calentamiento Total del Aire de Suministro,Taux de chauffage total de l&apos;air soufflé des charges idéales,Charges Idéales : Puissance Totale de Chauffage de l'Air Soufflé,Y,Y
Ideal Loads Zone Cooling Fuel Energy,Energía de Combustible de Enfriamiento de Zona,Cargas Ideales: Energía de Combustible de Enfriamiento de Zona,Énergie Carburant Refroidissement Zone Charges Idéales,Zone Ideal Loads : Énergie combustible refroidissement zone,Y,Y
Ideal Loads Zone Cooling Fuel Energy Rate,Tasa de Energía de Combustible de Enfriamiento de Zona,Cargas Ideales: Tasa de Energía de Combustible de Enfriamiento de Zona,Débit énergétique du carburant de refroidissement de zone avec charges idéales,Charge Idéale : Puissance Énergétique de Refroidissement de Zone,Y,Y
Ideal Loads Zone Heating Fuel Energy,Energía de Combustible de Calefacción de Zona,Cargas Ideales: Energía de Combustible para Calefacción de Zona,Énergie de Combustible de Chauffage de Zone à Charges Idéales,Charges Idéales : Énergie de Combustible de Chauffage de Zone,Y,Y
Ideal Loads Zone Heating Fuel Energy Rate,Tasa de Energía de Combustible de Calefacción de Zona,Cargas Ideales: Tasa de Energía de Combustible de Calefacción de Zona,Débit énergétique du carburant de chauffage de la zone à charges idéales,Charges Idéales : Débit Énergétique de Combustible de Chauffage de Zone,Y,Y
Ideal Loads Zone Latent Cooling Energy,Energía de Enfriamiento Latente de Zona,Cargas Ideales: Energía de Enfriamiento Latente de Zona,Énergie de refroidissement sensible idéale de zone,Zone Ideal Loads: Énergie de refroidissement latent,Y,Y
Ideal Loads Zone Latent Cooling Rate,Tasa de Enfriamiento Latente de Zona,Cargas Ideales: Velocidad de Enfriamiento Latente de Zona,Débit de refroidissement latent de la zone avec charges idéales,Charges Idéales: Puissance de Refroidissement Latent de la Zone,Y,Y
Ideal Loads Zone Latent Heating Energy,Energía de Calefacción Latente de Zona,Cargas Ideales: Energía de Calentamiento Latente en la Zona,Énergie de Chauffage Latent Zone Charges Idéales,Charges Idéales : Énergie de Chauffage Latent de Zone,Y,Y
Ideal Loads Zone Latent Heating Rate,Tasa de Calefacción Latente de Zona,Cargas Ideales: Tasa de Calentamiento Latente de Zona,Idéal Charges Taux de Chauffage Latent de Zone,Zone Ideal Loads: Débit de chauffage latent,Y,Y
Ideal Loads Zone Sensible Cooling Energy,Energía de Enfriamiento Sensible de Zona,Cargas Ideales: Energía de Enfriamiento Sensible de Zona,Énergie de refroidissement sensible de zone à charges idéales,Charges Idéales : Énergie de Refroidissement Sensible de Zone,Y,Y
Ideal Loads Zone Sensible Cooling Rate,Tasa de Enfriamiento Sensible de Zona,Cargas Ideales: Tasa de Enfriamiento Sensible de Zona,Débit de refroidissement sensible de zone à charges idéales,Zone Idéale: Débit de Refroidissement Sensible de Zone,Y,Y
Ideal Loads Zone Sensible Heating Energy,Energía de Calefacción Sensible de Zona,Cargas Ideales: Energía de Calefacción Sensible de Zona,Énergie de Chauffage Sensible de Zone à Charge Idéale,Charges Idéales : Énergie de Chauffage Sensible de la Zone,Y,Y
Ideal Loads Zone Sensible Heating Rate,Tasa de Calefacción Sensible de Zona,Cargas Ideales: Velocidad de Calefacción Sensible de la Zona,Débit de chaleur sensible de chauffage de la zone à charges idéales,Charges Idéales : Débit de Chaleur Sensible de Zone,Y,Y
Ideal Loads Zone Total Cooling Energy,Energía Total de Enfriamiento de Zona,Cargas Ideales: Energía Total de Enfriamiento de Zona,Énergie de refroidissement totale de la zone à charges idéales,Charges Idéales : Énergie Totale de Refroidissement de la Zone,Y,Y
Ideal Loads Zone Total Cooling Rate,Tasa Total de Enfriamiento de Zona,Cargas Ideales: Tasa Total de Enfriamiento de Zona,Débit de refroidissement total de la zone à charge idéale,Zone Ideal Loads : Débit de refroidissement total de la zone,Y,Y
Ideal Loads Zone Total Heating Energy,Energía Total de Calefacción de Zona,Cargas Ideales: Energía Total de Calefacción de Zona,Énergie Totale de Chauffage de la Zone à Charges Idéales,Charges Idéales : Énergie Totale de Chauffage de la Zone,Y,Y
Ideal Loads Zone Total Heating Rate,Tasa Total de Calefacción de Zona,Cargas Ideales: Tasa de Calefacción Total de la Zona,Débit calorifique total de chauffage de la zone à charges idéales,Système de Charge Idéale : Débit de Chaleur Total de Zone,Y,Y
Infiltration Current Density Air Change Rate,Tasa de Cambio de Aire a Densidad Actual por Infiltración,Infiltración: Tasa de Cambio de Aire Actual por Densidad,Taux de changement d&apos;air de la densité de courant d&apos;infiltration,Infiltration : Taux de renouvellement d'air actuel en densité,Y,Y
Infiltration Current Density Volume,Volumen a Densidad Actual por Infiltración,Infiltración: Volumen de Densidad Actual,Volume de densité de courant d&apos;infiltration,Infiltration: Débit volumique actuel,Y,Y
Infiltration Current Density Volume Flow Rate,Caudal Volumétrico a Densidad Actual por Infiltración,Infiltración: Tasa de Flujo Volumétrico de Densidad Actual,Débit volumique de densité de courant d&apos;infiltration,Infiltration: Débit volumique actuel,Y,Y
Infiltration Latent Heat Gain Energy,Energía de Ganancia de Calor Latente por Infiltración,Infiltración: Energía de Ganancia de Calor Latente,Énergie de Gain de Chaleur Latente par Infiltration,Infiltration : Énergie de Gain de Chaleur Latente,Y,Y
Infiltration Latent Heat Loss Energy,Energía de Pérdida de Calor Latente por Infiltración,Infiltración: Energía de Pérdida de Calor Latente,Énergie de Perte de Chaleur Latente par Infiltration,Infiltration: Énergie de Perte de Chaleur Latente,Y,Y
Infiltration Mass,Masa de Infiltración,Infiltración: Masa,Infiltration Massique,Infiltration: Masse,Y,Y
Infiltration Mass Flow Rate,Caudal Másico de Infiltración,Infiltración: Tasa de Flujo Másico,Débit massique d&apos;infiltration,Infiltration: Débit massique,Y,Y
Infiltration Outdoor Density Air Change Rate,Tasa de Cambio de Aire a Densidad Exterior por Infiltración,Infiltración: Tasa de Cambio de Aire por Densidad Exterior,Taux de changement d&apos;air de densité extérieure d&apos;infiltration,Infiltration : Débit de changement d'air de densité extérieure,Y,Y
Infiltration Outdoor Density Volume Flow Rate,Caudal Volumétrico a Densidad Exterior por Infiltración,Infiltración: Tasa de Flujo Volumétrico a Densidad Exterior,Débit volumique de l&apos;infiltration en fonction de la densité extérieure,Infiltration : Débit volumique extérieur densité,Y,Y
Infiltration Sensible Heat Gain Energy,Energía de Ganancia de Calor Sensible por Infiltración,Infiltración: Energía de Ganancia de Calor Sensible,Énergie de gain de chaleur sensible par infiltration,Infiltration : Énergie Sensible Gagnée par Infiltration,Y,Y
Infiltration Sensible Heat Loss Energy,Energía de Pérdida de Calor Sensible por Infiltración,Infiltración: Energía de Pérdida de Calor Sensible,Énergie de Perte de Chaleur Sensible par Infiltration,Infiltration : Énergie de Perte de Chaleur Sensible,Y,Y
Infiltration Standard Density Air Change Rate,Tasa de Cambio de Aire a Densidad Estándar por Infiltración,Infiltración: Tasa de Cambio de Aire de Densidad Estándar,Taux de Renouvellement d&apos;Air à Densité Standard d&apos;Infiltration,Infiltration : Taux de renouvellement d'air à densité standard,Y,Y
Infiltration Standard Density Volume,Volumen a Densidad Estándar por Infiltración,Infiltración: Volumen a Densidad Estándar,Volume de Densité Standard d&apos;Infiltration,Infiltration: Volume à densité standard,Y,Y
Infiltration Standard Density Volume Flow Rate,Caudal Volumétrico a Densidad Estándar por Infiltración,Infiltración: Velocidad de Flujo de Volumen a Densidad Estándar,Débit volumique de la densité standard d&apos;infiltration,Infiltration : Débit volumique à densité standard,Y,Y
Infiltration Total Heat Gain Energy,Energía de Ganancia de Calor Total por Infiltración,Infiltración: Energía Total de Ganancia de Calor,Énergie de Gain de Chaleur Total par Infiltration,Infiltration: Énergie totale de gain thermique,Y,Y
Infiltration Total Heat Loss Energy,Energía de Pérdida de Calor Total por Infiltración,Infiltración: Energía de Pérdida de Calor Total,Énergie de Perte Thermique Totale par Infiltration,Infiltration : Énergie totale de perte de chaleur,Y,Y
Interior Windows Total Transmitted Beam Solar Radiation Energy,Energía de Radiación Solar de Haz Transmitida Total por Ventanas Interiores,Ventanas Interiores: Energía Total de Radiación Solar Directa Transmitida,Énergie solaire rayonnée directe totale transmise par les fenêtres intérieures,Fenêtres Intérieures: Énergie Totale du Rayonnement Solaire Direct Transmis,Y,Y
Interior Windows Total Transmitted Beam Solar Radiation Rate,Tasa de Radiación Solar de Haz Transmitida Total por Ventanas Interiores,Ventanas Interiores: Tasa de Radiación Solar Directa Transmitida Total,Débit de rayonnement solaire direct transmis total par les fenêtres intérieures,Fenêtres Intérieures : Débit de Rayonnement Solaire Diffus Transmis Total,Y,Y
Interior Windows Total Transmitted Diffuse Solar Radiation Energy,Energía de Radiación Solar Difusa Transmitida Total por Ventanas Interiores,Ventanas Interiores: Energía Total de Radiación Solar Difusa Transmitida,Énergie du rayonnement solaire diffus transmis total par les fenêtres intérieures,Fenêtres intérieures : Énergie totale du rayonnement solaire diffus transmis,Y,Y
Interior Windows Total Transmitted Diffuse Solar Radiation Rate,Tasa de Radiación Solar Difusa Transmitida Total por Ventanas Interiores,Ventanas Interiores: Tasa de Radiación Solar Difusa Transmitida Total,Débit de rayonnement solaire diffus transmis total par les fenêtres intérieures,Fenêtres Intérieures : Débit de Rayonnement Solaire Diffus Transmis Total,Y,Y
Lights Convective Heating Energy,Energía de Calefacción Convectiva de las Luminarias,Iluminación: Energía de Calentamiento Convectivo,Énergie de chauffage convectif due à l&apos;éclairage,Éclairage : Énergie de chauffage convective,Y,Y
Lights Convective Heating Rate,Tasa de Calefacción Convectiva de las Luminarias,Luces: Tasa de Calentamiento Convectivo,Taux de chauffage par convection des luminaires,Éclairage : Taux de Chauffage Convectif,Y,Y
Lights Electricity Energy,Energía Eléctrica de las Luminarias,Iluminación: Energía Eléctrica,Énergie Électrique des Éclairages,Éclairage : Énergie électrique,Y,Y
Lights Electricity Rate,Tasa de Electricidad de las Luminarias,Iluminación: Potencia Eléctrica,Tarif d&apos;électricité pour l&apos;éclairage,Éclairage: Puissance Électrique,Y,Y
Lights Radiant Heat Gain,Ganancia de Calor Radiante de Iluminación,Iluminación: Ganancia de Calor Radiante,Gain de Chaleur Rayonnant des Luminaires,Éclairage: Gain de Chaleur Radiative,Y,Y
Lights Radiant Heating Energy,Energía de Calefacción Radiante de las Luminarias,Iluminación: Energía de Calentamiento Radiante,Énergie de chauffage radiant des luminaires,Éclairage: Énergie de Chauffage par Rayonnement,Y,Y
Lights Radiant Heating Rate,Tasa de Calefacción Radiante de las Luminarias,Luces: Tasa de Calentamiento Radiante,Taux de rayonnement thermique des luminaires,Éclairage : Débit de chauffage par rayonnement,Y,Y
Lights Return Air Heating Energy,Energía de Calefacción del Aire de Retorno de las Luminarias,Iluminación: Energía de Calentamiento del Aire de Retorno,Énergie de chauffage de l&apos;air de retour des luminaires,Éclairages : Énergie de Chauffage de l'Air de Reprise,Y,Y
Lights Return Air Heating Rate,Tasa de Calefacción del Aire de Retorno de las Luminarias,Iluminación: Velocidad de Calentamiento de Aire de Retorno,Débit de chauffage de l&apos;air de retour par l&apos;éclairage,Éclairages: Débit thermique retourné à l'air,Y,Y
Lights Total Heating Energy,Energía de Calefacción Total de las Luminarias,Luces: Energía Total de Calentamiento,Énergie de chauffage totale des luminaires,Éclairage : Énergie de chauffage totale,Y,Y
Lights Total Heating Rate,Tasa de Calefacción Total de las Luminarias,Luces: Tasa de Calentamiento Total,Taux de Chauffage Total de l&apos;Éclairage,Éclairage: Flux de chaleur total,Y,Y
Lights Visible Radiation Heating Energy,Energía de Calefacción por Radiación Visible de las Luminarias,Iluminación: Energía de Calentamiento por Radiación Visible,Énergie de chauffage par rayonnement visible des luminaires,Éclairage : Énergie de chauffage par rayonnement visible,Y,Y
Lights Visible Radiation Heating Rate,Tasa de Calefacción por Radiación Visible de las Luminarias,Luces: Tasa de Calentamiento por Radiación Visible,Taux de rayonnement visible des luminaires chauffant,Éclairage : Taux de chauffage par rayonnement visible,Y,Y
Mean Air Dewpoint Temperature,Temperatura de Punto de Rocío del Aire Medio,Media: Temperatura de Punto de Rocío del Aire,Température du Point de Rosée Moyen de l&apos;Air,Moyenne : Température de Point de Rosée de l'Air,Y,Y
Mean Air Temperature,Temperatura del Aire Medio,Promedio: Temperatura del Aire,Température Moyenne de l&apos;Air,Moyenne : Température de l'air,Y,Y
Mean Radiant Temperature,Temperatura Radiante Media,Media: Temperatura Radiante,Température Radiante Moyenne,Température radiante moyenne,Y,Y
Mechanical Ventilation Air Changes per Hour,Renovaciones de Aire por Hora de Ventilación Mecánica,Ventilación Mecánica: Cambios de Aire por Hora,Taux de renouvellement d&apos;air mécanique par heure,Ventilation Mécanique: Changements d'Air par Heure,Y,Y
Mechanical Ventilation Cooling Load Decrease Energy,Energía de Disminución de Carga de Enfriamiento por Ventilación Mecánica,Ventilación Mecánica: Energía de Disminución de Carga de Enfriamiento,Énergie de Réduction de la Charge de Refroidissement par Ventilation Mécanique,Ventilation Mécanique : Énergie de Réduction de la Charge de Refroidissement,Y,Y
Mechanical Ventilation Cooling Load Increase Energy,Energía de Aumento de Carga de Enfriamiento por Ventilación Mecánica,Ventilación Mecánica: Energía de Incremento de Carga de Enfriamiento,Énergie d&apos;Augmentation de la Charge de Refroidissement due à la Ventilation Mécanique,Ventilation Mécanique : Énergie d'Augmentation de la Charge de Refroidissement,Y,Y
Mechanical Ventilation Cooling Load Increase Energy Due to Overheating Energy,Energía de Aumento de Carga de Enfriamiento por Sobrecalentamiento en Ventilación Mecánica,Ventilación Mecánica: Energía de Aumento de Carga de Enfriamiento Debida a Energía de Sobrecalentamiento,Augmentation de la charge de refroidissement de la ventilation mécanique due à l&apos;énergie de surchauffe,Ventilation Mécanique: Énergie d'Augmentation de Charge de Refroidissement Due à l'Énergie de Surchauffe,Y,Y
Mechanical Ventilation Current Density Volume,Volumen a Densidad Actual de Ventilación Mecánica,Ventilación Mecánica: Densidad de Volumen Actual,Densité de Volume du Débit de Ventilation Mécanique,Ventilation Mécanique : Débit Volumique Actuel,Y,Y
Mechanical Ventilation Current Density Volume Flow Rate,Caudal Volumétrico a Densidad Actual de Ventilación Mecánica,Ventilación Mecánica: Tasa de Flujo Volumétrico de Densidad Actual,Débit volumique à densité de courant actuelle de la ventilation mécanique,Ventilation Mécanique : Débit Volumique Actuel de Densité,Y,Y
Mechanical Ventilation Heating Load Decrease Energy,Energía de Disminución de Carga de Calefacción por Ventilación Mecánica,Ventilación Mecánica: Energía de Disminución de Carga de Calefacción,Énergie de Réduction de Charge de Chauffage par Ventilation Mécanique,Ventilation Mécanique : Énergie de Réduction de la Charge de Chauffage,Y,Y
Mechanical Ventilation Heating Load Increase Energy,Energía de Aumento de Carga de Calefacción por Ventilación Mecánica,Ventilación Mecánica: Energía del Aumento de Carga de Calefacción,Énergie d&apos;Augmentation de la Charge de Chauffage de la Ventilation Mécanique,Ventilation Mécanique : Énergie d'Augmentation de la Charge de Chauffage,Y,Y
Mechanical Ventilation Heating Load Increase Energy Due to Overcooling Energy,Energía de Aumento de Carga de Calefacción por Sobreenfriamiento en Ventilación Mecánica,Ventilación Mecánica: Energía de Aumento de Carga de Calefacción por Enfriamiento Excesivo,Augmentation de la Charge de Chauffage de la Ventilation Mécanique due à l&apos;Énergie de Surrefroidissement,Ventilation Mécanique : Énergie d'Augmentation de la Charge de Chauffage Due à l'Énergie de Surrefroidissement,Y,Y
Mechanical Ventilation Mass,Masa de Ventilación Mecánica,Ventilación Mecánica: Caudal Másico,Masse de Ventilation Mécanique,Ventilation Mécanique: Débit Massique,Y,Y
Mechanical Ventilation Mass Flow Rate,Caudal Másico de Ventilación Mecánica,Ventilación Mecánica: Caudal Másico,Débit massique de ventilation mécanique,Ventilation Mécanique: Débit Massique,Y,Y
Mechanical Ventilation No Load Heat Addition Energy,Energía de Adición de Calor sin Carga de Ventilación Mecánica,Ventilación Mecánica: Energía de Adición de Calor sin Carga,Énergie d&apos;addition de chaleur sans charge de ventilation mécanique,Ventilation Mécanique : Énergie Ajoutée en Chaleur sans Charge,Y,Y
Mechanical Ventilation No Load Heat Removal Energy,Energía de Extracción de Calor sin Carga de Ventilación Mecánica,Ventilación Mecánica: Energía de Remoción de Calor sin Carga,Énergie de récupération thermique sans charge de la ventilation mécanique,Ventilation Mécanique : Énergie de Refroidissement Sans Charge,Y,Y
Mechanical Ventilation Standard Density Volume,Volumen a Densidad Estándar de Ventilación Mecánica,Ventilación Mecánica: Volumen a Densidad Estándar,Volume standard de ventilation mécanique à densité normale,Ventilation Mécanique : Volume à Densité Standard,Y,Y
Mechanical Ventilation Standard Density Volume Flow Rate,Caudal Volumétrico a Densidad Estándar de Ventilación Mecánica,Ventilación Mecánica: Tasa de Flujo Volumétrico a Densidad Estándar,Débit volumique à densité standard - Ventilation mécanique,Ventilation Mécanique : Débit Volumique à Densité Standard,Y,Y
Operative Temperature,Temperatura Operativa,Operativa: Temperatura,Température opérative,Température opérative : Température,Y,Y
Other Equipment Convective Heating Energy,Energía de Calefacción Convectiva de Otro Equipo,Otro Equipo: Energía de Calentamiento Convectivo,Énergie de chauffage par convection des équipements autres,Équipement supplémentaire : Énergie de chauffage convective,Y,Y
Other Equipment Convective Heating Rate,Tasa de Calefacción Convectiva de Otro Equipo,Equipo Adicional: Tasa de Calentamiento Convectivo,Taux de chauffage par convection des équipements divers,Autre Équipement : Débit de Chaleur Convectif,Y,Y
Other Equipment Latent Gain Energy,Energía de Ganancia Latente de Otro Equipo,Otro Equipo: Energía de Ganancia Latente,Énergie de gain latent d&apos;équipements divers,Équipement Divers: Énergie Sensible Latente,Y,Y
Other Equipment Latent Gain Rate,Tasa de Ganancia Latente de Otro Equipo,Equipo Misceláneo: Tasa de Ganancia Latente,Débit de gain latent des autres équipements,Autre Équipement: Taux de Gain Latent,Y,Y
Other Equipment Lost Heat Energy,Energía de Calor Perdido de Otro Equipo,Otro Equipo: Energía de Calor Perdido,Énergie thermique perdue par les autres équipements,Équipement Divers: Énergie Thermique Perdue,Y,Y
Other Equipment Lost Heat Rate,Tasa de Calor Perdido de Otro Equipo,Otro Equipo: Tasa de Calor Perdido,Taux de perte thermique des équipements divers,Équipement Divers: Débit de Chaleur Perdue,Y,Y
Other Equipment Radiant Heating Energy,Energía de Calefacción Radiante de Otro Equipo,Otro Equipo: Energía de Calefacción Radiante,Énergie de Chauffage Rayonnant des Équipements Divers,Équipement autre : Énergie de chauffage radiant,Y,Y
Other Equipment Radiant Heating Rate,Tasa de Calefacción Radiante de Otro Equipo,Equipo Adicional: Velocidad de Calentamiento Radiante,Taux de chauffage par rayonnement des autres équipements,Équipement Divers : Puissance de Chauffage Radiatif,Y,Y
Other Equipment Total Heating Energy,Energía de Calefacción Total de Otro Equipo,Otro Equipo: Energía Total de Calentamiento,Énergie de Chauffage Totale des Autres Équipements,Équipements Divers : Énergie de Chauffage Totale,Y,Y
Other Equipment Total Heating Rate,Tasa de Calefacción Total de Otro Equipo,Otro Equipo: Tasa Total de Calentamiento,Débit de chauffage total des autres équipements,Équipement Divers : Débit de Chauffage Total,Y,Y
Outdoor Air Drybulb Temperature,Temperatura de Bulbo Seco del Aire Exterior,Aire Exterior: Temperatura de Bulbo Seco,Température de bulbe sec de l&apos;air extérieur,Air Extérieur : Température Sèche,Y,Y
Outdoor Air Wetbulb Temperature,Temperatura de Bulbo Húmedo del Aire Exterior,Aire Exterior: Temperatura de Bulbo Húmedo,Température de bulbe humide de l&apos;air extérieur,Air Extérieur : Température de Bulbe Humide,Y,Y
Outdoor Air Wind Speed,Velocidad del Viento del Aire Exterior,Aire Exterior: Velocidad del Viento,Vitesse du vent de l&apos;air extérieur,Outdoor Air: Vitesse du vent,Y,Y
People Air Relative Humidity,Humedad Relativa del Aire de Personas,Personas: Humedad Relativa del Aire,Humidité Relative de l&apos;Air des Occupants,Personnes : Humidité relative de l'air,Y,Y
People Air Temperature,Temperatura del Aire de Personas,Personas: Temperatura del Aire,Température de l&apos;air pour les occupants,Occupants : Température de l'air,Y,Y
People Convective Heating Energy,Energía de Calefacción Convectiva por Personas,Personas: Energía de Calentamiento Convectivo,Énergie de chauffage par convection des occupants,Personnes: Énergie de Chauffage par Convection,Y,Y
People Convective Heating Rate,Tasa de Calefacción Convectiva por Personas,Personas: Tasa de Calentamiento Convectivo,Débit de chaleur convectif des occupants,Personnes : Puissance de chauffage par convection,Y,Y
People Latent Gain Energy,Energía de Ganancia Latente por Personas,Personas: Energía de Ganancia Latente,Énergie de Gain Latent des Occupants,Personnes : Énergie de Gain Latent,Y,Y
People Latent Gain Rate,Tasa de Ganancia Latente por Personas,Personas: Tasa de Ganancia Latente,Taux de gain latent des occupants,Occupants : Débit de gain latent,Y,Y
People Occupant Count,Conteo de Ocupantes por Personas,Personas: Número de Ocupantes,Nombre d&apos;occupants,Occupants : Nombre d'occupants,Y,Y
People Radiant Heating Energy,Energía de Calefacción Radiante por Personas,Personas: Energía de Calentamiento Radiante,Énergie de chauffage radiant des occupants,People: Énergie de chauffage par rayonnement,Y,Y
People Radiant Heating Rate,Tasa de Calefacción Radiante por Personas,Personas: Velocidad de Calentamiento Radiante,Taux de chauffage radiant des occupants,Occupants : Débit de chauffage radiatif,Y,Y
People Sensible Heating Energy,Energía de Calefacción Sensible por Personas,Personas: Energía Sensible de Calentamiento,Énergie de Chauffage Sensible des Occupants,Occupants: Énergie thermique sensible produite,Y,Y
People Sensible Heating Rate,Tasa de Calefacción Sensible por Personas,Personas: Tasa de Calentamiento Sensible,Taux de chauffage sensible des occupants,Personnes: Débit de chaleur sensible,Y,Y
People Total Heating Energy,Energía de Calefacción Total por Personas,Personas: Energía Total de Calor Generado,Énergie de chauffage totale des occupants,Personnes: Énergie de Chauffage Totale,Y,Y
People Total Heating Rate,Tasa de Calefacción Total por Personas,Personas: Tasa Total de Calefacción,Débit de chaleur sensible total des occupants,Occupants : Puissance de chauffage totale,Y,Y
Performance Curve Input Variable 1 Value,Valor de la Variable de Entrada 1 de la Curva de Rendimiento,Curva de Desempeño: Valor de Variable de Entrada 1,Valeur de la variable d&apos;entrée 1 de la courbe de performance,Courbe de Performance : Valeur de la Variable d'Entrée 1,Y,Y
Performance Curve Input Variable 2 Value,Valor de la Variable de Entrada 2 de la Curva de Rendimiento,Curva de Desempeño: Valor de Variable de Entrada 2,Valeur de la variable d&apos;entrée 2 de la courbe de performance,Courbe de Performance : Valeur de la Variable d'Entrée 2,Y,Y
Performance Curve Output Value,Valor de Salida de la Curva de Rendimiento,Curva de Desempeño: Valor de Salida,Valeur de sortie de la courbe de performance,Courbe de Performance : Valeur de Sortie,Y,Y
Plant Common Pipe Flow Direction Status,Estado de Dirección de Flujo de la Tubería Común de Planta,Planta: Estado de Dirección de Flujo en Tubería Común,État de la direction du débit du tuyau commun de la boucle,Boucle de Circulation : État de la Direction d'Écoulement dans la Conduite Commune,Y,Y
Plant Common Pipe Mass Flow Rate,Caudal Másico de la Tubería Común de Planta,Planta: Tasa de Flujo Másico en Tubería Común,Débit massique du tuyau commun de la boucle,Boucle Hydronique : Débit Massique dans la Conduite Commune,Y,Y
Plant Common Pipe Primary Mass Flow Rate,Caudal Másico Primario de la Tubería Común de Planta,Planta: Caudal Másico Primario en Tubería Común,Débit massique du tronçon principal commun de la centrale,Boucle Primaire : Débit Massique de la Conduite Commune,Y,Y
Plant Common Pipe Primary to Secondary Mass Flow Rate,Caudal Másico Primario a Secundario de la Tubería Común de Planta,Sistema Hidráulico: Flujo Másico Primario a Secundario en Tubería Común,Débit massique du tuyau commun principal primaire vers secondaire de l&apos;installation,Boucle Hydronique: Débit Massique Conduit Commun Côté Primaire vers Côté Secondaire,Y,Y
Plant Common Pipe Secondary Mass Flow Rate,Caudal Másico Secundario de la Tubería Común de Planta,Planta: Tasa de Flujo de Masa del Tubo Común Secundario,Débit massique secondaire du tube commun de la centrale thermique,Boucle hydroponique: Débit massique secondaire du conduit commun,Y,Y
Plant Common Pipe Secondary to Primary Mass Flow Rate,Caudal Másico Secundario a Primario de la Tubería Común de Planta,Planta: Tasa de Flujo Másico de Tubería Común de Lado Secundario a Lado Primario,Débit massique secondaire vers primaire du tube commun de la centrale,Réseau: Débit massique tuyauterie commune secondaire vers primaire,Y,Y
Plant Common Pipe Temperature,Temperatura de la Tubería Común de Planta,Planta: Temperatura de Tubería Común,Température de Tuyau Commun de la Centrale Thermique,Boucle de conditionnement : Température de la conduite commune,Y,Y
Plant Demand Side Loop Pressure Difference,Diferencia de Presión del Circuito en el Lado de Demanda de Planta,Circuito Hidráulico: Diferencia de Presión del Lado de Demanda del Circuito,Différence de Pression Côté Demande de la Boucle de Fluide,Boucle de Fluide : Différence de Pression Côté Charge,Y,Y
Plant Load Profile Cooling Energy,Energía de Enfriamiento del Perfil de Carga de Planta,Circuito Hidráulico: Energía de Perfil de Carga de Enfriamiento,Énergie de refroidissement du profil de charge de la centrale,Plant: Énergie de Refroidissement du Profil de Charge,Y,Y
Plant Load Profile Heat Transfer Energy,Energía de Transferencia de Calor del Perfil de Carga de Planta,Planta: Energía de Transferencia de Calor del Perfil de Carga,Énergie de transfert thermique du profil de charge de la centrale,Boucle de refroidissement : Énergie de transfert thermique du profil de charge,Y,Y
Plant Load Profile Heat Transfer Rate,Tasa de Transferencia de Calor del Perfil de Carga de Planta,Circuito Hidráulico: Tasa de Transferencia de Calor del Perfil de Carga,Débit de transfert thermique du profil de charge de la centrale,Boucle Hydrique: Débit de Transfert de Chaleur du Profil de Charge,Y,Y
Plant Load Profile Heating Energy,Energía de Calefacción del Perfil de Carga de Planta,Planta: Energía de Perfil de Carga de Calefacción,Profil de charge du système Énergie de chauffage,Boucle thermodynamique : Énergie de profil de charge chauffage,Y,Y
Plant Load Profile Mass Flow Rate,Caudal Másico del Perfil de Carga de Planta,Planta: Velocidad de Flujo Másico del Perfil de Carga,Débit massique du profil de charge de la centrale,Boucle de Circulation : Débit Massique du Profil de Charge,Y,Y
Plant Loop Pressure Difference,Diferencia de Presión del Circuito de Planta,Planta: Diferencia de Presión en el Circuito,Différence de pression de la boucle de distribution,Boucle de fluide: Différence de pression,Y,Y
Plant Solver Half Loop Calls Count,Conteo de Llamadas de Medio Circuito del Solucionador de Planta,Planta: Conteo de Llamadas al Solucionador de Medio Circuito,Nombre d&apos;appels de demi-boucle du solveur de circuit,Boucle de circuit : Nombre d'appels du solveur demi-boucle,Y,Y
Plant Solver Sub Iteration Count,Conteo de Sub-iteraciones del Solucionador de Planta,Planta: Contador de Subiteraciones del Solucionador,Nombre d&apos;itérations secondaires du solveur de circuit,Boucle de fluide : Nombre d'itérations du solveur,Y,Y
Plant Supply Side Cooling Demand Rate,Tasa de Demanda de Enfriamiento del Lado de Suministro de Planta,Planta: Tasa de Demanda de Enfriamiento del Lado de Suministro,Débit de demande de refroidissement du côté alimentation de la centrale thermique,Boucle de refroidissement: Débit de demande de refroidissement côté source,Y,Y
Plant Supply Side Heating Demand Rate,Tasa de Demanda de Calefacción del Lado de Suministro de Planta,Circuito Hidronico: Tasa de Demanda de Calefacción del Lado de Suministro,Débit de demande de chauffage du côté alimentation de la centrale thermique,Boucle Hydronique : Débit de Demande de Chauffage Côté Source,Y,Y
Plant Supply Side Inlet Mass Flow Rate,Caudal Másico de Entrada del Lado de Suministro de Planta,Circuito de Agua: Flujo Másico de Entrada en el Lado de Suministro,Débit massique à l&apos;entrée du côté alimentation de la centrale,Boucle de Circulation : Débit Massique à l'Entrée du Côté Alimentation,Y,Y
Plant Supply Side Inlet Temperature,Temperatura de Entrada del Lado de Suministro de Planta,Planta: Temperatura en la Entrada del Lado de Suministro,Température d&apos;entrée du côté alimentation de la centrale thermique,Boucle de Circulation : Température à l'Entrée du Côté Alimentation,Y,Y
Plant Supply Side Loop Pressure Difference,Diferencia de Presión del Circuito en el Lado de Suministro de Planta,Plant Loop: Diferencia de Presión del Lado de Suministro,Différence de Pression du Côté Alimentation de la Boucle de Fluide Thermique,Plant: Différence de pression côté alimentation de la boucle,Y,Y
Plant Supply Side Not Distributed Demand Rate,Tasa de Demanda No Distribuida del Lado de Suministro de Planta,Plant: Tasa de Demanda No Distribuida del Lado de Suministro,Plant Supply Side Not Distributed Demand Rate,Boucle de Chauffage-Refroidissement : Débit de Demande Non Distribuée Côté Alimentation,Y,Y
Plant Supply Side Outlet Temperature,Temperatura de Salida del Lado de Suministro de Planta,Bucle Hidráulico: Temperatura de Salida del Lado de Suministro,Température de sortie du côté alimentation de la centrale thermique,Boucle de Circulation : Température de Sortie Côté Alimentation,Y,Y
Plant Supply Side Unmet Demand Rate,Tasa de Demanda No Satisfecha del Lado de Suministro de Planta,Planta: Tasa de Demanda No Satisfecha del Lado de Suministro,Taux de demande non satisfaite du côté alimentation de la centrale,Plant: Demande non satisfaite au côté source,Y,Y
Plant System Cycle On Off Status,Estado de Ciclo Encendido/Apagado del Sistema de Planta,Planta: Estado de Ciclo Encendido Apagado,Statut Marche/Arrêt du Cycle du Système de Boucle,Boucle de Circuit : État Marche Arrêt du Cycle Système,Y,Y
Predicted Moisture Load Moisture Transfer Rate,Tasa de Transferencia de Humedad de Carga de Humedad Prevista,Predicho: Carga de Humedad Tasa de Transferencia de Humedad,Taux de transfert d&apos;humidité de la charge d&apos;humidité prédite,Prédite : Débit de transfert d'humidité de la charge de masse d'eau,Y,Y
Predicted Moisture Load to Dehumidifying Setpoint Moisture Transfer Rate,Tasa de Transferencia de Humedad de Carga de Humedad Prevista al Punto de Ajuste de Deshumidificación,Predicho: Tasa de Transferencia de Humedad de la Carga de Humedad hasta el Punto de Consigna de Deshumidificación,Charge d&apos;humidité prédite vers le débit de transfert d&apos;humidité du point de consigne de déshumidification,Zone Ideal Loads: Taux de Transfert d'Humidité vers le Point de Consigne de Déshumidification Prédite,Y,Y
Predicted Moisture Load to Humidifying Setpoint Moisture Transfer Rate,Tasa de Transferencia de Humedad de Carga de Humedad Prevista al Punto de Ajuste de Humidificación,Predicho: Tasa de Transferencia de Humedad de la Carga de Humedad al Setpoint de Humidificación,Taux de transfert d&apos;humidité de la charge d&apos;humidité prédite vers le point de consigne d&apos;humidification,Charge d'humidité prédite : Débit de transfert d'humidité vers le point de consigne d'humidification,Y,Y
Predicted Sensible Load to Cooling Setpoint Heat Transfer Rate,Tasa de Transferencia de Calor de Carga Sensible Prevista al Punto de Ajuste de Enfriamiento,Predicho: Tasa de Transferencia de Calor de Carga Sensible hacia Punto de Consigna de Enfriamiento,Débit de transfert thermique de la charge sensible prédite vers le point de consigne de refroidissement,Prédite : Débit de transfert thermique de charge sensible vers la consigne de refroidissement,Y,Y
Predicted Sensible Load to Heating Setpoint Heat Transfer Rate,Tasa de Transferencia de Calor de Carga Sensible Prevista al Punto de Ajuste de Calefacción,Predicted: Tasa de Transferencia de Calor de Carga Sensible hacia Punto de Consigna de Calefacción,Débit de transfert thermique de la charge sensible prédite vers le point de consigne de chauffage,Predicted: Débit de transfert thermique de la charge sensible vers le point de consigne de chauffage,Y,Y
Predicted Sensible Load to Setpoint Heat Transfer Rate,Tasa de Transferencia de Calor de Carga Sensible Prevista al Punto de Ajuste,Predicted: Tasa de Transferencia de Calor Sensible hacia Setpoint,Taux de transfert thermique de la charge sensible prédite vers le point de consigne,Prédite : Débit de transfert de chaleur vers la température de consigne de la charge sensible,Y,Y
Primary Side Common Pipe Flow Direction,Dirección de Flujo de la Tubería Común del Lado Primario,Primario: Dirección de Flujo en la Tubería Común del Lado,Sens d&apos;écoulement du tuyau commun côté primaire,Primaire : Direction du débit dans le tube commun du côté,Y,Y
Pump Electricity Energy,Energía Eléctrica de la Bomba,Bomba: Energía Eléctrica,Énergie électrique de la pompe,Pompe : Énergie Électrique,Y,Y
Pump Electricity Rate,Tasa de Electricidad de la Bomba,Bomba: Potencia Eléctrica,Taux d&apos;électricité de la pompe,Pompe : Puissance électrique,Y,Y
Pump Fluid Heat Gain Energy,Energía de Ganancia de Calor del Fluido de la Bomba,Bomba: Energía de Ganancia de Calor del Fluido,Énergie de gain de chaleur du fluide de pompe,Pompe : Énergie de gain thermique du fluide,Y,Y
Pump Fluid Heat Gain Rate,Tasa de Ganancia de Calor del Fluido de la Bomba,Bomba: Tasa de Ganancia de Calor del Fluido,Débit de gain thermique de la pompe,Pompe : Débit thermique ajouté au fluide,Y,Y
Pump Mass Flow Rate,Caudal Másico de la Bomba,Bomba: Caudal Másico,Débit massique de la pompe,Pompe : Débit massique,Y,Y
Pump Operating Pumps Count,Conteo de Bombas en Operación,Bomba: Cantidad de Bombas en Operación,Nombre de pompes en fonctionnement,Pompe : Nombre de Pompes en Fonctionnement,Y,Y
Pump Outlet Temperature,Temperatura de Salida de la Bomba,Bomba: Temperatura de Salida,Température de sortie de la pompe,Pompe: Température en sortie,Y,Y
Pump Shaft Power,Potencia del Eje de la Bomba,Bomba: Potencia en el Eje,Puissance de l&apos;arbre de la pompe,Pompe: Puissance d'arbre,Y,Y
Pump Zone Convective Heating Rate,Tasa de Calefacción Convectiva de la Zona por la Bomba,Bomba Zona: Tasa de Calentamiento Convectivo,Débit de chauffage par convection de la zone de pompe,Pompe Zone : Débit de Chauffage Convectif,Y,Y
Pump Zone Radiative Heating Rate,Tasa de Calefacción Radiativa de la Zona por la Bomba,Bomba Zona: Tasa de Calentamiento Radiativo,Débit de chaleur radiative de la zone de pompe,Pompe Zone : Débit de chauffage par rayonnement,Y,Y
Pump Zone Total Heating Energy,Energía de Calefacción Total de la Zona por la Bomba,Bomba Zona: Energía Total de Calefacción,Énergie totale de chauffage de la zone de pompe,Pompe Zone : Énergie de Chauffage Totale,Y,Y
Pump Zone Total Heating Rate,Tasa de Calefacción Total de la Zona por la Bomba,Bomba de Zona: Tasa de Calentamiento Total,Débit thermique total de la zone de la pompe,Pompe Zone: Débit Calorifique Total,Y,Y
Radiant HVAC Electricity Energy,Energía Eléctrica del HVAC Radiante,Radiant HVAC: Energía Eléctrica,Énergie Électrique HVAC Rayonnant,Rayonnement HVAC : Énergie électrique,Y,Y
Radiant HVAC Electricity Rate,Tasa de Electricidad del HVAC Radiante,Radiant HVAC: Tasa de Electricidad,Taux d&apos;électricité HVAC radiant,Rayonnement HVAC : Débit d'électricité,Y,Y
Radiant HVAC Heating Energy,Energía de Calefacción del HVAC Radiante,Radiant HVAC: Energía de Calefacción,Énergie de chauffage HVAC radiant,Radiant HVAC : Énergie de chauffage,Y,Y
Radiant HVAC Heating Rate,Tasa de Calefacción del HVAC Radiante,Radiante HVAC: Velocidad de Calentamiento,Débit de chauffage HVAC radiant,Radiateur HVAC: Débit de puissance de chauffage,Y,Y
Radiant HVAC NaturalGas Energy,Energía de Gas Natural del HVAC Radiante,Radiante HVAC: Energía de Gas Natural,Énergie Gaz Naturel HVAC Radiant,Rayonnement HVAC : Énergie Gaz Naturel,Y,Y
Radiant HVAC NaturalGas Rate,Tasa de Gas Natural del HVAC Radiante,Radiant HVAC: Tasa de Gas Natural,Taux Gaz Naturel HVAC Radiant,Radiant HVAC : Débit de gaz naturel,Y,Y
Refrigeration Air Chiller System Average Compressor COP,COP Promedio del Compresor del Sistema Enfriador de Aire por Refrigeración,Sistema Enfriador de Aire de Refrigeración: COP Promedio del Compresor,Système de refroidisseur d&apos;air frigorifique - COP moyen du compresseur,Système de Refroidisseur d'Air Frigorifique : COP Moyen du Compresseur,Y,Y
Refrigeration Air Chiller System Condensing Temperature,Temperatura de Condensación del Sistema Enfriador de Aire por Refrigeración,Sistema de Enfriador de Aire de Refrigeración: Temperatura de Condensación,Température de condensation du système de refroidisseur d&apos;air de réfrigération,Système de Refroidisseur d'Air Réfrigérant: Température de Condensation,Y,Y
Refrigeration Air Chiller System Estimated High Stage Refrigerant Mass Flow Rate,Caudal Másico Estimado de Refrigerante de Alta Etapa del Sistema Enfriador de Aire por Refrigeración,Sistema Enfriador de Aire por Refrigeración: Tasa de Flujo Másico de Refrigerante de la Etapa Alta Estimada,Système de refroidisseur d&apos;air réfrigéré - Débit massique de fluide frigorigène estimé du premier étage,Système de Refroidisseur d'Air Frigorifique : Débit Massique Réfrigérant Étage Haute Estimé,Y,Y
Refrigeration Air Chiller System Estimated Low Stage Refrigerant Mass Flow Rate,Caudal Másico Estimado de Refrigerante de Baja Etapa del Sistema Enfriador de Aire por Refrigeración,Sistema Enfriador de Aire de Refrigeración: Caudal Másico de Refrigerante en Compresor de Baja Etapa Estimado,Débit massique de réfrigérant estimé au stade bas du système de refroidisseur d&apos;air à réfrigération,Système de Refroidisseur d'Air de Réfrigération: Débit Massique de Réfrigérant à Bas Étage Estimé,Y,Y
Refrigeration Air Chiller System Estimated Refrigerant Inventory Mass,Masa Estimada de Inventario de Refrigerante del Sistema Enfriador de Aire por Refrigeración,Sistema de Enfriador de Aire de Refrigeración: Masa Estimada del Inventario de Refrigerante,Masse d&apos;inventaire de réfrigérant estimée du système de refroidisseur à air de réfrigération,Système de Refroidisseur d'Air Frigorifique : Masse du Fluide Frigorigène en Inventaire Estimée,Y,Y
Refrigeration Air Chiller System Estimated Refrigerant Mass Flow Rate,Caudal Másico Estimado de Refrigerante del Sistema Enfriador de Aire por Refrigeración,Sistema Refrigeración Enfriador de Aire: Flujo Másico de Refrigerante Estimado,Débit massique de réfrigérant estimé du système de refroidisseur d&apos;air de réfrigération,Système de Refroidisseur d'Air à Réfrigération : Débit Massique de Réfrigérant Estimé,Y,Y
Refrigeration Air Chiller System Evaporating Temperature,Temperatura de Evaporación del Sistema Enfriador de Aire por Refrigeración,Sistema Enfriador de Aire por Refrigeración: Temperatura de Evaporación Saturada,Température d&apos;évaporation du système de refroidisseur d&apos;air frigorifique,Système de Refroidisseur d'Air de Réfrigération: Température d'Évaporation Saturée,Y,Y
Refrigeration Air Chiller System Intercooler Pressure,Presión del Interenfriador del Sistema Enfriador de Aire por Refrigeración,Sistema de Enfriador de Aire de Refrigeración: Presión del Enfriador Intermedio,Pression du refroidisseur intermédiaire du système de refroidisseur à air frigorifique,Système de Refroidisseur d'Air de Réfrigération: Pression de l'Intercooler,Y,Y
Refrigeration Air Chiller System Intercooler Temperature,Temperatura del Interenfriador del Sistema Enfriador de Aire por Refrigeración,Sistema Refrigerado de Enfriador de Aire: Temperatura del Enfriador Intermedio,Température de l&apos;intercooler du système de refroidisseur d&apos;air frigorifique,Système de refroidisseur d'air de réfrigération : Température de l'Échangeur intermédiaire,Y,Y
Refrigeration Air Chiller System Liquid Suction Subcooler Heat Transfer Energy,Energía de Transferencia de Calor del Subenfriador de Succión Líquida del Sistema Enfriador de Aire por Refrigeración,Sistema de Enfriador de Aire de Refrigeración: Energía de Transferencia Térmica del Subenfriador de Líquido-Succión,Énergie de transfert thermique du refroidisseur d&apos;air du système de réfrigération avec sous-refroidisseur à liquide-aspiration,Système de Refroidisseur d'Air Frigorifique: Énergie du Transfert Thermique du Sous-Refroidisseur Liquide-Aspiration,Y,Y
Refrigeration Air Chiller System Liquid Suction Subcooler Heat Transfer Rate,Tasa de Transferencia de Calor del Subenfriador de Succión Líquida del Sistema Enfriador de Aire por Refrigeración,Sistema Enfriador de Aire de Refrigeración: Tasa de Transferencia de Calor del Subenfriador Líquido-Succión,Taux de transfert de chaleur du sous-refroidisseur à aspiration liquide du système de refroidisseur à air de réfrigération,Système de Refroidisseur d'Air de Réfrigération: Débit de Transfert de Chaleur du Sous-Refroidisseur Liquide-Aspiration,Y,Y
Refrigeration Air Chiller System Net Rejected Heat Transfer Energy,Energía de Transferencia de Calor Rechazado Neto del Sistema Enfriador de Aire por Refrigeración,Sistema de Enfriador de Aire por Refrigeración: Energía de Transferencia de Calor Rechazado Neto,Énergie de transfert de chaleur nette rejetée du système de refroidisseur d&apos;air de réfrigération,Système de Refroidisseur d'Air de Réfrigération: Énergie Nette de Transfert de Chaleur Rejetée,Y,Y
Refrigeration Air Chiller System Net Rejected Heat Transfer Rate,Tasa de Transferencia de Calor Rechazado Neto del Sistema Enfriador de Aire por Refrigeración,Sistema de Enfriador de Aire por Refrigeración: Tasa de Transferencia de Calor Rechazado Neto,Débit de transfert de chaleur rejeté net du système de refroidisseur d&apos;air de réfrigération,Système de Refroidisseur d'Air de Réfrigération : Débit de Transfert de Chaleur Rejetée Nette,Y,Y
Refrigeration Air Chiller System Suction Temperature,Temperatura de Succión del Sistema Enfriador de Aire por Refrigeración,Sistema de Enfriador de Aire por Refrigeración: Temperatura de Succión,Température d&apos;aspiration du système de refroidisseur d&apos;air de réfrigération,Système de Refroidisseur d'Air Frigorifique: Température d'Aspiration,Y,Y
Refrigeration Air Chiller System TXV Liquid Temperature,Temperatura del Líquido de la VTX del Sistema Enfriador de Aire por Refrigeración,Sistema de Enfriador de Aire para Refrigeración: Temperatura del Líquido en la VXE,Système de Refroidisseur d&apos;Air Réfrigéré - Température du Liquide TXV,Système de Refroidisseur d'Air par Réfrigération : Température de Liquide à la Détente,Y,Y
Refrigeration Air Chiller System Total Air Chiller Heat Transfer Rate,Tasa Total de Transferencia de Calor del Enfriador de Aire del Sistema Enfriador de Aire por Refrigeración,Sistema de Enfriador de Aire de Refrigeración: Tasa Total de Transferencia de Calor del Enfriador de Aire,Système Refroidisseur à Air Réfrigération Débit de Transfert de Chaleur Total du Refroidisseur à Air,Système de refroidisseur d'air de réfrigération : Débit de transfert de chaleur total du refroidisseur d'air,Y,Y
Refrigeration Air Chiller System Total Case and Walk In Heat Transfer Energy,Energía de Transferencia de Calor Total de Vitrinas y Cámaras del Sistema Enfriador de Aire por Refrigeración,Sistema Enfriador de Aire de Refrigeración: Energía Total de Transferencia de Calor de Cajas y Cámaras,Énergie de transfert thermique totale du système de refroidissement par air de réfrigération pour les vitrines et les chambres froides,Système de Refroidisseur d'Air de Réfrigération : Énergie Totale de Transfert de Chaleur des Meubles Réfrigérés et Chambres Froides,Y,Y
Refrigeration Air Chiller System Total Compressor Electricity Energy,Energía Eléctrica Total del Compresor del Sistema Enfriador de Aire por Refrigeración,Sistema de Enfriador de Aire por Refrigeración: Energía Total de Electricidad del Compresor,Énergie Électrique Totale du Compresseur du Système de Refroidisseur d&apos;Air de Réfrigération,Système de Refroidisseur d'Air de Réfrigération : Énergie Électrique Totale des Compresseurs,Y,Y
Refrigeration Air Chiller System Total Compressor Electricity Rate,Tasa de Electricidad Total del Compresor del Sistema Enfriador de Aire por Refrigeración,Sistema Refrigerador de Aire: Velocidad de Consumo Eléctrico Total del Compresor,Débit d&apos;électricité total du compresseur du système de refroidisseur d&apos;air frigorifique,Système Refroidisseur Air Frigorifique: Puissance Électrique Totale du Compresseur,Y,Y
Refrigeration Air Chiller System Total Compressor Heat Transfer Energy,Energía de Transferencia de Calor Total del Compresor del Sistema Enfriador de Aire por Refrigeración,Sistema de Enfriador de Aire de Refrigeración: Energía Total de Transferencia de Calor del Compresor,Énergie totale de transfert thermique du compresseur du système de refroidisseur d&apos;air de réfrigération,Système de Refroidisseur d'Air de Réfrigération : Énergie Totale de Transfert de Chaleur du Compresseur,Y,Y
Refrigeration Air Chiller System Total Compressor Heat Transfer Rate,Tasa de Transferencia de Calor Total del Compresor del Sistema Enfriador de Aire por Refrigeración,Sistema de Enfriador de Aire Refrigerado: Tasa Total de Transferencia de Calor del Compresor,Débit de transfert thermique total du compresseur du système de refroidissement par air de réfrigération,Système de Refroidisseur d'Air Frigorifique : Débit de Transfert de Chaleur Total du Compresseur,Y,Y
Refrigeration Air Chiller System Total High Stage Compressor Electricity Energy,Energía Eléctrica Total del Compresor de Alta Etapa del Sistema Enfriador de Aire por Refrigeración,Sistema Refrigerador de Aire de Refrigeración: Energía Eléctrica Total del Compresor de Etapa Alta,Énergie Électrique du Compresseur Haute Pression Totale du Système de Refroidisseur d&apos;Air de Réfrigération,Système de Refroidisseur d'Air Frigorifique: Énergie Électrique Totale du Compresseur d'Étage Supérieur,Y,Y
Refrigeration Air Chiller System Total High Stage Compressor Electricity Rate,Tasa de Electricidad Total del Compresor de Alta Etapa del Sistema Enfriador de Aire por Refrigeración,Sistema Enfriador de Aire de Refrigeración: Potencia Eléctrica Total del Compresor de Etapa Alta,Taux d&apos;électricité du compresseur haute pression total du système de refroidisseur à air de réfrigération,Système de Refroidisseur d'Air Frigorifique: Débit d'Électricité du Compresseur Haute Étage Total,Y,Y
Refrigeration Air Chiller System Total High Stage Compressor Heat Transfer Energy,Energía de Transferencia de Calor Total del Compresor de Alta Etapa del Sistema Enfriador de Aire por Refrigeración,Sistema Enfriador de Aire de Refrigeración: Energía Total de Transferencia de Calor del Compresor de Etapa Alta,Énergie de Transfert de Chaleur du Compresseur d&apos;Étage Élevé Total du Système de Refroidisseur d&apos;Air de Réfrigération,Système de refroidisseur d'air de réfrigération : Énergie totale de transfert de chaleur du compresseur d'étage supérieur,Y,Y
Refrigeration Air Chiller System Total High Stage Compressor Heat Transfer Rate,Tasa de Transferencia de Calor Total del Compresor de Alta Etapa del Sistema Enfriador de Aire por Refrigeración,Refrigeration Air Chiller System: Tasa Total de Transferencia de Calor del Compresor de Etapa Alta,Débit de transfert de chaleur du compresseur d&apos;étage élevé total du système de refroidisseur d&apos;air de réfrigération,Système de Refroidisseur d'Air pour Réfrigération : Débit de Transfert Thermique Total du Compresseur d'Étage Élevé,Y,Y
Refrigeration Air Chiller System Total Low Stage Compressor Electricity Energy,Energía Eléctrica Total del Compresor de Baja Etapa del Sistema Enfriador de Aire por Refrigeración,Sistema Enfriador de Aire Refrigerado: Energía Eléctrica Total del Compresor de Baja Etapa,Énergie électrique totale du compresseur d&apos;étage bas du système refroidisseur d&apos;air par réfrigération,Système de refroidisseur d'air frigorifique : Énergie électrique totale du compresseur d'étage bas,Y,Y
Refrigeration Air Chiller System Total Low Stage Compressor Electricity Rate,Tasa de Electricidad Total del Compresor de Baja Etapa del Sistema Enfriador de Aire por Refrigeración,Sistema Enfriador de Aire por Refrigeración: Velocidad de Consumo Eléctrico Total del Compresor de Baja Etapa,Taux d&apos;électricité du compresseur de bas étage total du système de refroidisseur d&apos;air de réfrigération,Système de Refroidisseur d'Air Frigorifique : Puissance Électrique Totale du Compresseur Basse Étage,Y,Y
Refrigeration Air Chiller System Total Low Stage Compressor Heat Transfer Energy,Energía de Transferencia de Calor Total del Compresor de Baja Etapa del Sistema Enfriador de Aire por Refrigeración,Sistema Enfriador de Aire por Refrigeración: Energía Total de Transferencia de Calor de los Compresores de Baja Etapa,Énergie de Transfert de Chaleur du Compresseur d&apos;Étage Bas Total du Système de Refroidisseur d&apos;Air de Réfrigération,Système de Refroidisseur d'Air Frigorifique : Énergie Totale de Transfert de Chaleur du Compresseur Étage Basse,Y,Y
Refrigeration Air Chiller System Total Low Stage Compressor Heat Transfer Rate,Tasa de Transferencia de Calor Total del Compresor de Baja Etapa del Sistema Enfriador de Aire por Refrigeración,Sistema Enfriador de Aire de Refrigeración: Tasa Total de Transferencia de Calor del Compresor de Baja Etapa,Débit de transfert de chaleur total du compresseur à basse pression du système de refroidisseur à air de réfrigération,Système de Refroidisseur d'Air Réfrigération: Débit de Transfert Thermique Total du Compresseur d'Étage Bas,Y,Y
Refrigeration Air Chiller System Total Low and High Stage Compressor Electricity Energy,Energía Eléctrica Total de los Compresores de Baja y Alta Etapa del Sistema Enfriador de Aire por Refrigeración,Sistema Refrigerante de Enfriador de Aire: Energía Eléctrica Total del Compresor de Etapa Baja y Alta,Énergie électrique totale du compresseur des étapes basse et haute du système de refroidisseur d&apos;air de réfrigération,Système de Refroidisseur d'Air pour Réfrigération : Énergie Électrique Totale des Compresseurs d'Étage Bas et Étage Haut,Y,Y
Refrigeration Air Chiller System Total Suction Pipe Heat Gain Energy,Energía Total de Ganancia de Calor en la Tubería de Succión del Sistema Enfriador de Aire por Refrigeración,Sistema de Enfriador de Aire de Refrigeración: Energía Total de Ganancia Térmica en Tubería de Aspiración,Énergie de Gain Thermique Total des Tuyauteries d&apos;Aspiration du Système de Refroidissement par Air Frigorifique,Système de Refroidissement Frigorifique d'Air: Énergie Totale de Gain Thermique de La Conduite d'Aspiration,Y,Y
Refrigeration Air Chiller System Total Suction Pipe Heat Gain Rate,Tasa Total de Ganancia de Calor en la Tubería de Succión del Sistema Enfriador de Aire por Refrigeración,Sistema Enfriador de Aire de Refrigeración: Tasa Total de Ganancia de Calor en Tuberías de Succión,Débit de gain de chaleur total du tuyau d&apos;aspiration du système refroidi à air par réfrigération,Système de Refroidisseur d'Air de Réfrigération: Débit de Transfert Thermique Total dans la Tuyauterie d'Aspiration,Y,Y
Refrigeration Air Chiller System Total Transferred Load Heat Transfer Energy,Energía de Transferencia de Calor de Carga Transferida Total del Sistema Enfriador de Aire por Refrigeración,Sistema de Enfriador de Aire para Refrigeración: Energía de Transferencia de Calor de Carga Total Transferida,Énergie transférée totale du système de refroidisseur d&apos;air de réfrigération pour le transfert de chaleur,Système de Refroidisseur d'Air de Réfrigération : Énergie Transférée de la Charge Thermique Totale,Y,Y
Refrigeration Air Chiller System Total Transferred Load Heat Transfer Rate,Tasa de Transferencia de Calor de Carga Transferida Total del Sistema Enfriador de Aire por Refrigeración,Sistema de Enfriador de Aire de Refrigeración: Velocidad de Transferencia de Carga Térmica Total Transferida,Taux de Transfert de Chaleur de la Charge Totale Transférée du Système de Refroidisseur à Air de Réfrigération,Système de Refroidisseur d'Air Frigorifique : Débit de Transfert de Chaleur de la Charge Transférée Totale,Y,Y
Refrigeration System Average Compressor COP,COP Promedio del Compresor del Sistema de Refrigeración,Sistema de Refrigeración: COP Promedio del Compresor,Coefficient de Performance (COP) moyen du compresseur du système de réfrigération,Système frigorifique: COP moyen du compresseur,Y,Y
Refrigeration System Condensing Temperature,Temperatura de Condensación del Sistema de Refrigeración,Sistema de Refrigeración: Temperatura de Condensación,Température de condensation du système de réfrigération,Système de Réfrigération : Température de Condensation,Y,Y
Refrigeration System Estimated High Stage Refrigerant Mass Flow Rate,Caudal Másico Estimado de Refrigerante de Alta Etapa del Sistema de Refrigeración,Sistema de Refrigeración: Tasa de Flujo Másico de Refrigerante Estimada en Etapa Alta,Débit massique du fluide frigorigène estimé de l&apos;étage haute pression du système frigorifique,Système de Réfrigération : Débit Massique de Frigorigène Estimé de l'Étage Haute Pression,Y,Y
Refrigeration System Estimated Low Stage Refrigerant Mass Flow Rate,Caudal Másico Estimado de Refrigerante de Baja Etapa del Sistema de Refrigeración,Sistema de Refrigeración: Flujo Másico de Refrigerante en la Etapa Baja Estimado,Débit massique estimé du frigorigène de l&apos;étage basse pression du système de réfrigération,Système de réfrigération : Débit massique de frigorigène estimé du compresseur basse étape,Y,Y
Refrigeration System Estimated Refrigerant Inventory,Inventario Estimado de Refrigerante del Sistema de Refrigeración,Sistema de Refrigeración: Inventario de Refrigerante Estimado,Inventaire de Fluide Frigorigène Estimé du Système de Réfrigération,Système frigorifique : Charge estimée de réfrigérant,Y,Y
Refrigeration System Estimated Refrigerant Inventory Mass,Masa Estimada de Inventario de Refrigerante del Sistema de Refrigeración,Sistema de Refrigeración: Masa Estimada del Inventario de Refrigerante,Masse estimée du fluide frigorigène du système de réfrigération,Système de Réfrigération : Masse d'Inventaire de Fluide Frigorigène Estimée,Y,Y
Refrigeration System Estimated Refrigerant Mass Flow Rate,Caudal Másico Estimado de Refrigerante del Sistema de Refrigeración,Sistema de Refrigeración: Caudal Másico de Refrigerante Estimado,Débit massique de réfrigérant estimé du système de réfrigération,Système de Réfrigération: Débit Massique de Frigorigène Estimé,Y,Y
Refrigeration System Evaporating Temperature,Temperatura de Evaporación del Sistema de Refrigeración,Sistema de Refrigeración: Temperatura de Evaporación Saturada,Température d&apos;évaporation du système frigorifique,Système de réfrigération : Température d'évaporation saturée,Y,Y
Refrigeration System Liquid Suction Subcooler Heat Transfer Energy,Energía de Transferencia de Calor del Subenfriador de Succión Líquida del Sistema de Refrigeración,Sistema de Refrigeración: Energía de Transferencia de Calor del Enfriador de Líquido-Succión,Énergie de transfert de chaleur du sous-refroidisseur liquide-aspiration du système de réfrigération,Système de réfrigération : Énergie transférée par l'échangeur thermique liquide-aspiration,Y,Y
Refrigeration System Liquid Suction Subcooler Heat Transfer Rate,Tasa de Transferencia de Calor del Subenfriador de Succión Líquida del Sistema de Refrigeración,Sistema de Refrigeración: Velocidad de Transferencia de Calor del Enfriador de Succión por Líquido,Débit de transfert thermique du refroidisseur de sous-refroidissement à détente de liquide du système de réfrigération,Système de Réfrigération : Débit de transfert thermique du refroidisseur liquide-aspiration,Y,Y
Refrigeration System Net Rejected Heat Transfer Energy,Energía de Transferencia de Calor Rechazado Neto del Sistema de Refrigeración,Sistema de Refrigeración: Energía de Transferencia de Calor Rechazado Neto,Énergie de transfert de chaleur rejetée nette du système de réfrigération,Système de Réfrigération : Énergie du Transfert Thermique Rejeté Net,Y,Y
Refrigeration System Net Rejected Heat Transfer Rate,Tasa de Transferencia de Calor Rechazado Neto del Sistema de Refrigeración,Sistema de Refrigeración: Tasa de Transferencia Neta de Calor Rechazado,Taux de transfert thermique net rejeté du système de réfrigération,Système de Réfrigération : Débit de Transfert de Chaleur Rejetée Nette,Y,Y
Refrigeration System Suction Pipe Suction Temperature,Temperatura de Succión de la Tubería de Succión del Sistema de Refrigeración,Sistema de Refrigeración: Temperatura de Succión en Tubería de Succión,Température d&apos;aspiration du tuyau d&apos;aspiration du système de réfrigération,Système de Réfrigération : Température de Surchauffe à l'Aspiration,Y,Y
Refrigeration System Thermostatic Expansion Valve Liquid Temperature,Temperatura del Líquido de la Válvula de Expansión Termostática del Sistema de Refrigeración,Sistema de Refrigeración: Temperatura del Líquido en la Válvula de Expansión Termostática,Température du liquide de la vanne d&apos;expansion thermostatique du système de réfrigération,Système frigorifique : Température du liquide à la vanne d'expansion thermostique,Y,Y
Refrigeration System Total Cases and Walk Ins Heat Transfer Energy,Energía de Transferencia de Calor Total de Vitrinas y Cámaras del Sistema de Refrigeración,Sistema de Refrigeración: Energía Total de Transferencia de Calor de Vitrinas y Cámaras Frigoríficas,Énergie de transfert de chaleur des cas et chambres froides du système de réfrigération,Système de Réfrigération: Énergie Totale de Transfert de Chaleur des Vitrines et Chambres Froides,Y,Y
Refrigeration System Total Cases and Walk Ins Heat Transfer Rate,Tasa de Transferencia de Calor Total de Vitrinas y Cámaras del Sistema de Refrigeración,Sistema de Refrigeración: Velocidad de Transferencia de Calor Total de Vitrinas y Cámaras Frigoríficas,Débit de transfert thermique total des vitrines et chambres froides du système de réfrigération,Système de Réfrigération : Débit de Transfert de Chaleur Total des Vitrines et Chambres Froides,Y,Y
Refrigeration System Total Compressor Electricity Energy,Energía Eléctrica Total del Compresor del Sistema de Refrigeración,Sistema de Refrigeración: Energía Eléctrica Total del Compresor,Énergie électrique totale du compresseur du système de réfrigération,Système de Réfrigération : Énergie Électrique Totale des Compresseurs,Y,Y
Refrigeration System Total Compressor Electricity Rate,Tasa de Electricidad Total del Compresor del Sistema de Refrigeración,Sistema de Refrigeración: Tasa de Electricidad Total del Compresor,Taux d&apos;électricité total du compresseur du système de réfrigération,Système de Réfrigération: Puissance Électrique Totale du Compresseur,Y,Y
Refrigeration System Total Compressor Heat Transfer Energy,Energía de Transferencia de Calor Total del Compresor del Sistema de Refrigeración,Sistema de Refrigeración: Energía Total de Transferencia de Calor del Compresor,Énergie totale de transfert de chaleur du compresseur du système de réfrigération,Système de Réfrigération : Énergie de Transfert Thermique Total du Compresseur,Y,Y
Refrigeration System Total Compressor Heat Transfer Rate,Tasa de Transferencia de Calor Total del Compresor del Sistema de Refrigeración,Sistema de Refrigeración: Tasa Total de Transferencia de Calor del Compresor,Débit de transfert de chaleur total du compresseur du système de réfrigération,Système de Réfrigération : Débit Thermique Total Transféré par le Compresseur,Y,Y
Refrigeration System Total High Stage Compressor Electricity Energy,Energía Eléctrica Total del Compresor de Alta Etapa del Sistema de Refrigeración,Sistema de Refrigeración: Energía Eléctrica Total del Compresor de Etapa Alta,Énergie Électrique Totale du Compresseur Étage Haute du Système de Réfrigération,Système de Réfrigération : Énergie Électrique Totale du Compresseur Haute Pression,Y,Y
Refrigeration System Total High Stage Compressor Electricity Rate,Tasa de Electricidad Total del Compresor de Alta Etapa del Sistema de Refrigeración,Sistema de Refrigeración: Tasa de Potencia Eléctrica Total del Compresor de Etapa Alta,Débit d&apos;électricité total du compresseur haute pression du système de réfrigération,Système de Réfrigération: Puissance Électrique Totale du Compresseur Étage Élevé,Y,Y
Refrigeration System Total High Stage Compressor Heat Transfer Energy,Energía de Transferencia de Calor Total del Compresor de Alta Etapa del Sistema de Refrigeración,Sistema de Refrigeración: Energía Total de Transferencia de Calor del Compresor de Etapa Alta,Énergie totale de transfert de chaleur du compresseur d&apos;étage élevé du système de réfrigération,Système de Réfrigération: Énergie de Transfert Thermique Total des Compresseurs d'Étage Supérieur,Y,Y
Refrigeration System Total High Stage Compressor Heat Transfer Rate,Tasa de Transferencia de Calor Total del Compresor de Alta Etapa del Sistema de Refrigeración,Sistema de Refrigeración: Tasa de Transferencia de Calor Total del Compresor de Etapa Alta,Débit de transfert de chaleur du compresseur d&apos;étage haute du système frigorifique total,Système de Réfrigération : Débit de Transfert de Chaleur Total du Compresseur Haute Pression,Y,Y
Refrigeration System Total Low Stage Compressor Electricity Energy,Energía Eléctrica Total del Compresor de Baja Etapa del Sistema de Refrigeración,Sistema de Refrigeración: Energía Eléctrica Total del Compresor de Baja Etapa,Énergie électrique totale des compresseurs de l&apos;étage basse pression du système de réfrigération,Système de Réfrigération: Énergie Électrique Totale du Compresseur d'Étage Bas,Y,Y
Refrigeration System Total Low Stage Compressor Electricity Rate,Tasa de Electricidad Total del Compresor de Baja Etapa del Sistema de Refrigeración,Sistema de Refrigeración: Potencia Eléctrica Total del Compresor de Baja Etapa,Débit d&apos;électricité total du compresseur basse étape du système de réfrigération,Système de Réfrigération : Puissance Électrique Totale du Compresseur Basse Pression,Y,Y
Refrigeration System Total Low Stage Compressor Heat Transfer Energy,Energía de Transferencia de Calor Total del Compresor de Baja Etapa del Sistema de Refrigeración,Sistema de Refrigeración: Energía Total de Transferencia de Calor del Compresor de Baja Etapa,Énergie de transfert thermique du compresseur d&apos;étage bas total du système de réfrigération,Système de Réfrigération : Énergie Totale de Transfert de Chaleur des Compresseurs d'Étage Bas,Y,Y
Refrigeration System Total Low Stage Compressor Heat Transfer Rate,Tasa de Transferencia de Calor Total del Compresor de Baja Etapa del Sistema de Refrigeración,Sistema de Refrigeración: Tasa Total de Transferencia de Calor del Compresor de Etapa Baja,Taux de Transfert de Chaleur Total du Compresseur à Basse Température du Système de Réfrigération,Système de Réfrigération : Débit de Transfert de Chaleur Total du Compresseur d'Étage Bas,Y,Y
Refrigeration System Total Low and High Stage Compressor Electricity Energy,Energía Eléctrica Total de los Compresores de Baja y Alta Etapa del Sistema de Refrigeración,Sistema de Refrigeración: Energía Eléctrica Total del Compresor de Etapa Baja y Alta,Énergie électrique totale des compresseurs d&apos;étages bas et haut du système de réfrigération,Système de Réfrigération: Énergie Électrique Totale du Compresseur à Étage Bas et Étage Haut,Y,Y
Refrigeration System Total Suction Pipe Heat Gain Energy,Energía Total de Ganancia de Calor en la Tubería de Succión del Sistema de Refrigeración,Sistema de Refrigeración: Energía Total de Ganancia Térmica de Tubería de Succión,Énergie totale du gain thermique des conduites d&apos;aspiration du système de réfrigération,Système de Réfrigération : Énergie du Gain de Chaleur Total de la Tuyauterie d'Aspiration,Y,Y
Refrigeration System Total Suction Pipe Heat Gain Rate,Tasa Total de Ganancia de Calor en la Tubería de Succión del Sistema de Refrigeración,Sistema de Refrigeración: Tasa de Ganancia de Calor Total en Tubería de Succión,Débit de gain thermique total dans la conduite d&apos;aspiration du système de réfrigération,Système de Réfrigération : Débit de Gain de Chaleur Total de la Tuyauterie d'Aspiration,Y,Y
Refrigeration System Total Transferred Load Heat Transfer Energy,Energía de Transferencia de Calor de Carga Transferida Total del Sistema de Refrigeración,Sistema de Refrigeración: Energía de Transferencia de Calor de Carga Total Transferida,Énergie de transfert thermique de la charge totale transférée du système de réfrigération,Système de Réfrigération : Énergie de Transfert Thermique de Charge Totale Transférée,Y,Y
Refrigeration System Total Transferred Load Heat Transfer Rate,Tasa de Transferencia de Calor de Carga Transferida Total del Sistema de Refrigeración,Sistema de Refrigeración: Tasa de Transferencia de Calor de Carga Total Transferida,Taux de transfert de chaleur de la charge totale transférée du système de réfrigération,Système de réfrigération : Débit de transfert thermique de charge totale transférée,Y,Y
Refrigeration Walk In Zone Latent Energy,Energía Latente de la Zona de Cámara de Refrigeración,Refrigeration Walk In: Energía Latente en la Zona,Énergie latente de zone de chambre froide de réfrigération,Congélateur Chambre Froide : Énergie Latente Zone,Y,Y
Refrigeration Walk In Zone Latent Rate,Tasa Latente de la Zona de Cámara de Refrigeración,Refrigeración Cámara Walk In: Tasa de Enfriamiento Latente de Zona,Débit latent de la zone de chambre froide,Chambre Froide Réfrigérée: Débit Latent vers la Zone,Y,Y
Refrigeration Walk In Zone Sensible Cooling Energy,Energía de Enfriamiento Sensible de la Zona de Cámara de Refrigeración,Refrigeración Cámara: Energía de Enfriamiento Sensible de la Zona,Énergie de refroidissement sensible de la zone de chambre froide de réfrigération,Chambre Froide Réfrigérée : Énergie Sensible de Refroidissement vers la Zone,Y,Y
Refrigeration Walk In Zone Sensible Cooling Rate,Tasa de Enfriamiento Sensible de la Zona de Cámara de Refrigeración,Refrigeración Cámara de Pasillo: Velocidad de Enfriamiento Sensible de la Zona,Débit de refroidissement sensible de la zone de chambre froide,Chambre Froide de Réfrigération : Débit de Refroidissement Sensible Zone,Y,Y
Refrigeration Walk In Zone Sensible Heating Energy,Energía de Calefacción Sensible de la Zona de Cámara de Refrigeración,Refrigeration Walk In: Energía de Calentamiento Sensible a la Zona,Énergie de chauffage sensible de zone de chambre froide de réfrigération,Chambre Froide Réfrigération : Énergie de Chauffage Sensible de la Zone,Y,Y
Refrigeration Walk In Zone Sensible Heating Rate,Tasa de Calefacción Sensible de la Zona de Cámara de Refrigeración,Refrigeración Walk In: Tasa de Calentamiento Sensible de la Zona,Taux de Chauffage Sensible de la Zone de Chambre Froide de Réfrigération,Chambre froide de réfrigération : Débit de chauffage sensible de la zone,Y,Y
Refrigeration Zone Air Chiller Heating Energy,Energía de Calefacción del Enfriador de Aire por Refrigeración de Zona,Enfriador de Aire de Zona de Refrigeración: Energía de Calefacción,Énergie de chauffage du refroidisseur d&apos;air de zone de réfrigération,Refroidisseur d'Air de Zone Réfrigérée: Énergie de Chauffage Auxiliaire,Y,Y
Refrigeration Zone Air Chiller Heating Rate,Tasa de Calefacción del Enfriador de Aire por Refrigeración de Zona,Enfriadora de Aire de Zona de Refrigeración: Tasa de Calentamiento,Débit de chauffage du refroidisseur d&apos;air de zone de réfrigération,Refroidisseur d'Air de Zone de Réfrigération : Flux de Chaleur de Chauffage,Y,Y
Refrigeration Zone Air Chiller Latent Cooling Energy,Energía de Enfriamiento Latente del Enfriador de Aire por Refrigeración de Zona,Enfriador de Aire de Zona de Refrigeración: Energía de Enfriamiento Latente,Énergie de refroidissement latent du refroidisseur d&apos;air de zone de réfrigération,Refroidisseur d'air en zone de réfrigération: Énergie de refroidissement latent,Y,Y
Refrigeration Zone Air Chiller Latent Cooling Rate,Tasa de Enfriamiento Latente del Enfriador de Aire por Refrigeración de Zona,Refrigeración Enfriador de Aire en Zona: Velocidad de Enfriamiento Latente,Taux de refroidissement latent du refroidisseur d&apos;air de zone de réfrigération,Refroidisseur d'air frigorifique de zone : Puissance frigorifique latente,Y,Y
Refrigeration Zone Air Chiller Sensible Cooling Energy,Energía de Enfriamiento Sensible del Enfriador de Aire por Refrigeración de Zona,Enfriador de Aire de Zona de Refrigeración: Energía de Enfriamiento Sensible,Énergie de refroidissement sensible du refroidisseur d&apos;air de zone de réfrigération,Refroidisseur d'air de zone frigorifique : Énergie de refroidissement sensible,Y,Y
Refrigeration Zone Air Chiller Sensible Cooling Rate,Tasa de Enfriamiento Sensible del Enfriador de Aire por Refrigeración de Zona,Refrigerador de Aire de Zona: Tasa de Enfriamiento Sensible,Débit de refroidissement sensible du refroidisseur d&apos;air de zone de réfrigération,Refroidisseur d'air de zone de réfrigération : Débit de refroidissement sensible,Y,Y
Refrigeration Zone Air Chiller Total Cooling Energy,Energía de Enfriamiento Total del Enfriador de Aire por Refrigeración de Zona,Refrigeración Enfriador de Aire de Zona: Energía Total de Enfriamiento,Énergie de refroidissement totale du refroidisseur d&apos;air de zone de réfrigération,Refroidisseur d'air de zone de réfrigération : Énergie de refroidissement totale,Y,Y
Refrigeration Zone Air Chiller Total Cooling Rate,Tasa de Enfriamiento Total del Enfriador de Aire por Refrigeración de Zona,Enfriador de Aire de Zona de Refrigeración: Velocidad de Enfriamiento Total,Taux de refroidissement total du refroidisseur d&apos;air de zone de réfrigération,Refroidisseur d'air de zone de réfrigération : Puissance de refroidissement totale,Y,Y
Refrigeration Zone Air Chiller Water Removed Mass Flow Rate,Caudal Másico de Agua Extraída del Enfriador de Aire por Refrigeración de Zona,Enfriador de Aire de Zona de Refrigeración: Caudal Másico de Agua Removida,Débit massique d&apos;eau retirée du refroidisseur d&apos;air zone réfrigération,Refroidisseur d'Air de Zone de Réfrigération : Débit Massique d'Eau Évacuée,Y,Y
Schedule Value,Valor de Horario,Cronograma: Valor,Valeur de l&apos;horaire,Horaire: Valeur,Y,Y
Secondary Side Common Pipe Flow Direction,Dirección de Flujo de la Tubería Común del Lado Secundario,Secundario: Dirección del Flujo en Conducto Común del Lado Secundario,Direction du débit du tuyau commun du circuit secondaire,Secondaire: Direction du Flux dans la Conduite Commune du Côté Secondaire,Y,Y
Site Beam Solar Radiation Luminous Efficacy,Eficacia Luminosa de la Radiación Solar de Haz Directo del Sitio,Sitio: Eficacia Luminosa de la Radiación Solar Directa,Efficacité lumineuse du rayonnement solaire direct du site,Site: Efficacité lumineuse du rayonnement solaire direct,Y,Y
Site Daylight Model Sky Brightness,Brillo del Cielo del Modelo de Luz Natural del Sitio,Sitio: Brillo del Cielo del Modelo de Luz Natural,Luminosité du Ciel du Modèle de Lumière Naturelle du Site,Site : Luminosité du Ciel du Modèle Lumière Naturelle,Y,Y
Site Daylight Model Sky Clearness,Despejamiento del Cielo del Modelo de Luz Natural del Sitio,Sitio: Claridad del Cielo del Modelo de Luz Diurna,Clarté du Ciel du Modèle d&apos;Éclairage Naturel du Site,Site: Clarté du ciel du modèle de lumière du jour,Y,Y
Site Daylighting Model Sky Brightness,Brillo del Cielo del Modelo de Luz Natural del Sitio,Sitio: Brillo del Cielo del Modelo de Iluminación Natural,Luminosité du ciel du modèle d&apos;éclairage naturel du site,Site: Luminosité du Ciel du Modèle d'Éclairage Naturel,Y,Y
Site Daylighting Model Sky Clearness,Despejamiento del Cielo del Modelo de Luz Natural del Sitio,Sitio: Claridad del Cielo del Modelo de Iluminación Natural,Clarté du ciel du modèle d&apos;éclairage naturel du site,Site : Clarté du ciel du modèle d'éclairage naturel,Y,Y
Site Diffuse Solar Radiation Rate per Area,Tasa de Radiación Solar Difusa del Sitio por Área,Sitio: Tasa de Radiación Solar Difusa por Área,Débit de rayonnement solaire diffus au site par unité de surface,Site: Rayonnement solaire diffus par zone,Y,Y
Site Direct Solar Radiation Rate per Area,Tasa de Radiación Solar Directa del Sitio por Área,Sitio: Tasa de Radiación Solar Directa por Área,Débit de rayonnement solaire direct du site par unité de surface,Site : Rayonnement solaire direct par unité de surface,Y,Y
Site Exterior Beam Normal Illuminance,Iluminancia Normal del Haz Exterior del Sitio,Sitio Exterior: Iluminancia Normal Directa,Éclairement énergétique normal direct externe au site,Site Extérieur: Illuminance Normale Directe,Y,Y
Site Exterior Horizontal Beam Illuminance,Iluminancia Horizontal del Haz Exterior del Sitio,Exterior del Sitio: Iluminancia Directa Horizontal,Illuminance solaire horizontale extérieure du site,Site Extérieur : Illuminance Horizontale du Rayonnement Direct,Y,Y
Site Exterior Horizontal Sky Illuminance,Iluminancia Horizontal del Cielo Exterior del Sitio,Sitio Exterior: Iluminancia Horizontal del Cielo,Éclairement lumineux du ciel horizontal extérieur du site,Site Extérieur : Illuminance du Ciel Horizontale,Y,Y
Site Outdoor Air Drybulb Temperature,Temperatura de Bulbo Seco del Aire Exterior del Sitio,Sitio: Temperatura de Bulbo Seco del Aire Exterior,Température de bulbe sec de l&apos;air extérieur du site,Site: Température de bulbe sec de l'air extérieur,Y,Y
Site Outdoor Air Wetbulb Temperature,Temperatura de Bulbo Húmedo del Aire Exterior del Sitio,Sitio: Temperatura de Bulbo Húmedo del Aire Exterior,Température de bulbe humide de l&apos;air extérieur du site,Site: Température de bulbe humide de l'air extérieur,Y,Y
Site Sky Diffuse Solar Radiation Luminous Efficacy,Eficacia Luminosa de la Radiación Solar Difusa del Cielo del Sitio,Sitio: Eficacia Luminosa de la Radiación Solar Difusa del Cielo,Efficacité lumineuse du rayonnement solaire diffus du ciel du site,Site: Efficacité lumineuse du rayonnement solaire diffus du ciel,Y,Y
Solar Collector Absorber Plate Temperature,Temperatura de la Placa Absorbedora del Colector Solar,Colector Solar: Temperatura de la Placa Absorbente,Température de la plaque absorbante du collecteur solaire,Capteur Solaire: Température de la Plaque Absorbante,Y,Y
Solar Collector Efficiency,Eficiencia del Colector Solar,Colector Solar: Eficiencia,Rendement du Collecteur Solaire,Collecteur Solaire: Rendement,Y,Y
Solar Collector Heat Gain Rate,Tasa de Ganancia de Calor del Colector Solar,Colector Solar: Tasa de Ganancia de Calor,Débit de gain thermique du capteur solaire,Capteur Solaire: Débit de Gains Thermiques,Y,Y
Solar Collector Heat Loss Rate,Tasa de Pérdida de Calor del Colector Solar,Colector Solar: Tasa de Pérdida de Calor,Débit de perte thermique du capteur solaire,Capteur Solaire: Débit de Perte Thermique,Y,Y
Solar Collector Heat Transfer Energy,Energía de Transferencia de Calor del Colector Solar,Colector Solar: Energía de Transferencia de Calor,Énergie de transfert thermique du capteur solaire,Capteur Solaire : Énergie Transférée,Y,Y
Solar Collector Heat Transfer Rate,Tasa de Transferencia de Calor del Colector Solar,Colector Solar: Tasa de Transferencia de Calor,Débit de transfert de chaleur du collecteur solaire,Collecteur Solaire: Flux de Chaleur,Y,Y
Solar Collector Incident Angle Modifier,Modificador del Ángulo de Incidencia del Colector Solar,Colector Solar: Modificador del Ángulo de Incidencia,Modificateur d&apos;angle d&apos;incidence du collecteur solaire,Collecteur Solaire: Modificateur d'Angle d'Incidence,Y,Y
Solar Collector Overall Top Heat Loss Coefficient,Coeficiente General de Pérdida de Calor Superior del Colector Solar,Colector Solar: Coeficiente de Pérdida de Calor General hacia el Ambiente,Coefficient Global de Perte de Chaleur Supérieure du Collecteur Solaire,Capteur Solaire : Coefficient Global de Déperdition Thermique Supérieur,Y,Y
Solar Collector Skin Heat Transfer Energy,Energía de Transferencia de Calor por Capa Exterior del Colector Solar,Colector Solar: Energía de Transferencia de Calor en la Superficie,Énergie de Transfert de Chaleur de la Surface du Collecteur Solaire,Collecteur Solaire: Énergie de Transfert Thermique de Paroi,Y,Y
Solar Collector Skin Heat Transfer Rate,Tasa de Transferencia de Calor por Capa Exterior del Colector Solar,Colector Solar: Velocidad de Transferencia de Calor en la Superficie,Taux de transfert de chaleur de la surface du collecteur solaire,Collecteur Solaire : Débit de Transfert de Chaleur de la Surface,Y,Y
Solar Collector Storage Heat Transfer Energy,Energía de Transferencia de Calor del Almacenamiento del Colector Solar,Colector Solar: Energía de Transferencia de Calor del Almacenamiento,Énergie de transfert thermique du stockage du capteur solaire,Collecteur Solaire : Énergie de Transfert de Chaleur du Stockage,Y,Y
Solar Collector Storage Heat Transfer Rate,Tasa de Transferencia de Calor del Almacenamiento del Colector Solar,Colector Solar: Velocidad de Transferencia de Calor del Almacenamiento,Taux de transfert de chaleur du stockage du capteur solaire,Collecteur Solaire: Débit de Transfert de Chaleur vers le Stockage,Y,Y
Solar Collector Storage Water Temperature,Temperatura del Agua de Almacenamiento del Colector Solar,Colector Solar: Temperatura del Agua Almacenada,Température de l&apos;eau du stockage du collecteur solaire,Capteur Solaire: Température de l'Eau du Stockage,Y,Y
Solar Collector Thermal Efficiency,Eficiencia Térmica del Colector Solar,Colector Solar: Eficiencia Térmica,Rendement Thermique du Capteur Solaire,Capteur Solaire : Rendement Thermique,Y,Y
Solar Collector Transmittance Absorptance Product,Producto de Transmitancia-Absortancia del Colector Solar,Colector Solar: Producto de Transmitancia-Absortancia,Produit Transmittance-Absorptance du Collecteur Solaire,Collecteur Solaire : Produit Transmittance-Absorbance,Y,Y
Steam Equipment Convective Heating Energy,Energía de Calefacción Convectiva del Equipo de Vapor,Equipo de Vapor: Energía de Calentamiento Convectivo,Énergie de Chauffage par Convection de l&apos;Équipement à Vapeur,Équipement à Vapeur: Énergie de Chauffage par Convection,Y,Y
Steam Equipment Convective Heating Rate,Tasa de Calefacción Convectiva del Equipo de Vapor,Equipo de Vapor: Tasa de Calentamiento Convectivo,Débit de chauffage par convection de l&apos;équipement à vapeur,Équipement à Vapeur : Débit de Chauffage par Convection,Y,Y
Steam Equipment District Heating Energy,Energía de Calefacción Distrital del Equipo de Vapor,Equipo de Vapor: Energía de Calefacción Distrital,Énergie de chauffage urbain avec équipements à vapeur,Équipement Vapeur : Énergie de Chauffage Urbain,Y,Y
Steam Equipment District Heating Rate,Tasa de Calefacción Distrital del Equipo de Vapor,Equipos de Vapor: Tasa de Calefacción de Distrito,Débit de chauffage urbain avec équipement à vapeur,Équipement de Vapeur : Débit de Chauffage Urbain,Y,Y
Steam Equipment Latent Gain Energy,Energía de Ganancia Latente del Equipo de Vapor,Equipo de Vapor: Energía de Ganancia Latente,Énergie de gain latent de l&apos;équipement à vapeur,Équipement Vapeur : Énergie du Gain Latent,Y,Y
Steam Equipment Latent Gain Rate,Tasa de Ganancia Latente del Equipo de Vapor,Equipo de Vapor: Tasa de Ganancia Latente,Débit de gain latent de l&apos;équipement vapeur,Équipement Vapeur : Débit de Gain Latent,Y,Y
Steam Equipment Lost Heat Energy,Energía de Calor Perdido del Equipo de Vapor,Equipo de Vapor: Energía Térmica Perdida,Énergie Calorifique Perdue de l&apos;Équipement à Vapeur,Équipement Vapeur : Énergie Thermique Perdue,Y,Y
Steam Equipment Lost Heat Rate,Tasa de Calor Perdido del Equipo de Vapor,Equipo de Vapor: Tasa de Calor Perdido,Débit de chaleur perdue des équipements à vapeur,Équipement à Vapeur : Débit de Chaleur Perdue,Y,Y
Steam Equipment Radiant Heating Energy,Energía de Calefacción Radiante del Equipo de Vapor,Sistema de Vapor: Energía de Calefacción Radiante,Énergie de chauffage radiant des équipements à vapeur,Équipement Vapeur : Énergie de Chauffage Radiant,Y,Y
Steam Equipment Radiant Heating Rate,Tasa de Calefacción Radiante del Equipo de Vapor,Equipo de Vapor: Tasa de Calentamiento Radiante,Débit de chauffage radiatif du équipement vapeur,Équipement Vapeur : Débit de Chauffage Radiant,Y,Y
Steam Equipment Total Heating Energy,Energía de Calefacción Total del Equipo de Vapor,Equipo de Vapor: Energía Total de Calefacción,Énergie Calorifique Totale des Équipements à Vapeur,Équipement Vapeur : Énergie Thermique Totale,Y,Y
Steam Equipment Total Heating Rate,Tasa de Calefacción Total del Equipo de Vapor,Equipo de Vapor: Tasa de Calentamiento Total,Débit de chaleur total de l&apos;équipement à vapeur,Équipement à Vapeur : Débit de Chaleur Total,Y,Y
Surface Inside Face Temperature,Temperatura de la Cara Interior de la Superficie,Superficie: Temperatura de la Cara Interior,Température de la Surface Intérieure,Surface : Température de Face Intérieure,Y,Y
Surface Outside Face Temperature,Temperatura de la Cara Exterior de la Superficie,Superficie: Temperatura Cara Exterior,Température de surface externe,Surface : Température de la Face Extérieure,Y,Y
System Node Current Density,Densidad Actual del Nodo del Sistema,Nodo del Sistema: Densidad Actual,Densité de Courant du Nœud Système,Nœud Système : Masse Volumique Actuelle,Y,Y
System Node Current Density Volume Flow Rate,Caudal Volumétrico a Densidad Actual del Nodo del Sistema,Nodo del Sistema: Flujo Volumétrico a Densidad Actual,Débit volumétrique de densité de courant actuel du nœud système,Nœud Système : Débit Volumique à Densité Actuelle,Y,Y
System Node Dewpoint Temperature,Temperatura de Punto de Rocío del Nodo del Sistema,Nodo del Sistema: Temperatura de Punto de Rocío,Température de point de rosée du nœud système,Nœud Système : Température de Point de Rosée,Y,Y
System Node Enthalpy,Entalpía del Nodo del Sistema,Nodo del Sistema: Entalpía,Enthalpie du nœud système,Nœud Système : Enthalpie,Y,Y
System Node Height,Altura del Nodo del Sistema,Nodo del Sistema: Altura,Hauteur du nœud système,Nœud du Système : Hauteur,Y,Y
System Node Humidity Ratio,Relación de Humedad del Nodo del Sistema,Nodo del Sistema: Relación de Humedad,Ratio d&apos;humidité du nœud du système,Nœud Système: Rapport d'humidité,Y,Y
System Node Last Timestep Enthalpy,Entalpía del Último Paso de Tiempo del Nodo del Sistema,Nodo del Sistema: Entalpía del Paso de Tiempo Anterior,Enthalpie du Nœud Système au Dernier Pas de Temps,Nœud Système : Enthalpie au Pas de Temps Précédent,Y,Y
System Node Last Timestep Temperature,Temperatura del Último Paso de Tiempo del Nodo del Sistema,Sistema Nodo: Temperatura del Paso de Tiempo Anterior,Température du nœud système au dernier pas de temps,Système Nœud: Température du Pas de Temps Précédent,Y,Y
System Node Mass Flow Rate,Caudal Másico del Nodo del Sistema,Nodo del Sistema: Flujo Másico,Débit massique du nœud système,Nœud Système : Débit Massique,Y,Y
System Node Pressure,Presión del Nodo del Sistema,Nodo del Sistema: Presión,Pression du nœud du système,Nœud du système : Pression,Y,Y
System Node Quality,Calidad del Nodo del Sistema,Sistema Nodo: Calidad,Qualité du nœud du système,Nœud Système : Qualité,Y,Y
System Node Relative Humidity,Humedad Relativa del Nodo del Sistema,Nodo del Sistema: Humedad Relativa,Humidité Relative du Nœud du Système,Nœud Système : Humidité Relative,Y,Y
System Node Setpoint High Temperature,Temperatura Alta del Punto de Ajuste del Nodo del Sistema,Sistema Nodo: Temperatura de Consigna Superior,Température Haute de Consigne du Nœud Système,Nœud Système : Température de Consigne Haute,Y,Y
System Node Setpoint Humidity Ratio,Relación de Humedad del Punto de Ajuste del Nodo del Sistema,Nodo del Sistema: Proporción de Humedad en Punto de Consigna,Rapport d&apos;humidité du point de consigne du nœud système,Nœud Système: Consigne de Rapport d'Humidité,Y,Y
System Node Setpoint Low Temperature,Temperatura Baja del Punto de Ajuste del Nodo del Sistema,Nodo del Sistema: Temperatura de Punto de Ajuste Baja,Température Basse du Point de Consigne du Nœud Système,Nœud Système : Température Basse du Point de Consigne,Y,Y
System Node Setpoint Maximum Humidity Ratio,Relación de Humedad Máxima del Punto de Ajuste del Nodo del Sistema,Nodo del Sistema: Razón de Humedad Máxima Deseada,Ratio d&apos;Humidité Maximal de Consigne du Nœud Système,Nœud Système : Consigne Humidité Maximale,Y,Y
System Node Setpoint Minimum Humidity Ratio,Relación de Humedad Mínima del Punto de Ajuste del Nodo del Sistema,Sistema Nodo: Punto de Consigna Mínima Relación de Humedad,Ratio d&apos;humidité minimum du point de consigne du nœud système,Nœud Système : Rapport d'Humidité Minimum de Consigne,Y,Y
System Node Setpoint Temperature,Temperatura del Punto de Ajuste del Nodo del Sistema,Nodo del Sistema: Temperatura de Consigna,Température de consigne du nœud système,Nœud Système : Température de Consigne,Y,Y
System Node Specific Heat,Calor Específico del Nodo del Sistema,Sistema Nodo: Calor Específico,Chaleur spécifique du nœud système,Nœud Système : Chaleur Spécifique,Y,Y
System Node Standard Density Volume Flow Rate,Caudal Volumétrico a Densidad Estándar del Nodo del Sistema,Sistema Nodo: Caudal Volumétrico a Densidad Estándar,Débit volumique à densité standard du nœud système,Nœud Système : Débit volumique à densité standard,Y,Y
System Node Temperature,Temperatura del Nodo del Sistema,Nodo del Sistema: Temperatura,Température du Nœud Système,Nœud Système : Température,Y,Y
System Node Wetbulb Temperature,Temperatura de Bulbo Húmedo del Nodo del Sistema,Nodo del Sistema: Temperatura de Bulbo Húmedo,Température de bulbe humide du nœud système,Nœud Système : Température de Bulbe Humide,Y,Y
Thermal Comfort ASHRAE 55 Adaptive Model 80% Acceptability Status,Estado de Aceptabilidad del 80% del Modelo Adaptativo ASHRAE 55 de Confort Térmico,Confort Térmico: Estado de Aceptabilidad del 80% del Modelo Adaptativo ASHRAE 55,Statut d&apos;acceptabilité de 80 % du modèle adaptatif ASHRAE 55 pour le confort thermique,Confort thermique : État d'acceptabilité 80% du modèle adaptatif ASHRAE 55,Y,Y
Thermal Comfort ASHRAE 55 Adaptive Model 90% Acceptability Status,Estado de Aceptabilidad del 90% del Modelo Adaptativo ASHRAE 55 de Confort Térmico,Confort Térmico: Estado de Aceptabilidad del 90% del Modelo Adaptativo ASHRAE 55,Statut d&apos;acceptabilité 90% du modèle adaptatif ASHRAE 55 pour le confort thermique,Confort Thermique: Statut d'Acceptabilité 90% du Modèle Adaptatif ASHRAE 55,Y,Y
Thermal Comfort ASHRAE 55 Adaptive Model Running Average Outdoor Air Temperature,Temperatura Promedio Móvil del Aire Exterior del Modelo Adaptativo ASHRAE 55 de Confort Térmico,Confort Térmico: Temperatura Promedio Móvil del Aire Exterior del Modelo Adaptativo ASHRAE 55,Température de l&apos;air extérieur en moyenne mobile - Modèle adaptatif ASHRAE 55 Confort thermique,Confort Thermique: Température Moyenne Mobile de l'Air Extérieur du Modèle Adaptatif ASHRAE 55,Y,Y
Thermal Comfort ASHRAE 55 Adaptive Model Temperature,Temperatura del Modelo Adaptativo ASHRAE 55 de Confort Térmico,Confort Térmico: Temperatura del Modelo Adaptativo ASHRAE 55,Température du Modèle Adaptatif ASHRAE 55 pour le Confort Thermique,Confort Thermique : Température du Modèle Adaptatif ASHRAE 55,Y,Y
Thermal Comfort CEN 15251 Adaptive Model Category I Status,Estado de Categoría I del Modelo Adaptativo CEN 15251 de Confort Térmico,Confort Térmico: Estado de Categoría I del Modelo Adaptativo CEN 15251,Statut Catégorie I du Modèle Adaptatif Confort Thermique CEN 15251,Confort Thermique: État de la Catégorie I du Modèle Adaptatif CEN 15251,Y,Y
Thermal Comfort CEN 15251 Adaptive Model Category II Status,Estado de Categoría II del Modelo Adaptativo CEN 15251 de Confort Térmico,Confort Térmico: Estado de Categoría II del Modelo Adaptativo CEN 15251,Statut du Modèle Adaptatif de Confort Thermique CEN 15251 Catégorie II,Confort Thermique: Statut Catégorie II du Modèle Adaptatif CEN 15251,Y,Y
Thermal Comfort CEN 15251 Adaptive Model Category III Status,Estado de Categoría III del Modelo Adaptativo CEN 15251 de Confort Térmico,Confort Térmico: Estado de la Categoría III del Modelo Adaptativo CEN 15251,Statut du Modèle Adaptatif de Confort Thermique CEN 15251 Catégorie III,Confort thermique : Statut du modèle adaptatif CEN 15251 Catégorie III,Y,Y
Thermal Comfort CEN 15251 Adaptive Model Running Average Outdoor Air Temperature,Temperatura Promedio Móvil del Aire Exterior del Modelo Adaptativo CEN 15251 de Confort Térmico,Confort Térmico: Temperatura Media Móvil del Aire Exterior del Modelo Adaptativo CEN 15251,Température de l&apos;Air Extérieur Moyenne Mobile du Modèle Adaptatif Confort Thermique CEN 15251,Confort Thermique : Température Extérieure Moyenne Mobile du Modèle Adaptatif CEN 15251,Y,Y
Thermal Comfort CEN 15251 Adaptive Model Temperature,Temperatura del Modelo Adaptativo CEN 15251 de Confort Térmico,Confort Térmico: Temperatura Modelo Adaptativo CEN 15251,Modèle Adaptatif de Température du Confort Thermique CEN 15251,Confort Thermique : Température Modèle Adaptatif CEN 15251,Y,Y
Thermal Comfort Clothing Surface Temperature,Temperatura de Superficie de la Ropa del Confort Térmico,Confort Térmico: Temperatura Superficial de la Ropa,Température de Surface du Vêtement pour le Confort Thermique,Confort Thermique: Température de Surface des Vêtements,Y,Y
Thermal Comfort Fanger Model PMV,PMV del Modelo Fanger de Confort Térmico,Confort Térmico: PMV Modelo de Fanger,Modèle Fanger de Confort Thermique PMV,Confort Thermique : Indice de Vote Moyen Prévisible Fanger,Y,Y
Thermal Comfort Fanger Model PPD,PPD del Modelo Fanger de Confort Térmico,Confort Térmico: PPD Modelo Fanger,Modèle de confort thermique Fanger PPD,Confort Thermique : PPD Modèle Fanger,Y,Y
Thermal Comfort KSU Model Thermal Sensation Index,Índice de Sensación Térmica del Modelo KSU de Confort Térmico,Confort Térmico: Índice de Sensación Térmica Modelo KSU,Indice de sensation thermique du modèle KSU de confort thermique,Confort Thermique: Indice de Sensation Thermique du Modèle KSU,Y,Y
Thermal Comfort Mean Radiant Temperature,Temperatura Radiante Media del Confort Térmico,Confort Térmico: Temperatura Media Radiante,Température Radiante Moyenne du Confort Thermique,Confort thermique : Température moyenne de rayonnement,Y,Y
Thermal Comfort Operative Temperature,Temperatura Operativa del Confort Térmico,Confort Térmico: Temperatura Operativa,Température opérative de confort thermique,Confort Thermique: Température Opérative,Y,Y
Thermal Comfort Pierce Model Discomfort Index,Índice de Incomodidad del Modelo Pierce de Confort Térmico,Confort Térmico: Índice de Incomodidad del Modelo de Pierce,Indice d&apos;inconfort du modèle Pierce pour le confort thermique,Confort Thermique : Indice d'Inconfort du Modèle Pierce,Y,Y
Thermal Comfort Pierce Model Effective Temperature PMV,PMV de Temperatura Efectiva del Modelo Pierce de Confort Térmico,Confort Térmico: Temperatura Efectiva Modelo Pierce PMV,Température Effective Modèle Pierce Confort Thermique PMV,Confort thermique : Température effective du modèle Pierce PMV,Y,Y
Thermal Comfort Pierce Model Standard Effective Temperature PMV,PMV de Temperatura Efectiva Estándar del Modelo Pierce de Confort Térmico,Confort Térmico: Temperatura Efectiva Estándar del Modelo Pierce PMV,Modèle de Confort Thermique Pierce Température Effective Standard PMV,Confort Thermique : Température Effective Standard du Modèle de Pierce PMV,Y,Y
Thermal Comfort Pierce Model Thermal Sensation Index,Índice de Sensación Térmica del Modelo Pierce de Confort Térmico,Confort Térmico: Índice de Sensación Térmica del Modelo Pierce,Indice de Sensation Thermique du Modèle de Confort Thermique Pierce,Confort Thermique : Indice de Sensation Thermique du Modèle Pierce,Y,Y
Thermosiphon Status,Estado del Termosifón,Termosifón: Estado,Statut du Thermosiphon,Thermosiphon: État,Y,Y
Thermostat Control Type,Tipo de Control del Termostato,Termostato: Tipo de Control,Type de contrôle du thermostat,Thermostat : Type de Contrôle,Y,Y
Thermostat Cooling Setpoint Temperature,Temperatura de Punto de Ajuste de Enfriamiento del Termostato,Termostato: Temperatura de Consigna de Enfriamiento,Température de consigne de refroidissement du thermostat,Thermostat: Température de consigne de refroidissement,Y,Y
Thermostat Heating Setpoint Temperature,Temperatura de Punto de Ajuste de Calefacción del Termostato,Termostato: Temperatura de Consigna de Calefacción,Température de consigne de chauffage du thermostat,Thermostat : Température de Consigne de Chauffage,Y,Y
Total Internal Convective Heating Energy,Energía de Calefacción Convectiva Total Interna,Total Interno: Energía de Calentamiento Convectivo,Énergie de chauffage convective interne totale,Total Interne : Énergie de Chauffage par Convection,Y,Y
Total Internal Convective Heating Rate,Tasa de Calefacción Convectiva Total Interna,Total Interno: Tasa de Calentamiento Convectivo,Taux de chauffage convectif interne total,Total Internal: Débit de chaleur convectif interne,Y,Y
Total Internal Latent Gain Energy,Energía de Ganancia Latente Total Interna,Total Interno: Energía de Ganancia Latente,Énergie totale du gain latent interne,Total Interne : Énergie de Gain Latent,Y,Y
Total Internal Latent Gain Rate,Tasa de Ganancia Latente Total Interna,Total Interno: Tasa de Ganancia Latente,Taux de Gain Latent Interne Total,Total Interne: Débit de Gain Latent,Y,Y
Total Internal Radiant Heating Energy,Energía de Calefacción Radiante Total Interna,Total Interno: Energía de Calefacción Radiante,Énergie de Chauffage Radiant Interne Totale,Chauffage Rayonnant Interne Total : Énergie,Y,Y
Total Internal Radiant Heating Rate,Tasa de Calefacción Radiante Total Interna,Total Interno: Velocidad de Calentamiento Radiante,Débit de chauffage radiant interne total,Total Interne : Débit de Chaleur Radiatif,Y,Y
Total Internal Total Heating Energy,Energía de Calefacción Total Interna Total,Total Interno: Energía Total de Calefacción,Énergie de Chauffage Interne Totale,Interne Total : Énergie de Chauffage Totale,Y,Y
Total Internal Total Heating Rate,Tasa de Calefacción Total Interna Total,Total Interno: Tasa Total de Calentamiento,Débit de chauffage interne total,Intérieur Total: Débit de Chauffage Total,Y,Y
Total Internal Visible Radiation Heating Energy,Energía de Calefacción por Radiación Visible Total Interna,Total Interno: Energía de Calentamiento por Radiación Visible,Énergie de chauffage due au rayonnement visible interne total,Rayonnement visible interne total : Énergie de chauffage par rayonnement,Y,Y
Total Internal Visible Radiation Heating Rate,Tasa de Calefacción por Radiación Visible Total Interna,Interno Total: Tasa de Calentamiento por Radiación Visible,Taux de chauffage par rayonnement visible interne total,Total Internal: Taux de chauffage par rayonnement visible,Y,Y
Unit Ventilator Fan Availability Status,Estado de Disponibilidad del Ventilador del Ventilador de Unidad,Ventilador de Aire Acondicionado por Unidad: Estado de Disponibilidad del Ventilador,Statut de disponibilité du ventilateur du ventilateur unitaire,Ventilateur unitaire : État de disponibilité du ventilateur,Y,Y
Unit Ventilator Fan Electricity Energy,Energía Eléctrica del Ventilador del Ventilador de Unidad,Ventilador de Unidad: Energía Eléctrica del Ventilador,Énergie Électrique du Ventilateur du Ventilateur Unitaire,Ventilateur Unitaire: Énergie Électrique du Ventilateur,Y,Y
Unit Ventilator Fan Electricity Rate,Tasa de Electricidad del Ventilador del Ventilador de Unidad,Ventilador de Unidad: Potencia Eléctrica del Ventilador,Débit électrique du ventilateur du ventilo-convecteur,Ventilateur unitaire : Puissance électrique du ventilateur,Y,Y
Unit Ventilator Fan Part Load Ratio,Relación de Carga Parcial del Ventilador del Ventilador de Unidad,Ventilador Unitario: Relación de Carga Parcial del Ventilador,Rapport de Charge Partielle du Ventilateur d&apos;Aérateur Unitaire,Ventilateur d'unité: Ratio de charge partielle du ventilateur,Y,Y
Unit Ventilator Heating Energy,Energía de Calefacción del Ventilador de Unidad,Ventilador Unitario: Energía de Calefacción,Énergie de chauffage du ventilateur unitaire,Ventilateur d'unité : Énergie de chauffage,Y,Y
Unit Ventilator Heating Rate,Tasa de Calefacción del Ventilador de Unidad,Ventilador Unitario: Velocidad de Calentamiento,Débit de chauffage du ventilateur unitaire,Ventilateur d'unité : Débit de chaleur,Y,Y
Unit Ventilator Sensible Cooling Energy,Energía de Enfriamiento Sensible del Ventilador de Unidad,Ventilador de Unidad: Energía de Enfriamiento Sensible,Énergie de refroidissement sensible du ventilateur unitaire,Ventilateur d'unité : Énergie de refroidissement sensible,Y,Y
Unit Ventilator Sensible Cooling Rate,Tasa de Enfriamiento Sensible del Ventilador de Unidad,Ventilador Unitario: Velocidad de Enfriamiento Sensible,Débit de refroidissement sensible de l&apos;aérotherme,Ventilateur d'unité : Taux de refroidissement sensible,Y,Y
Unit Ventilator Total Cooling Energy,Energía Total de Enfriamiento del Ventilador de Unidad,Ventilador de Unidad: Energía Total de Enfriamiento,Énergie de refroidissement totale du ventilateur unitaire,Ventilateur d'unité : Énergie de refroidissement totale,Y,Y
Unit Ventilator Total Cooling Rate,Tasa Total de Enfriamiento del Ventilador de Unidad,Ventilador Unitario: Velocidad de Enfriamiento Total,Débit de refroidissement total du ventilateur climatiseur,Ventilateur Unitaire: Débit de Refroidissement Total,Y,Y
Unitary System Ancillary Electricity Rate,Tasa de Electricidad Auxiliar del Sistema Unitario,Sistema Unitario: Tasa de Consumo de Electricidad Auxiliar,Taux d&apos;électricité auxiliaire du système unitaire,Système Unitaire : Débit de Consommation Électrique Auxiliaire,Y,Y
Unitary System Compressor Part Load Ratio,Relación de Carga Parcial del Compresor del Sistema Unitario,Sistema Unitario: Razón de Carga Parcial del Compresor,Rapport de charge partielle du compresseur du système unitaire,Système Unitaire : Ratio de Charge Partielle du Compresseur,Y,Y
Unitary System Compressor Speed Ratio,Relación de Velocidad del Compresor del Sistema Unitario,Sistema Unitario: Relación de Velocidad del Compresor,Ratio de Vitesse du Compresseur du Système Unitaire,Système Unitaire: Rapport de Vitesse du Compresseur,Y,Y
Unitary System Cooling Ancillary Electricity Energy,Energía Eléctrica Auxiliar de Enfriamiento del Sistema Unitario,Sistema Unitario: Energía de Electricidad Auxiliar de Enfriamiento,Énergie Électrique Auxiliaire de Refroidissement du Système Unitaire,Système Unitaire : Énergie Électrique Auxiliaire en Refroidissement,Y,Y
Unitary System Cycling Ratio,Relación de Ciclos del Sistema Unitario,Sistema Unitario: Relación de Ciclos,Rapport de Cyclage du Système Unitaire,Système Unitaire: Rapport de Cyclage,Y,Y
Unitary System DX Coil Cycling Ratio,Relación de Ciclos del Serpentín DX del Sistema Unitario,Sistema Unitario: Relación de Ciclo de la Bobina DX,Rapport de Cycles de la Bobine DX du Système Unitaire,Système Unitaire : Ratio de Cyclage de la Bobine DX,Y,Y
Unitary System DX Coil Speed Level,Nivel de Velocidad del Serpentín DX del Sistema Unitario,Sistema Unitario: Nivel de Velocidad de Serpentín DX,Niveau de Vitesse de la Bobine DX du Système Unitaire,Système Unitaire : Niveau de Vitesse de la Bobine DX,Y,Y
Unitary System DX Coil Speed Ratio,Relación de Velocidad del Serpentín DX del Sistema Unitario,Sistema Unitario: Relación de Velocidad de Bobina DX,Rapport de vitesse du serpentin DX du système unitaire,Système Unitaire : Ratio de Vitesse de la Bobine de Refroidissement Direct,Y,Y
Unitary System Electricity Energy,Energía Eléctrica del Sistema Unitario,Sistema Unitario: Energía Eléctrica,Énergie Électrique du Système Unitaire,Système Unitaire : Énergie Électrique,Y,Y
Unitary System Electricity Rate,Tasa de Electricidad del Sistema Unitario,Sistema Unitario: Tasa de Consumo de Electricidad,Tarif d&apos;électricité du système unitaire,Système Unitaire : Puissance Électrique,Y,Y
Unitary System Fan Part Load Ratio,Relación de Carga Parcial del Ventilador del Sistema Unitario,Sistema Unitario: Ratio de Carga Parcial del Ventilador,Rapport de charge partielle du ventilateur du système unitaire,Système Unitaire : Ratio de Charge Partielle du Ventilateur,Y,Y
Unitary System Heat Recovery Energy,Energía de Recuperación de Calor del Sistema Unitario,Unitary System: Energía de Recuperación de Calor,Énergie de récupération de chaleur du système unitaire,Système Unitaire : Énergie de Récupération de Chaleur,Y,Y
Unitary System Heat Recovery Fluid Mass Flow Rate,Caudal Másico del Fluido de Recuperación de Calor del Sistema Unitario,Sistema Unitario: Flujo Másico del Fluido de Recuperación de Calor,Débit massique du fluide de récupération de chaleur du système unitaire,Système Unitaire : Débit Massique du Fluide de Récupération de Chaleur,Y,Y
Unitary System Heat Recovery Inlet Temperature,Temperatura de Entrada de Recuperación de Calor del Sistema Unitario,Sistema Unitario: Temperatura de Entrada de Recuperación de Calor,Température d&apos;entrée de la récupération de chaleur du système unitaire,Système Unitaire : Température d'Entrée de la Récupération de Chaleur,Y,Y
Unitary System Heat Recovery Outlet Temperature,Temperatura de Salida de Recuperación de Calor del Sistema Unitario,Sistema Unitario: Temperatura de Salida de Recuperación de Calor,Température de sortie de récupération de chaleur du système unitaire,Système Unitaire: Température de Sortie de la Récupération de Chaleur,Y,Y
Unitary System Heat Recovery Rate,Tasa de Recuperación de Calor del Sistema Unitario,Sistema Unitario: Tasa de Recuperación de Calor,Taux de Récupération de Chaleur du Système Unitaire,Système Unitaire : Débit de Récupération de Chaleur,Y,Y
Unitary System Heating Ancillary Electricity Energy,Energía Eléctrica Auxiliar de Calefacción del Sistema Unitario,Sistema Unitario: Energía Eléctrica Auxiliar de Calefacción,Énergie électrique auxiliaire de chauffage du système unitaire,Système Unitaire : Énergie Électrique Auxiliaire de Chauffage,Y,Y
Unitary System Latent Cooling Rate,Tasa de Enfriamiento Latente del Sistema Unitario,Sistema Unitario: Velocidad de Enfriamiento Latente,Débit de refroidissement latent du système unitaire,Système Unitaire : Débit de Refroidissement Latent,Y,Y
Unitary System Latent Heating Rate,Tasa de Calefacción Latente del Sistema Unitario,Sistema Unitario: Velocidad de Calentamiento Latente,Débit de chauffage latent du système unitaire,Système Unitaire : Débit de Chauffage Latent,Y,Y
Unitary System Predicted Moisture Load to Setpoint Heat Transfer Rate,Tasa de Transferencia de Calor de Carga de Humedad Prevista al Punto de Ajuste del Sistema Unitario,Sistema Unitario: Tasa de Transferencia de Calor de Carga de Humedad Predicha al Punto de Consigna,Débit de chaleur de transfert prédit du système unitaire vers la charge d&apos;humidité au point de consigne,Système Unitaire : Débit de chaleur de transfert de charge d'humidité prédite au point de consigne,Y,Y
Unitary System Predicted Sensible Load to Setpoint Heat Transfer Rate,Tasa de Transferencia de Calor de Carga Sensible Prevista al Punto de Ajuste del Sistema Unitario,Sistema Unitario: Tasa de Transferencia de Calor de Carga Sensible Predicha al Punto de Consigna,Débit de transfert thermique prédit du système unitaire à charge sensible jusqu&apos;à la température de consigne,Système Unitaire : Charge Sensible Prédite pour le Débit de Transfert Thermique jusqu'au Point de Consigne,Y,Y
Unitary System Requested Heating Rate,Tasa de Calefacción Requerida del Sistema Unitario,Sistema Unitario: Tasa de Calefacción Solicitada,Taux de chauffage demandé du système unitaire,Système Unitaire: Puissance de Chauffage Demandée,Y,Y
Unitary System Requested Latent Cooling Rate,Tasa de Enfriamiento Latente Requerida del Sistema Unitario,Sistema Unitario: Tasa de Enfriamiento Latente Solicitado,Débit de refroidissement latent demandé du système unitaire,Système Unitaire : Débit de Refroidissement Latent Demandé,Y,Y
Unitary System Requested Sensible Cooling Rate,Tasa de Enfriamiento Sensible Requerida del Sistema Unitario,Sistema Unitario: Velocidad de Enfriamiento Sensible Solicitado,Débit de refroidissement sensible demandé du système unitaire,Système Unitaire : Débit de Refroidissement Sensible Demandé,Y,Y
Unitary System Sensible Cooling Rate,Tasa de Enfriamiento Sensible del Sistema Unitario,Sistema Unitario: Tasa de Enfriamiento Sensible,Débit de refroidissement sensible du système unitaire,Système Unitaire : Débit de Refroidissement Sensible,Y,Y
Unitary System Sensible Heating Rate,Tasa de Calefacción Sensible del Sistema Unitario,Sistema Unitario: Tasa de Calentamiento Sensible,Débit de chauffage sensible du système unitaire,Système Unitaire : Débit de Chauffage Sensible,Y,Y
Unitary System Total Cooling Rate,Tasa Total de Enfriamiento del Sistema Unitario,Sistema Unitario: Tasa Total de Enfriamiento,Débit de refroidissement total du système unitaire,Système Unitaire : Puissance Frigorifique Totale,Y,Y
Unitary System Total Heating Rate,Tasa Total de Calefacción del Sistema Unitario,Sistema Unitario: Tasa Total de Calefacción,Débit de chauffage total du système unitaire,Système Unitaire: Débit de Chauffage Total,Y,Y
Unitary System Water Coil Cycling Ratio,Relación de Ciclos del Serpentín de Agua del Sistema Unitario,Sistema Unitario: Fracción de Ciclo de la Bobina de Agua,Rapport de Cyclage de la Bobine d&apos;Eau du Système Unitaire,Système Unitaire : Rapport de Cyclage de la Batterie Eau,Y,Y
Unitary System Water Coil Speed Level,Nivel de Velocidad del Serpentín de Agua del Sistema Unitario,Sistema Unitario: Nivel de Velocidad de Serpentín Hidráulico,Niveau de vitesse de la serpentin d&apos;eau du système unitaire,Système Unitaire : Niveau de Vitesse de la Batterie Hydronic,Y,Y
Unitary System Water Coil Speed Ratio,Relación de Velocidad del Serpentín de Agua del Sistema Unitario,Sistema Unitario: Razón de Velocidad de Serpentín de Agua,Rapport de Vitesse de la Bobine d&apos;Eau du Système Unitaire,Système Unitaire : Rapport de Vitesse de Serpentin à Eau,Y,Y
VRF Air Terminal Cooling Electricity Energy,Energía Eléctrica de Enfriamiento del Terminal de Aire VRF,Terminal VRF: Energía Eléctrica de Enfriamiento,Énergie Électrique de Refroidissement du Terminal Air VRF,Terminal VRF : Énergie Électrique de Refroidissement,Y,Y
VRF Air Terminal Cooling Electricity Rate,Tasa de Electricidad de Enfriamiento del Terminal de Aire VRF,Terminal VRF: Tasa de Electricidad de Enfriamiento,Débit d&apos;électricité de refroidissement du terminal aérien VRF,Terminal VRF: Puissance Électrique en Refroidissement,Y,Y
VRF Air Terminal Fan Availability Status,Estado de Disponibilidad del Ventilador del Terminal de Aire VRF,VRF Terminal de Aire: Estado de Disponibilidad del Ventilador,État de disponibilité du ventilateur du terminal air VRF,VRF Borne Aérienne : État de Disponibilité du Ventilateur,Y,Y
VRF Air Terminal Heating Electricity Energy,Energía Eléctrica de Calefacción del Terminal de Aire VRF,Terminal VRF: Energía Eléctrica de Calefacción,Énergie électrique de chauffage du terminal d&apos;air VRF,VRF Air Terminal: Énergie électrique de chauffage,Y,Y
VRF Air Terminal Heating Electricity Rate,Tasa de Electricidad de Calefacción del Terminal de Aire VRF,Terminal VRF: Potencia Eléctrica en Calefacción,Débit électrique de chauffage du terminal aérien VRF,Terminal VRF: Puissance Électrique de Chauffage,Y,Y
VRF Air Terminal Latent Cooling Energy,Energía de Enfriamiento Latente del Terminal de Aire VRF,Terminal VRF: Energía de Enfriamiento Latente,Énergie de refroidissement latent du terminal aérien VRF,Terminal VRF : Énergie de refroidissement latent,Y,Y
VRF Air Terminal Latent Cooling Rate,Tasa de Enfriamiento Latente del Terminal de Aire VRF,Terminal VRF: Tasa de Enfriamiento Latente,Débit de refroidissement sensible du terminal VRF,Terminaux VRF: Débit de refroidissement latent,Y,Y
VRF Air Terminal Latent Heating Energy,Energía de Calefacción Latente del Terminal de Aire VRF,Terminal VRF: Energía Sensible de Calefacción,Énergie de chauffage latent du terminal aérien VRF,Terminal VRF: Énergie de chauffage latente,Y,Y
VRF Air Terminal Latent Heating Rate,Tasa de Calefacción Latente del Terminal de Aire VRF,Terminal VRF: Velocidad de Calentamiento Latente,Débit de puissance latente de chauffage du terminal air VRF,Terminal VRF : Débit de chauffage latent,Y,Y
VRF Air Terminal Sensible Cooling Energy,Energía de Enfriamiento Sensible del Terminal de Aire VRF,Terminal VRF: Energía de Enfriamiento Sensible,Énergie de refroidissement sensible du terminal air VRF,Terminal VRF : Énergie sensible de refroidissement,Y,Y
VRF Air Terminal Sensible Cooling Rate,Tasa de Enfriamiento Sensible del Terminal de Aire VRF,Terminal VRF: Velocidad de Enfriamiento Sensible,Débit de refroidissement sensible du terminal VRF,Terminal VRF : Puissance frigorifique sensible,Y,Y
VRF Air Terminal Sensible Heating Energy,Energía de Calefacción Sensible del Terminal de Aire VRF,Terminal VRF: Energía Sensible de Calefacción,Énergie de chauffage sensible du terminal d&apos;air VRF,Terminal VRF: Énergie de Chauffage Sensible,Y,Y
VRF Air Terminal Sensible Heating Rate,Tasa de Calefacción Sensible del Terminal de Aire VRF,Terminal de Aire VRF: Velocidad de Calentamiento Sensible,Débit de puissance de chauffage sensible du terminal air VRF,Terminal VRF : Puissance de chauffage sensible,Y,Y
VRF Air Terminal Total Cooling Energy,Energía Total de Enfriamiento del Terminal de Aire VRF,Terminal de VRF: Energía Total de Enfriamiento,Énergie de refroidissement totale du terminal air VRF,Terminal VRF: Énergie de Refroidissement Totale,Y,Y
VRF Air Terminal Total Cooling Rate,Tasa Total de Enfriamiento del Terminal de Aire VRF,Terminal VRF: Tasa Total de Enfriamiento,Débit frigorifique total du terminal aérien VRF,Terminal VRF : Puissance frigorifique totale,Y,Y
VRF Air Terminal Total Heating Energy,Energía Total de Calefacción del Terminal de Aire VRF,Terminal VRF: Energía Total de Calefacción,Énergie totale de chauffage du terminal d&apos;air VRF,VRF Terminaison Aérienne: Énergie Totale de Chauffage,Y,Y
VRF Air Terminal Total Heating Rate,Tasa Total de Calefacción del Terminal de Aire VRF,Terminal de Aire VRF: Tasa de Calefacción Total,Débit de chauffage total du terminal VRF,Terminal VRF : Puissance Calorifique Totale,Y,Y
VRF Heat Pump Basin Heater Electricity Energy,Energía Eléctrica del Calefactor de Depósito de la Bomba de Calor VRF,Bomba de Calor VRF: Energía Eléctrica del Calentador de Sumidero,Énergie électrique du chauffage de bassin de la pompe à chaleur VRF,Pompe à chaleur VRF : Énergie électrique du réchauffeur de bac,Y,Y
VRF Heat Pump Basin Heater Electricity Rate,Tasa de Electricidad del Calefactor de Depósito de la Bomba de Calor VRF,Bomba de Calor VRF: Tasa de Consumo Eléctrico del Calentador de Depósito,Taux d&apos;électricité du réchauffeur de bassin de la pompe à chaleur VRF,VRF Pompe à chaleur : Puissance électrique du réchauffeur de bac,Y,Y
VRF Heat Pump COP,COP de la Bomba de Calor VRF,Bomba de Calor VRF: COP,COP de pompe à chaleur VRF,Pompe à chaleur VRF : COP,Y,Y
VRF Heat Pump Condenser Heat Transfer Energy,Energía de Transferencia de Calor del Condensador de la Bomba de Calor VRF,Bomba de Calor VRF: Energía de Transferencia de Calor del Condensador,Énergie de Transfert Thermique du Condenseur de Pompe à Chaleur VRF,Pompe à Chaleur VRF: Énergie de Transfert de Chaleur du Condenseur,Y,Y
VRF Heat Pump Condenser Heat Transfer Rate,Tasa de Transferencia de Calor del Condensador de la Bomba de Calor VRF,Bomba de Calor VRF: Tasa de Transferencia de Calor en Condensador,Débit de transfert de chaleur du condenseur de pompe à chaleur VRF,Pompe à Chaleur VRF: Débit de Transfert de Chaleur du Condenseur,Y,Y
VRF Heat Pump Condenser Inlet Temperature,Temperatura de Entrada del Condensador de la Bomba de Calor VRF,Bomba de Calor VRF: Temperatura de Entrada del Condensador,Température d&apos;entrée du condensateur de la pompe à chaleur VRF,Pompe à chaleur VRF: Température d'entrée du condenseur,Y,Y
VRF Heat Pump Condenser Mass Flow Rate,Caudal Másico del Condensador de la Bomba de Calor VRF,Bomba de Calor VRF: Caudal Másico del Condensador,Débit massique du condenseur de pompe à chaleur VRF,Pompe à Chaleur VRF: Débit Massique du Condenseur,Y,Y
VRF Heat Pump Condenser Outlet Temperature,Temperatura de Salida del Condensador de la Bomba de Calor VRF,Bomba de Calor VRF: Temperatura de Salida del Condensador,Température de sortie du condenseur de pompe à chaleur VRF,Pompe à Chaleur VRF: Température de Sortie du Condenseur,Y,Y
VRF Heat Pump Cooling COP,COP de Enfriamiento de la Bomba de Calor VRF,VRF Bomba de Calor: COP Enfriamiento,COP de refroidissement de la pompe à chaleur VRF,VRF Pompe à Chaleur : COP Refroidissement,Y,Y
VRF Heat Pump Cooling Electricity Energy,Energía Eléctrica de Enfriamiento de la Bomba de Calor VRF,Bomba de Calor VRF: Energía de Electricidad en Refrigeración,Électricité énergétique de refroidissement de pompe à chaleur VRF,VRF Thermopompe : Énergie Électrique de Refroidissement,Y,Y
VRF Heat Pump Cooling Electricity Rate,Tasa de Electricidad de Enfriamiento de la Bomba de Calor VRF,Bomba de Calor VRF: Tasa de Consumo de Electricidad en Refrigeración,Taux d&apos;électricité de refroidissement de la pompe à chaleur VRF,Pompe à Chaleur VRF : Débit de Consommation Électrique en Mode Refroidissement,Y,Y
VRF Heat Pump Crankcase Heater Electricity Energy,Energía Eléctrica del Calefactor del Cárter de la Bomba de Calor VRF,Bomba de Calor VRF: Energía Eléctrica del Calentador del Cárter,Énergie électrique du réchauffeur de carter du pompe à chaleur VRF,VRF Pompe à Chaleur : Énergie Électrique du Réchauffeur de Carter,Y,Y
VRF Heat Pump Crankcase Heater Electricity Rate,Tasa de Electricidad del Calefactor del Cárter de la Bomba de Calor VRF,Bomba de Calor VRF: Velocidad de Consumo Eléctrico del Calentador del Cárter,Tarif d&apos;électricité du réchauffeur de puisard de la pompe à chaleur VRF,Pompe à Chaleur VRF: Puissance Électrique du Réchauffeur de Carter,Y,Y
VRF Heat Pump Cycling Ratio,Relación de Ciclos de la Bomba de Calor VRF,Bomba de Calor VRF: Relación de Ciclado,Ratio de Cycle de la Pompe à Chaleur VRF,Pompe à Chaleur VRF : Rapport de Cycle,Y,Y
VRF Heat Pump Defrost Electricity Energy,Energía Eléctrica de Desescarche de la Bomba de Calor VRF,Bomba de Calor VRF: Energía Eléctrica de Descongelamiento,Énergie électrique de dégivrage de pompe à chaleur VRF,Pompe à Chaleur VRF: Énergie Électrique de Dégivrage,Y,Y
VRF Heat Pump Defrost Electricity Rate,Tasa de Electricidad de Desescarche de la Bomba de Calor VRF,Bomba de Calor VRF: Velocidad de Consumo Eléctrico en Descongelación,VRF Taux d&apos;électricité de dégivrage de la pompe à chaleur,Pompe à Chaleur VRF : Taux de Consommation Électrique du Dégivrage,Y,Y
VRF Heat Pump Evaporative Condenser Pump Electricity Energy,Energía Eléctrica de la Bomba del Condensador Evaporativo de la Bomba de Calor VRF,Bomba Condensador Evaporativo de Bomba de Calor VRF: Energía Eléctrica,Énergie électrique de la pompe du condenseur évaporatif de la pompe à chaleur VRF,Pompe de condenseur évaporatif de PAC VRF : Énergie électrique consommée,Y,Y
VRF Heat Pump Evaporative Condenser Pump Electricity Rate,Tasa de Electricidad de la Bomba del Condensador Evaporativo de la Bomba de Calor VRF,Bomba de Condensador Evaporativo de Bomba de Calor VRF: Tasa de Consumo de Electricidad,Débit d&apos;électricité de la pompe du condenseur évaporatif de la pompe à chaleur VRF,VRF Pompe à Chaleur : Puissance Électrique de la Pompe du Condenseur Évaporatif,Y,Y
VRF Heat Pump Evaporative Condenser Water Use Volume,Volumen de Uso de Agua del Condensador Evaporativo de la Bomba de Calor VRF,Bomba de Calor VRF: Volumen de Agua Utilizada en el Condensador Evaporativo,Volume d&apos;eau utilisée du condenseur évaporatif de la pompe à chaleur VRF,VRF Pompe à Chaleur: Volume d'Eau Utilisé par le Condenseur Évaporatif,Y,Y
VRF Heat Pump Heat Recovery Status Change Multiplier,Multiplicador de Cambio de Estado de Recuperación de Calor de la Bomba de Calor VRF,Bomba de Calor VRF: Multiplicador de Cambio de Estado de Recuperación de Calor,Multiplicateur de Changement d&apos;État de Récupération de Chaleur pour Pompe à Chaleur VRF,Pompe à chaleur VRF : Multiplicateur de changement d'état de récupération de chaleur,Y,Y
VRF Heat Pump Heating COP,COP de Calefacción de la Bomba de Calor VRF,Bomba de Calor VRF: COP Calefacción,COP de chauffage de la pompe à chaleur VRF,Pompe à Chaleur VRF : COP Chauffage,Y,Y
VRF Heat Pump Heating Electricity Energy,Energía Eléctrica de Calefacción de la Bomba de Calor VRF,Bomba de Calor VRF: Energía Eléctrica de Calefacción,Énergie Électrique de Chauffage de la Pompe à Chaleur VRF,VRF Pompe à Chaleur : Énergie Électrique Chauffage,Y,Y
VRF Heat Pump Heating Electricity Rate,Tasa de Electricidad de Calefacción de la Bomba de Calor VRF,Bomba de Calor VRF: Tasa de Consumo Eléctrico en Calefacción,Taux d&apos;électricité de chauffage de la pompe à chaleur VRF,VRF Pompe à Chaleur : Débit de Consommation Électrique en Chauffage,Y,Y
VRF Heat Pump Maximum Capacity Cooling Rate,Tasa de Enfriamiento de Capacidad Máxima de la Bomba de Calor VRF,Bomba de Calor VRF: Velocidad Máxima de Capacidad de Enfriamiento,Débit de refroidissement à capacité maximale de la pompe à chaleur VRF,Pompe à chaleur VRF: Débit de puissance frigorifique maximale disponible,Y,Y
VRF Heat Pump Maximum Capacity Heating Rate,Tasa de Calefacción de Capacidad Máxima de la Bomba de Calor VRF,Bomba de Calor VRF: Velocidad de Capacidad de Calefacción Máxima,Débit de puissance thermique maximal de la pompe à chaleur VRF,Pompe à chaleur VRF : Débit de capacité de chauffage maximal,Y,Y
VRF Heat Pump Operating Mode,Modo de Operación de la Bomba de Calor VRF,Bomba de Calor VRF: Modo de Operación,Mode de fonctionnement de la pompe à chaleur VRF,Pompe à chaleur VRF : Mode de fonctionnement,Y,Y
VRF Heat Pump Part Load Ratio,Relación de Carga Parcial de la Bomba de Calor VRF,Bomba de Calor VRF: Relación de Carga Parcial,Ratio de Charge Partielle de la Pompe à Chaleur VRF,Pompe à Chaleur VRF: Rapport de Charge Partielle,Y,Y
VRF Heat Pump Runtime Fraction,Fracción de Tiempo en Funcionamiento de la Bomba de Calor VRF,Bomba de Calor VRF: Fracción de Tiempo de Funcionamiento,Fraction de Temps de Fonctionnement de la Pompe à Chaleur VRF,Pompe à chaleur VRF : Fraction de fonctionnement,Y,Y
VRF Heat Pump Simultaneous Cooling and Heating Efficiency,Eficiencia de Enfriamiento y Calefacción Simultáneos de la Bomba de Calor VRF,Bomba de Calor VRF: Eficiencia en Enfriamiento y Calentamiento Simultáneos,Efficacité de la Pompe de Chaleur VRF en Refroidissement et Chauffage Simultanés,Pompe à Chaleur VRF: Efficacité de Refroidissement et Chauffage Simultanés,Y,Y
VRF Heat Pump Terminal Unit Cooling Load Rate,Tasa de Carga de Enfriamiento de la Unidad Terminal de la Bomba de Calor VRF,Bomba de Calor VRF: Tasa de Carga de Enfriamiento de Unidad Terminal,Débit de charge frigorifique de l&apos;unité terminale de pompe à chaleur VRF,VRF Heat Pump: Débit de charge de refroidissement des unités terminales,Y,Y
VRF Heat Pump Terminal Unit Heating Load Rate,Tasa de Carga de Calefacción de la Unidad Terminal de la Bomba de Calor VRF,Bomba de Calor VRF: Tasa de Carga de Calefacción de Unidad Terminal,Débit de charge thermique de l&apos;unité terminale de pompe à chaleur VRF,Pompe à chaleur VRF : Débit de charge thermique de l'unité terminale,Y,Y
VRF Heat Pump Total Cooling Rate,Tasa Total de Enfriamiento de la Bomba de Calor VRF,Bomba de Calor VRF: Potencia de Enfriamiento Total,Débit de refroidissement total de la pompe à chaleur VRF,VRF Pompe à Chaleur: Débit de Refroidissement Total,Y,Y
VRF Heat Pump Total Heating Rate,Tasa Total de Calefacción de la Bomba de Calor VRF,Bomba de Calor VRF: Velocidad de Calefacción Total,Débit de chauffage total de la pompe à chaleur VRF,Pompe à Chaleur VRF: Débit de Chauffage Total,Y,Y
VSAirtoAirHP Recoverable Waste Heat,Calor Residual Recuperable del Sistema de Bomba de Calor Aire-Aire de Velocidad Variable,VSAirtoAirHP: Calor residual recuperable,VSAirtoAirHP Chaleur résiduelle récupérable,VSAirtoAirHP: Chaleur perdue récupérable,Y,Y
Ventilation Air Inlet Temperature,Temperatura del Aire de Entrada de Ventilación,Ventilación: Temperatura del Aire de Entrada,Température de l&apos;air d&apos;entrée de ventilation,Ventilation: Température d'entrée d'air,Y,Y
Ventilation Current Density Air Change Rate,Tasa de Cambio de Aire a Densidad Actual de Ventilación,Ventilación: Tasa Actual de Cambio de Aire por Densidad,Ventilation Current Density Air Change Rate,Ventilation : Débit volumique actuel de renouvellement d'air,Y,Y
Ventilation Current Density Volume,Volumen a Densidad Actual de Ventilación,Ventilación: Densidad de Volumen Actual,Densité de courant de ventilation Volume,Ventilation: Débit volumique actuel,Y,Y
Ventilation Current Density Volume Flow Rate,Caudal Volumétrico a Densidad Actual de Ventilación,Ventilación: Tasa de Flujo Volumétrico Actual,Débit volumique de la densité de courant de ventilation,Ventilation : Débit volumique actuel,Y,Y
Ventilation Fan Electricity Energy,Energía Eléctrica del Ventilador de Ventilación,Ventilación: Energía Eléctrica del Ventilador,Énergie électrique du ventilateur de ventilation,Ventilation : Énergie électrique du ventilateur,Y,Y
Ventilation Latent Heat Gain Energy,Energía de Ganancia de Calor Latente por Ventilación,Ventilación: Energía de Ganancia de Calor Latente,Énergie de gain de chaleur latente par ventilation,Ventilation: Énergie de Gain de Chaleur Latente,Y,Y
Ventilation Latent Heat Loss Energy,Energía de Pérdida de Calor Latente por Ventilación,Ventilación: Energía de Pérdida de Calor Latente,Énergie de perte de chaleur latente de ventilation,Ventilation : Énergie de perte de chaleur latente,Y,Y
Ventilation Mass,Masa de Ventilación,Ventilación: Masa,Masse de Ventilation,Ventilation : Débit massique,Y,Y
Ventilation Mass Flow Rate,Caudal Másico de Ventilación,Ventilación: Caudal Másico,Débit de masse de ventilation,Ventilation: Débit massique,Y,Y
Ventilation Outdoor Density Air Change Rate,Tasa de Cambio de Aire a Densidad Exterior de Ventilación,Ventilación: Tasa de Cambio de Aire de Densidad Exterior,Taux de changement d&apos;air de la ventilation en fonction de la densité de l&apos;air extérieur,Ventilation: Taux de changement d'air extérieur à densité réelle,Y,Y
Ventilation Outdoor Density Volume Flow Rate,Caudal Volumétrico a Densidad Exterior de Ventilación,Ventilación: Caudal Volumétrico de Densidad Exterior,Débit volumique de ventilation extérieure à la densité de l&apos;air,Ventilation : Débit volumique extérieur à la densité,Y,Y
Ventilation Sensible Heat Gain Energy,Energía de Ganancia de Calor Sensible por Ventilación,Ventilación: Energía de Ganancia de Calor Sensible,Énergie du Gain de Chaleur Sensible de Ventilation,Ventilation: Énergie de Gain de Chaleur Sensible,Y,Y
Ventilation Sensible Heat Loss Energy,Energía de Pérdida de Calor Sensible por Ventilación,Ventilación: Energía de Pérdida de Calor Sensible,Énergie de perte de chaleur sensible par ventilation,Ventilation : Énergie de perte de chaleur sensible,Y,Y
Ventilation Standard Density Air Change Rate,Tasa de Cambio de Aire a Densidad Estándar de Ventilación,Ventilación: Tasa de Cambio de Aire a Densidad Estándar,Débit de renouvellement d&apos;air à densité standard pour la ventilation,Ventilation: Taux de renouvellement d'air à densité standard,Y,Y
Ventilation Standard Density Volume,Volumen a Densidad Estándar de Ventilación,Ventilación: Volumen a Densidad Estándar,Volume de Densité Standard de Ventilation,Ventilation: Volume à Densité Standard,Y,Y
Ventilation Standard Density Volume Flow Rate,Caudal Volumétrico a Densidad Estándar de Ventilación,Ventilación: Caudal Volumétrico a Densidad Estándar,Débit volumique selon la norme de ventilation de densité,Ventilation: Débit volumique à densité standard,Y,Y
Ventilation Total Heat Gain Energy,Energía de Ganancia de Calor Total por Ventilación,Ventilación: Energía Total de Ganancia de Calor,Énergie de Gain de Chaleur Total par Ventilation,Ventilation: Énergie totale de chaleur sensible apportée,Y,Y
Ventilation Total Heat Loss Energy,Energía de Pérdida de Calor Total por Ventilación,Ventilación: Energía Total de Pérdida de Calor,Énergie de Perte de Chaleur Totale par Ventilation,Ventilation : Énergie Totale de Perte de Chaleur,Y,Y
Ventilator Electricity Energy,Energía Eléctrica del Ventilador de Recuperación de Energía,Ventilador: Energía Eléctrica,Énergie Électrique du Ventilateur,Ventilateur: Énergie Électrique,Y,Y
Ventilator Electricity Rate,Tasa de Electricidad del Ventilador de Recuperación de Energía,Ventilador: Velocidad de Consumo Eléctrico,Taux d&apos;électricité du ventilateur,Ventilateur : Puissance électrique,Y,Y
Ventilator Latent Cooling Energy,Energía de Enfriamiento Latente del Ventilador de Recuperación de Energía,Ventilador: Energía de Enfriamiento Latente,Énergie de refroidissement latent du ventilateur,Ventilateur : Énergie de refroidissement latent,Y,Y
Ventilator Latent Cooling Rate,Tasa de Enfriamiento Latente del Ventilador de Recuperación de Energía,Ventilador: Tasa de Enfriamiento Latente,Débit de refroidissement latent du ventilateur,Ventilateur : Puissance de refroidissement latent,Y,Y
Ventilator Latent Heating Energy,Energía de Calefacción Latente del Ventilador de Recuperación de Energía,Ventilador: Energía de Calentamiento Latente,Énergie de chauffage latent du ventilateur,Ventilateur: Énergie de Chauffage Latent,Y,Y
Ventilator Latent Heating Rate,Tasa de Calefacción Latente del Ventilador de Recuperación de Energía,Ventilador: Tasa de Calentamiento Latente,Débit de chauffage latent du ventilateur,Ventilateur : Puissance de chauffage latente,Y,Y
Ventilator Sensible Cooling Energy,Energía de Enfriamiento Sensible del Ventilador de Recuperación de Energía,Ventilador: Energía de Enfriamiento Sensible,Énergie de refroidissement sensible du ventilateur,Ventilateur: Énergie de refroidissement sensible,Y,Y
Ventilator Sensible Cooling Rate,Tasa de Enfriamiento Sensible del Ventilador de Recuperación de Energía,Ventilador: Tasa de Enfriamiento Sensible,Débit de refroidissement sensible du ventilateur,Ventilateur: Puissance de refroidissement sensible,Y,Y
Ventilator Sensible Heating Energy,Energía de Calefacción Sensible del Ventilador de Recuperación de Energía,Ventilador: Energía de Calentamiento Sensible,Énergie de chauffage sensible du ventilateur,Ventilateur : Énergie de chauffage sensible,Y,Y
Ventilator Sensible Heating Rate,Tasa de Calefacción Sensible del Ventilador de Recuperación de Energía,Ventilador: Tasa de Calentamiento Sensible,Débit de chauffage sensible du ventilateur,Ventilateur : Débit calorifique sensible,Y,Y
Ventilator Supply Fan Availability Status,Estado de Disponibilidad del Ventilador de Suministro del Ventilador de Recuperación de Energía,Ventilador: Estado de Disponibilidad del Ventilador de Suministro,Statut de disponibilité du ventilateur d&apos;alimentation,Ventilateur : État de Disponibilité du Ventilateur d'Alimentation,Y,Y
Ventilator Total Cooling Energy,Energía Total de Enfriamiento del Ventilador de Recuperación de Energía,Ventilador: Energía Total de Enfriamiento,Énergie de refroidissement totale du ventilateur,Ventilateur : Énergie totale de refroidissement,Y,Y
Ventilator Total Cooling Rate,Tasa Total de Enfriamiento del Ventilador de Recuperación de Energía,Ventilador: Tasa Total de Enfriamiento,Débit de refroidissement total du ventilateur,Ventilateur : Débit de refroidissement total,Y,Y
Ventilator Total Heating Energy,Energía Total de Calefacción del Ventilador de Recuperación de Energía,Ventilador: Energía Total de Calentamiento,Énergie de Chauffage Totale du Ventilateur,Ventilateur: Énergie de Chauffage Totale,Y,Y
Ventilator Total Heating Rate,Tasa Total de Calefacción del Ventilador de Recuperación de Energía,Ventilador: Velocidad Total de Calentamiento,Taux de chauffage total du ventilateur,Ventilateur: Puissance de chauffage totale,Y,Y
Water Heater Coal Energy,Energía de Carbón del Calentador de Agua,Calentador de Agua: Energía de Carbón,Chauffe-eau Énergie Charbon,Chauffe-eau : Énergie Charbon,Y,Y
Water Heater Coal Rate,Tasa de Carbón del Calentador de Agua,Calentador de Agua: Tasa de Consumo de Carbón,Taux de charbon du chauffe-eau,Chauffe-eau : Débit de Charbon,Y,Y
Water Heater Cycle On Count,Conteo de Ciclos de Encendido del Calentador de Agua,Calentador de Agua: Número de Ciclos de Encendido,Nombre de cycles d&apos;allumage du chauffe-eau,Chauffe-eau: Nombre de cycles d'enclenchement,Y,Y
Water Heater Diesel Energy,Energía de Diésel del Calentador de Agua,Calentador de Agua: Energía de Diésel,Énergie Diesel Chauffe-eau,Chauffe-eau : Énergie Diesel,Y,Y
Water Heater Diesel Rate,Tasa de Diésel del Calentador de Agua,Calentador de Agua: Consumo de Diésel,Taux de combustible diesel du chauffe-eau,Chauffe-eau : Débit de consommation de diesel,Y,Y
Water Heater Electricity Energy,Energía Eléctrica del Calentador de Agua,Calentador de Agua: Energía Eléctrica,Énergie Électrique du Chauffe-Eau,Chauffe-eau : Énergie électrique,Y,Y
Water Heater Electricity Rate,Tasa de Electricidad del Calentador de Agua,Calentador de Agua: Tasa de Consumo de Electricidad,Tarif d&apos;électricité du ballon d&apos;eau chaude,Chauffe-eau: Puissance électrique,Y,Y
Water Heater Final Tank Temperature,Temperatura Final del Tanque del Calentador de Agua,Calentador de Agua: Temperatura Final del Tanque,Température finale du réservoir du chauffe-eau,Ballon d'Eau Chaude: Température Finale du Réservoir,Y,Y
Water Heater Final Temperature Node 1,Temperatura Final del Nodo 1 del Calentador de Agua,Calentador de Agua: Temperatura Final Nodo 1,Nœud 1 de température finale du ballon d&apos;eau chaude,Chauffe-eau : Température finale du nœud 1,Y,Y
Water Heater Final Temperature Node 10,Temperatura Final del Nodo 10 del Calentador de Agua,Calentador de Agua: Temperatura Final en Nodo 10,Nœud 10 de température finale du ballon d&apos;eau chaude,Chauffe-eau: Température du nœud final 10,Y,Y
Water Heater Final Temperature Node 11,Temperatura Final del Nodo 11 del Calentador de Agua,Calentador de Agua: Temperatura Final Nodo 11,Nœud de température finale du chauffe-eau 11,Ballon d'eau chaude: Température finale nœud 11,Y,Y
Water Heater Final Temperature Node 12,Temperatura Final del Nodo 12 del Calentador de Agua,Calentador de Agua: Temperatura Final Nodo 12,Nœud de température finale du chauffe-eau 12,Chauffe-eau : Température finale au nœud 12,Y,Y
Water Heater Final Temperature Node 2,Temperatura Final del Nodo 2 del Calentador de Agua,Calentador de Agua: Temperatura Final Nodo 2,Nœud 2 de la température finale du chauffe-eau,Chauffe-Eau : Température Finale Nœud 2,Y,Y
Water Heater Final Temperature Node 3,Temperatura Final del Nodo 3 del Calentador de Agua,Calentador de Agua: Temperatura Final Nodo 3,Nœud de Température Finale du Chauffe-Eau 3,Chauffe-eau: Température finale du nœud 3,Y,Y
Water Heater Final Temperature Node 4,Temperatura Final del Nodo 4 del Calentador de Agua,Calentador de Agua: Temperatura Final Nodo 4,Nœud 4 de température finale du ballon d&apos;eau chaude,Chauffe-eau : Température finale au nœud 4,Y,Y
Water Heater Final Temperature Node 5,Temperatura Final del Nodo 5 del Calentador de Agua,Calentador de Agua: Temperatura Final Nodo 5,Nœud de Température Finale du Chauffe-Eau 5,Chauffe-eau: Température finale nœud 5,Y,Y
Water Heater Final Temperature Node 6,Temperatura Final del Nodo 6 del Calentador de Agua,Calentador de Agua: Temperatura Final Nodo 6,Nœud de Température Finale du Chauffe-eau 6,Chauffe-eau : Température du nœud final 6,Y,Y
Water Heater Final Temperature Node 7,Temperatura Final del Nodo 7 del Calentador de Agua,Calentador de Agua: Temperatura Final Nodo 7,Nœud Température Finale du Ballon d&apos;Eau Chaude 7,Chauffe-eau : Température finale du nœud 7,Y,Y
Water Heater Final Temperature Node 8,Temperatura Final del Nodo 8 del Calentador de Agua,Calentador de Agua: Temperatura Final Nudo 8,Nœud de Température Finale du Chauffe-Eau 8,Chauffe-eau : Température finale nœud 8,Y,Y
Water Heater Final Temperature Node 9,Temperatura Final del Nodo 9 del Calentador de Agua,Calentador de Agua: Temperatura Final Nodo 9,Nœud de Température Finale du Ballon d&apos;Eau Chaude 9,Chauffe-eau : Température finale du nœud 9,Y,Y
Water Heater FuelOilNo1 Energy,Energía de Combustóleo No. 1 del Calentador de Agua,Calentador de Agua: Energía de Combustible Diésel Nº1,Énergie du Chauffe-eau Fioul Domestique No1,Chauffe-eau: Énergie Fioul Domestique,Y,Y
Water Heater FuelOilNo1 Rate,Tasa de Combustóleo No. 1 del Calentador de Agua,Calentador de Agua: Tasa de Combustible Diésel No. 1,Débit de Chauffeur d&apos;Eau Fioul Lourd N°1,Chauffe-eau : Débit de Fioul Domestique,Y,Y
Water Heater FuelOilNo2 Energy,Energía de Combustóleo No. 2 del Calentador de Agua,Calentador de Agua: Energía Combustible Diésel,Énergie du Chauffe-eau Fioul Domestique No2,Chauffe-eau: Énergie Fioul Domestique,Y,Y
Water Heater FuelOilNo2 Rate,Tasa de Combustóleo No. 2 del Calentador de Agua,Calentador de Agua: Tasa de Combustible Diésel,Débit de Chauffage-Eau au Fioul Domestique N°2,Chauffe-eau: Taux de Consommation de Fioul Domestique,Y,Y
Water Heater Gasoline Energy,Energía de Gasolina del Calentador de Agua,Calentador de Agua: Energía de Gasolina,Énergie Essence Chauffe-eau,Chauffe-eau: Énergie Essence,Y,Y
Water Heater Gasoline Rate,Tasa de Gasolina del Calentador de Agua,Calentador de Agua: Tasa de Consumo de Gasolina,Débit de Consommation de Carburant du Chauffe-eau,Chauffe-eau: Débit de Essence,Y,Y
Water Heater Heat Loss Energy,Energía de Pérdida de Calor del Calentador de Agua,Calefactor de Agua: Energía de Pérdida de Calor,Énergie perdue par transmission thermique du chauffe-eau,Ballon d'eau chaude : Énergie de déperdition thermique,Y,Y
Water Heater Heat Loss Rate,Tasa de Pérdida de Calor del Calentador de Agua,Calentador de Agua: Tasa de Pérdida de Calor,Débit de perte de chaleur du chauffe-eau,Chauffe-eau : Débit de perte thermique,Y,Y
Water Heater Heater 1 Cycle On Count,Conteo de Ciclos de Encendido del Elemento 1 del Calentador de Agua,Calentador de Agua: Contador de Ciclos Activados del Calentador 1,Compteur de cycles d&apos;activation du Chauffe-eau 1,Chauffe-eau: Nombre de démarrages du brûleur 1,Y,Y
Water Heater Heater 1 Heating Energy,Energía de Calefacción del Elemento 1 del Calentador de Agua,Calentador de Agua: Energía de Calefacción Calentador 1,Énergie de chauffage du radiateur Chauffe-eau 1,Chauffe-Eau : Énergie de Chauffage du Chauffe-Eau 1,Y,Y
Water Heater Heater 1 Heating Rate,Tasa de Calefacción del Elemento 1 del Calentador de Agua,Calentador de Agua: Tasa de Calentamiento Calentador 1,Débit de chauffage du Chauffe-eau 1,Chauffe-Eau: Débit Thermique du Chauffage 1,Y,Y
Water Heater Heater 1 Runtime Fraction,Fracción de Tiempo en Funcionamiento del Elemento 1 del Calentador de Agua,Calentador de Agua: Fracción de Tiempo de Funcionamiento del Calentador 1,Fraction de Temps de Fonctionnement du Chauffe-eau 1,Chauffe-Eau: Fraction de Fonctionnement du Radiateur 1,Y,Y
Water Heater Heater 2 Cycle On Count,Conteo de Ciclos de Encendido del Elemento 2 del Calentador de Agua,Calentador de Agua: Contador de Ciclos de Encendido del Calentador 2,Compteur de cycles de mise en marche du Chauffage du Ballon d&apos;eau chaude 2,Chauffe-eau : Décompte de Cycles d'Allumage du Réchauffeur 2,Y,Y
Water Heater Heater 2 Heating Energy,Energía de Calefacción del Elemento 2 del Calentador de Agua,Calentador de Agua: Energía de Calefacción de Calentador 2,Énergie de chauffage du radiateur 2 du chauffe-eau,Chauffe-eau: Énergie de chauffage du chauffeur 2,Y,Y
Water Heater Heater 2 Heating Rate,Tasa de Calefacción del Elemento 2 del Calentador de Agua,Calentador de Agua: Velocidad de Calentamiento del Calentador 2,Débit de chauffage du Radiateur 2 du Ballon d&apos;eau chaude,Chauffe-eau : Débit thermique de chauffage Chauffeur 2,Y,Y
Water Heater Heater 2 Runtime Fraction,Fracción de Tiempo en Funcionamiento del Elemento 2 del Calentador de Agua,Calentador de Agua: Fracción de Tiempo de Funcionamiento del Calentador 2,Fraction de temps de fonctionnement du Chauffe-eau 2,Chauffe-eau: Fraction du temps de fonctionnement du brûleur 2,Y,Y
Water Heater Heating Energy,Energía de Calefacción del Calentador de Agua,Calentador de Agua: Energía de Calentamiento,Énergie de chauffage du chauffe-eau,Chauffe-Eau: Énergie de Chauffage,Y,Y
Water Heater Heating Rate,Tasa de Calefacción del Calentador de Agua,Calentador de Agua: Tasa de Calentamiento,Puissance de chauffage du ballon d&apos;eau chaude,Chauffe-eau: Puissance de chauffage,Y,Y
Water Heater NaturalGas Energy,Energía de Gas Natural del Calentador de Agua,Calentador de Agua: Energía de Gas Natural,Énergie Gaz Naturel du Chauffe-eau,Chauffe-eau: Énergie Gaz naturel,Y,Y
Water Heater NaturalGas Rate,Tasa de Gas Natural del Calentador de Agua,Calentador de Agua: Tasa de Gas Natural,Taux de gaz naturel du chauffe-eau,Chauffe-eau : Débit de gaz naturel,Y,Y
Water Heater Net Heat Transfer Energy,Energía Neta de Transferencia de Calor del Calentador de Agua,Calentador de Agua: Energía Neta de Transferencia de Calor,Énergie de transfert thermique net du chauffe-eau,Chauffe-eau : Énergie nette de transfert de chaleur,Y,Y
Water Heater Net Heat Transfer Rate,Tasa Neta de Transferencia de Calor del Calentador de Agua,Calentador de Agua: Tasa de Transferencia Neta de Calor,Débit de transfert net de chaleur du ballon d&apos;eau chaude,Chauffe-eau : Débit net de transfert de chaleur,Y,Y
Water Heater Off Cycle Parasitic Tank Heat Transfer Energy,Energía de Transferencia de Calor Parásita del Tanque en Ciclo Apagado del Calentador de Agua,Calentador de Agua: Energía de Transferencia Térmica del Tanque por Parásitos en Ciclo Inactivo,Énergie de transfert thermique du réservoir en cycle arrêt parasite du chauffe-eau,Chauffe-eau: Énergie transférée au réservoir par les parasites hors cycle,Y,Y
Water Heater Off Cycle Parasitic Tank Heat Transfer Rate,Tasa de Transferencia de Calor Parásita del Tanque en Ciclo Apagado del Calentador de Agua,Calentador de Agua: Tasa de Transferencia de Calor del Tanque por Parásitos Fuera de Ciclo,Débit de transfert de chaleur parasitaire du réservoir du chauffe-eau en cycle d&apos;arrêt,Chauffe-eau : Taux de Transfert de Chaleur Parasitaire du Réservoir en Cycle Arrêté,Y,Y
Water Heater On Cycle Parasitic Tank Heat Transfer Energy,Energía de Transferencia de Calor Parásita del Tanque en Ciclo Encendido del Calentador de Agua,Calentador de Agua: Energía de Transferencia de Calor en Tanque por Parásitos en Ciclo Activo,Énergie de transfert thermique du réservoir parasite en cycle marche du chauffe-eau,Chauffe-eau : Énergie de transfert thermique au réservoir due aux parasites en cycle actif,Y,Y
Water Heater On Cycle Parasitic Tank Heat Transfer Rate,Tasa de Transferencia de Calor Parásita del Tanque en Ciclo Encendido del Calentador de Agua,Calentador de Agua: Tasa de Transferencia de Calor en el Tanque por Parásitos en Ciclo Activo,Débit de transfert de chaleur parasitaire du réservoir du chauffe-eau en cycle actif,Ballon d'eau chaude: Flux thermique du ballon dû aux auxiliaires en cycle actif,Y,Y
Water Heater OtherFuel1 Energy,Energía de Otro Combustible 1 del Calentador de Agua,Calentador de Agua: Energía de Combustible Alternativo 1,Énergie Chauffe-eau Autre Combustible 1,Chauffe-Eau: Énergie Combustible Alternatif 1,Y,Y
Water Heater OtherFuel1 Rate,Tasa de Otro Combustible 1 del Calentador de Agua,Calentador de Agua: Tasa de Otro Combustible 1,Débit de Combustible Auxiliaire 1 du Chauffe-Eau,Chauffe-eau : Débit de combustible alternatif 1,Y,Y
Water Heater OtherFuel2 Energy,Energía de Otro Combustible 2 del Calentador de Agua,Calentador de Agua: Energía Otro Combustible 2,Énergie Chauffe-eau Autre Combustible2,Chauffe-Eau : Énergie Combustible Auxiliaire 2,Y,Y
Water Heater OtherFuel2 Rate,Tasa de Otro Combustible 2 del Calentador de Agua,Calentador de Agua: Tasa de Combustible Alternativo 2,Débit du Chauffe-eau Autre Combustible 2,Chauffe-eau : Débit de Combustible Auxiliaire 2,Y,Y
Water Heater Part Load Ratio,Relación de Carga Parcial del Calentador de Agua,Calentador de Agua: Relación de Carga Parcial,Rapport de charge partielle du chauffe-eau,Chauffe-eau: Rapport de Charge Partielle,Y,Y
Water Heater Propane Energy,Energía de Propano del Calentador de Agua,Calentador de Agua: Energía de Propano,Énergie Propane du Chauffe-Eau,Chauffe-eau : Énergie Propane,Y,Y
Water Heater Propane Rate,Tasa de Propano del Calentador de Agua,Calentador de Agua: Velocidad de Consumo de Propano,Débit de propane du chauffe-eau,Chauffe-eau : Débit de propane,Y,Y
Water Heater Runtime Fraction,Fracción de Tiempo en Funcionamiento del Calentador de Agua,Calentador de Agua: Fracción de Tiempo de Funcionamiento,Fraction de temps de fonctionnement du chauffe-eau,Chauffe-eau : Fraction de Fonctionnement,Y,Y
Water Heater Source Side Heat Transfer Energy,Energía de Transferencia de Calor del Lado Fuente del Calentador de Agua,Calefactor de Agua: Energía de Transferencia de Calor del Lado Fuente,Énergie de transfert thermique côté source du chauffe-eau,Chauffe-eau: Énergie de transfert thermique côté source,Y,Y
Water Heater Source Side Heat Transfer Rate,Tasa de Transferencia de Calor del Lado Fuente del Calentador de Agua,Calentador de Agua: Tasa de Transferencia de Calor Lado Fuente,Débit de transfert de chaleur côté source du chauffe-eau,Chauffe-eau : Débit de transfert thermique côté source,Y,Y
Water Heater Source Side Inlet Temperature,Temperatura de Entrada del Lado Fuente del Calentador de Agua,Calentador de Agua: Temperatura de Entrada Lado Fuente,Température d&apos;entrée du côté source du chauffe-eau,Chauffe-eau: Température d'entrée côté source,Y,Y
Water Heater Source Side Mass Flow Rate,Caudal Másico del Lado Fuente del Calentador de Agua,Calentador de Agua: Flujo Másico del Lado Fuente,Débit massique du côté source du chauffe-eau,Chauffe-eau : Débit massique côté source,Y,Y
Water Heater Source Side Outlet Temperature,Temperatura de Salida del Lado Fuente del Calentador de Agua,Calentador de Agua: Temperatura de Salida Lado Fuente,Température de sortie côté source du chauffe-eau,Chauffe-eau : Température de Sortie du Côté Source,Y,Y
Water Heater Tank Temperature,Temperatura del Tanque del Calentador de Agua,Calentador de Agua: Temperatura del Depósito,Température du réservoir du chauffe-eau,Ballon d'eau chaude : Température du ballon,Y,Y
Water Heater Temperature Node 1,Temperatura del Nodo 1 del Calentador de Agua,Calentador de Agua: Temperatura Nudo 1,Nœud 1 de température du chauffe-eau,Chauffe-eau : Température Nœud 1,Y,Y
Water Heater Temperature Node 10,Temperatura del Nodo 10 del Calentador de Agua,Calentador de Agua: Temperatura del Nodo 10,Nœud de température du chauffe-eau 10,Chauffe-eau : Température Nœud 10,Y,Y
Water Heater Temperature Node 11,Temperatura del Nodo 11 del Calentador de Agua,Calentador de Agua: Temperatura Nodo 11,Nœud de température du chauffe-eau 11,Chauffe-eau : Température Nœud 11,Y,Y
Water Heater Temperature Node 12,Temperatura del Nodo 12 del Calentador de Agua,Calentador de Agua: Temperatura Nodo 12,Nœud de Température du Chauffe-Eau 12,Chauffe-eau : Température Nœud 12,Y,Y
Water Heater Temperature Node 2,Temperatura del Nodo 2 del Calentador de Agua,Calentador de Agua: Temperatura del Nodo 2,Nœud 2 de température du ballon d&apos;eau chaude,Chauffe-eau : Température Nœud 2,Y,Y
Water Heater Temperature Node 3,Temperatura del Nodo 3 del Calentador de Agua,Calentador de Agua: Temperatura del Nodo 3,Nœud de température du chauffe-eau 3,Chauffe-eau : Température Nœud 3,Y,Y
Water Heater Temperature Node 4,Temperatura del Nodo 4 del Calentador de Agua,Calentador de Agua: Temperatura Nodo 4,Nœud de température du chauffe-eau 4,Chauffe-eau : Température du Nœud 4,Y,Y
Water Heater Temperature Node 5,Temperatura del Nodo 5 del Calentador de Agua,Calentador de Agua: Temperatura Nodo 5,Nœud de température du chauffe-eau 5,Chauffe-eau : Température au nœud 5,Y,Y
Water Heater Temperature Node 6,Temperatura del Nodo 6 del Calentador de Agua,Calentador de Agua: Temperatura Nodo 6,Nœud de température du ballon d&apos;eau chaude 6,Chauffe-eau : Température au nœud 6,Y,Y
Water Heater Temperature Node 7,Temperatura del Nodo 7 del Calentador de Agua,Calentador de Agua: Temperatura Nodo 7,Nœud de Température du Chauffe-eau 7,Chauffe-eau : Température Nœud 7,Y,Y
Water Heater Temperature Node 8,Temperatura del Nodo 8 del Calentador de Agua,Calentador de Agua: Temperatura Nudo 8,Nœud de Température du Chauffe-eau 8,Chauffe-Eau : Température Nœud 8,Y,Y
Water Heater Temperature Node 9,Temperatura del Nodo 9 del Calentador de Agua,Calentador de Agua: Temperatura Nodo 9,Nœud de température du chauffe-eau 9,Chauffe-eau : Température Nœud 9,Y,Y
Water Heater Total Demand Energy,Energía de Demanda Total del Calentador de Agua,Calentador de Agua: Energía Total Demandada,Énergie Totale Demandée du Chauffe-eau,Chauffe-eau: Énergie totale demandée,Y,Y
Water Heater Total Demand Heat Transfer Rate,Tasa de Transferencia de Calor de Demanda Total del Calentador de Agua,Calentador de Agua: Velocidad Total de Transferencia de Calor Demandada,Débit de transfert thermique total demandé du ballon d&apos;eau chaude,Cumulus Thermique: Débit Thermique Total Demandé,Y,Y
Water Heater Unmet Demand Heat Transfer Energy,Energía de Transferencia de Calor de Demanda No Satisfecha del Calentador de Agua,Calentador de Agua: Energía de Transferencia de Calor de Demanda Insatisfecha,Énergie de transfert thermique de demande non satisfaite du chauffe-eau,Chauffe-Eau : Énergie de Transfert Thermique de Demande Non Satisfaite,Y,Y
Water Heater Unmet Demand Heat Transfer Rate,Tasa de Transferencia de Calor de Demanda No Satisfecha del Calentador de Agua,Calentador de Agua: Tasa de Transferencia de Calor de Demanda No Satisfecha,Débit de transfert thermique de la demande non satisfaite du chauffe-eau,Chauffe-eau : Débit thermique de demande non satisfaite,Y,Y
Water Heater Use Side Heat Transfer Energy,Energía de Transferencia de Calor del Lado de Uso del Calentador de Agua,Calentador de Agua: Energía de Transferencia de Calor del Lado de Uso,Énergie de transfert thermique du côté utilisation du chauffe-eau,Chauffe-eau : Énergie de transfert thermique côté utilisation,Y,Y
Water Heater Use Side Heat Transfer Rate,Tasa de Transferencia de Calor del Lado de Uso del Calentador de Agua,Calentador de Agua: Velocidad de Transferencia de Calor del Lado de Uso,Débit de transfert de chaleur côté consommation du ballon d&apos;eau chaude,Chauffe-eau : Débit de transfert thermique côté utilisation,Y,Y
Water Heater Use Side Inlet Temperature,Temperatura de Entrada del Lado de Uso del Calentador de Agua,Calentador de Agua: Temperatura de Entrada del Lado de Uso,Température d&apos;entrée côté utilisation du chauffe-eau,Chauffe-Eau : Température d'Entrée du Côté Utilisation,Y,Y
Water Heater Use Side Mass Flow Rate,Caudal Másico del Lado de Uso del Calentador de Agua,Calentador de Agua: Caudal Másico del Lado de Uso,Débit massique côté utilisation du chauffe-eau,Ballon d'eau chaude : Débit massique côté utilisation,Y,Y
Water Heater Use Side Outlet Temperature,Temperatura de Salida del Lado de Uso del Calentador de Agua,Calefactor de Agua: Temperatura de Salida del Lado de Uso,Température de sortie côté utilisation du chauffe-eau,Chauffe-eau : Température de Sortie Côté Utilisation,Y,Y
Water Heater Venting Heat Transfer Energy,Energía de Transferencia de Calor por Ventilación del Calentador de Agua,Calentador de Agua: Energía de Transferencia de Calor por Ventilación,Énergie de transfert de chaleur d&apos;évacuation du chauffe-eau,Chauffe-eau : Énergie de transfert de chaleur par ventilation,Y,Y
Water Heater Venting Heat Transfer Rate,Tasa de Transferencia de Calor por Ventilación del Calentador de Agua,Calentador de Agua: Tasa de Transferencia de Calor por Venteo,Débit de transfert thermique de ventilation du chauffe-eau,Chauffe-eau : Débit de transfert thermique d'évacuation,Y,Y
Water Heater Water Volume,Volumen de Agua del Calentador de Agua,Calentador de Agua: Volumen de Agua,Volume d&apos;eau du chauffe-eau,Ballon d'eau chaude: Volume d'eau,Y,Y
Water Heater Water Volume Flow Rate,Caudal Volumétrico de Agua del Calentador de Agua,Calefactor de Agua: Caudal Volumétrico de Agua,Débit volumétrique d&apos;eau du chauffe-eau,Chauffe-eau : Débit volumique d'eau,Y,Y
Water Use Connections Cold Water Mass Flow Rate,Caudal Másico de Agua Fría de las Conexiones de Uso de Agua,Conexiones de Agua: Tasa de Flujo Másico de Agua Fría,Débit Massique d&apos;Eau Froide des Connexions d&apos;Utilisation d&apos;Eau,Connexions d'Utilisation d'Eau: Débit Massique d'Eau Froide,Y,Y
Water Use Connections Cold Water Temperature,Temperatura del Agua Fría de las Conexiones de Uso de Agua,Conexiones de Uso de Agua: Temperatura del Agua Fría,Connexions d&apos;utilisation d&apos;eau - Température de l&apos;eau froide,Connections d'utilisation d'eau : Température de l'eau froide,Y,Y
Water Use Connections Cold Water Volume,Volumen de Agua Fría de las Conexiones de Uso de Agua,Conexiones de Uso de Agua: Volumen de Agua Fría,Volume d&apos;eau froide des connexions d&apos;utilisation d&apos;eau,Connexions d'Utilisation d'Eau : Volume d'Eau Froide,Y,Y
Water Use Connections Cold Water Volume Flow Rate,Caudal Volumétrico de Agua Fría de las Conexiones de Uso de Agua,Conexiones de Agua: Tasa de Flujo Volumétrico de Agua Fría,Débit volumique d&apos;eau froide des raccordements d&apos;utilisation d&apos;eau,Connexions d'Utilisation d'Eau : Débit Volumique d'Eau Froide,Y,Y
Water Use Connections Drain Water Mass Flow Rate,Caudal Másico del Agua de Drenaje de las Conexiones de Uso de Agua,Conexiones de Uso de Agua: Flujo Másico de Agua de Drenaje,Débit massique de l&apos;eau d&apos;évacuation des connexions d&apos;utilisation d&apos;eau,Connexions d'Usage de l'Eau: Débit Massique des Eaux de Drainage,Y,Y
Water Use Connections Drain Water Temperature,Temperatura del Agua de Drenaje de las Conexiones de Uso de Agua,Conexiones de Uso de Agua: Temperatura del Agua de Drenaje,Température de l&apos;eau d&apos;évacuation des connexions de consommation d&apos;eau,Connexions d'Utilisation d'Eau: Température de l'Eau de Drainage,Y,Y
Water Use Connections Heat Recovery Effectiveness,Efectividad de Recuperación de Calor de las Conexiones de Uso de Agua,Conexiones de Uso de Agua: Efectividad de Recuperación de Calor,Efficacité de la récupération de chaleur des connexions d&apos;utilisation d&apos;eau,Connexions d'utilisation de l'eau : Efficacité de la récupération de chaleur,Y,Y
Water Use Connections Heat Recovery Energy,Energía de Recuperación de Calor de las Conexiones de Uso de Agua,Conexiones de Uso de Agua: Energía Recuperada,Énergie de récupération de chaleur des connexions d&apos;utilisation d&apos;eau,Connections d'eau: Énergie de récupération thermique,Y,Y
Water Use Connections Heat Recovery Mass Flow Rate,Caudal Másico de Recuperación de Calor de las Conexiones de Uso de Agua,Conexiones de Uso de Agua: Tasa de Flujo de Masa de Recuperación de Calor,Débit massique de récupération de chaleur des connexions d&apos;utilisation d&apos;eau,Connexions d'Utilisation d'Eau : Débit Massique de Récupération de Chaleur,Y,Y
Water Use Connections Heat Recovery Rate,Tasa de Recuperación de Calor de las Conexiones de Uso de Agua,Conexiones de Uso de Agua: Velocidad de Recuperación de Calor,Débit de récupération de chaleur des connexions d&apos;utilisation d&apos;eau,Raccordements d'Eau : Débit de Chaleur Récupérée,Y,Y
Water Use Connections Heat Recovery Water Temperature,Temperatura del Agua de Recuperación de Calor de las Conexiones de Uso de Agua,Conexiones de Uso de Agua: Temperatura de Agua con Recuperación de Calor,Température de l&apos;eau de récupération de chaleur des connexions d&apos;utilisation d&apos;eau,Connexions d'utilisation de l'eau : Température de l'eau en récupération de chaleur,Y,Y
Water Use Connections Hot Water Mass Flow Rate,Caudal Másico de Agua Caliente de las Conexiones de Uso de Agua,Conexiones de Uso de Agua: Flujo Másico de Agua Caliente,Débit Massique d&apos;Eau Chaude des Connexions d&apos;Utilisation d&apos;Eau,Raccordements de consommation d'eau : Débit massique d'eau chaude,Y,Y
Water Use Connections Hot Water Temperature,Temperatura del Agua Caliente de las Conexiones de Uso de Agua,Conexiones de Uso de Agua: Temperatura de Agua Caliente,Connexions d&apos;utilisation d&apos;eau - Température de l&apos;eau chaude,Raccordements de Consommation d'Eau : Température de l'Eau Chaude,Y,Y
Water Use Connections Hot Water Volume,Volumen de Agua Caliente de las Conexiones de Uso de Agua,Conexiones de Uso de Agua: Volumen de Agua Caliente,Connexions d&apos;utilisation d&apos;eau Volume d&apos;eau chaude,Connexions d'approvisionnement en eau : Volume d'eau chaude,Y,Y
Water Use Connections Hot Water Volume Flow Rate,Caudal Volumétrico de Agua Caliente de las Conexiones de Uso de Agua,Conexiones de Uso de Agua: Caudal Volumétrico de Agua Caliente,Débit volumétrique d&apos;eau chaude des connexions d&apos;utilisation d&apos;eau,Connexions d'Utilisation d'Eau : Débit Volumique d'Eau Chaude,Y,Y
Water Use Connections Plant Hot Water Energy,Energía de Agua Caliente de Planta de las Conexiones de Uso de Agua,Conexiones de Uso de Agua: Energía de Agua Caliente del Circuito Hidráulico,Connexions d&apos;utilisation d&apos;eau - Énergie eau chaude de la centrale,Water Use Connections: Énergie eau chaude de la boucle de circulation,Y,Y
Water Use Connections Return Water Temperature,Temperatura del Agua de Retorno de las Conexiones de Uso de Agua,Conexiones de Uso de Agua: Temperatura del Agua de Retorno,Température de retour de l&apos;eau des connexions d&apos;utilisation d&apos;eau,Connexions de Consommation d'Eau : Température de l'Eau de Retour,Y,Y
Water Use Connections Total Mass Flow Rate,Caudal Másico Total de las Conexiones de Uso de Agua,Conexiones de Uso de Agua: Tasa Total de Flujo Másico,Débit massique total des connexions d&apos;utilisation d&apos;eau,Raccordements d'eau: Débit massique total,Y,Y
Water Use Connections Total Volume,Volumen Total de las Conexiones de Uso de Agua,Conexiones de Uso de Agua: Volumen Total,Volume Total des Connexions d&apos;Utilisation d&apos;Eau,Connexions d'utilisation d'eau : Volume total,Y,Y
Water Use Connections Total Volume Flow Rate,Caudal Volumétrico Total de las Conexiones de Uso de Agua,Conexiones de Uso de Agua: Tasa de Flujo Volumétrico Total,Débit volumique total des connexions d&apos;utilisation d&apos;eau,Connexions d'Eau : Débit Volumique Total,Y,Y
Water Use Connections Waste Water Temperature,Temperatura del Agua Residual de las Conexiones de Uso de Agua,Conexiones de Uso de Agua: Temperatura del Agua Residual,Connexions d&apos;utilisation d&apos;eau - Température des eaux usées,Water Use Connections: Température de l'eau usée,Y,Y
Windows Total Heat Gain Energy,Energía de Ganancia de Calor Total por Ventanas,Ventanas: Energía Total de Ganancia de Calor,Énergie totale de gain thermique par les fenêtres,Fenêtres: Énergie de gain thermique total,Y,Y
Windows Total Heat Gain Rate,Tasa de Ganancia de Calor Total por Ventanas,Ventanas: Tasa de Ganancia de Calor Total,Taux Total de Gain de Chaleur par les Fenêtres,Fenêtres : Débit de gain de chaleur total,Y,Y
Windows Total Heat Loss Energy,Energía de Pérdida de Calor Total por Ventanas,Ventanas: Energía Total de Pérdida de Calor,Énergie totale de perte de chaleur des fenêtres,Fenêtres : Énergie totale de déperdition thermique,Y,Y
Windows Total Heat Loss Rate,Tasa de Pérdida de Calor Total por Ventanas,Ventanas: Tasa Total de Pérdida de Calor,Débit total de perte de chaleur par les fenêtres,Fenêtres : Débit de perte de chaleur totale,Y,Y
Windows Total Transmitted Solar Radiation Energy,Energía de Radiación Solar Transmitida Total por Ventanas,Ventanas: Energía Total de Radiación Solar Transmitida,Énergie solaire totale transmise par les fenêtres,Fenêtres: Énergie du rayonnement solaire transmis total,Y,Y
Windows Total Transmitted Solar Radiation Rate,Tasa de Radiación Solar Transmitida Total por Ventanas,Ventanas: Tasa de Radiación Solar Transmitida Total,Taux de Rayonnement Solaire Total Transmis par les Fenêtres,Fenêtres : Débit de rayonnement solaire total transmis,Y,Y
Zone Air CO2 Concentration,Concentración de CO2 del Aire de la Zona,Zona: Aire: Concentración de CO2,Concentration de CO2 dans l&apos;air de la zone,Zone: Air: Concentration en CO2,Y,Y
Zone Air CO2 Internal Gain Volume Flow Rate,Caudal Volumétrico de Ganancia Interna de CO2 del Aire de la Zona,Zona: Aire: Tasa de Flujo Volumétrico de Ganancia Interna de CO2,Débit de volume interne de CO2 de l&apos;air de la zone,Zone: Air: Débit volumique interne de gain en CO2,Y,Y
Zone Air Generic Air Contaminant Concentration,Concentración de Contaminante Genérico del Aire de la Zona,Zona: Aire: Concentración de Contaminante Genérico del Aire,Concentration générique de contaminant dans l&apos;air de zone,Zone: Air: Concentration de Contaminant Générique de l'Air,Y,Y
Zone Air Heat Balance Air Energy Storage Rate,Tasa de Almacenamiento de Energía del Aire en el Balance Térmico del Aire de la Zona,Zona: Balance Térmico del Aire: Velocidad de Almacenamiento de Energía del Aire,Débit de stockage d&apos;énergie thermique de l&apos;air de la zone,Zone : Bilan Thermique de l'Air : Débit d'Accumulation d'Énergie de l'Air,Y,Y
Zone Air Heat Balance Deviation Rate,Tasa de Desviación del Balance Térmico del Aire de la Zona,Zona: Balance de Calor del Aire: Tasa de Desviación,Taux de déviation du bilan thermique de l&apos;air de la zone,Zone: Écart du bilan thermique de l'air,Y,Y
Zone Air Heat Balance Internal Convective Heat Gain Rate,Tasa de Ganancia de Calor Convectivo Interno del Balance Térmico del Aire de la Zona,Zona: Balance Térmico del Aire: Tasa de Ganancia Convectiva de Calor Interno,Débit de gain de chaleur convectif interne de l&apos;équilibre thermique de l&apos;air de zone,Zone: Bilan thermique de l'air: Débit du gain thermique convectif interne,Y,Y
Zone Air Heat Balance Interzone Air Transfer Rate,Tasa de Transferencia de Aire entre Zonas del Balance Térmico del Aire de la Zona,Zona: Balance de Calor del Aire: Velocidad de Transferencia de Aire Entre Zonas,Zone Air Heat Balance Interzone Air Transfer Rate,Zone : Bilan Thermique de l'Air : Débit de Transfert Thermique d'Air Interzone,Y,Y
Zone Air Heat Balance Outdoor Air Transfer Rate,Tasa de Transferencia de Aire Exterior del Balance Térmico del Aire de la Zona,Zona: Balance Térmico del Aire: Tasa de Transferencia de Aire Exterior,Débit de transfert d&apos;air extérieur du bilan thermique de l&apos;air de la zone,Zone: Bilan Thermique de l'Air: Débit de Transfert Thermique de l'Air Extérieur,Y,Y
Zone Air Heat Balance Surface Convection Rate,Tasa de Convección de Superficies del Balance Térmico del Aire de la Zona,Zona: Balance de Calor del Aire: Tasa de Convección en Superficie,Débit de convection surfacique du bilan thermique de l&apos;air de la zone,Zone: Bilan thermique de l'air: Débit de convection des surfaces,Y,Y
Zone Air Heat Balance System Air Transfer Rate,Tasa de Transferencia de Aire del Sistema del Balance Térmico del Aire de la Zona,Zona: Balance Térmico del Aire: Velocidad de Transferencia de Aire del Sistema,Zone Air Heat Balance System Air Transfer Rate,Zone: Bilan Thermique de l'Air: Débit de Transfert Thermique du Système d'Air,Y,Y
Zone Air Heat Balance System Convective Heat Gain Rate,Tasa de Ganancia de Calor Convectivo del Sistema del Balance Térmico del Aire de la Zona,Zona: Balance de Calor del Aire: Tasa de Ganancia de Calor Convectivo del Sistema,Débit de gain de chaleur par convection du système d&apos;équilibre thermique de l&apos;air de la zone,Zone: Bilan thermique de l'air: Taux de gain thermique convectif du système,Y,Y
Zone Air Humidity Ratio,Relación de Humedad del Aire de la Zona,Zona: Aire: Razón de Humedad,Ratio d&apos;humidité de l&apos;air de la zone,Zone: Air: Ratio d'humidité,Y,Y
Zone Air Relative Humidity,Humedad Relativa del Aire de la Zona,Zona: Aire: Humedad Relativa,Humidité Relative de l&apos;Air de la Zone,Zone: Air: Humidité Relative,Y,Y
Zone Air System Sensible Cooling Energy,Energía de Enfriamiento Sensible del Sistema de Aire de la Zona,Zona: Energía de Enfriamiento Sensible del Sistema de Aire,Énergie de refroidissement sensible du système d&apos;air de zone,Zone: Énergie frigorifique sensible du système d'air,Y,Y
Zone Air System Sensible Cooling Rate,Tasa de Enfriamiento Sensible del Sistema de Aire de la Zona,Zona: Sistema de Aire: Velocidad de Enfriamiento Sensible,Débit de refroidissement sensible du système d&apos;air de zone,Zone: Débit de refroidissement sensible du système de climatisation,Y,Y
Zone Air System Sensible Heating Energy,Energía de Calefacción Sensible del Sistema de Aire de la Zona,Zona: Sistema de Aire: Energía de Calefacción Sensible,Énergie de chauffage sensible du système d&apos;air de zone,Zone: Système d'air: Énergie de chauffage sensible,Y,Y
Zone Air System Sensible Heating Rate,Tasa de Calefacción Sensible del Sistema de Aire de la Zona,Zona: Sistema de Aire: Tasa de Calentamiento Sensible,Débit de chauffage sensible du système d&apos;air de zone,Zone: Système d'air: Débit de chauffage sensible,Y,Y
Zone Air Temperature,Temperatura del Aire de la Zona,Zona: Aire: Temperatura,Température de l&apos;air de la zone,Zone: Air: Température,Y,Y
Zone Air Terminal Sensible Cooling Energy,Energía de Enfriamiento Sensible del Terminal de Aire de la Zona,Zona: Terminal de Aire: Energía de Enfriamiento Sensible,Énergie de refroidissement sensible du terminal d&apos;air de la zone,Zone : Terminal d'air : Énergie de refroidissement sensible,Y,Y
Zone Air Terminal Sensible Cooling Rate,Tasa de Enfriamiento Sensible del Terminal de Aire de la Zona,Zona: Terminal de Aire: Tasa de Enfriamiento Sensible,Débit de refroidissement sensible de l&apos;air de la zone,Zone: Terminal d'air : Puissance frigorifique sensible,Y,Y
Zone Air Terminal Sensible Heating Energy,Energía de Calefacción Sensible del Terminal de Aire de la Zona,Zona: Terminal de Aire: Energía de Calentamiento Sensible,Énergie de Chauffage Sensible du Terminal d&apos;Air de Zone,Zone: Terminaison d'Air: Énergie de Chauffage Sensible,Y,Y
Zone Air Terminal Sensible Heating Rate,Tasa de Calefacción Sensible del Terminal de Aire de la Zona,Zona: Terminal de Aire: Velocidad de Calentamiento Sensible,Débit calorifique sensible du terminal d&apos;air de la zone,Zone: Débit de Chaleur Sensible du Terminal d'Air,Y,Y
Zone Dehumidifier Electricity Energy,Energía Eléctrica del Deshumidificador de Zona,Zona: Deshumidificador: Energía Eléctrica,Zone Dehumidifier Electricity Energy,Zone: Déshumidificateur: Énergie Électrique,Y,Y
Zone Dehumidifier Electricity Rate,Tasa de Electricidad del Deshumidificador de Zona,Zona: Deshumidificador: Potencia Eléctrica,Débit d&apos;électricité du déshumidificateur de zone,Zone: Déshumidificateur: Puissance électrique,Y,Y
Zone Dehumidifier Off Cycle Parasitic Electricity Energy,Energía Eléctrica Parásita en Ciclo Apagado del Deshumidificador de Zona,Zona: Deshumidificador: Energía Eléctrica Parasitaria en Ciclo Apagado,Énergie électrique parasite de cycle d&apos;arrêt du déshumidificateur de zone,Zone : Déshumidificateur : Énergie Électrique Parasite en Cycle Arrêt,Y,Y
Zone Dehumidifier Off Cycle Parasitic Electricity Rate,Tasa de Electricidad Parásita en Ciclo Apagado del Deshumidificador de Zona,Zona: Deshumidificador: Tasa de Electricidad Parásita en Ciclo Apagado,Débit d&apos;électricité parasite du déshumidificateur de zone en cycle arrêt,Zone: Déshumidificateur: Consommation Électrique Parasite en Cycle Arrêt,Y,Y
Zone Dehumidifier Outlet Air Temperature,Temperatura del Aire de Salida del Deshumidificador de Zona,Zona: Deshumidificador: Temperatura del Aire de Salida,Température de l&apos;air à la sortie du déshumidificateur de zone,Zone: Déshumidificateur: Température de l'air à la sortie,Y,Y
Zone Dehumidifier Part Load Ratio,Relación de Carga Parcial del Deshumidificador de Zona,Zona: Deshumidificador: Relación de Carga Parcial,Taux de charge partielle du déshumidificateur de zone,Zone: Déshumidificateur: Taux de Charge Partielle,Y,Y
Zone Dehumidifier Removed Water Mass,Masa de Agua Extraída por el Deshumidificador de Zona,Zona: Deshumidificador: Masa de Agua Removida,Masse d&apos;eau supprimée du déshumidificateur de zone,Zone : Déshumidificateur : Masse d'eau extraite,Y,Y
Zone Dehumidifier Removed Water Mass Flow Rate,Caudal Másico de Agua Extraída por el Deshumidificador de Zona,Zona: Deshumidificador: Caudal Másico de Agua Removida,Débit massique d&apos;eau extraite par le déshumidificateur de zone,Zone: Déshumidificateur: Débit massique d'eau évacuée,Y,Y
Zone Dehumidifier Runtime Fraction,Fracción de Tiempo en Funcionamiento del Deshumidificador de Zona,Zona: Deshumidificador: Fracción de Tiempo de Operación,Fraction de Temps d&apos;Exécution du Déshumidificateur de Zone,Zone: Déshumidificateur: Fraction de Fonctionnement,Y,Y
Zone Dehumidifier Sensible Heating Energy,Energía de Calefacción Sensible del Deshumidificador de Zona,Zona: Deshumidificador: Energía de Calentamiento Sensible,Énergie de chauffage sensible du déshumidificateur de zone,Zone: Déshumidificateur: Énergie de Chauffage Sensible,Y,Y
Zone Dehumidifier Sensible Heating Rate,Tasa de Calefacción Sensible del Deshumidificador de Zona,Zona: Deshumidificador: Velocidad de Calentamiento Sensible,Débit de chaleur sensible du déshumidificateur de zone,Zone: Déshumidificateur: Débit de Chauffage Sensible,Y,Y
Zone Electric Equipment Convective Heating Energy,Energía de Calefacción Convectiva del Equipo Eléctrico de Zona,Zona: Equipos Eléctricos: Energía Convectiva de Calentamiento,Zone Electric Equipment Convective Heating Energy,Zone : Équipement électrique : Énergie de chauffage par convection,Y,Y
Zone Electric Equipment Convective Heating Rate,Tasa de Calefacción Convectiva del Equipo Eléctrico de Zona,Zona: Equipo Eléctrico: Tasa de Calentamiento Convectivo,Taux de chauffage convectif des équipements électriques de la zone,Zone : Équipement Électrique : Débit de Chaleur par Convection,Y,Y
Zone Electric Equipment Electricity Energy,Energía Eléctrica del Equipo Eléctrico de Zona,Zona: Equipo Eléctrico: Energía Eléctrica,Électricité consommée par les équipements électriques de la zone,Zone: Équipement électrique: Énergie électrique,Y,Y
Zone Electric Equipment Electricity Rate,Tasa de Electricidad del Equipo Eléctrico de Zona,Zona: Equipos Eléctricos: Tasa de Electricidad,Taux d&apos;électricité du matériel électrique de zone,Zone : Équipement électrique : Puissance électrique,Y,Y
Zone Electric Equipment Latent Gain Energy,Energía de Ganancia Latente del Equipo Eléctrico de Zona,Zona: Equipo Eléctrico: Energía de Ganancia Latente,Énergie des Apports de Chaleur Latente des Équipements Électriques de la Zone,Zone: Équipement Électrique: Énergie de Gain Latent,Y,Y
Zone Electric Equipment Latent Gain Rate,Tasa de Ganancia Latente del Equipo Eléctrico de Zona,Zona: Equipo Eléctrico: Tasa de Ganancia Latente,Taux de gain latent de l&apos;équipement électrique de la zone,Zone: Équipement électrique: Flux de gain latent,Y,Y
Zone Electric Equipment Lost Heat Energy,Energía de Calor Perdido del Equipo Eléctrico de Zona,Zona: Equipo Eléctrico: Energía de Calor Perdido,Énergie thermique perdue des équipements électriques de la zone,Zone : Équipement électrique : Énergie de chaleur perdue,Y,Y
Zone Electric Equipment Lost Heat Rate,Tasa de Calor Perdido del Equipo Eléctrico de Zona,Zona: Equipo Eléctrico: Tasa de Calor Perdido,Taux de perte thermique de l&apos;équipement électrique de zone,Zone: Équipement Électrique: Débit de Chaleur Perdue,Y,Y
Zone Electric Equipment Radiant Heating Energy,Energía de Calefacción Radiante del Equipo Eléctrico de Zona,Zona: Equipo Eléctrico: Energía de Calentamiento Radiante,Énergie de chauffage radiatif de l&apos;équipement électrique de la zone,Zone: Équipement électrique: Énergie de chauffage radiatif,Y,Y
Zone Electric Equipment Radiant Heating Rate,Tasa de Calefacción Radiante del Equipo Eléctrico de Zona,Zona: Equipo Eléctrico: Tasa de Calefacción Radiante,Débit de rayonnement thermique des équipements électriques de la zone,Zone: Équipement Électrique: Puissance de Chauffage Radiatif,Y,Y
Zone Electric Equipment Total Heating Energy,Energía de Calefacción Total del Equipo Eléctrico de Zona,Zona: Equipo Eléctrico: Energía Total de Calentamiento,Énergie de chauffage totale de l&apos;équipement électrique de la zone,Zone: Équipement Électrique: Énergie Thermique Totale,Y,Y
Zone Electric Equipment Total Heating Rate,Tasa de Calefacción Total del Equipo Eléctrico de Zona,Zona: Equipo Eléctrico: Tasa Total de Calor Generado,Zone Electric Equipment Total Heating Rate,Zone: Équipements Électriques: Puissance Thermique Totale,Y,Y
Zone Exterior Windows Total Transmitted Beam Solar Radiation Energy,Energía de Radiación Solar de Haz Transmitida Total por Ventanas Exteriores de Zona,Zona: Ventanas Exteriores: Energía Total de Radiación Solar Directa Transmitida,Énergie du rayonnement solaire direct transmis par les fenêtres extérieures de la zone,Zone: Fenêtres Extérieures: Énergie du Rayonnement Solaire Direct Transmis Total,Y,Y
Zone Exterior Windows Total Transmitted Beam Solar Radiation Rate,Tasa de Radiación Solar de Haz Transmitida Total por Ventanas Exteriores de Zona,Zona: Ventanas Exteriores: Velocidad Total de Radiación Solar Directa Transmitida,Taux de rayonnement solaire direct transmis total par les fenêtres extérieures de la zone,Zone: Fenêtres extérieures: Débit du rayonnement solaire direct transmis total,Y,Y
Zone Exterior Windows Total Transmitted Diffuse Solar Radiation Energy,Energía de Radiación Solar Difusa Transmitida Total por Ventanas Exteriores de Zona,Zona: Ventanas Exteriores: Energía Total de Radiación Solar Difusa Transmitida,Zone Exterior Windows Total Transmitted Diffuse Solar Radiation Energy,Zone : Fenêtres Extérieures : Énergie du Rayonnement Solaire Diffus Transmis Total,Y,Y
Zone Exterior Windows Total Transmitted Diffuse Solar Radiation Rate,Tasa de Radiación Solar Difusa Transmitida Total por Ventanas Exteriores de Zona,Zona: Ventanas Exteriores: Velocidad de Radiación Solar Difusa Transmitida Total,Zone Exterior Windows Total Transmitted Diffuse Solar Radiation Rate,Zone: Fenêtres Extérieures: Puissance Radiative Solaire Diffuse Transmise Totale,Y,Y
Zone Gas Equipment Convective Heating Energy,Energía de Calefacción Convectiva del Equipo de Gas de Zona,Zona: Equipo de Gas: Energía de Calentamiento Convectivo,Énergie de chauffage par convection des équipements gaz de zone,Zone: Énergie de chauffage convective de l'équipement à gaz,Y,Y
Zone Gas Equipment Convective Heating Rate,Tasa de Calefacción Convectiva del Equipo de Gas de Zona,Zona: Equipos de Gas: Tasa de Calentamiento Convectivo,Taux de chauffage par convection de l&apos;équipement à gaz de zone,Zone: Équipement à Gaz: Débit de Chaleur Convectif,Y,Y
Zone Gas Equipment Latent Gain Energy,Energía de Ganancia Latente del Equipo de Gas de Zona,Zona: Equipamiento de Gas: Energía de Ganancia Latente,Énergie de Gain Latent des Équipements à Gaz de la Zone,Zone: Énergie de Gain Latent Équipement Gaz,Y,Y
Zone Gas Equipment Latent Gain Rate,Tasa de Ganancia Latente del Equipo de Gas de Zona,Zona: Equipo de Gas: Tasa de Ganancia de Calor Latente,Débit de gain latent des équipements à gaz de la zone,Zone: Équipement à Gaz: Flux de Gain Latent,Y,Y
Zone Gas Equipment Lost Heat Energy,Energía de Calor Perdido del Equipo de Gas de Zona,Zona: Equipo de Gas: Energía de Calor Perdido,Énergie perdue de la chaleur due aux équipements à gaz de la zone,Zone: Équipement au Gaz: Énergie Thermique Perdue,Y,Y
Zone Gas Equipment Lost Heat Rate,Tasa de Calor Perdido del Equipo de Gas de Zona,Zona: Equipo a Gas: Tasa de Calor Perdido,Débit de chaleur perdue des équipements à gaz de la zone,Zone: Équipement à Gaz: Débit de Chaleur Perdue,Y,Y
Zone Gas Equipment NaturalGas Energy,Energía de Gas Natural del Equipo de Gas de Zona,Zona: Equipo de Gas: Energía de Gas Natural,Zone Gas Equipment NaturalGas Energy,Zone: Équipement à gaz: Énergie gaz naturel,Y,Y
Zone Gas Equipment NaturalGas Rate,Tasa de Gas Natural del Equipo de Gas de Zona,Zona: Tasa de Gas Natural de Equipo de Gas,Zone Gas Equipment NaturalGas Rate,Zone: Équipement Gaz: Débit de Gaz Naturel,Y,Y
Zone Gas Equipment Radiant Heating Energy,Energía de Calefacción Radiante del Equipo de Gas de Zona,Zona: Energía de Calefacción Radiante por Equipo a Gas,Énergie radiative de chauffage par équipement gaz de zone,Zone: Énergie de chauffage radiant du matériel à gaz,Y,Y
Zone Gas Equipment Radiant Heating Rate,Tasa de Calefacción Radiante del Equipo de Gas de Zona,Zona: Equipo de Gas: Tasa de Calefacción Radiante,Débit de chauffage radiatif de l&apos;équipement gaz de la zone,Zone: Équipement à gaz: Débit de chauffage par rayonnement,Y,Y
Zone Gas Equipment Total Heating Energy,Energía de Calefacción Total del Equipo de Gas de Zona,Zona: Equipos de Gas: Energía de Calentamiento Total,Énergie de Chauffage Totale de l&apos;Équipement Gaz de la Zone,Zone: Équipement gaz: Énergie de chauffage totale,Y,Y
Zone Gas Equipment Total Heating Rate,Tasa de Calefacción Total del Equipo de Gas de Zona,Zona: Equipos de Gas: Tasa de Calentamiento Total,Débit de chauffage total des équipements à gaz de la zone,Zone : Équipement au gaz : Débit de chaleur total,Y,Y
Zone Generic Air Contaminant Generation Volume Flow Rate,Caudal Volumétrico de Generación de Contaminante Genérico del Aire de Zona,Zona: Genérico: Tasa Volumétrica de Generación de Contaminante de Aire,Débit de volume de génération de polluant générique de zone,Zone: Générique: Débit volumétrique de génération de polluant atmosphérique,Y,Y
Zone Hot Water Equipment Convective Heating Energy,Energía de Calefacción Convectiva del Equipo de Agua Caliente de Zona,Zona: Equipo de Agua Caliente: Energía de Calentamiento Convectivo,Énergie de chauffage par convection de l&apos;équipement d&apos;eau chaude de zone,Zone: Équipement d'eau chaude: Énergie de chauffage par convection,Y,Y
Zone Hot Water Equipment Convective Heating Rate,Tasa de Calefacción Convectiva del Equipo de Agua Caliente de Zona,Zona: Equipo de Agua Caliente: Velocidad de Calentamiento por Convección,Débit calorique convectif de l&apos;équipement d&apos;eau chaude de zone,Zone : Équipement d'eau chaude : Débit de chaleur convective,Y,Y
Zone Hot Water Equipment District Heating Energy,Energía de Calefacción Distrital del Equipo de Agua Caliente de Zona,Zona: Energía de Equipos de Agua Caliente de Calefacción Distrital,Énergie de Chauffage Urbain des Équipements d&apos;Eau Chaude de Zone,Zone: Énergie de Chauffage Urbain des Équipements d'Eau Chaude,Y,Y
Zone Hot Water Equipment District Heating Rate,Tasa de Calefacción Distrital del Equipo de Agua Caliente de Zona,Zona: Tasa de Calefacción Distrital de Equipo de Agua Caliente,Débit de Chauffage Urbain pour Équipement d&apos;Eau Chaude de Zone,Zone : Débit de Chauffage Urbain en Équipement d'Eau Chaude,Y,Y
Zone Hot Water Equipment Latent Gain Energy,Energía de Ganancia Latente del Equipo de Agua Caliente de Zona,Zona: Equipo de Agua Caliente: Energía de Ganancia Latente,Énergie de Gain Latent de l&apos;Équipement d&apos;Eau Chaude de Zone,Zone: Équipement Eau Chaude: Énergie du Gain Latent,Y,Y
Zone Hot Water Equipment Latent Gain Rate,Tasa de Ganancia Latente del Equipo de Agua Caliente de Zona,Zona: Equipo de Agua Caliente: Tasa de Ganancia Latente,Débit de gain latent des équipements d&apos;eau chaude de la zone,Zone: Équipement d'Eau Chaude: Débit de Gain Latent,Y,Y
Zone Hot Water Equipment Lost Heat Energy,Energía de Calor Perdido del Equipo de Agua Caliente de Zona,Zona: Equipo de Agua Caliente: Energía de Calor Perdido,Zone Hot Water Equipment Lost Heat Energy,Zone: Équipement d'eau chaude sanitaire: Énergie thermique perdue,Y,Y
Zone Hot Water Equipment Lost Heat Rate,Tasa de Calor Perdido del Equipo de Agua Caliente de Zona,Zona: Equipo de Agua Caliente: Velocidad de Pérdida de Calor,Taux de chaleur perdue de l&apos;équipement d&apos;eau chaude de la zone,Zone: Équipements d'eau chaude: Débit de chaleur perdue,Y,Y
Zone Hot Water Equipment Radiant Heating Energy,Energía de Calefacción Radiante del Equipo de Agua Caliente de Zona,Zona: Energía de Calefacción Radiante de Equipos de Agua Caliente,Énergie de chauffage radiant des équipements d&apos;eau chaude de la zone,Zone: Énergie de chauffage radiant par équipement d'eau chaude,Y,Y
Zone Hot Water Equipment Radiant Heating Rate,Tasa de Calefacción Radiante del Equipo de Agua Caliente de Zona,Zona: Tasa de Calefacción Radiante de Equipos de Agua Caliente,Débit de chauffage radiatif des équipements d&apos;eau chaude de la zone,Zone: Débit thermique du rayonnement de chauffage à eau chaude,Y,Y
Zone Hot Water Equipment Total Heating Energy,Energía de Calefacción Total del Equipo de Agua Caliente de Zona,Zona: Equipo de Agua Caliente: Energía de Calefacción Total,Énergie de chauffage totale de l&apos;équipement d&apos;eau chaude de la zone,Zone: Équipement d'eau chaude: Énergie de chauffage totale,Y,Y
Zone Hot Water Equipment Total Heating Rate,Tasa de Calefacción Total del Equipo de Agua Caliente de Zona,Zona: Equipamiento de Agua Caliente: Tasa Total de Calefacción,Débit calorifique total de l&apos;équipement d&apos;eau chaude de la zone,Zone: Équipement d'Eau Chaude: Débit de Chaleur Total,Y,Y
Zone ITE Adjusted Return Air Temperature,Temperatura de Aire de Retorno Ajustada del ITE de Zona,Zona: ITE: Temperatura del Aire de Retorno Ajustada,Température de l&apos;air de retour ajustée ITE de la zone,Zone : ITE : Température de l'air de retour ajustée,Y,Y
Zone ITE Air Mass Flow Rate,Caudal Másico de Aire del ITE de Zona,Zona: ITE: Caudal Másico de Aire,Débit massique de l&apos;air de la zone ITE,Zone: ITE: Débit massique d'air,Y,Y
Zone ITE Any Air Inlet Dewpoint Temperature Above Operating Range Time,Tiempo de Temperatura de Punto de Rocío de Entrada de Aire del ITE de Zona por Encima del Rango de Operación,Zona: ITE: Tiempo con Temperatura de Punto de Rocío en Entrada de Aire por Encima del Rango de Operación,Zone ITE Any Air Inlet Dewpoint Temperature Above Operating Range Time,Zone: ITE: Durée de Température de Point de Rosée à l'Entrée d'Air au-dessus de la Plage de Fonctionnement,Y,Y
Zone ITE Any Air Inlet Dewpoint Temperature Below Operating Range Time,Tiempo de Temperatura de Punto de Rocío de Entrada de Aire del ITE de Zona por Debajo del Rango de Operación,Zona: ITE: Tiempo de Temperatura de Punto de Rocío de Entrada de Aire por Debajo del Rango de Funcionamiento,Zone ITE Any Air Inlet Dewpoint Temperature Below Operating Range Time,Zone: ITE: Temps en Fonctionnement avec Température du Point de Rosée d'Entrée d'Air en Dessous de la Plage Opérationnelle,Y,Y
Zone ITE Any Air Inlet Dry-Bulb Temperature Above Operating Range Time,Tiempo de Temperatura de Bulbo Seco de Entrada de Aire del ITE de Zona por Encima del Rango de Operación,Zona: ITE: Tiempo de Temperatura de Bulbo Seco en Entrada de Aire por Encima del Rango de Operación,Zone ITE Any Air Inlet Dry-Bulb Temperature Above Operating Range Time,Zone: ITE: Temps de Température Sèche au Clapet d'Entrée d'Air au-Dessus de la Plage de Fonctionnement,Y,Y
Zone ITE Any Air Inlet Dry-Bulb Temperature Below Operating Range Time,Tiempo de Temperatura de Bulbo Seco de Entrada de Aire del ITE de Zona por Debajo del Rango de Operación,Zona: ITE: Tiempo con Temperatura de Bulbo Seco en la Toma de Aire por Debajo del Rango de Operación,Zone ITE Any Air Inlet Dry-Bulb Temperature Below Operating Range Time,Zone: ITE: Temps pendant lequel la température de bulbe sec à l'entrée d'air est inférieure à la plage de fonctionnement,Y,Y
Zone ITE Any Air Inlet Operating Range Exceeded Time,Tiempo de Rango de Operación de Entrada de Aire del ITE de Zona Superado,Zona: ITE: Tiempo de Excedencia del Rango Operativo de Entrada de Aire,Temps de dépassement de la plage de fonctionnement de l&apos;entrée d&apos;air ITE de zone,Zone: ITE: Temps de Dépassement de la Plage de Fonctionnement des Arrivées d'Air,Y,Y
Zone ITE Any Air Inlet Relative Humidity Above Operating Range Time,Tiempo de Humedad Relativa de Entrada de Aire del ITE de Zona por Encima del Rango de Operación,Zona: ITE: Tiempo con Humedad Relativa en Entrada de Aire por Encima del Rango de Operación,Zone ITE Any Air Inlet Relative Humidity Above Operating Range Time,Zone: ITE: Durée d'exposition à l'humidité relative supérieure à la plage de fonctionnement à l'entrée d'air,Y,Y
Zone ITE Any Air Inlet Relative Humidity Below Operating Range Time,Tiempo de Humedad Relativa de Entrada de Aire del ITE de Zona por Debajo del Rango de Operación,Zona: ITE: Tiempo con Humedad Relativa por Debajo del Rango de Operación en Entrada de Aire,Zone ITE Any Air Inlet Relative Humidity Below Operating Range Time,Zone: ITE: Durée du Taux d'Humidité Relative à l'Admission d'Air sous la Plage de Fonctionnement,Y,Y
Zone ITE Average Supply Heat Index,Índice de Calor de Suministro Promedio del ITE de Zona,Zona: ITE: Índice de Calor Promedio en Suministro,Zone ITE Average Supply Heat Index,Zone: ITE: Indice de Chaleur Moyen d'Alimentation,Y,Y
Zone ITE CPU Electricity Energy,Energía Eléctrica de la CPU del ITE de Zona,Zona: ITE: Energía Eléctrica de CPU,Énergie électrique CPU de la zone ITE,Zone: ITE: Énergie Électrique CPU,Y,Y
Zone ITE CPU Electricity Energy at Design Inlet Conditions,Energía Eléctrica de la CPU del ITE de Zona en Condiciones de Diseño de Entrada,Zona: ITE: Energía Eléctrica de la CPU en Condiciones de Entrada de Diseño,Zone ITE CPU Electricity Energy at Design Inlet Conditions,Zone: ITE: Énergie électrique du processeur aux conditions de température d'entrée en conception,Y,Y
Zone ITE CPU Electricity Rate,Tasa de Electricidad de la CPU del ITE de Zona,Zona: ITE: Velocidad de Consumo Eléctrico de CPU,Zone ITE CPU Electricity Rate,Zone: ITE: Puissance Électrique CPU,Y,Y
Zone ITE CPU Electricity Rate at Design Inlet Conditions,Tasa de Electricidad de la CPU del ITE de Zona en Condiciones de Diseño de Entrada,Zona: ITE: Tasa de Electricidad de CPU en Condiciones de Entrada de Diseño,Taux d&apos;électricité CPU ITE de la zone aux conditions d&apos;entrée de conception,Zone : ITE : Débit d'électricité CPU aux conditions d'entrée de conception,Y,Y
Zone ITE Fan Electricity Energy,Energía Eléctrica del Ventilador del ITE de Zona,Zona: ITE: Energía Eléctrica del Ventilador,Énergie électrique du ventilateur ITE de la zone,Zone: ITE: Énergie Électrique du Ventilateur,Y,Y
Zone ITE Fan Electricity Energy at Design Inlet Conditions,Energía Eléctrica del Ventilador del ITE de Zona en Condiciones de Diseño de Entrada,Zona: ITE: Energía Eléctrica del Ventilador en Condiciones de Entrada de Diseño,Énergie électrique du ventilateur ITE de la zone aux conditions d&apos;entrée de conception,Zone: ITE: Énergie électrique du ventilateur aux conditions de conception d'entrée,Y,Y
Zone ITE Fan Electricity Rate,Tasa de Electricidad del Ventilador del ITE de Zona,Zona: ITE: Tasa de Consumo Eléctrico del Ventilador,Débit d&apos;électricité du ventilateur ITE de la zone,Zone : ITE : Puissance électrique du ventilateur,Y,Y
Zone ITE Fan Electricity Rate at Design Inlet Conditions,Tasa de Electricidad del Ventilador del ITE de Zona en Condiciones de Diseño de Entrada,Zona: ITE: Tasa de Energía Eléctrica del Ventilador en Condiciones de Entrada de Diseño,Débit d&apos;électricité du ventilateur ITE de zone aux conditions d&apos;entrée de conception,Zone: ITE: Puissance Électrique du Ventilateur aux Conditions d'Entrée Nominales,Y,Y
Zone ITE Standard Density Air Volume Flow Rate,Caudal Volumétrico de Aire a Densidad Estándar del ITE de Zona,Zona: ITE: Caudal Volumétrico de Aire de Densidad Estándar,Zone ITE Standard Density Air Volume Flow Rate,Zone: ITE: Débit volumétrique d'air à densité standard,Y,Y
Zone ITE Total Heat Gain to Zone Energy,Energía de Ganancia de Calor Total a la Zona del ITE de Zona,Zona: ITE: Energía de Ganancia de Calor Total hacia la Zona,Zone ITE Total Heat Gain to Zone Energy,Zone: ITE: Énergie Totale du Gain de Chaleur vers la Zone,Y,Y
Zone ITE Total Heat Gain to Zone Rate,Tasa de Ganancia de Calor Total a la Zona del ITE de Zona,Zona: ITE: Tasa de Ganancia de Calor Total hacia la Zona,Taux de gain de chaleur total de l&apos;équipement informatique vers la zone,Zone: ITE: Taux de gain thermique total vers la zone,Y,Y
Zone ITE UPS Electricity Energy,Energía Eléctrica del SAI del ITE de Zona,Zona: ITE: Energía Eléctrica de UPS,Zone ITE UPS Electricity Energy,Zone: ITE: Énergie Électrique UPS,Y,Y
Zone ITE UPS Electricity Rate,Tasa de Electricidad del SAI del ITE de Zona,Zona: ITE: Velocidad de Consumo Eléctrico UPS,Zone ITE UPS Electricity Rate,Zone: ITE: Taux d'électricité UPS,Y,Y
Zone ITE UPS Heat Gain to Zone Energy,Energía de Ganancia de Calor del SAI a la Zona del ITE de Zona,Zona: ITE: Energía de Ganancia de Calor del UPS a la Zona,Zone ITE UPS Heat Gain to Zone Energy,Zone : ITE : Énergie thermique UPS fournie à la zone,Y,Y
Zone ITE UPS Heat Gain to Zone Rate,Tasa de Ganancia de Calor del SAI a la Zona del ITE de Zona,Zona: ITE: Tasa de Ganancia de Calor UPS a la Zona,Taux de gain thermique du groupe électrogène informatique (UPS) de la zone vers la zone,Zone: ITE: Taux de gain thermique de l'UPS vers la zone,Y,Y
Zone Ideal Loads Economizer Active Time,Tiempo Activo del Economizador de Cargas Ideales de Zona,Zona: Cargas Ideales: Tiempo Activo del Economizador,Zone Ideal Loads Economizer Active Time,Zone : Charges Idéales : Durée d'Activation de l'Économiseur,Y,Y
Zone Ideal Loads Heat Recovery Active Time,Tiempo Activo de Recuperación de Calor de Cargas Ideales de Zona,Zona: Cargas Ideales: Tiempo Activo de Recuperación de Calor,Zone Ideal Loads Heat Recovery Active Time,Zone: Ideal Loads: Durée d'activité de la récupération de chaleur,Y,Y
Zone Ideal Loads Heat Recovery Latent Cooling Energy,Energía de Enfriamiento Latente por Recuperación de Calor de Cargas Ideales de Zona,Zona: Cargas Ideales: Energía de Enfriamiento Latente de Recuperación de Calor,Zone Ideal Loads Heat Recovery Latent Cooling Energy,Zone : Charges Idéales : Énergie de Refroidissement Latent par Récupération de Chaleur,Y,Y
Zone Ideal Loads Heat Recovery Latent Cooling Rate,Tasa de Enfriamiento Latente por Recuperación de Calor de Cargas Ideales de Zona,Zona: Cargas Ideales: Velocidad de Enfriamiento Latente de Recuperación de Calor,Zone Ideal Loads Heat Recovery Latent Cooling Rate,Zone : Idéal Loads : Débit de refroidissement latent récupéré,Y,Y
Zone Ideal Loads Heat Recovery Latent Heating Energy,Energía de Calefacción Latente por Recuperación de Calor de Cargas Ideales de Zona,Zona: Cargas Ideales: Energía de Calentamiento Latente de Recuperación de Calor,Énergie de chauffage latent de récupération de chaleur des charges idéales de zone,Zone: Charge Idéale: Énergie de Chauffage Latent de la Récupération de Chaleur,Y,Y
Zone Ideal Loads Heat Recovery Latent Heating Rate,Tasa de Calefacción Latente por Recuperación de Calor de Cargas Ideales de Zona,Zona: Cargas Ideales: Velocidad de Calentamiento Latente de Recuperación de Calor,Débit calorifique de récupération de chaleur latente pour charges idéales de zone,Zone: Charge Idéale: Puissance de Chauffage Latent en Récupération de Chaleur,Y,Y
Zone Ideal Loads Heat Recovery Sensible Cooling Energy,Energía de Enfriamiento Sensible por Recuperación de Calor de Cargas Ideales de Zona,Zona: Cargas Ideales: Energía de Enfriamiento Sensible de Recuperación de Calor,Énergie de Refroidissement Sensible de la Récupération de Chaleur des Charges Idéales de Zone,Zone: Charges Ideales: Énergie de Refroidissement Sensible du Récupérateur de Chaleur,Y,Y
Zone Ideal Loads Heat Recovery Sensible Cooling Rate,Tasa de Enfriamiento Sensible por Recuperación de Calor de Cargas Ideales de Zona,Zona: Cargas Ideales: Velocidad de Enfriamiento Sensible de Recuperación de Calor,Taux de refroidissement sensible de la récupération de chaleur des charges idéales de zone,Zone : Charges Idéales : Débit de Refroidissement Sensible de la Récupération de Chaleur,Y,Y
Zone Ideal Loads Heat Recovery Sensible Heating Energy,Energía de Calefacción Sensible por Recuperación de Calor de Cargas Ideales de Zona,Zona: Cargas Ideales: Energía de Calentamiento Sensible de Recuperación de Calor,Énergie de chauffage sensible avec récupération de chaleur de charge idéale de zone,Zone : Ideal Loads : Énergie de chauffage sensible récupérée,Y,Y
Zone Ideal Loads Heat Recovery Sensible Heating Rate,Tasa de Calefacción Sensible por Recuperación de Calor de Cargas Ideales de Zona,Zona: Cargas Ideales: Tasa de Calefacción Sensible de Recuperación de Calor,Débit de chauffage sensible de la récupération de chaleur des charges idéales de zone,Zone : Charges Idéales : Débit de Chauffage Sensible de la Récupération de Chaleur,Y,Y
Zone Ideal Loads Heat Recovery Total Cooling Energy,Energía Total de Enfriamiento por Recuperación de Calor de Cargas Ideales de Zona,Zona: Cargas Ideales: Energía Total de Enfriamiento de Recuperación de Calor,Zone Ideal Loads Heat Recovery Total Cooling Energy,Zone: Charges Idéales: Énergie Totale de Refroidissement de la Récupération de Chaleur,Y,Y
Zone Ideal Loads Heat Recovery Total Cooling Rate,Tasa Total de Enfriamiento por Recuperación de Calor de Cargas Ideales de Zona,Zona: Cargas Ideales: Velocidad Total de Enfriamiento de Recuperación de Calor,Débit de refroidissement total avec récupération de chaleur des charges idéales de zone,Zone Chargée par Équipement Idéal : Débit Énergétique Total de Refroidissement de la Récupération de Chaleur,Y,Y
Zone Ideal Loads Heat Recovery Total Heating Energy,Energía Total de Calefacción por Recuperación de Calor de Cargas Ideales de Zona,Zona: Cargas Ideales: Energía Total de Calentamiento de Recuperación de Calor,Zone Ideal Loads Heat Recovery Total Heating Energy,Zone: Charges Idéales: Énergie Totale de Chauffage Récupérée,Y,Y
Zone Ideal Loads Heat Recovery Total Heating Rate,Tasa Total de Calefacción por Recuperación de Calor de Cargas Ideales de Zona,Zona: Cargas Ideales: Velocidad Total de Calentamiento de Recuperación de Calor,Débit calorifique total de récupération de chaleur des charges idéales de zone,Zone : Charges Idéales : Débit de Chauffage Total de la Récupération de Chaleur,Y,Y
Zone Ideal Loads Hybrid Ventilation Available Status,Estado Disponible de Ventilación Híbrida de Cargas Ideales de Zona,Zona: Cargas Ideales: Estado de Disponibilidad de Ventilación Híbrida,Zone Ideal Loads Hybrid Ventilation Available Status,Zone: Charges Idéales: État de Disponibilité de la Ventilation Hybride,Y,Y
Zone Ideal Loads Outdoor Air Latent Cooling Energy,Energía de Enfriamiento Latente del Aire Exterior de Cargas Ideales de Zona,Zona: Cargas Ideales: Energía de Enfriamiento Latente del Aire Exterior,Énergie de refroidissement latent de l&apos;air extérieur des charges idéales de zone,Zone: Charges Idéales: Énergie de Refroidissement Latent Extérieur,Y,Y
Zone Ideal Loads Outdoor Air Latent Cooling Rate,Tasa de Enfriamiento Latente del Aire Exterior de Cargas Ideales de Zona,Zona: Cargas Ideales: Tasa de Enfriamiento Latente del Aire Exterior,Débit de refroidissement latent de l&apos;air extérieur des charges idéales de la zone,Zone: Charges Idéales: Puissance de Refroidissement Latent de l'Air Extérieur,Y,Y
Zone Ideal Loads Outdoor Air Latent Heating Energy,Energía de Calefacción Latente del Aire Exterior de Cargas Ideales de Zona,Zona: Cargas Ideales: Energía de Calentamiento Latente de Aire Exterior,Zone Ideal Loads Outdoor Air Latent Heating Energy,Zone: Ideal Loads: Énergie de chauffage latent de l'air extérieur,Y,Y
Zone Ideal Loads Outdoor Air Latent Heating Rate,Tasa de Calefacción Latente del Aire Exterior de Cargas Ideales de Zona,Zona: Cargas Ideales: Velocidad de Calentamiento Latente del Aire Exterior,Débit de chauffage latent de l&apos;air extérieur des charges idéales de la zone,Zone: Charges Idéales: Puissance de Chauffage Latent de l'Air Extérieur,Y,Y
Zone Ideal Loads Outdoor Air Mass Flow Rate,Caudal Másico de Aire Exterior de Cargas Ideales de Zona,Zona: Cargas Ideales: Tasa Flujo Másico Aire Exterior,Débit massique d&apos;air extérieur pour charges idéales de zone,Zone: Ideal Loads: Débit Massique d'Air Extérieur,Y,Y
Zone Ideal Loads Outdoor Air Sensible Cooling Energy,Energía de Enfriamiento Sensible del Aire Exterior de Cargas Ideales de Zona,Zona: Cargas Ideales: Energía de Enfriamiento Sensible del Aire Exterior,Zone Ideal Loads Outdoor Air Sensible Cooling Energy,Zone : Charges Idéales : Énergie de Refroidissement Sensible de l'Air Extérieur,Y,Y
Zone Ideal Loads Outdoor Air Sensible Cooling Rate,Tasa de Enfriamiento Sensible del Aire Exterior de Cargas Ideales de Zona,Zona: Cargas Ideales: Velocidad de Enfriamiento Sensible del Aire Exterior,Débit de refroidissement sensible de l&apos;air extérieur avec charge idéale de zone,Zone Charges Idéales : Taux de Refroidissement Sensible de l'Air Extérieur,Y,Y
Zone Ideal Loads Outdoor Air Sensible Heating Energy,Energía de Calefacción Sensible del Aire Exterior de Cargas Ideales de Zona,Zona: Cargas Ideales: Energía de Calentamiento Sensible del Aire Exterior,Énergie de chauffage sensible de l&apos;air extérieur des charges idéales de zone,Zone: Charges Idéales: Énergie de Chauffage Sensible de l'Air Extérieur,Y,Y
Zone Ideal Loads Outdoor Air Sensible Heating Rate,Tasa de Calefacción Sensible del Aire Exterior de Cargas Ideales de Zona,Zona: Cargas Ideales: Tasa de Calentamiento Sensible de Aire Exterior,Débit de chauffage sensible de l&apos;air extérieur des charges idéales de la zone,Zone: Charges Idéales: Débit de Chauffage Sensible Air Extérieur,Y,Y
Zone Ideal Loads Outdoor Air Standard Density Volume Flow Rate,Caudal Volumétrico a Densidad Estándar del Aire Exterior de Cargas Ideales de Zona,Zona: Cargas Ideales: Caudal Volumétrico de Aire Exterior a Densidad Estándar,Débit volumique standard à densité de l&apos;air extérieur des charges idéales de zone,Zone : Charges Idéales : Débit Volumique d'Air Extérieur à Densité Standard,Y,Y
Zone Ideal Loads Outdoor Air Total Cooling Energy,Energía Total de Enfriamiento del Aire Exterior de Cargas Ideales de Zona,Zona: Cargas Ideales: Energía Total de Enfriamiento de Aire Exterior,Zone Ideal Loads Outdoor Air Total Cooling Energy,Zone: Charges Idéales: Énergie Totale de Refroidissement de l'Air Extérieur,Y,Y
Zone Ideal Loads Outdoor Air Total Cooling Rate,Tasa Total de Enfriamiento del Aire Exterior de Cargas Ideales de Zona,Zona: Cargas Ideales: Velocidad de Enfriamiento Total del Aire Exterior,Zone Ideal Loads Outdoor Air Total Cooling Rate,Zone: Charges Idéales: Débit de Refroidissement Total de l'Air Extérieur,Y,Y
Zone Ideal Loads Outdoor Air Total Heating Energy,Energía Total de Calefacción del Aire Exterior de Cargas Ideales de Zona,Zona: Cargas Ideales: Energía Total de Calefacción del Aire Exterior,Zone Ideal Loads Outdoor Air Total Heating Energy,Zone: Charges Idéales: Énergie Totale de Chauffage de l'Air Extérieur,Y,Y
Zone Ideal Loads Outdoor Air Total Heating Rate,Tasa Total de Calefacción del Aire Exterior de Cargas Ideales de Zona,Zona: Cargas Ideales: Velocidad de Calentamiento Total del Aire Exterior,Débit de chauffage total de l&apos;air extérieur des charges idéales de zone,Zone: Charges Idéales: Débit de Chauffage Total de l'Air Extérieur,Y,Y
Zone Ideal Loads Supply Air Latent Cooling Energy,Energía de Enfriamiento Latente del Aire de Suministro de Cargas Ideales de Zona,Zona: Cargas Ideales: Energía de Enfriamiento Latente del Aire de Suministro,Énergie de refroidissement latent de l&apos;air fourni - Charges idéales de zone,Zone: Charges Idéales: Énergie de Refroidissement Latent de l'Air Soufflé,Y,Y
Zone Ideal Loads Supply Air Latent Cooling Rate,Tasa de Enfriamiento Latente del Aire de Suministro de Cargas Ideales de Zona,Zona: Cargas Ideales: Velocidad de Enfriamiento Latente del Aire de Suministro,Débit de refroidissement latent de l&apos;air soufflé des charges idéales de zone,Zone: Charges Idéales: Débit de Refroidissement Latent de l'Air Soufflé,Y,Y
Zone Ideal Loads Supply Air Latent Heating Energy,Energía de Calefacción Latente del Aire de Suministro de Cargas Ideales de Zona,Zona: Cargas Ideales: Energía de Calentamiento Latente del Aire de Suministro,Énergie de chauffage latent de l&apos;air soufflé - Charges idéales de zone,Zone: Charge Idéale: Énergie de Chauffage Latent de l'Air Soufflé,Y,Y
Zone Ideal Loads Supply Air Latent Heating Rate,Tasa de Calefacción Latente del Aire de Suministro de Cargas Ideales de Zona,Zona: Cargas Ideales: Velocidad de Calentamiento Latente del Aire de Suministro,Débit de chaleur latente d&apos;apport d&apos;air de la zone à charges idéales,Zone: Charges Idéales: Débit de Chaleur Latente de l'Air Soufflé,Y,Y
Zone Ideal Loads Supply Air Mass Flow Rate,Caudal Másico del Aire de Suministro de Cargas Ideales de Zona,Zona: Cargas Ideales: Caudal Másico de Aire de Suministro,Débit massique de l&apos;air de soufflage des charges idéales de la zone,Zone: Idéal Loads: Débit Massique d'Air de Soufflage,Y,Y
Zone Ideal Loads Supply Air Sensible Cooling Energy,Energía de Enfriamiento Sensible del Aire de Suministro de Cargas Ideales de Zona,Zona: Cargas Ideales: Energía de Enfriamiento Sensible del Aire de Suministro,Énergie de refroidissement sensible de l&apos;air fourni par les charges idéales de la zone,Zone: Charges Idéales: Énergie de Refroidissement Sensible de l'Air Soufflé,Y,Y
Zone Ideal Loads Supply Air Sensible Cooling Rate,Tasa de Enfriamiento Sensible del Aire de Suministro de Cargas Ideales de Zona,Zona: Cargas Ideales: Tasa de Enfriamiento Sensible del Aire de Suministro,Débit de refroidissement sensible de l&apos;air soufflé de la zone à charges idéales,Zone: Charges Idéales: Débit de Refroidissement Sensible de l'Air Neuf,Y,Y
Zone Ideal Loads Supply Air Sensible Heating Energy,Energía de Calefacción Sensible del Aire de Suministro de Cargas Ideales de Zona,Zona: Cargas Ideales: Energía Sensible de Calefacción del Aire de Suministro,Énergie de chauffage sensible de l&apos;air soufflé pour charges idéales de zone,Zone: Charges Idéales: Énergie de Chauffage Sensible de l'Air Soufflé,Y,Y
Zone Ideal Loads Supply Air Sensible Heating Rate,Tasa de Calefacción Sensible del Aire de Suministro de Cargas Ideales de Zona,Zona: Cargas Ideales: Velocidad de Calentamiento Sensible del Aire de Suministro,Débit de chaleur sensible de l&apos;air de soufflage Ideal Loads Zone,Zone Ideal Loads: Débit énergétique sensible de chauffage de l'air soufflé,Y,Y
Zone Ideal Loads Supply Air Standard Density Volume Flow Rate,Caudal Volumétrico a Densidad Estándar del Aire de Suministro de Cargas Ideales de Zona,Zona: Cargas Ideales: Tasa de Flujo Volumétrico de Aire de Suministro a Densidad Estándar,Débit volumique à densité standard de l&apos;air d&apos;alimentation pour charges idéales de zone,Zone: Charges Idéales: Débit Volumique d'Air de Soufflage à Densité Standard,Y,Y
Zone Ideal Loads Supply Air Total Cooling Energy,Energía Total de Enfriamiento del Aire de Suministro de Cargas Ideales de Zona,Zona: Cargas Ideales: Energía Total de Enfriamiento del Aire de Suministro,Énergie totale de refroidissement de l&apos;air soufflé pour Zone avec Charges Idéales,Zone: Charges Idéales: Énergie Totale de Refroidissement de l'Air Soufflé,Y,Y
Zone Ideal Loads Supply Air Total Cooling Fuel Energy,Energía de Combustible Total de Enfriamiento del Aire de Suministro de Cargas Ideales de Zona,Zona: Cargas Ideales: Energía de Combustible de Enfriamiento Total del Aire de Suministro,Zone Ideal Loads Supply Air Total Cooling Fuel Energy,Zone Charges Idéales : Énergie Combustible Refroidissement Total Air Soufflé,Y,Y
Zone Ideal Loads Supply Air Total Cooling Fuel Energy Rate,Tasa de Energía de Combustible Total de Enfriamiento del Aire de Suministro de Cargas Ideales de Zona,Zona: Cargas Ideales: Tasa de Energía Combustible Enfriamiento Total Aire Suministro,Débit énergétique total de refroidissement de l&apos;air soufflé - Charges idéales de zone,Zone: Ideal Loads: Débit énergétique total de refroidissement de l'air fourni,Y,Y
Zone Ideal Loads Supply Air Total Cooling Rate,Tasa Total de Enfriamiento del Aire de Suministro de Cargas Ideales de Zona,Zona: Cargas Ideales: Tasa Total de Enfriamiento del Aire de Suministro,Débit de refroidissement total de l&apos;air soufflé des charges idéales de zone,Zone Ideal Loads: Débit énergétique total de refroidissement de l'air soufflé,Y,Y
Zone Ideal Loads Supply Air Total Heating Energy,Energía Total de Calefacción del Aire de Suministro de Cargas Ideales de Zona,Zona: Cargas Ideales: Energía Total de Calefacción del Aire de Suministro,Énergie de chauffage totale de l&apos;air soufflé des charges idéales de zone,Zone: Charges Idéales: Énergie Totale de Chauffage de l'Air Soufflé,Y,Y
Zone Ideal Loads Supply Air Total Heating Fuel Energy,Energía de Combustible Total de Calefacción del Aire de Suministro de Cargas Ideales de Zona,Zona: Cargas Ideales: Energía de Combustible de Calefacción del Aire de Suministro Total,Énergie Totale de Combustible pour le Chauffage de l&apos;Air Soufflé des Charges Idéales de Zone,Zone : Charges Idéales : Énergie Combustible Chauffage Air Soufflé Total,Y,Y
Zone Ideal Loads Supply Air Total Heating Fuel Energy Rate,Tasa de Energía de Combustible Total de Calefacción del Aire de Suministro de Cargas Ideales de Zona,Zona: Cargas Ideales: Velocidad de Consumo de Energía de Combustible para Calefacción del Aire de Suministro,Débit énergétique du carburant de chauffage total de l&apos;air soufflé aux charges idéales de zone,Zone: Ideal Loads: Débit énergétique total du carburant de chauffage de l'air fourni,Y,Y
Zone Ideal Loads Supply Air Total Heating Rate,Tasa Total de Calefacción del Aire de Suministro de Cargas Ideales de Zona,Zona: Cargas Ideales: Velocidad de Calefacción Total del Aire de Suministro,Débit de chaleur total de l&apos;air de soufflage des charges idéales de zone,Zone Ideal Loads : Débit Calorifique Total de l'Air Soufflé,Y,Y
Zone Ideal Loads Zone Cooling Fuel Energy,Energía de Combustible de Enfriamiento de Zona de Cargas Ideales,Zona: Cargas Ideales: Energía Combustible Enfriamiento de Zona,Zone Ideal Loads Zone Cooling Fuel Energy,Zone: Charges Idéales: Énergie Combustible Refroidissement Zone,Y,Y
Zone Ideal Loads Zone Cooling Fuel Energy Rate,Tasa de Energía de Combustible de Enfriamiento de Zona de Cargas Ideales,Zona: Cargas Ideales: Velocidad de Energía Combustible de Enfriamiento de la Zona,Zone Ideal Loads Zone Cooling Fuel Energy Rate,Zone: Charge de refroidissement idéale: Débit énergétique de combustible de refroidissement,Y,Y
Zone Ideal Loads Zone Heating Fuel Energy,Energía de Combustible de Calefacción de Zona de Cargas Ideales,Zona: Cargas Ideales: Energía de Combustible de Calefacción de Zona,,,Y,
Zone Ideal Loads Zone Heating Fuel Energy Rate,Tasa de Energía de Combustible de Calefacción de Zona de Cargas Ideales,Zona: Cargas Ideales: Velocidad de Energía de Combustible de Calefacción de Zona,Zone Ideal Loads Zone Heating Fuel Energy Rate,Zone: Ideal Loads: Débit énergétique de combustible de chauffage de zone,Y,Y
Zone Ideal Loads Zone Latent Cooling Energy,Energía de Enfriamiento Latente de Zona de Cargas Ideales,Zona: Cargas Ideales: Energía de Enfriamiento Latente de la Zona,Zone Ideal Loads Zone Énergie de Refroidissement Latente,Zone: Charges Idéales: Énergie de Refroidissement Latent,Y,Y
Zone Ideal Loads Zone Latent Cooling Rate,Tasa de Enfriamiento Latente de Zona de Cargas Ideales,Zona: Cargas Ideales: Tasa de Enfriamiento Latente de la Zona,Zone Ideal Loads Zone Latent Cooling Rate,Zone: Charges Idéales: Puissance de Refroidissement Latent,Y,Y
Zone Ideal Loads Zone Latent Heating Energy,Energía de Calefacción Latente de Zona de Cargas Ideales,Zona: Cargas Ideales: Energía de Calentamiento Latente de la Zona,Zone Ideal Loads Zone Latent Heating Energy,Zone : Ideal Loads : Énergie de chauffage latent de zone,Y,Y
Zone Ideal Loads Zone Latent Heating Rate,Tasa de Calefacción Latente de Zona de Cargas Ideales,Zona: Cargas Ideales: Velocidad de Calentamiento Latente de la Zona,Zone Ideal Loads Zone Latent Heating Rate,Zone Idéale: Débit Thermique Latent de Chauffage,Y,Y
Zone Ideal Loads Zone Sensible Cooling Energy,Energía de Enfriamiento Sensible de Zona de Cargas Ideales,Zona: Cargas Ideales: Energía de Enfriamiento Sensible de la Zona,Zone Ideal Loads Zone Sensible Cooling Energy,Zone : Charges Idéales : Énergie de Refroidissement Sensible,Y,Y
Zone Ideal Loads Zone Sensible Cooling Rate,Tasa de Enfriamiento Sensible de Zona de Cargas Ideales,Zona: Cargas Ideales: Tasa de Enfriamiento Sensible de la Zona,Zone Ideal Loads Zone Sensible Cooling Rate,Zone Charges Idéales: Débit de Refroidissement Sensible de la Zone,Y,Y
Zone Ideal Loads Zone Sensible Heating Energy,Energía de Calefacción Sensible de Zona de Cargas Ideales,Zona: Cargas Ideales: Energía de Calefacción Sensible de Zona,Énergie de Chauffage Sensible de Zone pour Charges Idéales de Zone,Zone Idéale: Énergie de Chauffage Sensible de la Zone,Y,Y
Zone Ideal Loads Zone Sensible Heating Rate,Tasa de Calefacción Sensible de Zona de Cargas Ideales,Zona: Cargas Ideales: Velocidad de Calentamiento Sensible de la Zona,Débit calorifique sensible de chauffage idéal de zone,Zone Charges Idéales: Taux de Chauffage Sensible de la Zone,Y,Y
Zone Ideal Loads Zone Total Cooling Energy,Energía Total de Enfriamiento de Zona de Cargas Ideales,Zona: Cargas Ideales: Energía Total de Enfriamiento de la Zona,,,Y,
Zone Ideal Loads Zone Total Cooling Rate,Tasa Total de Enfriamiento de Zona de Cargas Ideales,Zona: Cargas Ideales: Velocidad Total de Enfriamiento de la Zona,Débit de refroidissement total de la zone pour les charges idéales de zone,Zone: Charges Idéales: Puissance Frigorifique Totale de la Zone,Y,Y
Zone Ideal Loads Zone Total Heating Energy,Energía Total de Calefacción de Zona de Cargas Ideales,Zona: Cargas Ideales: Energía Total de Calefacción de la Zona,Zone Ideal Loads Énergie Totale de Chauffage de la Zone,Zone: Ideal Loads: Énergie de chauffage totale de la zone,Y,Y
Zone Ideal Loads Zone Total Heating Rate,Tasa Total de Calefacción de Zona de Cargas Ideales,Zona: Cargas Ideales: Tasa Total de Calefacción de la Zona,Débit de chauffage total de la zone avec charges idéales,Zone: Charges Idéales: Puissance Totale de Chauffage de la Zone,Y,Y
Zone Infiltration Current Density Air Change Rate,Tasa de Cambio de Aire a Densidad Actual por Infiltración de Zona,Zona: Infiltración: Tasa de Cambio de Aire de Densidad Actual,Taux de renouvellement d&apos;air de la densité de courant d&apos;infiltration de zone,Zone: Infiltration: Débit volumique de changement d'air actuel,Y,Y
Zone Infiltration Current Density Volume,Volumen a Densidad Actual por Infiltración de Zona,Zona: Infiltración: Densidad de Volumen Actual,Zone Infiltration Current Density Volume,Zone: Infiltration: Débit volumique d'infiltration actuel,Y,Y
Zone Infiltration Current Density Volume Flow Rate,Caudal Volumétrico a Densidad Actual por Infiltración de Zona,Zona: Infiltración: Caudal Volumétrico de Densidad Actual,Débit volumique de densité de courant d&apos;infiltration de zone,Zone: Infiltration: Débit volumique à densité courante,Y,Y
Zone Infiltration Latent Heat Gain Energy,Energía de Ganancia de Calor Latente por Infiltración de Zona,Zona: Infiltración: Energía de Ganancia de Calor Latente,Énergie de Gain de Chaleur Latente par Infiltration de Zone,Zone: Infiltration: Énergie de Gain de Chaleur Latente,Y,Y
Zone Infiltration Latent Heat Loss Energy,Energía de Pérdida de Calor Latente por Infiltración de Zona,Zona: Infiltración: Energía de Pérdida de Calor Latente,Énergie de Perte de Chaleur Sensible par Infiltration de Zone,Zone: Infiltration: Énergie de Perte de Chaleur Latente,Y,Y
Zone Infiltration Mass,Masa de Infiltración de Zona,Zona: Infiltración: Masa,Masse d&apos;infiltration de zone,Zone: Infiltration: Masse,Y,Y
Zone Infiltration Mass Flow Rate,Caudal Másico de Infiltración de Zona,Zona: Infiltración: Flujo Másico,Débit massique d&apos;infiltration de zone,Zone: Infiltration: Débit Massique,Y,Y
Zone Infiltration Outdoor Density Air Change Rate,Tasa de Cambio de Aire a Densidad Exterior por Infiltración de Zona,Zona: Infiltración: Tasa de Cambio de Aire a Densidad Exterior,Débit de renouvellement d&apos;air extérieur par densité de la zone d&apos;infiltration,Zone: Infiltration: Débit de renouvellement d'air à densité extérieure,Y,Y
Zone Infiltration Outdoor Density Volume Flow Rate,Caudal Volumétrico a Densidad Exterior por Infiltración de Zona,Zona: Infiltración: Flujo Volumétrico a Densidad Exterior,Débit volumique de la densité extérieure des infiltrations de zone,Zone: Infiltration: Débit volumique basé sur la densité de l'air extérieur,Y,Y
Zone Infiltration Sensible Heat Gain Energy,Energía de Ganancia de Calor Sensible por Infiltración de Zona,Zona: Infiltración: Energía de Ganancia de Calor Sensible,Énergie de Gain de Chaleur Sensible par Infiltration de Zone,Zone: Infiltration: Énergie de Gain de Chaleur Sensible,Y,Y
Zone Infiltration Sensible Heat Loss Energy,Energía de Pérdida de Calor Sensible por Infiltración de Zona,Zona: Infiltración: Energía de Pérdida de Calor Sensible,Énergie de Perte de Chaleur Sensible par Infiltration dans la Zone,Zone: Infiltration: Énergie de Perte de Chaleur Sensible,Y,Y
Zone Infiltration Standard Density Air Change Rate,Tasa de Cambio de Aire a Densidad Estándar por Infiltración de Zona,Zona: Infiltración: Tasa de Cambio de Aire a Densidad Estándar,Taux de renouvellement d&apos;air à densité standard pour les infiltrations de zone,Zone: Infiltration: Taux de renouvellement d'air à densité standard,Y,Y
Zone Infiltration Standard Density Volume,Volumen a Densidad Estándar por Infiltración de Zona,Zona: Infiltración: Volumen a Densidad Estándar,Volume de densité standard d&apos;infiltration de zone,Zone: Infiltration: Volume aux conditions standard,Y,Y
Zone Infiltration Standard Density Volume Flow Rate,Caudal Volumétrico a Densidad Estándar por Infiltración de Zona,Zona: Infiltración: Flujo Volumétrico a Densidad Estándar,Débit volumique à infiltration standard Zone densité,Zone: Infiltration: Débit volumique à densité standard,Y,Y
Zone Infiltration Total Heat Gain Energy,Energía de Ganancia de Calor Total por Infiltración de Zona,Zona: Infiltración: Energía Total de Ganancia de Calor,Énergie totale de chaleur sensible due à l&apos;infiltration de la zone,Zone: Infiltration: Énergie totale de gain de chaleur,Y,Y
Zone Infiltration Total Heat Loss Energy,Energía de Pérdida de Calor Total por Infiltración de Zona,Zona: Infiltración: Energía Total de Pérdida de Calor,Énergie Totale de Perte de Chaleur par Infiltration dans la Zone,Zone : Infiltration : Énergie totale de perte de chaleur,Y,Y
Zone Interior Windows Total Transmitted Beam Solar Radiation Energy,Energía de Radiación Solar de Haz Transmitida Total por Ventanas Interiores de Zona,Zona: Ventanas Interiores: Energía Total de Radiación Solar Directa Transmitida,Énergie du Rayonnement Solaire Diffus Transmis Total par les Fenêtres Intérieures de la Zone,Zone: Fenêtres intérieures: Énergie du rayonnement solaire direct transmis,Y,Y
Zone Interior Windows Total Transmitted Beam Solar Radiation Rate,Tasa de Radiación Solar de Haz Transmitida Total por Ventanas Interiores de Zona,Zona: Ventanas Interiores: Tasa de Radiación Solar de Haz Transmitida Total,Débit de rayonnement solaire direct transmis total des fenêtres intérieures de la zone,Zone: Fenêtres intérieures: Débit de rayonnement solaire direct transmis total,Y,Y
Zone Interior Windows Total Transmitted Diffuse Solar Radiation Energy,Energía de Radiación Solar Difusa Transmitida Total por Ventanas Interiores de Zona,Zona: Ventanas Interiores: Energía Total de Radiación Solar Difusa Transmitida,Énergie du Rayonnement Solaire Diffus Transmis Total par les Fenêtres Intérieures de la Zone,Zone : Fenêtres Intérieures : Énergie Rayonnée Solaire Diffuse Transmise Totale,Y,Y
Zone Interior Windows Total Transmitted Diffuse Solar Radiation Rate,Tasa de Radiación Solar Difusa Transmitida Total por Ventanas Interiores de Zona,Zona: Ventanas Interiores: Velocidad de Radiación Solar Difusa Transmitida Total,Taux de Rayonnement Solaire Diffus Transmis Total par les Fenêtres Intérieures de la Zone,Zone : Fenêtres intérieures : Débit de rayonnement solaire diffus transmis total,Y,Y
Zone Lights Convective Heating Energy,Energía de Calefacción Convectiva de las Luminarias de Zona,Zona: Luces: Energía de Calentamiento Convectivo,Énergie de Chauffage par Convection de l&apos;Éclairage de Zone,Zone : Éclairage : Énergie de Chauffage par Convection,Y,Y
Zone Lights Convective Heating Rate,Tasa de Calefacción Convectiva de las Luminarias de Zona,Zona: Luces: Velocidad de Calentamiento Convectivo,Puissance convective de chauffage des lumières de zone,Zone: Lumière: Débit de chaleur convectif,Y,Y
Zone Lights Electricity Energy,Energía Eléctrica de las Luminarias de Zona,Zona: Luces: Energía Eléctrica,Énergie électrique des lumières de zone,Zone: Éclairage: Énergie Électrique,Y,Y
Zone Lights Electricity Rate,Tasa de Electricidad de las Luminarias de Zona,Zona: Iluminación: Tasa de Energía Eléctrica,Taux d&apos;électricité des éclairages de zone,Zone: Éclairage: Puissance électrique,Y,Y
Zone Lights Radiant Heating Energy,Energía de Calefacción Radiante de las Luminarias de Zona,Zona: Luces: Energía de Calentamiento Radiante,Énergie de chauffage radiant des luminaires de la zone,Zone: Éclairage: Énergie de chauffage par rayonnement,Y,Y
Zone Lights Radiant Heating Rate,Tasa de Calefacción Radiante de las Luminarias de Zona,Zona: Luces: Velocidad de Calentamiento Radiante,Débit de chauffage radiant des lumières de zone,Zone: Éclairage: Débit de chaleur rayonnante,Y,Y
Zone Lights Return Air Heating Energy,Energía de Calefacción del Aire de Retorno de las Luminarias de Zona,Zona: Iluminación: Energía de Calentamiento del Aire de Retorno,Énergie de chauffage de l&apos;air de retour des lumières de zone,Zone: Éclairage: Énergie de chauffage de l'air de retour,Y,Y
Zone Lights Return Air Heating Rate,Tasa de Calefacción del Aire de Retorno de las Luminarias de Zona,Zona: Iluminación: Velocidad de Calentamiento de Aire de Retorno,Débit de chauffage de l&apos;air de retour des luminaires de la zone,Zone: Éclairage: Débit de chaleur vers l'air de retour,Y,Y
Zone Lights Total Heating Energy,Energía de Calefacción Total de las Luminarias de Zona,Zona: Iluminación: Energía Total de Calentamiento,Énergie de chauffage totale des éclairages de la zone,Zone: Éclairage: Énergie de Chauffage Totale,Y,Y
Zone Lights Total Heating Rate,Tasa de Calefacción Total de las Luminarias de Zona,Zona: Iluminación: Tasa de Generación de Calor Total,Débit thermique total de l&apos;éclairage des zones,Zone: Éclairage: Débit de chaleur total,Y,Y
Zone Lights Visible Radiation Heating Energy,Energía de Calefacción por Radiación Visible de las Luminarias de Zona,Zona: Iluminación: Energía de Calentamiento por Radiación Visible,Zone Lights Énergie de chauffage par rayonnement visible des luminaires,Zone: Éclairage: Énergie de Chauffage par Rayonnement Visible,Y,Y
Zone Lights Visible Radiation Heating Rate,Tasa de Calefacción por Radiación Visible de las Luminarias de Zona,Zona: Iluminación: Tasa de Calentamiento por Radiación Visible,Taux de chauffage par rayonnement visible des éclairages de la zone,Zone : Éclairage : Débit de chauffage par rayonnement visible,Y,Y
Zone Mean Air Dewpoint Temperature,Temperatura de Punto de Rocío del Aire Medio de Zona,Zona: Media: Temperatura de Punto de Rocío del Aire,Température de point de rosée de l&apos;air moyen de la zone,Zone: Moyenne: Température de Point de Rosée de l'Air,Y,Y
Zone Mean Air Temperature,Temperatura del Aire Medio de Zona,Zona: Promedio: Temperatura del Aire,Température de l&apos;Air Moyen de la Zone,Zone : Moyenne : Température de l'Air,Y,Y
Zone Mean Radiant Temperature,Temperatura Radiante Media de Zona,Zona: Temperatura Radiante Media,Température de rayonnement moyen de la zone,Zone: Température Radiante Moyenne,Y,Y
Zone Mechanical Ventilation Air Changes per Hour,Renovaciones de Aire por Hora de Ventilación Mecánica de Zona,Zona: Ventilación Mecánica: Cambios de Aire por Hora,Taux de renouvellement d&apos;air mécanique de la zone par heure,Zone: Ventilation Mécanique: Changements d'Air par Heure,Y,Y
Zone Mechanical Ventilation Cooling Load Decrease Energy,Energía de Disminución de Carga de Enfriamiento por Ventilación Mecánica de Zona,Zona: Ventilación Mecánica: Energía de Disminución de Carga de Enfriamiento,Zone Mechanical Ventilation Cooling Load Decrease Energy,Zone: Ventilation Mécanique: Énergie de Réduction de Charge Frigorifique,Y,Y
Zone Mechanical Ventilation Cooling Load Increase Energy,Energía de Aumento de Carga de Enfriamiento por Ventilación Mecánica de Zona,Zona: Ventilación Mecánica: Energía de Aumento de Carga de Enfriamiento,Énergie d&apos;augmentation de la charge de refroidissement de la ventilation mécanique de zone,Zone : Ventilation Mécanique : Énergie d'Augmentation de la Charge de Refroidissement,Y,Y
Zone Mechanical Ventilation Cooling Load Increase Energy Due to Overheating Energy,Energía de Aumento de Carga de Enfriamiento por Sobrecalentamiento en Ventilación Mecánica de Zona,Zona: Ventilación Mecánica: Energía de Aumento de Carga de Enfriamiento Debido a Energía de Sobrecalentamiento,Énergie supplémentaire de refroidissement de ventilation mécanique de zone due à l&apos;énergie de surchauffe,Zone : Ventilation mécanique : Énergie d'augmentation de la charge de refroidissement due à l'énergie de surchauffe,Y,Y
Zone Mechanical Ventilation Current Density Volume,Volumen a Densidad Actual de Ventilación Mecánica de Zona,Zona: Ventilación Mecánica: Volumen por Densidad Actual,Volume de Densité de Courant de Ventilation Mécanique de la Zone,Zone: Ventilation mécanique: Volume à densité actuelle,Y,Y
Zone Mechanical Ventilation Current Density Volume Flow Rate,Caudal Volumétrico a Densidad Actual de Ventilación Mecánica de Zona,Zona: Ventilación Mecánica: Tasa de Flujo Volumétrico a Densidad Actual,Débit volumique de la densité de courant de ventilation mécanique de zone,Zone: Ventilation Mécanique: Débit Volumique à Densité Actuelle,Y,Y
Zone Mechanical Ventilation Heating Load Decrease Energy,Energía de Disminución de Carga de Calefacción por Ventilación Mecánica de Zona,Zona: Ventilación Mecánica: Energía de Reducción de Carga de Calefacción,Énergie de réduction de la charge de chauffage due à la ventilation mécanique de la zone,Zone : Ventilation Mécanique : Énergie de Réduction de Charge de Chauffage,Y,Y
Zone Mechanical Ventilation Heating Load Increase Energy,Energía de Aumento de Carga de Calefacción por Ventilación Mecánica de Zona,Zona: Ventilación Mecánica: Energía de Aumento de Carga de Calefacción,Énergie d&apos;augmentation de charge de chauffage de ventilation mécanique de zone,Zone : Ventilation Mécanique : Énergie d'Augmentation de Charge de Chauffage,Y,Y
Zone Mechanical Ventilation Heating Load Increase Energy Due to Overcooling Energy,Energía de Aumento de Carga de Calefacción por Sobreenfriamiento en Ventilación Mecánica de Zona,Zona: Ventilación Mecánica: Energía del Aumento de Carga de Calefacción Debido a Energía de Sobreenfriamiento,Énergie supplémentaire de chauffage de ventilation mécanique de zone due à l&apos;énergie de surfroidissement,Zone: Ventilation Mécanique: Énergie d'Augmentation de la Charge de Chauffage Due à l'Énergie de Surrefroidissement,Y,Y
Zone Mechanical Ventilation Mass,Masa de Ventilación Mecánica de Zona,Zona: Ventilación Mecánica: Masa,Masse de Ventilation Mécanique de Zone,Zone: Ventilation mécanique: Masse,Y,Y
Zone Mechanical Ventilation Mass Flow Rate,Caudal Másico de Ventilación Mecánica de Zona,Zona: Ventilación Mecánica: Caudal Másico,Débit massique de ventilation mécanique de zone,Zone: Ventilation mécanique: Débit massique,Y,Y
Zone Mechanical Ventilation No Load Heat Addition Energy,Energía de Adición de Calor sin Carga de Ventilación Mecánica de Zona,Zona: Energía de Adición de Calor por Ventilación Mecánica sin Carga,Énergie d&apos;ajout de chaleur sans charge de ventilation mécanique de zone,Zone: Énergie d'ajout de chaleur par ventilation mécanique sans charge,Y,Y
Zone Mechanical Ventilation No Load Heat Removal Energy,Energía de Extracción de Calor sin Carga de Ventilación Mecánica de Zona,Zona: Ventilación Mecánica: Energía de Remoción de Calor sin Carga,Énergie d&apos;enlèvement de chaleur sans charge de ventilation mécanique de zone,Zone : Ventilation Mécanique : Énergie de Refroidissement sans Charge,Y,Y
Zone Mechanical Ventilation Standard Density Volume,Volumen a Densidad Estándar de Ventilación Mecánica de Zona,Zona: Ventilación Mecánica: Volumen a Densidad Estándar,Volume de Densité Standard de Ventilation Mécanique de Zone,Zone: Ventilation mécanique: Volume à densité standard,Y,Y
Zone Mechanical Ventilation Standard Density Volume Flow Rate,Caudal Volumétrico a Densidad Estándar de Ventilación Mecánica de Zona,Zona: Ventilación Mecánica: Caudal Volumétrico a Densidad Estándar,Débit volumétrique standard Zone Ventilation Mécanique Densité,Zone: Ventilation Mécanique: Débit Volumique à Densité Standard,Y,Y
Zone Operative Temperature,Temperatura Operativa de Zona,Zona: Operativa: Temperatura,Température opérative de la zone,Zone : Température opérative,Y,Y
Zone Other Equipment Convective Heating Energy,Energía de Calefacción Convectiva de Otro Equipo de Zona,Zona: Equipo Adicional: Energía de Calefacción Convectiva,Zone Other Equipment Convective Heating Energy,Zone: Équipement supplémentaire: Énergie de chauffage par convection,Y,Y
Zone Other Equipment Convective Heating Rate,Tasa de Calefacción Convectiva de Otro Equipo de Zona,Zona: Equipos Diversos: Tasa de Calentamiento Convectivo,Débit de chaleur convectif des autres équipements de la zone,Zone: Équipement Divers: Débit de Chaleur Convectif,Y,Y
Zone Other Equipment Latent Gain Energy,Energía de Ganancia Latente de Otro Equipo de Zona,Zona: Equipo Adicional: Energía de Ganancia Latente,Énergie de Gain Latent des Autres Équipements de Zone,Zone: Équipement Autre: Énergie de Gain Latent,Y,Y
Zone Other Equipment Latent Gain Rate,Tasa de Ganancia Latente de Otro Equipo de Zona,Zona: Equipo Miscelláneo: Tasa de Ganancia Latente,Débit de gain de chaleur latente des autres équipements de la zone,Zone : Équipements Divers : Débit de Gain Latent,Y,Y
Zone Other Equipment Lost Heat Energy,Energía de Calor Perdido de Otro Equipo de Zona,Zona: Equipo Diverso: Energía de Calor Perdido,Zone Other Equipment Lost Heat Energy,Zone: Équipements divers: Énergie thermique perdue,Y,Y
Zone Other Equipment Lost Heat Rate,Tasa de Calor Perdido de Otro Equipo de Zona,Zona: Otro Equipo: Tasa de Calor Perdido,Zone Other Equipment Lost Heat Rate,Zone : Équipement Divers : Débit de Chaleur Perdue,Y,Y
Zone Other Equipment Radiant Heating Energy,Energía de Calefacción Radiante de Otro Equipo de Zona,Zona: Equipo Adicional: Energía de Calefacción Radiante,Énergie de Chauffage Radiatif des Équipements Divers de la Zone,Zone : Équipement Supplémentaire : Énergie de Chauffage Radiant,Y,Y
Zone Other Equipment Radiant Heating Rate,Tasa de Calefacción Radiante de Otro Equipo de Zona,Zona: Equipo Adicional: Tasa de Calentamiento Radiante,Débit de chauffage radiant des autres équipements de zone,Zone: Équipement Divers: Débit de Chauffage Radiant,Y,Y
Zone Other Equipment Total Heating Energy,Energía de Calefacción Total de Otro Equipo de Zona,Zona: Equipos Varios: Energía Total de Calefacción,Énergie de chauffage totale des équipements divers de la zone,Zone: Équipement Supplémentaire: Énergie de Chauffage Totale,Y,Y
Zone Other Equipment Total Heating Rate,Tasa de Calefacción Total de Otro Equipo de Zona,Zona: Equipos Otros: Potencia Térmica Total,Taux de Chauffage Total pour Autres Équipements de la Zone,Zone: Équipements divers: Puissance de chauffage totale,Y,Y
Zone Outdoor Air Drybulb Temperature,Temperatura de Bulbo Seco del Aire Exterior de Zona,Zona: Temperatura de Bulbo Seco del Aire Exterior,Température de bulbe sec de l&apos;air extérieur de la zone,Zone: Température Extérieure: Bulbe Sec,Y,Y
Zone Outdoor Air Wetbulb Temperature,Temperatura de Bulbo Húmedo del Aire Exterior de Zona,Zona: Temperatura de Bulbo Húmedo del Aire Exterior,Température de bulbe humide de l&apos;air extérieur de la zone,Zone : Température de thermomètre mouillé de l'air extérieur,Y,Y
Zone Outdoor Air Wind Speed,Velocidad del Viento del Aire Exterior de Zona,Zona: Aire Exterior: Velocidad del Viento,Vitesse du vent de l&apos;air extérieur de la zone,Zone: Air Extérieur: Vitesse du Vent,Y,Y
Zone People Convective Heating Energy,Energía de Calefacción Convectiva por Personas de Zona,Zona: Personas: Energía de Calentamiento Convectivo,Énergie de Chauffage Convectif des Occupants de Zone,Zone: Personnes: Énergie de Chauffage par Convection,Y,Y
Zone People Convective Heating Rate,Tasa de Calefacción Convectiva por Personas de Zona,Zona: Personas: Tasa de Calentamiento Convectivo,Débit de chauffage par convection des occupants de la zone,Zone: Personnes: Débit de chaleur sensible convectif,Y,Y
Zone People Latent Gain Energy,Energía de Ganancia Latente por Personas de Zona,Zona: Personas: Energía de Ganancia Latente,Zone People Latent Gain Energy,Zone: Personnes: Énergie de Gain Latent,Y,Y
Zone People Latent Gain Rate,Tasa de Ganancia Latente por Personas de Zona,Zona: Personas: Tasa de Ganancia Latente,Taux de Gain Latent des Occupants de la Zone,Zone : Personnes : Débit de Gain Latent,Y,Y
Zone People Occupant Count,Conteo de Ocupantes por Personas de Zona,Zona: Personas: Cantidad de Ocupantes,Nombre d&apos;occupants dans la zone,Zone: Personnes: Nombre d'occupants,Y,Y
Zone People Radiant Heating Energy,Energía de Calefacción Radiante por Personas de Zona,Zona: Personas: Energía de Calefacción Radiante,Énergie de chauffage radiant des occupants de la zone,Zone: Personnes: Énergie de Chauffage Radiant,Y,Y
Zone People Radiant Heating Rate,Tasa de Calefacción Radiante por Personas de Zona,Zona: Personas: Tasa de Calentamiento Radiante,Débit de chauffage radiant des occupants de la zone,Zone: Personnes: Débit de chauffage radiatif,Y,Y
Zone People Sensible Heating Energy,Energía de Calefacción Sensible por Personas de Zona,Zona: Personas: Energía Sensible de Calentamiento,Énergie de Chauffage Sensible des Occupants de la Zone,Zone: Personnes: Énergie de chauffage sensible,Y,Y
Zone People Sensible Heating Rate,Tasa de Calefacción Sensible por Personas de Zona,Zona: Personas: Velocidad de Calentamiento Sensible,Débit de chauffage sensible des occupants de la zone,Zone: Personnes: Puissance Sensible de Chauffage,Y,Y
Zone People Total Heating Energy,Energía de Calefacción Total por Personas de Zona,Zona: Personas: Energía Total de Calefacción,Énergie de chauffage totale des occupants de la zone,Zone: Personnes: Énergie Totale de Chauffage,Y,Y
Zone People Total Heating Rate,Tasa de Calefacción Total por Personas de Zona,Zona: Personas: Velocidad de Calentamiento Total,Débit de chauffage total des occupants de la zone,Zone : Personnes : Débit de Chaleur Total,Y,Y
Zone Predicted Moisture Load Moisture Transfer Rate,Tasa de Transferencia de Humedad de Carga de Humedad Prevista de Zona,Zona: Predicho: Caudal de Transferencia de Humedad de Carga de Humedad,Zone Predicted Moisture Load Moisture Transfer Rate,Zone : Prédite : Taux de transfert de charge d'humidité,Y,Y
Zone Predicted Moisture Load to Dehumidifying Setpoint Moisture Transfer Rate,Tasa de Transferencia de Humedad de Carga de Humedad Prevista al Punto de Ajuste de Deshumidificación de Zona,Zona: Predicción: Velocidad de Transferencia de Humedad de Carga de Humedad hacia Punto de Consigna de Deshumidificación,Taux de transfert d&apos;humidité de la charge d&apos;humidité prédite de la zone jusqu&apos;au point de consigne de déshumidification,Zone: Humidité prédite: Débit de masse d'eau vers le point de consigne de déshumidification,Y,Y
Zone Predicted Moisture Load to Humidifying Setpoint Moisture Transfer Rate,Tasa de Transferencia de Humedad de Carga de Humedad Prevista al Punto de Ajuste de Humidificación de Zona,Zona: Predicción: Tasa de Transferencia de Humedad de la Carga de Humedad hacia Punto de Consigna de Humidificación,Débit de transfert d&apos;humidité de la charge d&apos;humidité prédite de la zone vers le point de consigne d&apos;humidification,Zone: Prédite: Charge d'humidité vers le point de consigne d'humidification Débit de transfert d'humidité,Y,Y
Zone Predicted Sensible Load to Cooling Setpoint Heat Transfer Rate,Tasa de Transferencia de Calor de Carga Sensible Prevista al Punto de Ajuste de Enfriamiento de Zona,Zona: Predicción: Tasa de Transferencia de Calor de Carga Sensible al Punto de Consigna de Enfriamiento,Taux de transfert thermique de la charge sensible prédite de la zone vers le point de consigne de refroidissement,Zone: Prédite: Débit de transfert thermique sensible vers le point de consigne de refroidissement,Y,Y
Zone Predicted Sensible Load to Heating Setpoint Heat Transfer Rate,Tasa de Transferencia de Calor de Carga Sensible Prevista al Punto de Ajuste de Calefacción de Zona,Zona: Predicho: Velocidad de Transferencia de Calor de Carga Sensible hacia Consigna de Calefacción,Débit de transfert thermique de la charge sensible prédite de la zone jusqu&apos;au point de consigne de chauffage,Zone: Prédiction: Taux de transfert thermique de la charge sensible vers la consigne de chauffage,Y,Y
Zone Predicted Sensible Load to Setpoint Heat Transfer Rate,Tasa de Transferencia de Calor de Carga Sensible Prevista al Punto de Ajuste de Zona,Zona: Predicho: Tasa de Transferencia de Calor de Carga Sensible hacia Setpoint,Débit de transfert de chaleur de la charge sensible prédite de la zone vers la température de consigne,Zone: Charge Sensible Prédite à Transférer Vers le Point de Consigne,Y,Y
Zone Radiant HVAC Electricity Energy,Energía Eléctrica del HVAC Radiante de Zona,Zona: HVAC Radiante: Energía Eléctrica,Énergie électrique de HVAC radiant de zone,Zone: Radiateur HVAC: Énergie Électrique,Y,Y
Zone Radiant HVAC Electricity Rate,Tasa de Electricidad del HVAC Radiante de Zona,Zona: HVAC Radiante: Potencia Eléctrica,Taux d&apos;électricité HVAC radiant de zone,Zone: Système Radiant HVAC: Débit d'Énergie Électrique,Y,Y
Zone Radiant HVAC Heating Energy,Energía de Calefacción del HVAC Radiante de Zona,Zona: HVAC Radiante: Energía de Calefacción,Énergie de chauffage du HVAC radiant de zone,Zone : HVAC Radiant : Énergie de Chauffage,Y,Y
Zone Radiant HVAC Heating Rate,Tasa de Calefacción del HVAC Radiante de Zona,Zona: HVAC Radiante: Tasa de Entrada de Calefacción,Taux de chauffage HVAC radiant de zone,Zone: Radiant HVAC: Puissance de Chauffage,Y,Y
Zone Radiant HVAC NaturalGas Energy,Energía de Gas Natural del HVAC Radiante de Zona,Zona: HVAC Radiante: Energía de Gas Natural,Zone Radiant HVAC NaturalGas Energy,Zone : CVCA Radiant : Énergie Gaz Naturel,Y,Y
Zone Radiant HVAC NaturalGas Rate,Tasa de Gas Natural del HVAC Radiante de Zona,Zona: HVAC Radiante: Tasa de Consumo de Gas Natural,Débit de gaz naturel pour CVCA radiant de zone,Zone : Système HVAC Radiant : Débit de Gaz Naturel,Y,Y
Zone Steam Equipment Convective Heating Energy,Energía de Calefacción Convectiva del Equipo de Vapor de Zona,Zona: Equipo de Vapor: Energía de Calentamiento Convectivo,Énergie de chauffage par convection de l&apos;équipement à vapeur de la zone,Zone : Équipement de Vapeur : Énergie de Chauffage Convective,Y,Y
Zone Steam Equipment Convective Heating Rate,Tasa de Calefacción Convectiva del Equipo de Vapor de Zona,Zona: Equipos de Vapor: Tasa de Calentamiento Convectivo,Débit de chauffage convectif de l&apos;équipement vapeur de zone,Zone: Équipement Vapeur: Débit de Chaleur Convectif,Y,Y
Zone Steam Equipment District Heating Energy,Energía de Calefacción Distrital del Equipo de Vapor de Zona,Zona: Energía de Calefacción Distrital de Equipo de Vapor,Zone Steam Equipment District Heating Energy,Zone: Énergie de Chauffage Urbain Équipement à Vapeur,Y,Y
Zone Steam Equipment District Heating Rate,Tasa de Calefacción Distrital del Equipo de Vapor de Zona,Zona: Velocidad de Calefacción por Distrito de Equipos de Vapor,Débit de chauffage urbain de l&apos;équipement vapeur de zone,Zone : Débit de chaleur de l'équipement de chauffage urbain,Y,Y
Zone Steam Equipment Latent Gain Energy,Energía de Ganancia Latente del Equipo de Vapor de Zona,Zona: Equipo de Vapor: Energía de Ganancia Latente,Énergie de Gain Latent de l&apos;Équipement Vapeur de Zone,Zone: Énergie de Gain Latent d'Équipement à Vapeur,Y,Y
Zone Steam Equipment Latent Gain Rate,Tasa de Ganancia Latente del Equipo de Vapor de Zona,Zona: Equipo de Vapor: Tasa de Ganancia Latente,Débit de gain latent des équipements à vapeur de la zone,Zone: Équipement à vapeur: Débit de gain latent,Y,Y
Zone Steam Equipment Lost Heat Energy,Energía de Calor Perdido del Equipo de Vapor de Zona,Zona: Equipo de Vapor: Energía de Calor Perdido,Énergie perdue par la chaleur de l&apos;équipement à vapeur de la zone,Zone: Équipement à vapeur: Énergie de chaleur perdue,Y,Y
Zone Steam Equipment Lost Heat Rate,Tasa de Calor Perdido del Equipo de Vapor de Zona,Zona: Equipos de Vapor: Tasa de Calor Perdido,Zone Steam Equipment Lost Heat Rate,Zone : Équipement de Vapeur : Puissance Thermique Perdue,Y,Y
Zone Steam Equipment Radiant Heating Energy,Energía de Calefacción Radiante del Equipo de Vapor de Zona,Zona: Energía de Calefacción Radiante del Equipo de Vapor,Énergie de chauffage radiant de l&apos;équipement vapeur de zone,Zone: Énergie du Chauffage Radiant par Vapeur,Y,Y
Zone Steam Equipment Radiant Heating Rate,Tasa de Calefacción Radiante del Equipo de Vapor de Zona,Zona: Equipo de Vapor: Tasa de Calentamiento Radiante,Débit de chauffage radiatif de l&apos;équipement vapeur de la zone,Zone: Équipement de Chauffage à la Vapeur: Puissance de Chauffage Radiatif,Y,Y
Zone Steam Equipment Total Heating Energy,Energía de Calefacción Total del Equipo de Vapor de Zona,Zona: Equipo de Vapor: Energía Total de Calefacción,Énergie totale de chauffage des équipements vapeur de la zone,Zone: Équipement Vapeur: Énergie de Chauffage Totale,Y,Y
Zone Steam Equipment Total Heating Rate,Tasa de Calefacción Total del Equipo de Vapor de Zona,Zona: Equipo de Vapor: Tasa de Calentamiento Total,Débit calorifique total des équipements à vapeur de la zone,Zone: Équipement à vapeur: Débit de chauffage total,Y,Y
Zone Thermal Comfort ASHRAE 55 Adaptive Model 80% Acceptability Status,Estado de Aceptabilidad del 80% del Modelo Adaptativo ASHRAE 55 de Confort Térmico de Zona,Zona: Confort Térmico: Estado de Aceptabilidad del 80% del Modelo Adaptativo ASHRAE 55,Zone Thermal Comfort ASHRAE 55 Adaptive Model 80% Acceptability Status,Zone: Confort Thermique : Statut de Conformité 80% selon le Modèle Adaptatif ASHRAE 55,Y,Y
Zone Thermal Comfort ASHRAE 55 Adaptive Model 90% Acceptability Status,Estado de Aceptabilidad del 90% del Modelo Adaptativo ASHRAE 55 de Confort Térmico de Zona,Zona: Confort Térmico: Estado de Aceptabilidad del 90% del Modelo Adaptativo ASHRAE 55,Statut d&apos;acceptabilité à 90% du modèle adaptatif ASHRAE 55 du confort thermique de la zone,Zone: Confort Thermique: Statut d'Acceptabilité à 90% du Modèle Adaptatif ASHRAE 55,Y,Y
Zone Thermal Comfort ASHRAE 55 Adaptive Model Running Average Outdoor Air Temperature,Temperatura Promedio Móvil del Aire Exterior del Modelo Adaptativo ASHRAE 55 de Confort Térmico de Zona,Zona: Confort Térmico: Temperatura Exterior Promedio Móvil del Modelo Adaptativo ASHRAE 55,Température de l&apos;air extérieur - Moyenne mobile du modèle adaptatif ASHRAE 55 pour le confort thermique de la zone,Zone: Confort Thermique: Température Moyenne Mobile de l'Air Extérieur du Modèle Adaptatif ASHRAE 55,Y,Y
Zone Thermal Comfort ASHRAE 55 Adaptive Model Temperature,Temperatura del Modelo Adaptativo ASHRAE 55 de Confort Térmico de Zona,Zona: Confort Térmico: Temperatura del Modelo Adaptativo ASHRAE 55,Température du Modèle Adaptatif ASHRAE 55 du Confort Thermique de la Zone,Zone: Confort thermique: Température du modèle adaptatif ASHRAE 55,Y,Y
Zone Thermal Comfort CEN 15251 Adaptive Model Category I Status,Estado de Categoría I del Modelo Adaptativo CEN 15251 de Confort Térmico de Zona,Zona: Confort Térmico: Estado de Categoría I del Modelo Adaptativo CEN 15251,Zone Thermal Comfort CEN 15251 Adaptive Model Category I Status,Zone: Confort Thermique: Statut du Modèle Adaptatif CEN 15251 Catégorie I,Y,Y
Zone Thermal Comfort CEN 15251 Adaptive Model Category II Status,Estado de Categoría II del Modelo Adaptativo CEN 15251 de Confort Térmico de Zona,Zona: Confort Térmico: Estado Categoría II Modelo Adaptativo CEN 15251,Zone Thermal Comfort CEN 15251 Adaptive Model Category II Status,Zone: Confort Thermique: Modèle Adaptatif CEN 15251 Catégorie II Statut,Y,Y
Zone Thermal Comfort CEN 15251 Adaptive Model Category III Status,Estado de Categoría III del Modelo Adaptativo CEN 15251 de Confort Térmico de Zona,Zona: Confort Térmico: Estado del Modelo Adaptativo CEN 15251 Categoría III,Statut du Modèle Adaptatif CEN 15251 Catégorie III pour le Confort Thermique de la Zone,Zone: Confort Thermique: Statut Modèle Adaptatif CEN 15251 Catégorie III,Y,Y
Zone Thermal Comfort CEN 15251 Adaptive Model Running Average Outdoor Air Temperature,Temperatura Promedio Móvil del Aire Exterior del Modelo Adaptativo CEN 15251 de Confort Térmico de Zona,Zona: Confort Térmico: Temperatura Promedio Móvil del Aire Exterior del Modelo Adaptativo CEN 15251,Température de l&apos;air extérieur en moyenne mobile du modèle adaptatif de confort thermique des zones CEN 15251,Zone: Confort Thermique: Température Moyenne Mobile de l'Air Extérieur du Modèle Adaptatif CEN 15251,Y,Y
Zone Thermal Comfort CEN 15251 Adaptive Model Temperature,Temperatura del Modelo Adaptativo CEN 15251 de Confort Térmico de Zona,Zona: Confort Térmico: Temperatura Modelo Adaptativo CEN 15251,Température du modèle adaptatif CEN 15251 du confort thermique de zone,Zone: Confort Thermique: Température Modèle Adaptatif CEN 15251,Y,Y
Zone Thermal Comfort Clothing Surface Temperature,Temperatura de Superficie de la Ropa del Confort Térmico de Zona,Zona: Confort Térmico: Temperatura Superficial de la Ropa,Température de Surface du Vêtement de Confort Thermique de Zone,Zone : Confort Thermique : Température de Surface de l'Habillement,Y,Y
Zone Thermal Comfort Fanger Model PMV,PMV del Modelo Fanger de Confort Térmico de Zona,Zona: Confort Térmico: PMV del Modelo de Fanger,Modèle de confort thermique de zone Fanger PMV,Zone : Confort thermique : PMV modèle Fanger,Y,Y
Zone Thermal Comfort Fanger Model PPD,PPD del Modelo Fanger de Confort Térmico de Zona,Zona: Confort Térmico: PPD del Modelo de Fanger,Modèle Fanger de Confort Thermique de Zone PPD,Zone: Confort thermique: PPD modèle Fanger,Y,Y
Zone Thermal Comfort KSU Model Thermal Sensation Index,Índice de Sensación Térmica del Modelo KSU de Confort Térmico de Zona,Zona: Confort Térmico: Índice de Sensación Térmica del Modelo KSU,Indice de Sensation Thermique du Modèle de Confort Thermique de la Zone KSU,Zone: Confort thermique: Indice de sensation thermique du modèle KSU,Y,Y
Zone Thermal Comfort Mean Radiant Temperature,Temperatura Radiante Media del Confort Térmico de Zona,Zona: Confort Térmico: Temperatura Media Radiante,Température Moyenne de Rayonnement du Confort Thermique de la Zone,Zone: Confort Thermique: Température Radiante Moyenne,Y,Y
Zone Thermal Comfort Operative Temperature,Temperatura Operativa del Confort Térmico de Zona,Zona: Confort Térmico: Temperatura Operativa,Température Opérative de Confort Thermique de la Zone,Zone: Confort thermique: Température opérative,Y,Y
Zone Thermal Comfort Pierce Model Discomfort Index,Índice de Incomodidad del Modelo Pierce de Confort Térmico de Zona,Zona: Confort Térmico: Índice de Disconfort del Modelo de Pierce,Indice d&apos;inconfort du modèle de confort thermique Pierce de la zone,Zone: Confort Thermique: Indice d'Inconfort du Modèle de Pierce,Y,Y
Zone Thermal Comfort Pierce Model Effective Temperature PMV,PMV de Temperatura Efectiva del Modelo Pierce de Confort Térmico de Zona,Zona: Confort Térmico: PMV con Temperatura Efectiva del Modelo Pierce,Zone Thermal Comfort Pierce Model Effective Temperature PMV,Zone: Confort thermique: PMV de température effective du modèle Pierce,Y,Y
Zone Thermal Comfort Pierce Model Standard Effective Temperature PMV,PMV de Temperatura Efectiva Estándar del Modelo Pierce de Confort Térmico de Zona,Zona: Confort Térmico: PMV Temperatura Efectiva Estándar Modelo Pierce,Modèle de Confort Thermique de la Zone - Température Effective Standard Pierce PMV,Zone: Confort thermique : PMV selon la température effective standard du modèle Pierce à deux nœuds,Y,Y
Zone Thermal Comfort Pierce Model Thermal Sensation Index,Índice de Sensación Térmica del Modelo Pierce de Confort Térmico de Zona,Zona: Confort Térmico: Índice de Sensación Térmica del Modelo Pierce,Zone Thermal Comfort Pierce Model Thermal Sensation Index,Zone: Confort Thermique: Indice de Sensation Thermique du Modèle Pierce,Y,Y
Zone Thermostat Control Type,Tipo de Control del Termostato de Zona,Zona: Termostato: Tipo de Control,Type de Contrôle Thermostat de Zone,Zone: Thermostat: Type de Contrôle,Y,Y
Zone Thermostat Cooling Setpoint Temperature,Temperatura de Punto de Ajuste de Enfriamiento del Termostato de Zona,Zona: Termostato: Temperatura de Consigna de Enfriamiento,Température de consigne de refroidissement du thermostat de zone,Zone: Thermostat: Température de Consigne de Refroidissement,Y,Y
Zone Thermostat Heating Setpoint Temperature,Temperatura de Punto de Ajuste de Calefacción del Termostato de Zona,Zona: Termostato: Temperatura de Consigna de Calefacción,Température de consigne de chauffage du thermostat de zone,Zone: Thermostat: Température de Consigne de Chauffage,Y,Y
Zone Total Internal Convective Heating Energy,Energía de Calefacción Convectiva Total Interna de Zona,Zona: Energía Total de Calefacción Convectiva Interna,Énergie de chauffage convectif interne totale de la zone,Zone: Énergie de Chauffage Convectif Interne Totale,Y,Y
Zone Total Internal Convective Heating Rate,Tasa de Calefacción Convectiva Total Interna de Zona,Zona: Tasa de Calentamiento Convectivo Interno Total,Taux de chauffage convectif interne total de la zone,Zone: Débit de chauffage convectif interne total,Y,Y
Zone Total Internal Latent Gain Energy,Energía de Ganancia Latente Total Interna de Zona,Zona: Energía Total de Ganancia Latente Interna,Énergie totale du gain latent interne de la zone,Zone: Énergie totale des gains latents internes,Y,Y
Zone Total Internal Latent Gain Rate,Tasa de Ganancia Latente Total Interna de Zona,Zona: Tasa de Ganancia Latente Interna Total,Taux de Gain Latent Interne Total de la Zone,Zone: Débit de gain thermique latent interne total,Y,Y
Zone Total Internal Radiant Heating Energy,Energía de Calefacción Radiante Total Interna de Zona,Zona: Energía Total de Calefacción Radiante Interna,Énergie de chauffage radiant interne totale de la zone,Zone: Énergie de Chauffage Radiant Interne Totale,Y,Y
Zone Total Internal Radiant Heating Rate,Tasa de Calefacción Radiante Total Interna de Zona,Zona: Tasa de Calefacción Radiante Interna Total,Débit de chauffage radiant interne total de la zone,Zone: Débit de chauffage radiatif interne total,Y,Y
Zone Total Internal Total Heating Energy,Energía de Calefacción Total Interna Total de Zona,Zona: Energía Total de Calentamiento Interno Total,Énergie Totale de Chauffage Interne Totale de la Zone,Zone: Énergie Totale de Chauffage Interne Totale,Y,Y
Zone Total Internal Total Heating Rate,Tasa de Calefacción Total Interna Total de Zona,Zona: Tasa Total de Calentamiento Interno Total,Taux Total de Chauffage Interne Total de la Zone,Zone: Débit de chaleur interne total,Y,Y
Zone Total Internal Visible Radiation Heating Energy,Energía de Calefacción por Radiación Visible Total Interna de Zona,Zona: Energía de Calentamiento por Radiación Visible Interna Total,Énergie de chauffage par rayonnement visible interne total de la zone,Zone: Énergie de chauffage par rayonnement visible interne total,Y,Y
Zone Total Internal Visible Radiation Heating Rate,Tasa de Calefacción por Radiación Visible Total Interna de Zona,Zona: Tasa de Calentamiento por Radiación Visible Interna Total,Taux de chauffage par rayonnement visible interne total de la zone,Zone: Débit calorifique du rayonnement visible interne total,Y,Y
Zone Unit Ventilator Fan Availability Status,Estado de Disponibilidad del Ventilador del Ventilador de Unidad de Zona,Zona: Ventilador de Ventilación de Unidad: Estado de Disponibilidad del Ventilador,État de disponibilité du ventilateur du ventilateur unitaire de zone,Zone: Ventilateur d'appoint : État de disponibilité du ventilateur,Y,Y
Zone Unit Ventilator Fan Electricity Energy,Energía Eléctrica del Ventilador del Ventilador de Unidad de Zona,Zona: Ventilador Unitario: Energía Eléctrica del Ventilador,Énergie Électrique du Ventilateur d&apos;Aérateur Unitaire de Zone,Zone : Ventilateur Unitaire : Énergie Électrique du Ventilateur,Y,Y
Zone Unit Ventilator Fan Electricity Rate,Tasa de Electricidad del Ventilador del Ventilador de Unidad de Zona,Zona: Ventilador de Unidad: Tasa de Consumo de Electricidad del Ventilador,Débit d&apos;électricité du ventilateur du ventilateur unitaire de zone,Zone: Ventilateur Unitaire: Puissance Électrique du Ventilateur,Y,Y
Zone Unit Ventilator Fan Part Load Ratio,Relación de Carga Parcial del Ventilador del Ventilador de Unidad de Zona,Zona: Ventilador de Unidad: Relación de Carga Parcial del Ventilador,Ratio de charge partielle du ventilateur du ventilateur unitaire de zone,Zone: Ventilateur unitaire: Rapport de charge partielle du ventilateur,Y,Y
Zone Unit Ventilator Heating Energy,Energía de Calefacción del Ventilador de Unidad de Zona,Zona: Ventilador de Unidad: Energía de Calefacción,Énergie de chauffage du ventilateur unitaire de zone,Zone: Ventilateur d'unité: Énergie de chauffage,Y,Y
Zone Unit Ventilator Heating Rate,Tasa de Calefacción del Ventilador de Unidad de Zona,Zona: Ventilador de Unidad: Velocidad de Calefacción,Débit de chauffage du ventilateur unitaire de zone,Zone: Ventilateur d'unité: Débit de chauffage,Y,Y
Zone Unit Ventilator Sensible Cooling Energy,Energía de Enfriamiento Sensible del Ventilador de Unidad de Zona,Zona: Energía de Enfriamiento Sensible del Ventilador de Unidad,Énergie de refroidissement sensible du ventilateur unitaire de zone,Zone: Ventilateur d'unité: Énergie de refroidissement sensible,Y,Y
Zone Unit Ventilator Sensible Cooling Rate,Tasa de Enfriamiento Sensible del Ventilador de Unidad de Zona,Zona: Ventilador de Unidad: Tasa de Enfriamiento Sensible,Débit de refroidissement sensible de l&apos;unité de ventilation de zone,Zone: Ventilateur unitaire: Débit de refroidissement sensible,Y,Y
Zone Unit Ventilator Total Cooling Energy,Energía Total de Enfriamiento del Ventilador de Unidad de Zona,Zona: Energía de Enfriamiento Total del Ventilador de Unidad,Énergie de refroidissement totale du ventilateur unitaire de zone,Zone : Ventilateur d'unité : Énergie de refroidissement totale,Y,Y
Zone Unit Ventilator Total Cooling Rate,Tasa Total de Enfriamiento del Ventilador de Unidad de Zona,Zona: Ventilador de Unidad: Tasa Total de Enfriamiento,Débit de refroidissement total du ventilateur de zone,Zone: Ventilateur d'apport: Débit de refroidissement total,Y,Y
Zone VRF Air Terminal Cooling Electricity Energy,Energía Eléctrica de Enfriamiento del Terminal de Aire VRF de Zona,Zona: Energía Eléctrica en Enfriamiento del Terminal de Aire VRF,Zone VRF Air Terminal Cooling Electricity Energy,Zone: Borne Aérienne VRF: Énergie Électrique de Refroidissement,Y,Y
Zone VRF Air Terminal Cooling Electricity Rate,Tasa de Electricidad de Enfriamiento del Terminal de Aire VRF de Zona,Zona: Unidad Terminal VRF: Tasa de Consumo Eléctrico Parásito Enfriamiento,Taux d&apos;électricité du refroidissement du terminal VRF de zone,Zone: Unité terminale VRF: Puissance électrique parasite en refroidissement,Y,Y
Zone VRF Air Terminal Fan Availability Status,Estado de Disponibilidad del Ventilador del Terminal de Aire VRF de Zona,Zona: Terminal de Aire VRF: Estado de Disponibilidad del Ventilador,Statut de disponibilité du ventilateur du terminal d&apos;air VRF de zone,Zone: Unité Terminale VRF: État de Disponibilité du Ventilateur,Y,Y
Zone VRF Air Terminal Heating Electricity Energy,Energía Eléctrica de Calefacción del Terminal de Aire VRF de Zona,Zona: Terminal de Aire VRF: Energía Eléctrica de Calefacción,Énergie Électrique de Chauffage du Terminal Air VRF de Zone,Zone : Terminaison VRF : Énergie Électrique Chauffage,Y,Y
Zone VRF Air Terminal Heating Electricity Rate,Tasa de Electricidad de Calefacción del Terminal de Aire VRF de Zona,Zona: Unidad Terminal Aire VRF: Velocidad de Consumo Eléctrico de Calefacción,Débit d&apos;électricité de chauffage du terminal de climatisation VRF de zone,Zone: Terminal VRF: Débit de Consommation Électrique Parasite en Chauffage,Y,Y
Zone VRF Air Terminal Latent Cooling Energy,Energía de Enfriamiento Latente del Terminal de Aire VRF de Zona,Zona: Terminal de Aire VRF: Energía de Enfriamiento Latente,Zone VRF Air Terminal Latent Cooling Energy,Zone: Terminal VRF: Énergie de Refroidissement Latent,Y,Y
Zone VRF Air Terminal Latent Cooling Rate,Tasa de Enfriamiento Latente del Terminal de Aire VRF de Zona,Zone: Terminal VRF: Velocidad de Enfriamiento Latente,Débit de refroidissement latent du terminal air VRF de zone,Zone: Unité Terminale VRF: Débit de Refroidissement Latent,Y,Y
Zone VRF Air Terminal Latent Heating Energy,Energía de Calefacción Latente del Terminal de Aire VRF de Zona,Zona: Terminal de Aire VRF: Energía de Calentamiento Latente,Énergie de chauffage sensible du terminal VRF de zone,Zone VRF Air Terminal: Énergie de chauffage latent,Y,Y
Zone VRF Air Terminal Latent Heating Rate,Tasa de Calefacción Latente del Terminal de Aire VRF de Zona,Zona: Terminal de Aire VRF: Tasa de Calentamiento Latente,Débit de chaleur latente de chauffage du terminal de zone VRF,Zone: Terminal VRF: Débit de Chauffage Latent,Y,Y
Zone VRF Air Terminal Sensible Cooling Energy,Energía de Enfriamiento Sensible del Terminal de Aire VRF de Zona,Zona: Terminal de Aire VRF: Energía de Enfriamiento Sensible,Énergie de refroidissement sensible du terminal d&apos;air VRF de zone,Zone: Terminal VRF: Énergie de Refroidissement Sensible,Y,Y
Zone VRF Air Terminal Sensible Cooling Rate,Tasa de Enfriamiento Sensible del Terminal de Aire VRF de Zona,Zona: Terminal de aire VRF: Tasa de enfriamiento sensible,Zone VRF Air Terminal Débit de Refroidissement Sensible,Zone: Terminal VRF: Débit de refroidissement sensible,Y,Y
Zone VRF Air Terminal Sensible Heating Energy,Energía de Calefacción Sensible del Terminal de Aire VRF de Zona,Zona: Terminal de Aire VRF: Energía de Calentamiento Sensible,Énergie de Chauffage Sensible du Terminal d&apos;Air VRF de la Zone,Zone : Terminal Air VRF : Énergie de Chauffage Sensible,Y,Y
Zone VRF Air Terminal Sensible Heating Rate,Tasa de Calefacción Sensible del Terminal de Aire VRF de Zona,Zona: Terminal de Aire VRF: Velocidad de Calentamiento Sensible,Débit de chaleur sensible de chauffage du terminal VRF de zone,Zone: Terminal VRF: Débit de Chauffage Sensible,Y,Y
Zone VRF Air Terminal Total Cooling Energy,Energía Total de Enfriamiento del Terminal de Aire VRF de Zona,Zona: Terminal de Aire VRF: Energía Total de Enfriamiento,Énergie totale de refroidissement du terminal de air VRF de la zone,Zone: Terminal VRF: Énergie totale de refroidissement,Y,Y
Zone VRF Air Terminal Total Cooling Rate,Tasa Total de Enfriamiento del Terminal de Aire VRF de Zona,Zona: Terminal de Aire VRF: Tasa Total de Enfriamiento,Débit de refroidissement total du terminal air VRF de zone,Zone: Terminaux VRF: Débit de refroidissement total,Y,Y
Zone VRF Air Terminal Total Heating Energy,Energía Total de Calefacción del Terminal de Aire VRF de Zona,Zona: Terminal de aire VRF: Energía de calefacción total,Énergie Totale de Chauffage du Terminal Air VRF de Zone,Zone: Terminal VRF: Énergie Totale de Chauffage,Y,Y
Zone VRF Air Terminal Total Heating Rate,Tasa Total de Calefacción del Terminal de Aire VRF de Zona,Zona: Terminal de Aire VRF: Velocidad de Calentamiento Total,Débit total de chauffage du terminal air VRF de la zone,Zone: VRF Air Terminal: Débit de chaleur total fourni,Y,Y
Zone Ventilation Air Inlet Temperature,Temperatura del Aire de Entrada de Ventilación de Zona,Zona: Ventilación: Temperatura del Aire de Entrada,Température d&apos;entrée de l&apos;air de ventilation de la zone,Zone: Ventilation: Température d'air à l'entrée,Y,Y
Zone Ventilation Current Density Air Change Rate,Tasa de Cambio de Aire a Densidad Actual de Ventilación de Zona,Zona: Ventilación: Tasa de Cambio de Aire de Densidad Actual,Taux de changement d&apos;air de la densité actuelle de ventilation de zone,Zone: Ventilation: Taux actuel de renouvellement d'air par densité,Y,Y
Zone Ventilation Current Density Volume,Volumen a Densidad Actual de Ventilación de Zona,Zona: Ventilación: Volumen de Densidad Actual,Zone Ventilation Current Density Volume,Zone: Ventilation: Volume Volumique de Densité Actuelle,Y,Y
Zone Ventilation Current Density Volume Flow Rate,Caudal Volumétrico a Densidad Actual de Ventilación de Zona,Zona: Ventilación: Tasa de Flujo Volumétrico a Densidad Actual,Débit volumique à densité de courant actuelle de la ventilation de zone,Zone: Ventilation: Débit volumique de ventilation à densité actuelle,Y,Y
Zone Ventilation Fan Electricity Energy,Energía Eléctrica del Ventilador de Ventilación de Zona,Zona: Ventilación: Energía Eléctrica del Ventilador,Énergie Électrique du Ventilateur de Ventilation de Zone,Zone: Ventilation: Énergie électrique du ventilateur,Y,Y
Zone Ventilation Latent Heat Gain Energy,Energía de Ganancia de Calor Latente por Ventilación de Zona,Zona: Ventilación: Energía de Ganancia de Calor Latente,Énergie de gain de chaleur latente par ventilation de zone,Zone : Ventilation : Énergie de Gain de Chaleur Latente,Y,Y
Zone Ventilation Latent Heat Loss Energy,Energía de Pérdida de Calor Latente por Ventilación de Zona,Zona: Ventilación: Energía de Pérdida de Calor Latente,Énergie de Perte de Chaleur Latente par la Ventilation de Zone,Zone: Ventilation: Énergie de Perte de Chaleur Latente,Y,Y
Zone Ventilation Mass,Masa de Ventilación de Zona,Zona: Ventilación: Masa,Zone Ventilation Mass,Zone: Ventilation: Masse,Y,Y
Zone Ventilation Mass Flow Rate,Caudal Másico de Ventilación de Zona,Zona: Ventilación: Tasa de Flujo Másico,Débit massique de ventilation de la zone,Zone: Ventilation: Débit Massique,Y,Y
Zone Ventilation Outdoor Density Air Change Rate,Tasa de Cambio de Aire a Densidad Exterior de Ventilación de Zona,Zona: Ventilación: Tasa de Cambio de Aire a Densidad Exterior,Taux de changement d&apos;air de la ventilation en zone à densité d&apos;air extérieur,Zone: Ventilation: Taux de changement d'air à densité extérieure,Y,Y
Zone Ventilation Outdoor Density Volume Flow Rate,Caudal Volumétrico a Densidad Exterior de Ventilación de Zona,Zona: Ventilación: Flujo Volumétrico Basado en Densidad del Aire Exterior,Débit volumétrique de ventilation de zone basé sur la densité de l&apos;air extérieur,Zone: Ventilation: Débit volumique en fonction de la densité de l'air extérieur,Y,Y
Zone Ventilation Sensible Heat Gain Energy,Energía de Ganancia de Calor Sensible por Ventilación de Zona,Zona: Ventilación: Energía de Ganancia de Calor Sensible,Énergie de Gain de Chaleur Sensible par Ventilation de Zone,Zone : Ventilation : Énergie de Gain de Chaleur Sensible,Y,Y
Zone Ventilation Sensible Heat Loss Energy,Energía de Pérdida de Calor Sensible por Ventilación de Zona,Zona: Ventilación: Energía de Pérdida de Calor Sensible,Énergie de Perte de Chaleur Sensible de la Ventilation de la Zone,Zone: Ventilation: Énergie de Perte de Chaleur Sensible,Y,Y
Zone Ventilation Standard Density Air Change Rate,Tasa de Cambio de Aire a Densidad Estándar de Ventilación de Zona,Zona: Ventilación: Velocidad de Cambio de Aire a Densidad Estándar,Débit de renouvellement d&apos;air à densité standard pour ventilation de zone,Zone: Ventilation: Taux de changement d'air à densité standard,Y,Y
Zone Ventilation Standard Density Volume,Volumen a Densidad Estándar de Ventilación de Zona,Zona: Ventilación: Volumen a Densidad Estándar,Volume de densité standard de ventilation de zone,Zone: Ventilation: Volume à Densité Standard,Y,Y
Zone Ventilation Standard Density Volume Flow Rate,Caudal Volumétrico a Densidad Estándar de Ventilación de Zona,Zona: Ventilación: Caudal Volumétrico a Densidad Estándar,Débit volumétrique de ventilation standard à densité de zone,Zone: Ventilation: Débit volumique à densité standard,Y,Y
Zone Ventilation Total Heat Gain Energy,Energía de Ganancia de Calor Total por Ventilación de Zona,Zona: Ventilación: Energía Total de Ganancia de Calor,Énergie de Gain Thermique Total de la Ventilation de Zone,Zone: Ventilation: Énergie de gain de chaleur totale,Y,Y
Zone Ventilation Total Heat Loss Energy,Energía de Pérdida de Calor Total por Ventilación de Zona,Zona: Ventilación: Energía Total de Pérdida de Calor,Énergie totale de perte de chaleur par ventilation de zone,Zone: Ventilation: Énergie Totale Perdue par Ventilation,Y,Y
Zone Ventilator Electricity Energy,Energía Eléctrica del Ventilador de Recuperación de Energía de Zona,Zona: Ventilador de Recuperación de Energía: Energía Eléctrica,Énergie Électrique du Ventilateur de Zone,Zone: Ventilateur de récupération d'énergie: Énergie électrique,Y,Y
Zone Ventilator Electricity Rate,Tasa de Electricidad del Ventilador de Recuperación de Energía de Zona,Zona: Ventilador de Recuperación de Energía: Potencia Eléctrica,Taux d&apos;électricité du ventilateur de zone,Zone : Ventilateur de Récupération d'Énergie : Puissance Électrique Consommée,Y,Y
Zone Ventilator Latent Cooling Energy,Energía de Enfriamiento Latente del Ventilador de Recuperación de Energía de Zona,Zona: Ventilador: Energía de Enfriamiento Latente,Énergie de refroidissement latent du ventilateur de zone,Zone: Ventilateur de Récupération d'Énergie: Énergie de Refroidissement Latent,Y,Y
Zone Ventilator Latent Cooling Rate,Tasa de Enfriamiento Latente del Ventilador de Recuperación de Energía de Zona,Zona: Ventilador: Tasa de Enfriamiento Latente,Débit de refroidissement latent du ventilateur de zone,Zone: Ventilateur de récupération d'énergie : Débit de refroidissement latent,Y,Y
Zone Ventilator Latent Heating Energy,Energía de Calefacción Latente del Ventilador de Recuperación de Energía de Zona,Zona: Ventilador: Energía de Calentamiento Latente,Énergie de chauffage latent du ventilateur de zone,Zone: Ventilateur: Énergie de Chauffage Latente,Y,Y
Zone Ventilator Latent Heating Rate,Tasa de Calefacción Latente del Ventilador de Recuperación de Energía de Zona,Zona: Ventilador: Velocidad de Calentamiento Latente,Débit de chaleur latente du ventilateur de zone,Zone: Ventilateur Récupérateur d'Énergie: Puissance de Chauffage Latente,Y,Y
Zone Ventilator Sensible Cooling Energy,Energía de Enfriamiento Sensible del Ventilador de Recuperación de Energía de Zona,Zona: Ventilador: Energía de Enfriamiento Sensible,Énergie de refroidissement sensible du ventilateur de zone,Zone: Ventilateur de récupération d'énergie : Énergie de refroidissement sensible,Y,Y
Zone Ventilator Sensible Cooling Rate,Tasa de Enfriamiento Sensible del Ventilador de Recuperación de Energía de Zona,Zona: Ventilador de Recuperación de Energía: Tasa de Enfriamiento Sensible,Débit de refroidissement sensible du ventilateur de zone,Zone: Ventilateur récupérateur : Débit de refroidissement sensible,Y,Y
Zone Ventilator Sensible Heating Energy,Energía de Calefacción Sensible del Ventilador de Recuperación de Energía de Zona,Zona: Ventilador: Energía de Calefacción Sensible,Énergie de chauffage sensible du ventilateur de zone,Zone: Ventilateur de Récupération de Chaleur: Énergie de Chauffage Sensible,Y,Y
Zone Ventilator Sensible Heating Rate,Tasa de Calefacción Sensible del Ventilador de Recuperación de Energía de Zona,Zona: Ventilador Recuperador de Energía: Tasa de Calentamiento Sensible,Débit de chauffage sensible du ventilateur de zone,Zone: Ventilateur de Récupération d'Énergie: Puissance Sensible de Chauffage,Y,Y
Zone Ventilator Supply Fan Availability Status,Estado de Disponibilidad del Ventilador de Suministro del Ventilador de Recuperación de Energía de Zona,Zona: Ventilador: Estado de Disponibilidad del Ventilador de Suministro,Statut de disponibilité du ventilateur d&apos;alimentation du ventilateur de zone,Zone : Ventilateur : État de disponibilité du ventilateur d'alimentation,Y,Y
Zone Ventilator Total Cooling Energy,Energía Total de Enfriamiento del Ventilador de Recuperación de Energía de Zona,Zona: Ventilador de Recuperación de Energía: Energía Total de Enfriamiento,Énergie de refroidissement totale du ventilateur de zone,Zone: Ventilateur de récupération: Énergie de refroidissement totale,Y,Y
Zone Ventilator Total Cooling Rate,Tasa Total de Enfriamiento del Ventilador de Recuperación de Energía de Zona,Zona: Ventilador de Recuperación de Energía: Velocidad de Enfriamiento Total,Zone Ventilator Total Cooling Rate,Zone: Ventilateur Récupérateur d'Énergie: Débit de Refroidissement Total,Y,Y
Zone Ventilator Total Heating Energy,Energía Total de Calefacción del Ventilador de Recuperación de Energía de Zona,Zona: Ventilador: Energía de Calefacción Total,Énergie totale de chauffage du ventilateur de zone,Zone: Ventilateur Récupérateur: Énergie Thermique Totale,Y,Y
Zone Ventilator Total Heating Rate,Tasa Total de Calefacción del Ventilador de Recuperación de Energía de Zona,Zona: Ventilador de Recuperación de Energía: Velocidad de Calentamiento Total,Débit calorifique total du ventilateur de zone,Zone: Ventilateur de Récupération d'Énergie: Taux Total de Chauffage,Y,Y
Zone Windows Total Heat Gain Energy,Energía de Ganancia de Calor Total por Ventanas de Zona,Zona: Ventanas: Energía Total de Ganancia de Calor,Énergie totale de gains de chaleur par les fenêtres de la zone,Zone : Fenêtres : Énergie de Gain de Chaleur Total,Y,Y
Zone Windows Total Heat Gain Rate,Tasa de Ganancia de Calor Total por Ventanas de Zona,Zona: Ventanas: Tasa Total de Ganancia de Calor,Taux total de gain de chaleur des fenêtres de la zone,Zone: Fenêtres: Débit de Gain Thermique Total,Y,Y
Zone Windows Total Heat Loss Energy,Energía de Pérdida de Calor Total por Ventanas de Zona,Zona: Ventanas: Energía Total de Pérdida de Calor,Énergie totale de perte de chaleur par les fenêtres de la zone,Zone: Fenêtres: Énergie Totale de Perte de Chaleur,Y,Y
Zone Windows Total Heat Loss Rate,Tasa de Pérdida de Calor Total por Ventanas de Zona,Zona: Ventanas: Tasa Total de Pérdida de Calor,Taux de perte de chaleur totale par les fenêtres de la zone,Zone : Fenêtres : Débit de perte de chaleur totale,Y,Y
Zone Windows Total Transmitted Solar Radiation Energy,Energía de Radiación Solar Transmitida Total por Ventanas de Zona,Zona: Ventanas: Energía Total de Radiación Solar Transmitida,Énergie totale du rayonnement solaire transmis par les fenêtres de la zone,Zone: Fenêtres: Énergie Totale du Rayonnement Solaire Transmis,Y,Y
Zone Windows Total Transmitted Solar Radiation Rate,Tasa de Radiación Solar Transmitida Total por Ventanas de Zona,Zona: Ventanas: Tasa de Radiación Solar Transmitida Total,Taux de rayonnement solaire total transmis par les fenêtres de la zone,Zone: Fenêtres: Débit de Rayonnement Solaire Transmis Total,Y,Y
